kind,file,bytes,sha256
split,splits/link_prediction/virtual_graph_study/actor/seed_42/test_neg.txt,77617,930221869c1f580df613c8ff6f63091a36b9559a80028a1ac8a21fcbf97c1fe6
split,splits/link_prediction/virtual_graph_study/actor/seed_42/test_pos.txt,77673,849a8ebb803ba1ca9686c7237262662f57c2ba14b9d3400df05301a823652ee5
split,splits/link_prediction/virtual_graph_study/actor/seed_42/train.edgelist,180831,8bc5ee72f1b14260b8b7fd4bd1a9594555403092ce0c27ce92672959f3d73c27
split,splits/link_prediction/virtual_graph_study/actor/seed_42/train_neg.txt,181311,74c8d78691edc7b24d4f8a714c563b3735eada0537a1b02fb7f7fe1d53ffc3ba
split,splits/link_prediction/virtual_graph_study/actor/seed_43/test_neg.txt,77705,671026f784a403d3ad5c81509da729e4b43f6289f2121d8c2c2d2c4e7a06992e
split,splits/link_prediction/virtual_graph_study/actor/seed_43/test_pos.txt,77613,a4e9e132db3a1c7a4d3bfd71baf82b9572e9c39365b402bfc33ff9665777c94d
split,splits/link_prediction/virtual_graph_study/actor/seed_43/train.edgelist,180891,9825dee96f4481a7983c31289b8bf6da18b48589f23751086e6b756d8bda62a8
split,splits/link_prediction/virtual_graph_study/actor/seed_43/train_neg.txt,181227,2f0d80995961d802d29b66dfb7404d3f7dd5a029797b6c88f9693fc318cff786
split,splits/link_prediction/virtual_graph_study/actor/seed_44/test_neg.txt,77656,6570b8ba98ef0b15eea79cdacbf8b17ef0b101cbb955e81a7a99fa2a409a7642
split,splits/link_prediction/virtual_graph_study/actor/seed_44/test_pos.txt,77726,82396f3ecd847ea2caa86b247126e8da60060ff4020ed701b9cd5c1ccf4a5fc1
split,splits/link_prediction/virtual_graph_study/actor/seed_44/train.edgelist,180778,221578bede7862ce5eb0f38620df21f007425b284a1df7f74d7203279e0af891
split,splits/link_prediction/virtual_graph_study/actor/seed_44/train_neg.txt,181201,9bc641d76857a2a790833220094fe07b661a5be7f1e9d4c6a851e88b527d165c
split,splits/link_prediction/virtual_graph_study/actor/seed_45/test_neg.txt,77662,1c917bff21b150c7ce1063d2270872d45676e976dec293ddbb4dc98a619d72de
split,splits/link_prediction/virtual_graph_study/actor/seed_45/test_pos.txt,77695,868d3bfa67d6b5162d5a5ef4352468cedc0e0fb83545509aff956760c7ba63eb
split,splits/link_prediction/virtual_graph_study/actor/seed_45/train.edgelist,180809,81c055c9cbaeaaf63af5ac2296c5b9ee694641d71a43a1d41899ec9397dd1f86
split,splits/link_prediction/virtual_graph_study/actor/seed_45/train_neg.txt,181107,612b2c0aefe9bf61fd870678dd7847164dd06e3ac7d6b1046a36708d16f5699e
split,splits/link_prediction/virtual_graph_study/actor/seed_46/test_neg.txt,77637,f9bb5fcd34d0cb111577ba2564d4b6f192f75e3318f4b3f31a2c8edb40ecdd90
split,splits/link_prediction/virtual_graph_study/actor/seed_46/test_pos.txt,77627,019f1b9e4f079ed85d6ebba85e92f97ba71619e674a728575f0a9d0557af6e22
split,splits/link_prediction/virtual_graph_study/actor/seed_46/train.edgelist,180877,f390698645e1411f690cdc8e6fe15c585bdab8d80bd028efb90ec1276c161409
split,splits/link_prediction/virtual_graph_study/actor/seed_46/train_neg.txt,181222,4c19cdf39f6f7c981d03688999f0c7d4afc4071ce4b3f82823aba55f38673954
split,splits/link_prediction/virtual_graph_study/actor/seed_47/test_neg.txt,77727,b3f9f946d5f1df0e9d204eb15b5f8e745188e988a57e1488563dc4f7428c2c0d
split,splits/link_prediction/virtual_graph_study/actor/seed_47/test_pos.txt,77639,5bf4d26ee99b12a317a39bf0f4e044baf6807ee3ff577e95b5fddffd188efc7e
split,splits/link_prediction/virtual_graph_study/actor/seed_47/train.edgelist,180865,ca3e4df425adbbd01c0382f5fc62a84925931d305b922310ce8e2a23474af7ec
split,splits/link_prediction/virtual_graph_study/actor/seed_47/train_neg.txt,181213,2453ce2f717a38bbfa8b2bc0330e8d9ac244c429e6e6841047b19ed1fc103de9
split,splits/link_prediction/virtual_graph_study/actor/seed_48/test_neg.txt,77759,cc23b33b9aa2cee7c2e6fda6aa00eac51e11769d1b13b1d27f4da19b844629df
split,splits/link_prediction/virtual_graph_study/actor/seed_48/test_pos.txt,77668,27502af969da0c36a10eb949aa78c77435f13d3ea992ffcb29e65c885ef45272
split,splits/link_prediction/virtual_graph_study/actor/seed_48/train.edgelist,180836,0f6166967f159305aeff9a1d1d500657d1ad690d39df4393dab5bf5df6e42cc6
split,splits/link_prediction/virtual_graph_study/actor/seed_48/train_neg.txt,181098,de20f9401fa6b627ccc2194e871424325efe77e4f29100dc61be75baab0d2a46
split,splits/link_prediction/virtual_graph_study/actor/seed_49/test_neg.txt,77697,0bd3cced6035fc9be12d873cc7847a5d44b4fbdba625ccc682853ceb16e36125
split,splits/link_prediction/virtual_graph_study/actor/seed_49/test_pos.txt,77675,cb4826aa0d0cba87f8616edc8f194a27ee94095ea90e7c2ac388bfeb74c7a165
split,splits/link_prediction/virtual_graph_study/actor/seed_49/train.edgelist,180829,8499bc3137276f70aa6d81436312b3390919148aac7c7f326071e615804a0b3f
split,splits/link_prediction/virtual_graph_study/actor/seed_49/train_neg.txt,181291,84f9d0db925bb5280483f5c7ee86d3abe7dc8b14226436220d5bd3610846e440
split,splits/link_prediction/virtual_graph_study/actor/seed_50/test_neg.txt,77643,c7afe5cedc1205f57b3718b5cc01be7ef57fe7c580d7ffd82970a33532de90bf
split,splits/link_prediction/virtual_graph_study/actor/seed_50/test_pos.txt,77710,abbee29b47fbd1ea627a21777e60e7a0db3f91e6abd8e60c975e6a24e4aebd05
split,splits/link_prediction/virtual_graph_study/actor/seed_50/train.edgelist,180794,77b01fa9af0ecebb5296df64256bc4f8d753aa9c1c4305cb949ec85d48259b3d
split,splits/link_prediction/virtual_graph_study/actor/seed_50/train_neg.txt,181132,75eb4310a9be24404c28c23bd7174f2ddd6957c60e78395605f4a785e8c9739f
split,splits/link_prediction/virtual_graph_study/actor/seed_51/test_neg.txt,77630,6e00d54c65fa903dac5c347a66029d2d6db0a908e83d646924a8cff5c9b7d719
split,splits/link_prediction/virtual_graph_study/actor/seed_51/test_pos.txt,77671,8010d62dbffc020137db3b614f0075d69aa80c1c077a09dfb267211baee9af4d
split,splits/link_prediction/virtual_graph_study/actor/seed_51/train.edgelist,180833,4cf259f6cc0d1f6f0c9fdd51b43bb89e720ddb66d0be2dff2b1d4a9678294ce1
split,splits/link_prediction/virtual_graph_study/actor/seed_51/train_neg.txt,181110,6e9e3a6f404ddac912ba1a91b4308611b9101cab44e07219dba674d14c52ea84
split,splits/link_prediction/virtual_graph_study/airports_brazil/seed_42/test_neg.txt,1915,c9f7bbe6b8d4175fc9b7f072ab453c1d78c7a770f760e94e70b82e81ba24260b
split,splits/link_prediction/virtual_graph_study/airports_brazil/seed_42/test_pos.txt,1710,b47242c294a647de049f1fdf92c9b2d78c2a2ea87ddba6d3f27a174385a38b1b
split,splits/link_prediction/virtual_graph_study/airports_brazil/seed_42/train.edgelist,3919,e83d87ef070f63d4114260ade3f2ffc8ac4496e63488a7286e3987453f1a8b5a
split,splits/link_prediction/virtual_graph_study/airports_brazil/seed_42/train_neg.txt,4525,26fe10da6af699138955471b4b81716230680aa9c9fb8b6cbbcc71efccf5bb4e
split,splits/link_prediction/virtual_graph_study/airports_brazil/seed_43/test_neg.txt,1917,de4f8c6a6759b64d51b3873d83d55bd344dad122866ee1793957a8e447b3d797
split,splits/link_prediction/virtual_graph_study/airports_brazil/seed_43/test_pos.txt,1690,2b40e4afc9ae73b98f22402973a3187d0c9867a96a4c0c1b42f38398005d58e8
split,splits/link_prediction/virtual_graph_study/airports_brazil/seed_43/train.edgelist,3939,72b45bacb86b55f58703ce9c41a50c0cf54c8ad3826b7362cd0f43fea6417196
split,splits/link_prediction/virtual_graph_study/airports_brazil/seed_43/train_neg.txt,4508,0ceb5037c5df4e777732aec47b43311fc4b2ea6370bf96b533065764b2beca35
split,splits/link_prediction/virtual_graph_study/airports_brazil/seed_44/test_neg.txt,1916,83fa3dd045ade27db51f83f88d09addc15134c561d2b8dc7c4105c076be89a16
split,splits/link_prediction/virtual_graph_study/airports_brazil/seed_44/test_pos.txt,1726,a0da4588e9ee153f90afff71de84fc809562c75067973ccd07b849c15bac0eb7
split,splits/link_prediction/virtual_graph_study/airports_brazil/seed_44/train.edgelist,3903,5f48b890aa6344c4ed5b946d6c0078659addae7aa6aa83bb0ac2364b662717bd
split,splits/link_prediction/virtual_graph_study/airports_brazil/seed_44/train_neg.txt,4501,8c25b38e71306a3ccf1c445466908555437ae72bacc4bc3c246c8d453d8e0d6e
split,splits/link_prediction/virtual_graph_study/airports_brazil/seed_45/test_neg.txt,1948,e1d6adeead29c78d78a1725d0b666efdcc7f7266436f6d73ea829f6712a03062
split,splits/link_prediction/virtual_graph_study/airports_brazil/seed_45/test_pos.txt,1682,923eb738d6ef87707169f8d56947b3af64ba3b6e4a5649ae9e17cb4370733fd1
split,splits/link_prediction/virtual_graph_study/airports_brazil/seed_45/train.edgelist,3947,1aa1e76b3c251a80d720d6a79daf02f22d6ce16b112c10612c7d32f2b42ef854
split,splits/link_prediction/virtual_graph_study/airports_brazil/seed_45/train_neg.txt,4485,ffe18b7f9d9f9dd191360fb81c3cad4265496767842edc3ff277cce925d573b3
split,splits/link_prediction/virtual_graph_study/airports_brazil/seed_46/test_neg.txt,1928,f1954ae82173ed71e2719342c4a61dfb6ee149d9725d5c1380b8dc85a9b97a2a
split,splits/link_prediction/virtual_graph_study/airports_brazil/seed_46/test_pos.txt,1695,ca5244218ce703b648b77cc97532a3bcbeb4ea12e9fb7e832a7a990fcaa72e2a
split,splits/link_prediction/virtual_graph_study/airports_brazil/seed_46/train.edgelist,3934,d97d8507a70c1dbe52d16a58bd52d740df6d2947d7cc1734e966de24f4521d83
split,splits/link_prediction/virtual_graph_study/airports_brazil/seed_46/train_neg.txt,4511,5b9265488154c272b704a20a0e31fdc20822eb9cf780087ef6412456061879ed
split,splits/link_prediction/virtual_graph_study/airports_brazil/seed_47/test_neg.txt,1908,c2ab031769f547b247e3aa033eb8bea1345164fe80804bf98f3b4f9425036b58
split,splits/link_prediction/virtual_graph_study/airports_brazil/seed_47/test_pos.txt,1695,44867fe9dcb54b2131f5d5e333300864d097d064ba0648db0484b319735af560
split,splits/link_prediction/virtual_graph_study/airports_brazil/seed_47/train.edgelist,3934,4591cb3592ec6d29b45390e2588bde5e19bd0633f7c93fc0933a2e0f0cd4f98a
split,splits/link_prediction/virtual_graph_study/airports_brazil/seed_47/train_neg.txt,4507,be2ca2d437bf8321db21f82f3399723a68151445dbda2800ad0136a0bb08bd16
split,splits/link_prediction/virtual_graph_study/airports_europe/seed_42/test_neg.txt,13461,6649578298c0bd33c56a7caedb94ca4d240e006a154150d9b296b219d459c805
split,splits/link_prediction/virtual_graph_study/airports_europe/seed_42/test_pos.txt,12044,5446045d26305aeb0f783f6fa7b39bdb8406737a2bef71d1523d70b7699ca020
split,splits/link_prediction/virtual_graph_study/airports_europe/seed_42/train.edgelist,27949,6ee2937201f407477a1410e15cf6915340e6b0f06cfc3d2c8e5e5a4e1d863c00
split,splits/link_prediction/virtual_graph_study/airports_europe/seed_42/train_neg.txt,31582,986db04dc7cfe86fc444e28d1c161fd2026129c244de61790840b98277324d73
split,splits/link_prediction/virtual_graph_study/airports_europe/seed_43/test_neg.txt,13507,0554db5e06d9a1271e26083f290b15f95d3550dfeab8176f210947d7743a27a0
split,splits/link_prediction/virtual_graph_study/airports_europe/seed_43/test_pos.txt,12040,ce3e348541b921c00c4a707c2996ad7a1fb33e5f847b0a99455d9212e04de6bf
split,splits/link_prediction/virtual_graph_study/airports_europe/seed_43/train.edgelist,27953,14470fe07c79c6e0ed8dae24a6b4530aea8a6f2f9e95a1568be928091cb9e6d6
split,splits/link_prediction/virtual_graph_study/airports_europe/seed_43/train_neg.txt,31457,70ca14c3b6b3da2788b120398702a15835ba76e144766a8e2dbdc0cbf8af31f1
split,splits/link_prediction/virtual_graph_study/airports_europe/seed_44/test_neg.txt,13500,57a4af6584c327452b5cd485a8fdaefffe4ade40b1120610d5b79ff64f0746ae
split,splits/link_prediction/virtual_graph_study/airports_europe/seed_44/test_pos.txt,12068,71828fda87bc5df0e1cdd82575f7dd97a313e8f8625d7e6256b6a6dae7f0bbe7
split,splits/link_prediction/virtual_graph_study/airports_europe/seed_44/train.edgelist,27925,20e1881ca6141767f65d710e2fdcbf6cb9f5dba58f4cb8538452ba043ee10a09
split,splits/link_prediction/virtual_graph_study/airports_europe/seed_44/train_neg.txt,31494,4419cd74d6c4d3665b0e81d6b044465270a5ad26f9fbdbf2f184b57fc074bee7
split,splits/link_prediction/virtual_graph_study/airports_europe/seed_45/test_neg.txt,13509,08ff4d38e05bd928d18e4de2eb257a526945b06fbbd71bc093b57a4e71ab5598
split,splits/link_prediction/virtual_graph_study/airports_europe/seed_45/test_pos.txt,12033,b01a5601bfb47c74a998223f7443164747d9b2fb83979ad10bfadbd8218f270f
split,splits/link_prediction/virtual_graph_study/airports_europe/seed_45/train.edgelist,27960,03aabed35f76e9bc1108637c0f92246f561f186df1d6b2c21549f5885e5d0dba
split,splits/link_prediction/virtual_graph_study/airports_europe/seed_45/train_neg.txt,31498,7e5cf0917570a4022734fd6b0aff7a165f9e47419903fbb379cd00f95703c0ac
split,splits/link_prediction/virtual_graph_study/airports_europe/seed_46/test_neg.txt,13490,3dd86294deb15caccfc71121817d37221411c4577148bd4d135ec9e0c9eb7c04
split,splits/link_prediction/virtual_graph_study/airports_europe/seed_46/test_pos.txt,12092,56c6a856d93ce86fa86083c9befe5ad0d761bb56a50747babdca35fd6faf50de
split,splits/link_prediction/virtual_graph_study/airports_europe/seed_46/train.edgelist,27901,9577a0610d18fc1bdb50189ec8cefb9fa3235854df56a19bfad49819dea8d832
split,splits/link_prediction/virtual_graph_study/airports_europe/seed_46/train_neg.txt,31547,3b8b902a2fb01ccb979d36ffbfce917f968e4577f3e3c32dca38fbdfb8496e76
split,splits/link_prediction/virtual_graph_study/airports_europe/seed_47/test_neg.txt,13481,450ce49e5836d2a539a64ef0ab531e29b82129625c9d6d2b8062e22c5901deef
split,splits/link_prediction/virtual_graph_study/airports_europe/seed_47/test_pos.txt,12025,9716ad7f7e00fa7b856237b64902b5d2cfb292be1241aa5fa923fd493265b7c5
split,splits/link_prediction/virtual_graph_study/airports_europe/seed_47/train.edgelist,27968,9c9c8c09f3e862d73dfd223f11271e7805a5dd6723dcefbd0292448613cb53ba
split,splits/link_prediction/virtual_graph_study/airports_europe/seed_47/train_neg.txt,31540,3d20132c1a65169a78d9a464cfd706126590b6a3243b8d6d2b92a9698b7d9241
split,splits/link_prediction/virtual_graph_study/airports_usa/seed_42/test_neg.txt,33257,0656abfda6a1b1e1c8a28505550d9fa7ccbe4501d06b1c51f596648aff49268e
split,splits/link_prediction/virtual_graph_study/airports_usa/seed_42/test_pos.txt,33147,839a5ceabfe7e63ab1764a8458a4742b79e31306e03f9f7e8b771a6103e3e172
split,splits/link_prediction/virtual_graph_study/airports_usa/seed_42/train.edgelist,76976,93d948b9c380240103c1126cd2b39bd2ad3894891b0f64476e84002bbc4914af
split,splits/link_prediction/virtual_graph_study/airports_usa/seed_42/train_neg.txt,77510,3c3ea0377cf6eef2ffba9a2c8b9b116a9569e42f84ab16396b9201dde858e3d3
split,splits/link_prediction/virtual_graph_study/airports_usa/seed_43/test_neg.txt,33128,e700581c1b42fcff3ed9369bc590cee24bcb159c76522de0735276d057926b5f
split,splits/link_prediction/virtual_graph_study/airports_usa/seed_43/test_pos.txt,33137,b7971e6754729b545cdd6ca0603843dce134b943ed80025e4b2c516ed6d66377
split,splits/link_prediction/virtual_graph_study/airports_usa/seed_43/train.edgelist,76986,2ba8d8ad434e56564da62aac4c525e699e7181e781f5fd905997952e61724b2e
split,splits/link_prediction/virtual_graph_study/airports_usa/seed_43/train_neg.txt,77481,2132480e678a2943c3f81a41355ffe18636130470902295089c8d8313683b066
split,splits/link_prediction/virtual_graph_study/airports_usa/seed_44/test_neg.txt,33147,99f8405e6c636b19ae8c45b76fa3697c691b32d989e824d6fda61748ae99d9a0
split,splits/link_prediction/virtual_graph_study/airports_usa/seed_44/test_pos.txt,33219,1f1d45a96d8558af0d8eb5867b4cd58b2c378fd5290fce59dd353c8bb13fdde9
split,splits/link_prediction/virtual_graph_study/airports_usa/seed_44/train.edgelist,76904,529e1bd5e9ea2b83baa2e228f25f5c5dcee3fcf442284c2c9fcc68304ce3c25f
split,splits/link_prediction/virtual_graph_study/airports_usa/seed_44/train_neg.txt,77451,9a2d1f45caead18a5933d4e513852ba36e6c9163c00e4908c47837813b700da5
split,splits/link_prediction/virtual_graph_study/airports_usa/seed_45/test_neg.txt,33242,93af877f2b57b9545770604301d0e7d6a9eac5bdfade919aa365834ec0bf3b5c
split,splits/link_prediction/virtual_graph_study/airports_usa/seed_45/test_pos.txt,33146,8cd234284301c057fb483f27d202eb62bd290d1ba4b4b4244ff67b92aedb0b4c
split,splits/link_prediction/virtual_graph_study/airports_usa/seed_45/train.edgelist,76977,7bfaf9c0a235d02d5664571c4af28549ff7e1f6db2d25233d467b511d6432a77
split,splits/link_prediction/virtual_graph_study/airports_usa/seed_45/train_neg.txt,77515,e5b149824a146c2f1a437de427d3c09072652e9861aa98cfcfb6de1606bdc0af
split,splits/link_prediction/virtual_graph_study/airports_usa/seed_46/test_neg.txt,33192,df67e1bd30dea0ca1b643ade0152d9329803d0109d500b1314f5f49f931f5cbc
split,splits/link_prediction/virtual_graph_study/airports_usa/seed_46/test_pos.txt,33162,a49563427c96d41710f35293110357272b480308a439c38f5459929a01176379
split,splits/link_prediction/virtual_graph_study/airports_usa/seed_46/train.edgelist,76961,7d5ea87897187254496985c438126d1d56c5d811b136510b110d20745803d733
split,splits/link_prediction/virtual_graph_study/airports_usa/seed_46/train_neg.txt,77497,a97e03cb56bcb33b24530bd538a1d5dfe323c79d6ef594f9cba28f94ad114b7d
split,splits/link_prediction/virtual_graph_study/airports_usa/seed_47/test_neg.txt,33204,be566a82f559343749fbbe6ae922dec895e64b48f9ec26abf4f4d6246f583198
split,splits/link_prediction/virtual_graph_study/airports_usa/seed_47/test_pos.txt,33173,1414ceb14eb9f64e935fd663f71ee25623e69d5f4b3bf54ef880c33436e2825d
split,splits/link_prediction/virtual_graph_study/airports_usa/seed_47/train.edgelist,76950,c504be1d0280263c3150508cbbc44b1ee9e06307b7bbe01da710fdb399776692
split,splits/link_prediction/virtual_graph_study/airports_usa/seed_47/train_neg.txt,77563,fa7a947deb78361376d37cb73e75a3c0bbf8358534dc537bcd171b5010bf3079
split,splits/link_prediction/virtual_graph_study/amazon_computers/seed_42/test_neg.txt,766174,b81531fd50a8cb8c5f9af0697900ce41b20a9d7fc5d691b52ebc9d2b74633b57
split,splits/link_prediction/virtual_graph_study/amazon_computers/seed_42/test_pos.txt,765907,c0f26bd9321343b5dae8d4df58dacb4c770db3b56ba5f0e21152d3e921572486
split,splits/link_prediction/virtual_graph_study/amazon_computers/seed_42/train.edgelist,1783766,f754bd0ccfa620d5d3d7c59b646884683a8b0c83ecb099de2382f76411762bf3
split,splits/link_prediction/virtual_graph_study/amazon_computers/seed_42/train_neg.txt,1787731,c91bdec7b6a763b136fc1e50ab4a32c95f55b6adc013832b5666948abc55dd3f
split,splits/link_prediction/virtual_graph_study/amazon_computers/seed_43/test_neg.txt,766056,34c1a2f8d519917db81dd2df1089cfb7f0530bdaa4060acf01ce1acfb742c1db
split,splits/link_prediction/virtual_graph_study/amazon_computers/seed_43/test_pos.txt,765716,d96909291fdf6ea1fd563ae74870ee4896aa82495d8f55144edf0c8e4b4141df
split,splits/link_prediction/virtual_graph_study/amazon_computers/seed_43/train.edgelist,1783957,a4bea9e9b53378310f5c0698d8ed1a1ff78d6549f2ddf5951dd9d091c77e471b
split,splits/link_prediction/virtual_graph_study/amazon_computers/seed_43/train_neg.txt,1787039,fea4f36f5b7abc51d8c6a946d5136f6d47fc7913952ff8d36d41fcfcb3f1b61e
split,splits/link_prediction/virtual_graph_study/amazon_computers/seed_44/test_neg.txt,766322,07ce022c04a947b37672589073c9cd860db599ecaf76135b1de02a0bdcf0213d
split,splits/link_prediction/virtual_graph_study/amazon_computers/seed_44/test_pos.txt,765644,7e904678cfee49550dbbd4d049eb841ce4413563cd467ef7736b6a76974f86ac
split,splits/link_prediction/virtual_graph_study/amazon_computers/seed_44/train.edgelist,1784029,87e9473e50456e9fbc81c1b6ca7bd3e8f87cca24e3c319d636c9998578c31f9e
split,splits/link_prediction/virtual_graph_study/amazon_computers/seed_44/train_neg.txt,1787259,8a11244faa9b99e20230d2bdf990526f7799784b99fbee6b33b37353f1fd3037
split,splits/link_prediction/virtual_graph_study/amazon_computers/seed_45/test_neg.txt,765974,0186c0d41238d96f100dd02600eec47b43c22f4da13f64380f025c5c6080d6f9
split,splits/link_prediction/virtual_graph_study/amazon_computers/seed_45/test_pos.txt,765248,53622860857a751b80234db1732ff43e6ec216719c64dc9fe477530bdbab6b1e
split,splits/link_prediction/virtual_graph_study/amazon_computers/seed_45/train.edgelist,1784425,66d00f442e23d4fb01dc07c03af956c37d8aeb0caba1c7fccb05f5f64ef5e153
split,splits/link_prediction/virtual_graph_study/amazon_computers/seed_45/train_neg.txt,1787690,642d95a8958a4712edde88d399eb8a324d3ca12383896d112d934085f3710c2a
split,splits/link_prediction/virtual_graph_study/amazon_computers/seed_46/test_neg.txt,766326,8830a508bfff6af3551e53eebfad03adf7011741642d880810b30251d28ce765
split,splits/link_prediction/virtual_graph_study/amazon_computers/seed_46/test_pos.txt,765813,323efc74a7958333e0abbfee51ccec985bbd3805bec388e165a365b83c6836ba
split,splits/link_prediction/virtual_graph_study/amazon_computers/seed_46/train.edgelist,1783860,fa3f41462c9af710ff449ff92be8d78158d1847ae397f9e93a8ea8726cc0b6c4
split,splits/link_prediction/virtual_graph_study/amazon_computers/seed_46/train_neg.txt,1787275,a3213e0864bb40153fa865e67b4e68024306cac9bd0aed60aa4b8fbd6690b09b
split,splits/link_prediction/virtual_graph_study/amazon_computers/seed_47/test_neg.txt,766029,41cf8ffbf1d6f02287289624db1b6546feb29f41bed1a692a41071162fe22273
split,splits/link_prediction/virtual_graph_study/amazon_computers/seed_47/test_pos.txt,765343,287d6e95707da679d7831a41dee9f7f83f41193f7ed9449e2cabbc3aeeebbd9a
split,splits/link_prediction/virtual_graph_study/amazon_computers/seed_47/train.edgelist,1784330,a965e2cf73f30409fce53ae1b220c509257a7da95787d859b65b3ee9f35f4986
split,splits/link_prediction/virtual_graph_study/amazon_computers/seed_47/train_neg.txt,1786886,3cbed3e83e6cb3c2f65aebcd3363c61d0f964f34b52527b0dd0c358adafc0332
split,splits/link_prediction/virtual_graph_study/amazon_photo/seed_42/test_neg.txt,347002,65523d6639cca4b02106fbb0a6d4c118cefe52c13b058dd9f57d98edbc28d2b5
split,splits/link_prediction/virtual_graph_study/amazon_photo/seed_42/test_pos.txt,347451,311eec7002bbfa7d0a14915faa197fb0cfeb846a8f63a5db029997a4c899ed2f
split,splits/link_prediction/virtual_graph_study/amazon_photo/seed_42/train.edgelist,809641,90ede71a28f488700f4dc4b74fe0cb7e44bccfd7ec239e6217701f469845cf52
split,splits/link_prediction/virtual_graph_study/amazon_photo/seed_42/train_neg.txt,809563,febb5110f67975ee89ce2ea661aa3a7093eaea519cc3e936b2ee8d9065a96a3f
split,splits/link_prediction/virtual_graph_study/amazon_photo/seed_43/test_neg.txt,346909,632317f13329fa305e5ce87105c8deeb1fc7069f7d2fc6af9e558be13a50d531
split,splits/link_prediction/virtual_graph_study/amazon_photo/seed_43/test_pos.txt,347626,be4a29a0e61e77a1dc7abb5ab4d3f3da3dbc2091e5223b434f2478b592967135
split,splits/link_prediction/virtual_graph_study/amazon_photo/seed_43/train.edgelist,809466,01b07bdb0a28e8af05686dc15196ceaf7407349a961407bc9f68bc7a4001dc1c
split,splits/link_prediction/virtual_graph_study/amazon_photo/seed_43/train_neg.txt,809541,6ff2eb96a49315b2a9b60eafa569499cc94c65714e6081b55e393226835b719d
split,splits/link_prediction/virtual_graph_study/amazon_photo/seed_44/test_neg.txt,346972,4fa615b5505db66f1a89661244b069e085074c1429213b9413baf6e33bd5a9cd
split,splits/link_prediction/virtual_graph_study/amazon_photo/seed_44/test_pos.txt,347517,d8a6d5223254e6a7be57388c841be264e5c2b3a5ab281547f230cf436eb8ebae
split,splits/link_prediction/virtual_graph_study/amazon_photo/seed_44/train.edgelist,809575,5d6ecd3a2a0a0d13db4e4fd1dc7fb74681d5fcdfd7adaecaf5ef9297f295e508
split,splits/link_prediction/virtual_graph_study/amazon_photo/seed_44/train_neg.txt,809483,37c116abdb5b5c8c14da0a5ab58eb7438d43526cf8a6911d23088a2d7c620c29
split,splits/link_prediction/virtual_graph_study/amazon_ratings/seed_42/test_neg.txt,309661,a8c8ac5fefd118260e4df6b3a30f41e9c10b101d3e68088d310511273bc1ad0f
split,splits/link_prediction/virtual_graph_study/amazon_ratings/seed_42/test_pos.txt,313603,4e0116094c8845f3aa9c924927cf13b147bc247cbb45b259b0fe4f1c1e05aa37
split,splits/link_prediction/virtual_graph_study/amazon_ratings/seed_42/train.edgelist,717884,19a6670a0f40d5b907028ec3d21d235241e50d37ead2b219872ed12080ceca92
split,splits/link_prediction/virtual_graph_study/amazon_ratings/seed_42/train_neg.txt,722240,37a6fb0b29515651cb7a0553e8990c8d92c67f33fb2995125f94cf344395d21a
split,splits/link_prediction/virtual_graph_study/amazon_ratings/seed_43/test_neg.txt,309720,9c0e2828d44950d39c74468d32a8fe04b18a3eec13a1dadb569bfa33e44c84c2
split,splits/link_prediction/virtual_graph_study/amazon_ratings/seed_43/test_pos.txt,313550,ada4ab6fe59879a68d22e81f4225058e3b8198a9b8e7c4e093ccb7a6a525ae3c
split,splits/link_prediction/virtual_graph_study/amazon_ratings/seed_43/train.edgelist,717937,40c22bfdc7284347180b030d5e7bb9230f5a1e3c742b3149cfbef323c9485776
split,splits/link_prediction/virtual_graph_study/amazon_ratings/seed_43/train_neg.txt,722452,04a4a0e7dc5585ece77153294703ab4e6c50f5fbdf6872389e3db56de86a9bd5
split,splits/link_prediction/virtual_graph_study/amazon_ratings/seed_44/test_neg.txt,309657,9925038071b7411b12d77104cd149402709e85061420f60a6a5ef9bebec567b2
split,splits/link_prediction/virtual_graph_study/amazon_ratings/seed_44/test_pos.txt,313540,8eedcd84a3e20e89180768465ce5936bb6a8c050feed617bfaa8d1a5fe1656de
split,splits/link_prediction/virtual_graph_study/amazon_ratings/seed_44/train.edgelist,717947,b689c326e174359c2c16abdc1bc5385a3b1e4f1394bc562384de93a26b94f044
split,splits/link_prediction/virtual_graph_study/amazon_ratings/seed_44/train_neg.txt,722743,37b698b4c3ae267552516c8386a84ded76f028c626b0d32f59853d22b91b69da
split,splits/link_prediction/virtual_graph_study/amherst41/seed_42/test_neg.txt,245758,a7b9913e50aa520025c0840ce1d3a1f1fcff978d4c2599b22d444c5a5b23f36a
split,splits/link_prediction/virtual_graph_study/amherst41/seed_42/test_pos.txt,246768,751ea00080b9a9cf002a0e506e7c6bb772aae6e747322c55680ffd4138d5a471
split,splits/link_prediction/virtual_graph_study/amherst41/seed_42/train.edgelist,574386,3c51dc64d2d105ac64ebd92a50f9a00749e046cdaba9305208ca1a86252d44c7
split,splits/link_prediction/virtual_graph_study/amherst41/seed_42/train_neg.txt,573688,e13c9cdf32f7d50d6c4662aa47d053c8e5e9350b88309cc3d6a62331cff4eda6
split,splits/link_prediction/virtual_graph_study/amherst41/seed_43/test_neg.txt,245981,ec3b8156284712cddbc1e475f01c0c6af6ff849baf2314122e771b4b3fcd9e84
split,splits/link_prediction/virtual_graph_study/amherst41/seed_43/test_pos.txt,246571,365959a833a99fcb908d985dfd52e588d449eef08e25453364e43746e02f0855
split,splits/link_prediction/virtual_graph_study/amherst41/seed_43/train.edgelist,574583,6f074b9f5896be8ba36ae8d42aeb89a66a132654cd74878c400dc72becfcc34c
split,splits/link_prediction/virtual_graph_study/amherst41/seed_43/train_neg.txt,573327,90b350032bde406d6c0e9a69a8dc60622a2e78cf1d435471053bb69edf59a0a0
split,splits/link_prediction/virtual_graph_study/amherst41/seed_44/test_neg.txt,245613,c8410734bd150c6ae09247c4b331580f9286208cf2dddc206d6c4bd674a46c00
split,splits/link_prediction/virtual_graph_study/amherst41/seed_44/test_pos.txt,246519,cffff211032f9ae46176528a08d5b03f23b1f88ce893f48c06762aef042b397d
split,splits/link_prediction/virtual_graph_study/amherst41/seed_44/train.edgelist,574635,fb04f08a0f7379cf24346e2fda765c4579c38718bba3a80329fc9a916950b24f
split,splits/link_prediction/virtual_graph_study/amherst41/seed_44/train_neg.txt,573302,af745dae9c2aa79d6f19d6e8a8db1439a206c5c3af3984444a29dbb0a0e1f639
split,splits/link_prediction/virtual_graph_study/artnet_exp/seed_42/test_neg.txt,972432,c40e082a66757346c28485e4fc1fc3f373517400d527d9a553e219bb39f1b979
split,splits/link_prediction/virtual_graph_study/artnet_exp/seed_42/test_pos.txt,881592,b7e12c0e7b0b2a8e9796ca9453c4da0d5d8aa07751a31eafec138c10e0e9abc0
split,splits/link_prediction/virtual_graph_study/artnet_exp/seed_42/train.edgelist,2072932,108de57d5b3ff3a04facf6c1b56630be54a723e7c8b54c0f5b358620b9722db4
split,splits/link_prediction/virtual_graph_study/artnet_exp/seed_42/train_neg.txt,2268180,934ccf5291941fc9985de81d07cf829234a6c6ca861219e8bf26b684413f9b79
split,splits/link_prediction/virtual_graph_study/artnet_exp/seed_43/test_neg.txt,972213,fcfa66d30993efddc98f7033b0920f3f49cd2a880ab9a67f6bedb8e5b3fc87bc
split,splits/link_prediction/virtual_graph_study/artnet_exp/seed_43/test_pos.txt,882099,e1d7cd29d02588f97ebf2e2cb97bb22fc2e27a9850df5bff2521a549654a19a9
split,splits/link_prediction/virtual_graph_study/artnet_exp/seed_43/train.edgelist,2072425,66aa68a00483e8963d337cca838678a96453db7c3f50c10178423f0f662ed889
split,splits/link_prediction/virtual_graph_study/artnet_exp/seed_43/train_neg.txt,2268592,013c7e94515c1544340ad3200f7e6fef103631bd05e553372c295c608468fde2
split,splits/link_prediction/virtual_graph_study/artnet_exp/seed_44/test_neg.txt,971959,def95fcf88d0c71895317267523383a63fa6de3d2d92e2a9ca02a0694869975b
split,splits/link_prediction/virtual_graph_study/artnet_exp/seed_44/test_pos.txt,881911,c2134038245d4fb965d3e3196a574e576706083278271c983bbbd9dbbf149b10
split,splits/link_prediction/virtual_graph_study/artnet_exp/seed_44/train.edgelist,2072613,cb7cc32f530238e24d87051f53cbaad10e87e49483382ef102af84ca28bdff1a
split,splits/link_prediction/virtual_graph_study/artnet_exp/seed_44/train_neg.txt,2268795,b6b2649d9ed7bdb5b0de987f5d2a4fd08250212db4dcb012e11dd2dff04d5d08
split,splits/link_prediction/virtual_graph_study/artnet_exp/seed_45/test_neg.txt,972110,cc90aae8200e0fc73b8067a926711c7f8d0533d388b290a9c5210b05cb56c60c
split,splits/link_prediction/virtual_graph_study/artnet_exp/seed_45/test_pos.txt,881701,bacee338d55464338df4c6ac0b238fd698e903e3bd070432a5d0a2402f3b7fb1
split,splits/link_prediction/virtual_graph_study/artnet_exp/seed_45/train.edgelist,2072823,be15eda721dd5fc843b59454be2d6c184fc14838ed2632914e0787acbf6ac9e7
split,splits/link_prediction/virtual_graph_study/artnet_exp/seed_45/train_neg.txt,2268769,924a1dcd8a2c230e9affe73117f5f01c1c92661acda5f9d97c495269bad826bc
split,splits/link_prediction/virtual_graph_study/artnet_exp/seed_46/test_neg.txt,972244,d118c98643d9b5d525005ea0de31e637b9e6ca8266ab1e7d538df540ad175421
split,splits/link_prediction/virtual_graph_study/artnet_exp/seed_46/test_pos.txt,881813,8fc3a4d4fa2bf3edda83024ce4a8e4d24cc9a3086fbc1053c8bca8360a6b16c4
split,splits/link_prediction/virtual_graph_study/artnet_exp/seed_46/train.edgelist,2072711,9500fb3c56a1881b0a26db84847824392ec0d5a26db9bdee47f5fd7115baaa2c
split,splits/link_prediction/virtual_graph_study/artnet_exp/seed_46/train_neg.txt,2268914,53617496961a22f0aa191980cd04b7f420e21585388f3cff670bcacc0858c8c9
split,splits/link_prediction/virtual_graph_study/artnet_exp/seed_47/test_neg.txt,971768,3c03ed6a3fffa16e79e7009120124c57777ea88453f82b3b3a17505e14910ed1
split,splits/link_prediction/virtual_graph_study/artnet_exp/seed_47/test_pos.txt,881775,737318aecb73eebe2e4283f8bdcc2f3c6d882f87bf634bace86e87ba37c1cf8f
split,splits/link_prediction/virtual_graph_study/artnet_exp/seed_47/train.edgelist,2072749,2dd298e8c81a7f6bed3dba4cfa344e18eaf2089c7e9945255d286cc5438a4544
split,splits/link_prediction/virtual_graph_study/artnet_exp/seed_47/train_neg.txt,2268682,630e57fe533e55882f613bb9d3c24862c07be8207e3bc817930574eb13202dbe
split,splits/link_prediction/virtual_graph_study/artnet_exp/seed_48/test_neg.txt,972078,fb3ea2ba2c49ba084c49a9ac4e6b57ca60f9c9ebb373120444ab20eaea766fc5
split,splits/link_prediction/virtual_graph_study/artnet_exp/seed_48/test_pos.txt,881968,5bf036423ca8ff9cdb92e16386bba6bc3f2f756f3a8d52383f3116282c339d14
split,splits/link_prediction/virtual_graph_study/artnet_exp/seed_48/train.edgelist,2072556,feb4c51703ade4a860482572ecf22fa0c62a0f90b326568312a1e01dfcd118a0
split,splits/link_prediction/virtual_graph_study/artnet_exp/seed_48/train_neg.txt,2268364,73765e63c6b6f56f5183cedce5a52f00797fa1c728f0e2db15bc6d1dab1c5b0d
split,splits/link_prediction/virtual_graph_study/artnet_exp/seed_49/test_neg.txt,971861,2931ed6ac167291404f8de64e7544750dee823dadd609b66c6703d144ac2d7a4
split,splits/link_prediction/virtual_graph_study/artnet_exp/seed_49/test_pos.txt,881495,614a8d9cea51d7c42a345b7318bda95cd1cb94432cdc63b3e2a0a5201c774fce
split,splits/link_prediction/virtual_graph_study/artnet_exp/seed_49/train.edgelist,2073029,2465058e5f78670c1fabb4cc7ad54692dab17f76ea104cdbba6dff438f8f4f73
split,splits/link_prediction/virtual_graph_study/artnet_exp/seed_49/train_neg.txt,2268351,623e1d226a9ee647ec6c9b4f06ec046c5c1541664fe340fb797061e6caba1182
split,splits/link_prediction/virtual_graph_study/artnet_exp/seed_50/test_neg.txt,972039,1e2444cb67ba10e9962f475e13eb1bd46d8d6e08208b4e65ae900f40f0692d87
split,splits/link_prediction/virtual_graph_study/artnet_exp/seed_50/test_pos.txt,881816,f0a5130c01b4cdf89ea0de2feec989572cdb849b46d5a064ab498883992d8ccd
split,splits/link_prediction/virtual_graph_study/artnet_exp/seed_50/train.edgelist,2072708,a3b34a46701a78980a88d13125b6cf9dc8d0a75af1c1f6c37976102b6c3a769c
split,splits/link_prediction/virtual_graph_study/artnet_exp/seed_50/train_neg.txt,2268658,fd178543193b1b158806f771894cade9238d1e1b70043cecf4564185e731e5eb
split,splits/link_prediction/virtual_graph_study/artnet_exp/seed_51/test_neg.txt,972200,b25dc64996e46abc2687bfc3c56b94851ed69c36d218b0e59ac24fb9ec60aff1
split,splits/link_prediction/virtual_graph_study/artnet_exp/seed_51/test_pos.txt,881558,4a85e73e1e3385d2bc3f338a6178e6c558d6e782960becd1c90683e45d29f8c9
split,splits/link_prediction/virtual_graph_study/artnet_exp/seed_51/train.edgelist,2072966,8eb46d45afa8475d7a0b950ff9fbb04bc52d85e40952a4353dceacfb850d3073
split,splits/link_prediction/virtual_graph_study/artnet_exp/seed_51/train_neg.txt,2267685,9d3994a7c404d3fb1cff32d185b436b78b7b3e9e9b990fefa02751135194dd01
split,splits/link_prediction/virtual_graph_study/bag_of_words_kos/seed_42/test_neg.txt,1044060,996323d57c1397602fa49f0034a53454da8ddf93b039e06008d541a0a16df13e
split,splits/link_prediction/virtual_graph_study/bag_of_words_kos/seed_42/test_pos.txt,1036075,6d8544100198c30e2760f61482e6ac44e71ff9c90dd0200e788dd90b18842e84
split,splits/link_prediction/virtual_graph_study/bag_of_words_kos/seed_42/train.edgelist,2407744,dd9734a82de015891f7472ef2daecb5ed1db5b0244985113fae42309edae1b9c
split,splits/link_prediction/virtual_graph_study/bag_of_words_kos/seed_42/train_neg.txt,2435439,7f584be98b9fdf1cf2e39d878b23ad8f0c98e7c6af72e7b5ecd4c9b8cc12d1fc
split,splits/link_prediction/virtual_graph_study/bag_of_words_kos/seed_43/test_neg.txt,1043732,dc9c76c0ca3b4cd7aa31e74fac652768c5c60f072a8533d28b0f5a803fb4fd4c
split,splits/link_prediction/virtual_graph_study/bag_of_words_kos/seed_43/test_pos.txt,1035647,9bda732bb04dea1845d738139e4372f4a16ad02cde6672480d2d3e9b329a2540
split,splits/link_prediction/virtual_graph_study/bag_of_words_kos/seed_43/train.edgelist,2408172,ff33573d591d543f9ab208854a36130d1d50a07f60ca3953944bade2611c4213
split,splits/link_prediction/virtual_graph_study/bag_of_words_kos/seed_43/train_neg.txt,2435503,edd4946244202cb31eb934d1f4e5d6f93c01762dd541106602aacb35912763e3
split,splits/link_prediction/virtual_graph_study/bag_of_words_kos/seed_44/test_neg.txt,1043817,cd6e873d8978a1c51ba8c66ce22773a24ece2f48e29495b199a8cbf64fb3288b
split,splits/link_prediction/virtual_graph_study/bag_of_words_kos/seed_44/test_pos.txt,1035762,6f6c09f4df2024d0e415d9a07555a6c11080a19ab07b8bde47105a76f4fe10ba
split,splits/link_prediction/virtual_graph_study/bag_of_words_kos/seed_44/train.edgelist,2408057,6e163a83c1247b441e96c99092a33f9abdf9fcc5ed34ef029a23691ef5cccf8e
split,splits/link_prediction/virtual_graph_study/bag_of_words_kos/seed_44/train_neg.txt,2435160,3967b0158c0099fdc3a96b3b36d146a8316ebe7c4ff9269418efe9bf1de73c98
split,splits/link_prediction/virtual_graph_study/bag_of_words_kos/seed_45/test_neg.txt,1043401,96b20a2ceb79f62f49839e02f11265422adf4e32927b8b13a6a898e8cd41762d
split,splits/link_prediction/virtual_graph_study/bag_of_words_kos/seed_45/test_pos.txt,1035819,b54211c2ff155ed327ab260153efac6709f834e40dc7822dbf4781127b462ae2
split,splits/link_prediction/virtual_graph_study/bag_of_words_kos/seed_45/train.edgelist,2408000,5eb1f8c73aa816f24c0f2e16b1b07c84ba1746559e974ef837f1d5fdcc925853
split,splits/link_prediction/virtual_graph_study/bag_of_words_kos/seed_45/train_neg.txt,2435717,1438a321ab2ad0b8adc98e6df3c79461fbc9abf45190557870c51b253cfb95e3
split,splits/link_prediction/virtual_graph_study/bag_of_words_kos/seed_46/test_neg.txt,1043791,0c5f8837879e94567ecc1cba22b42b1a6e442d358cab299bba5fa0a00993c3f1
split,splits/link_prediction/virtual_graph_study/bag_of_words_kos/seed_46/test_pos.txt,1035832,b6fcc6881c467c8d0adebaa8298cd67742ea79dabd76686bc0a4e4fd4da85059
split,splits/link_prediction/virtual_graph_study/bag_of_words_kos/seed_46/train.edgelist,2407987,86cd693586bf9a55d0cc8e74231ac50fec83ce3ce8047474c54d5d7b57065b26
split,splits/link_prediction/virtual_graph_study/bag_of_words_kos/seed_46/train_neg.txt,2435169,effc4fad78185b7dfd731251a6a855f83541278886395a4504b74acc1cfceb12
split,splits/link_prediction/virtual_graph_study/bag_of_words_kos/seed_47/test_neg.txt,1043921,d3815af261847ad666b2ac8f316a02e16c8518e67d3c5a867a35e73e9d57c0ad
split,splits/link_prediction/virtual_graph_study/bag_of_words_kos/seed_47/test_pos.txt,1035989,bcc9175acb48ebead0417d8d9db0b5d05631b09b289b21c3573705cd03d1192a
split,splits/link_prediction/virtual_graph_study/bag_of_words_kos/seed_47/train.edgelist,2407830,ce99722f6da18a9c26d477d02a73ca68233df37e4f3e094e90e443fd5404b42c
split,splits/link_prediction/virtual_graph_study/bag_of_words_kos/seed_47/train_neg.txt,2435217,3dfd1ea9ff2494b4c0f18ec05eb07abf3bbf752dcd2d1f40a301b1c381efaff6
split,splits/link_prediction/virtual_graph_study/bag_of_words_kos/seed_48/test_neg.txt,1043811,8e48b48f404b8e29fab6655e6e18def07828306b4cd50dde5b7c80c77baefe0f
split,splits/link_prediction/virtual_graph_study/bag_of_words_kos/seed_48/test_pos.txt,1035811,877540620d9753fa8e4e21b38427fc04758db64817ce970675a2d9cfd893b1d8
split,splits/link_prediction/virtual_graph_study/bag_of_words_kos/seed_48/train.edgelist,2408008,3df4a7868fa50a56bdf73ddedb158cf2ea4c553544fa245763d20ad380d1ef76
split,splits/link_prediction/virtual_graph_study/bag_of_words_kos/seed_48/train_neg.txt,2435453,a5b47e170ed5bf9c27b03efc58d8ff8b7e41189893a2656f0eb98eaf881bf7b8
split,splits/link_prediction/virtual_graph_study/bag_of_words_kos/seed_49/test_neg.txt,1043514,6eacb70c42924fc633d0a949fb065e818ff47839de62767be92a012241920262
split,splits/link_prediction/virtual_graph_study/bag_of_words_kos/seed_49/test_pos.txt,1035633,7e51a463d07d86711da09582494ceca6dade814b8d2f56ffc506dd6134e6fdae
split,splits/link_prediction/virtual_graph_study/bag_of_words_kos/seed_49/train.edgelist,2408186,a00f128886604935e8d3457387274080c909de44821627fe5d4bff38d4f648ea
split,splits/link_prediction/virtual_graph_study/bag_of_words_kos/seed_49/train_neg.txt,2434958,a57310712ef0ed789441f3afccbb8eb8b5c23b855eb4581ae0f6ed03554b7610
split,splits/link_prediction/virtual_graph_study/bag_of_words_kos/seed_50/test_neg.txt,1044051,67d5d285ffa7f80b239c5faa19089dd5c65789a492773ba03df3b319050243a3
split,splits/link_prediction/virtual_graph_study/bag_of_words_kos/seed_50/test_pos.txt,1035890,79f78363efc4ed0825d24166a42d3b42cb317872551b00f26bf0204d38aa0467
split,splits/link_prediction/virtual_graph_study/bag_of_words_kos/seed_50/train.edgelist,2407929,48d305cc54fe2b25e709437596a4fa98573745e1131c56ab7ada0e38fa94f627
split,splits/link_prediction/virtual_graph_study/bag_of_words_kos/seed_50/train_neg.txt,2435501,93387b7e72ac6dd6e71a3986115eb5e31fa55399eaa0ee20eaf29656a2327c6a
split,splits/link_prediction/virtual_graph_study/bag_of_words_kos/seed_51/test_neg.txt,1043536,29def1d60b522cc1103412a0330024ccca803c1a49384e75dc5142127c5c5ec4
split,splits/link_prediction/virtual_graph_study/bag_of_words_kos/seed_51/test_pos.txt,1035997,ef3ae53cebcb5be745ede13efab9d98f618c0d01f31ed30a1688d6811e636150
split,splits/link_prediction/virtual_graph_study/bag_of_words_kos/seed_51/train.edgelist,2407822,10d24950b9c9bb1e3142c67b9dd8b35a293c798acfd4ec109336a4718c2c50d2
split,splits/link_prediction/virtual_graph_study/bag_of_words_kos/seed_51/train_neg.txt,2434688,bd2ff3337662bcdac707677012c6c6c082b19c6f8e2a4488645f042417ce0233
split,splits/link_prediction/virtual_graph_study/bag_of_words_nips/seed_42/test_neg.txt,2330137,79397c6f11fc17e6f737e248105c897bac83b662a9ec5e4fe8412d96a174e419
split,splits/link_prediction/virtual_graph_study/bag_of_words_nips/seed_42/test_pos.txt,2151786,7e9b884cf236eff6cffa94dc8c03f47f3c13adaa15dff7596a28fd61382f10b9
split,splits/link_prediction/virtual_graph_study/bag_of_words_nips/seed_42/train.edgelist,5006881,8156094818b21529245f6966791667ff588e5af278f480e866bbf52250839793
split,splits/link_prediction/virtual_graph_study/bag_of_words_nips/seed_42/train_neg.txt,5439139,e8976bee67e1f56fc5c882fe80d5409ddb12e1eb351c71f4f333fc27233ba7ee
split,splits/link_prediction/virtual_graph_study/bag_of_words_nips/seed_43/test_neg.txt,2330921,6a38ef3ab3dc528b9c14e339f258c669ae88ff2a6f8ae861c896e47599b0c8c7
split,splits/link_prediction/virtual_graph_study/bag_of_words_nips/seed_43/test_pos.txt,2151496,18c3bba3690dbc8b4747b982265fcefc7b2dfaac9b88d3d3f0b693c80c6e783e
split,splits/link_prediction/virtual_graph_study/bag_of_words_nips/seed_43/train.edgelist,5007171,bc855864006d9b9550160ab1d29a7fe4fc9204c2d14d30dad87efa9a73f1b446
split,splits/link_prediction/virtual_graph_study/bag_of_words_nips/seed_43/train_neg.txt,5438126,94de5b1397668bb0bb74d4fedc05f6467abdb0af3f35d6f378c7077e0c3909fe
split,splits/link_prediction/virtual_graph_study/bag_of_words_nips/seed_44/test_neg.txt,2331070,1e736dca4f42c68dedbdc3771dcb8c30b72f27ea2c0f860ebd4b9822ede19d64
split,splits/link_prediction/virtual_graph_study/bag_of_words_nips/seed_44/test_pos.txt,2151842,39d6a6074bc8fb92fc8b1a4f2d6db3c6a78d47dd9e907b260612c91965c3d52c
split,splits/link_prediction/virtual_graph_study/bag_of_words_nips/seed_44/train.edgelist,5006825,dfd087e51d45c5a2fe66a735729964a1a0c6747df00ce6dbe1d2964054c8ff22
split,splits/link_prediction/virtual_graph_study/bag_of_words_nips/seed_44/train_neg.txt,5438691,ed4a2e85c9900e9263b17351871ef3849fb07b51a467b4eff0b4c870839fb5eb
split,splits/link_prediction/virtual_graph_study/blogcatalog/seed_42/test_neg.txt,493612,0fe16b40c1d948af6626e0dcadb1aa001911fa67c230ce36f904b84044d19b9d
split,splits/link_prediction/virtual_graph_study/blogcatalog/seed_42/test_pos.txt,460741,5cb3fb1cd4cb98e991633ef3123d8f542fc138e74c80f90f2f53fdae55ae8f9d
split,splits/link_prediction/virtual_graph_study/blogcatalog/seed_42/train.edgelist,1067779,1852b872b4657d926a0efd20307b9a068ecc3bd1faf4ab2560b7f751253b8296
split,splits/link_prediction/virtual_graph_study/blogcatalog/seed_42/train_neg.txt,1151929,c98a6b12a58c96175cead5f26150acfec2312749f3006af05f18d81a7a9be27f
split,splits/link_prediction/virtual_graph_study/blogcatalog/seed_43/test_neg.txt,493691,a4412987d49ec9eb6a179b6946433a2ca30ba0f790a3000652d35a5c95f7f195
split,splits/link_prediction/virtual_graph_study/blogcatalog/seed_43/test_pos.txt,460317,31e0ef0c15b7a31778fee7ef49c2c900723a73f0baed2f6613f518c020cefd81
split,splits/link_prediction/virtual_graph_study/blogcatalog/seed_43/train.edgelist,1068203,9e4623cfdc8c52a65e90c907e967dc2bd288ac5964f87a040473f2ee8ca83ebf
split,splits/link_prediction/virtual_graph_study/blogcatalog/seed_43/train_neg.txt,1152110,5846a5115e3bab0f7c1ba354e47c3581540bcbe50f9689da2c0ccca5e1fe0968
split,splits/link_prediction/virtual_graph_study/blogcatalog/seed_44/test_neg.txt,493631,8e2163bd8c8cc1da778dc3ccadfa16f0cdc43b67d8827737546df65c2d7b3395
split,splits/link_prediction/virtual_graph_study/blogcatalog/seed_44/test_pos.txt,460241,6c5417047a148cf020f68c168acf7c04f1fceecc7a5e8de0cb56d1d874c2c32f
split,splits/link_prediction/virtual_graph_study/blogcatalog/seed_44/train.edgelist,1068279,caadae5c5b159649f27940c8b7ca4d215f178774020719efa80485f6bf1356b3
split,splits/link_prediction/virtual_graph_study/blogcatalog/seed_44/train_neg.txt,1151735,3da7c240c2c18cb0d485dbd1388e4c86928d40ec9500c2a12e486dcb3be9e15b
split,splits/link_prediction/virtual_graph_study/blogcatalog/seed_45/test_neg.txt,493760,8ed1497533ca8c076a3a955c74168409c9b832892ddf217ff7dc2a6300ea4e89
split,splits/link_prediction/virtual_graph_study/blogcatalog/seed_45/test_pos.txt,460233,e3c6a621c76753baa86c91864b1b39f3f235c5c5652279b9515fc7a5b6106c7f
split,splits/link_prediction/virtual_graph_study/blogcatalog/seed_45/train.edgelist,1068287,727cd2bd7ad5c8d4d5c8d37340dc61f00418b65120e6bdf4b3a3b7a2b7b11704
split,splits/link_prediction/virtual_graph_study/blogcatalog/seed_45/train_neg.txt,1152272,724b850bb4b8ad07b358c1dc7b04c21005d31d208d0ddcf413025c368fa9b958
split,splits/link_prediction/virtual_graph_study/blogcatalog/seed_46/test_neg.txt,493712,bce2f7833158d6aa3ad023ebb9a4166ce315613f8b39b5687b8b9309fb22ac67
split,splits/link_prediction/virtual_graph_study/blogcatalog/seed_46/test_pos.txt,460250,5bf63307205d0c7efe8c07c0dc9dc18767a94c533324e27c31a799c0715b8ec9
split,splits/link_prediction/virtual_graph_study/blogcatalog/seed_46/train.edgelist,1068270,9c40dd458493317509c79877ba55c7f4bdc612dfcc9fafceca8bf8ea909e79c7
split,splits/link_prediction/virtual_graph_study/blogcatalog/seed_46/train_neg.txt,1151889,0216bac592c6f086f75785f8673b7f20c5d0d0ac6e83dadce92ece59b3d86b4f
split,splits/link_prediction/virtual_graph_study/blogcatalog/seed_47/test_neg.txt,493988,21ed17b31523d5ef81009f564f0e18e39904bb1f007f4480488e9297d7c74eca
split,splits/link_prediction/virtual_graph_study/blogcatalog/seed_47/test_pos.txt,460651,74a1832f87c837f5f9cad92c40e3eab4eaf923ca93950daf554bf0ed6eafa0f0
split,splits/link_prediction/virtual_graph_study/blogcatalog/seed_47/train.edgelist,1067869,a98f8e7025c355fedb1bf86ffef39706be93c0a7384551f003a30867207ce9fd
split,splits/link_prediction/virtual_graph_study/blogcatalog/seed_47/train_neg.txt,1151918,8fb9595364429a70f46546be82a1ec4a191faa5dd0b26898ad5ff6ffefe3069b
split,splits/link_prediction/virtual_graph_study/board_directors/seed_42/test_neg.txt,839,0d9630100734f5ce8091ca21ec7f0a55086b4fc9183f50fe3510f6bb7899a8ad
split,splits/link_prediction/virtual_graph_study/board_directors/seed_42/test_pos.txt,822,f93876fb814339558337ac7cec1c2489eeead49931f59415282df1f93111259f
split,splits/link_prediction/virtual_graph_study/board_directors/seed_42/train.edgelist,14480,2b344a648610385c5b50fe0fe45ddb13cf79c5a60e88c83325abc68f2ffdd0e9
split,splits/link_prediction/virtual_graph_study/board_directors/seed_42/train_neg.txt,14306,d14bff3065ed218b9049271b6310dd92b4aec00e593129e34e8982298d520743
split,splits/link_prediction/virtual_graph_study/board_directors/seed_43/test_neg.txt,846,5ea0ac2270f6469f2940abcde783fa277226f3cd9cf86e2657a3bc13bddf33d9
split,splits/link_prediction/virtual_graph_study/board_directors/seed_43/test_pos.txt,822,f93876fb814339558337ac7cec1c2489eeead49931f59415282df1f93111259f
split,splits/link_prediction/virtual_graph_study/board_directors/seed_43/train.edgelist,14480,2b344a648610385c5b50fe0fe45ddb13cf79c5a60e88c83325abc68f2ffdd0e9
split,splits/link_prediction/virtual_graph_study/board_directors/seed_43/train_neg.txt,14250,e1c662622aa8e49ac4902f506a6a0be44d47ac352d2daf1385e79939a406877b
split,splits/link_prediction/virtual_graph_study/board_directors/seed_44/test_neg.txt,845,6b30130b0962e12c9b7fcaaa7c3424bfa5bef45bc9f3fed34c71fd0390161de2
split,splits/link_prediction/virtual_graph_study/board_directors/seed_44/test_pos.txt,822,f93876fb814339558337ac7cec1c2489eeead49931f59415282df1f93111259f
split,splits/link_prediction/virtual_graph_study/board_directors/seed_44/train.edgelist,14480,2b344a648610385c5b50fe0fe45ddb13cf79c5a60e88c83325abc68f2ffdd0e9
split,splits/link_prediction/virtual_graph_study/board_directors/seed_44/train_neg.txt,14294,27469b339f9a2f9584eeb31ada60efe55220a89d593c0c2aedf5c9737832a6ea
split,splits/link_prediction/virtual_graph_study/celegans_neural/seed_42/test_neg.txt,9403,5a2bdd63b537861ddfc3aeea5b84259bfa8bb40bfa87799f81c04aef5d8f4cc0
split,splits/link_prediction/virtual_graph_study/celegans_neural/seed_42/test_pos.txt,9591,7fed680a687a76245fb156bec398045d676a2386707c72549788a294b00cf600
split,splits/link_prediction/virtual_graph_study/celegans_neural/seed_42/train.edgelist,22249,3fd0660c932f9f1dd6cd324a9630cbc306e8abe24ccccba14a76201ac8ac78c6
split,splits/link_prediction/virtual_graph_study/celegans_neural/seed_42/train_neg.txt,21953,0ddd2629cd8c95ca8cc8a024995416cc93ed4859f0a488cf9793c55456afef67
split,splits/link_prediction/virtual_graph_study/celegans_neural/seed_43/test_neg.txt,9400,f49272f5639464b4d9057359ae0b8fbe869bdf0834bd054f78690720fd08d723
split,splits/link_prediction/virtual_graph_study/celegans_neural/seed_43/test_pos.txt,9600,47a4ef56bc3e1db72335d7744895f0cf4098ea37cf687152e950b3fd3141c2e3
split,splits/link_prediction/virtual_graph_study/celegans_neural/seed_43/train.edgelist,22240,bab7ac842f48219c27f77fe8f77898d5e2813c36ce3e576b36a73cb9c1e9f2d2
split,splits/link_prediction/virtual_graph_study/celegans_neural/seed_43/train_neg.txt,21856,8cc3444078aae11c12c0a4b9f7a59d5461f8eb86a2a9afa78c53f906e880df61
split,splits/link_prediction/virtual_graph_study/celegans_neural/seed_44/test_neg.txt,9378,588a6c6fb526fcad115a6f62f13dbc163d9b522773c6792c5ffa858f72398145
split,splits/link_prediction/virtual_graph_study/celegans_neural/seed_44/test_pos.txt,9655,1ddc734f5920e841bf834a5df0b530cdce0f8456c95eea307f0747c77c697ebb
split,splits/link_prediction/virtual_graph_study/celegans_neural/seed_44/train.edgelist,22185,d434509be16bb3a25ea420ae27626a19bbeecee42d9532bb49a2d4ffe55c6984
split,splits/link_prediction/virtual_graph_study/celegans_neural/seed_44/train_neg.txt,21916,cc73c247c9b82e591e9d6a5c75c171738f64f6e3f49a2ef152e0a42a08878ad6
split,splits/link_prediction/virtual_graph_study/chameleon/seed_42/test_neg.txt,85037,47cf6e64d06486507cc2bcc95cdef701e6fa08603bc8d2321efc55110a4f6eed
split,splits/link_prediction/virtual_graph_study/chameleon/seed_42/test_pos.txt,86573,80dbbea76b3b4fe59fddf886083d3ee6f2bb0413e410d762ede845f4661a23f2
split,splits/link_prediction/virtual_graph_study/chameleon/seed_42/train.edgelist,201681,a4e95ed3dcbcdbbe1c1c7386faf9468a09975eb00dc6675ca4722632d2b4ec08
split,splits/link_prediction/virtual_graph_study/chameleon/seed_42/train_neg.txt,198318,46f26df5445ce244d5eee423bca488f5c6db66785b0e612837868ca8f61a23bf
split,splits/link_prediction/virtual_graph_study/chameleon/seed_43/test_neg.txt,84796,84062b16baceca707acf2991f57b973d3c1a7a6fab92296212d833b13072919b
split,splits/link_prediction/virtual_graph_study/chameleon/seed_43/test_pos.txt,86631,eb81351f315d3ed65b6d7bc654142a62aea4e21f549bfd065cd22a346dbc7a01
split,splits/link_prediction/virtual_graph_study/chameleon/seed_43/train.edgelist,201623,1bd145980488d4f930d366f0cfd562f1a1980a690bea32e8ec1eb47a150dc801
split,splits/link_prediction/virtual_graph_study/chameleon/seed_43/train_neg.txt,198100,9f714533110859f370023a93a036a8aebf15e8cf94cd7e4900a1b5187629e399
split,splits/link_prediction/virtual_graph_study/chameleon/seed_44/test_neg.txt,84715,49597b79416a617f4ee91b2513c3c6e5454e6f57fe679abc649a08883f1d82ab
split,splits/link_prediction/virtual_graph_study/chameleon/seed_44/test_pos.txt,86637,0e5a97037075c7de5d1643bf18f00a290e745a16cfa79a036a96cfaa8ef9c244
split,splits/link_prediction/virtual_graph_study/chameleon/seed_44/train.edgelist,201617,9cfcb30aa06e8fdb616a3637ceaae1124af8db3324758bd369f130b8c1bbc9c6
split,splits/link_prediction/virtual_graph_study/chameleon/seed_44/train_neg.txt,198186,5412d3f5311008affe61142a1e5ecb0b7f105f06d163928736ee906552c96d18
split,splits/link_prediction/virtual_graph_study/chameleon_filtered/seed_42/test_neg.txt,20562,294a0a64df2afb7c9d5e8b661eb75626850f5d01e7327cbc90d3ce6ed4ee1e00
split,splits/link_prediction/virtual_graph_study/chameleon_filtered/seed_42/test_pos.txt,20738,08708b4f1695261f5144bebf702547ec9602a24db00255a32bd4ef19d926287c
split,splits/link_prediction/virtual_graph_study/chameleon_filtered/seed_42/train.edgelist,48128,b432e724b5ed58d080c45ca12cc76cf5bc9372202c7a3a74d6910295c47d4847
split,splits/link_prediction/virtual_graph_study/chameleon_filtered/seed_42/train_neg.txt,48102,bbb8ec90a588e0b75f565e53e1ccf8417402e30871804feaff8b4b1208135847
split,splits/link_prediction/virtual_graph_study/chameleon_filtered/seed_43/test_neg.txt,20619,b3f95fd497e51842719544bd47fc36707f405b4ef8298da106d2acc02a0bcd38
split,splits/link_prediction/virtual_graph_study/chameleon_filtered/seed_43/test_pos.txt,20707,27a289a0c169d42da7ce556cbd336a54e9e756cac1bc4db3f0ce84fde409d392
split,splits/link_prediction/virtual_graph_study/chameleon_filtered/seed_43/train.edgelist,48159,a809d4746eb52493790ca17eface284d93f462b2ce4ca40a81d62cc96deca7d8
split,splits/link_prediction/virtual_graph_study/chameleon_filtered/seed_43/train_neg.txt,48000,a6808426821ced5ff8de54decefd29876958fa9631767c27461d2c44db88fdcf
split,splits/link_prediction/virtual_graph_study/chameleon_filtered/seed_44/test_neg.txt,20572,182293d8a48461b1c7d955eab3cfda50bd46ba7105da425178455ab1488fec4c
split,splits/link_prediction/virtual_graph_study/chameleon_filtered/seed_44/test_pos.txt,20733,967207839c74884e973285c6b7546e4218f622cc3a62814b5a924c32ad49d021
split,splits/link_prediction/virtual_graph_study/chameleon_filtered/seed_44/train.edgelist,48133,22b49b0c2a073ce69772b97f7a481bd6e87008a3b58b33e88a44683a461f5da7
split,splits/link_prediction/virtual_graph_study/chameleon_filtered/seed_44/train_neg.txt,48101,fe60d8d784c4cbd0d2629189f6ab06366742bf7961909171b58efa492a7a4ccf
split,splits/link_prediction/virtual_graph_study/citeseer_linqs/seed_42/test_neg.txt,12213,422376ecf67e004e29f98c9de439456aa1f120991dc5fcab809edfe685dd06f7
split,splits/link_prediction/virtual_graph_study/citeseer_linqs/seed_42/test_pos.txt,11819,e07761983f06862c5527df6c459f60d1757d511f0566791a9a4bfc62c5733ebd
split,splits/link_prediction/virtual_graph_study/citeseer_linqs/seed_42/train.edgelist,28921,5c33396fbd599a3ff80c305a8fd4b5ad200ddac3426a26be54558ccfc0c94920
split,splits/link_prediction/virtual_graph_study/citeseer_linqs/seed_42/train_neg.txt,28683,9cefc7681595d1172ce031eff1238bc2dd2a5c330fd526272b38c53498f3a6d0
split,splits/link_prediction/virtual_graph_study/citeseer_linqs/seed_43/test_neg.txt,12242,0f85b492849343c0776df7a755565b9fa192754b102e517068a5c0778da0ded0
split,splits/link_prediction/virtual_graph_study/citeseer_linqs/seed_43/test_pos.txt,11822,304c180db11ef030ca194a68a6e67b3a84e22dec848ce80b21641b83d3b5ba82
split,splits/link_prediction/virtual_graph_study/citeseer_linqs/seed_43/train.edgelist,28918,a39c77dee06f28c05f74ca92d72f28af7135eed514ec2bc92d0b59a0a0eac125
split,splits/link_prediction/virtual_graph_study/citeseer_linqs/seed_43/train_neg.txt,28543,4a609ed2da1a8a9fbc2245e5857b637d9d4b9e546a6f0938a207f9cde9f63eb6
split,splits/link_prediction/virtual_graph_study/citeseer_linqs/seed_44/test_neg.txt,12278,e8c6145ad617caf0b08e3d1ab26f2eb760ef6fd965474c20087396c6deecbf48
split,splits/link_prediction/virtual_graph_study/citeseer_linqs/seed_44/test_pos.txt,11837,eead405921687c7e226d0f67fe2013b0436101a324d7e2933c72227d483206ca
split,splits/link_prediction/virtual_graph_study/citeseer_linqs/seed_44/train.edgelist,28903,dd16e8d3b43108e13c46adff2ef3f5b623d777999d2831c6a051490de91f1fee
split,splits/link_prediction/virtual_graph_study/citeseer_linqs/seed_44/train_neg.txt,28613,4f0840e3dfdcb98c516a2909fa9c723553873925b01a337bee81a19d2e8592b0
split,splits/link_prediction/virtual_graph_study/coauthor_cs/seed_42/test_neg.txt,264992,4d2ca355f8cc09938c2511ebe5b79961a5580ce412fb08e97fda7d76794f66c0
split,splits/link_prediction/virtual_graph_study/coauthor_cs/seed_42/test_pos.txt,267076,166718c3f4d451c78ebbcbcae4e8d7687f805131f7d36b875d6fc5176e0cb07f
split,splits/link_prediction/virtual_graph_study/coauthor_cs/seed_42/train.edgelist,617530,5b8fd04dd619f4a9ab357892096e62ddbee8a8b10bcce4ea763f0846e2e54ef0
split,splits/link_prediction/virtual_graph_study/coauthor_cs/seed_42/train_neg.txt,618775,8f7b6692999eeb37d71d5c50a31698188a209e61a25da50f3aa7146bf3106575
split,splits/link_prediction/virtual_graph_study/coauthor_cs/seed_43/test_neg.txt,265263,25c1b40e6b4514caf30f0bc336d667efb215dd8d75e5d7cd1e235882064f52d7
split,splits/link_prediction/virtual_graph_study/coauthor_cs/seed_43/test_pos.txt,267075,4792696f34a4c6d8d604aeef913c3126db00e5bc85aa2bcf3fe464c73001903a
split,splits/link_prediction/virtual_graph_study/coauthor_cs/seed_43/train.edgelist,617531,6aabc9b96340964ca2c245f70ea49512303767bcfb9622bc9cb382f281444af6
split,splits/link_prediction/virtual_graph_study/coauthor_cs/seed_43/train_neg.txt,618550,51840625e62021bcda0b483f0226fd369359fe195eaad0004e795fa8d2c8c6ca
split,splits/link_prediction/virtual_graph_study/coauthor_cs/seed_44/test_neg.txt,264927,0653178157cc6bc66cf5a18f4e71014951c9620031c73d6144ff1a8da7afaea2
split,splits/link_prediction/virtual_graph_study/coauthor_cs/seed_44/test_pos.txt,267161,0d3211a5ed0efbca19e1666961eb1b83f9d40405c1cc86804bde17664918816a
split,splits/link_prediction/virtual_graph_study/coauthor_cs/seed_44/train.edgelist,617445,f11416e957bd6e157c2c763955084bafacaf36fc9dfa7c21d711229cbf9f83b7
split,splits/link_prediction/virtual_graph_study/coauthor_cs/seed_44/train_neg.txt,618311,73e7d29474b623803476f0a6761a047e6d376abe2d7605a0d57ebbaecc23195c
split,splits/link_prediction/virtual_graph_study/coauthor_cs/seed_45/test_neg.txt,265267,1669af39216bea738c12612355bbdcd0f82bd2b979392e7bd7380c050ea4488c
split,splits/link_prediction/virtual_graph_study/coauthor_cs/seed_45/test_pos.txt,267091,aabea43c885a3c571ad88f4e7c129d1c09d03d04577695e9343a6934bff36fff
split,splits/link_prediction/virtual_graph_study/coauthor_cs/seed_45/train.edgelist,617515,ea8f1fd893f654d97434756b5d3a83168c2a04227dd975506a8f3a4775a52a99
split,splits/link_prediction/virtual_graph_study/coauthor_cs/seed_45/train_neg.txt,618607,7f3371ea06cf1c2fa3bbbf0be56fb8dce87cc9bcf4a25661051a65578621dc72
split,splits/link_prediction/virtual_graph_study/coauthor_cs/seed_46/test_neg.txt,265028,1fd85541a0fc7e4111e4e0e71b7cbd12409e2616a4791a365d0e0966d8a4984c
split,splits/link_prediction/virtual_graph_study/coauthor_cs/seed_46/test_pos.txt,267077,3ead354ef42da85bd13ec95c8207a967affb302cc1f85f65ae575da2127196ae
split,splits/link_prediction/virtual_graph_study/coauthor_cs/seed_46/train.edgelist,617529,3ca78003847bdac593f306d85c794a44431423a41056698d2e2866f805620ada
split,splits/link_prediction/virtual_graph_study/coauthor_cs/seed_46/train_neg.txt,618365,d4248e390a2d440ce39a9017abbf7fe3225d74da2eb3f83d9ac6ec7868c0ae7e
split,splits/link_prediction/virtual_graph_study/coauthor_cs/seed_47/test_neg.txt,264813,29ecc448c3600a7ea42b4851cc06d1a7d061dfdc3fb4972f3d038ce90a1e441a
split,splits/link_prediction/virtual_graph_study/coauthor_cs/seed_47/test_pos.txt,267162,c792be99dd05991d6cd2c930a22478080db3cc21b6ce1dd31bab2ca8636e9c50
split,splits/link_prediction/virtual_graph_study/coauthor_cs/seed_47/train.edgelist,617444,08b5d5263252bf31f678fd3a2f97075d365d972258fc48420cd65c067b92f0b7
split,splits/link_prediction/virtual_graph_study/coauthor_cs/seed_47/train_neg.txt,618842,a9f4f87a1c2e485ebae665b232e88bd7b76961594bcf2e7e2e4460c854156786
split,splits/link_prediction/virtual_graph_study/coauthor_physics/seed_42/test_neg.txt,845030,59070a3ee3acddb5c7291f4cb9a92fa8793e616b700928ce0daca77618381199
split,splits/link_prediction/virtual_graph_study/coauthor_physics/seed_42/test_pos.txt,848307,a1826460614b6979f4abbd23115dd0abe7898025ee30ee4c6acc18d9c60f5dd2
split,splits/link_prediction/virtual_graph_study/coauthor_physics/seed_42/train.edgelist,1970099,b35a2400418395caca222be0b2c85ec41e8f2936a27e0735b2cf5b0ee211f884
split,splits/link_prediction/virtual_graph_study/coauthor_physics/seed_42/train_neg.txt,1971244,aea9007b5fecd86261ac99c03efc31755bb28790a2a43759b4176d12547dd9f2
split,splits/link_prediction/virtual_graph_study/coauthor_physics/seed_43/test_neg.txt,844844,8d649c644325afcbc8e884f6ab338c344f8b45a2ca177fb8c93248b245dcd4a9
split,splits/link_prediction/virtual_graph_study/coauthor_physics/seed_43/test_pos.txt,847999,2c7a5c84386f1291fa9f8c692ca53840824e9f9c8891b7ceec9f640b11f4344d
split,splits/link_prediction/virtual_graph_study/coauthor_physics/seed_43/train.edgelist,1970407,e8dd8b428262a16f8a5cd6b4a14ef02c86e93f6ea7dfd995c55c079614fb3b2a
split,splits/link_prediction/virtual_graph_study/coauthor_physics/seed_43/train_neg.txt,1971066,55031f0fdde727676d9b3dbd2818568b29b1854907dbe84e73ae47395bbef0ca
split,splits/link_prediction/virtual_graph_study/coauthor_physics/seed_44/test_neg.txt,844799,1222b51b42118b14140a9c7a68f15eba75ffb3d096f581af14e4d78eb2ca4f6e
split,splits/link_prediction/virtual_graph_study/coauthor_physics/seed_44/test_pos.txt,848106,18919ccb2d9f08f89da5142038686177d0eb64515c6cab1af223a53b1ab967bd
split,splits/link_prediction/virtual_graph_study/coauthor_physics/seed_44/train.edgelist,1970300,5a5944a696ef3b7a378d096f673f9a69183e6fb9028f4d7619b6d93195209ebf
split,splits/link_prediction/virtual_graph_study/coauthor_physics/seed_44/train_neg.txt,1970788,8b08f82bc611a2c4d98ca68873b2c4769b3131ee44eb8dc2a6a025e72e434f31
split,splits/link_prediction/virtual_graph_study/coauthor_physics/seed_45/test_neg.txt,844784,e7a43e9e521d4c4bc5b7a9d85c34a419466c9846d3701d177e5b8eeed71a0e8b
split,splits/link_prediction/virtual_graph_study/coauthor_physics/seed_45/test_pos.txt,848032,2a401536bdc107d4580852d9884b5c7f20e960af9ecf8ff6a3a189dc0ecb66bc
split,splits/link_prediction/virtual_graph_study/coauthor_physics/seed_45/train.edgelist,1970374,025e12fed1d4a10a8bfda36889aa935d658c4bedeb17b5230fd826b9cb04e619
split,splits/link_prediction/virtual_graph_study/coauthor_physics/seed_45/train_neg.txt,1971113,e526c13c28412148eb6546a9966f23ca7be4b5f02f539b34569ea2ede4c370f3
split,splits/link_prediction/virtual_graph_study/coauthor_physics/seed_46/test_neg.txt,844437,d37c3c8cabdd8d6fe10f99716ecca58ac262e1b64ccdd4ebe5a6a2a3b94c43b6
split,splits/link_prediction/virtual_graph_study/coauthor_physics/seed_46/test_pos.txt,848342,1de3f5086d25c4fa170341a493c6bf17c3659bdb7f4278ae83ad7483a40c4bee
split,splits/link_prediction/virtual_graph_study/coauthor_physics/seed_46/train.edgelist,1970064,e0d1217f8d87eb6c7aedf16d144dda84ef1c17e1894b2643308283f989783747
split,splits/link_prediction/virtual_graph_study/coauthor_physics/seed_46/train_neg.txt,1970840,e9b17beec18cba9d329dd7622ef2636d377fa51beaa3a3538118215789272e80
split,splits/link_prediction/virtual_graph_study/coauthor_physics/seed_47/test_neg.txt,844799,29bb03398ab27f0d0a7e6ad540f39cf2edd1340ce84ab74d5b9ace6ef3d00ef9
split,splits/link_prediction/virtual_graph_study/coauthor_physics/seed_47/test_pos.txt,848565,8742eee784ddb025bb76e50dd8db5195f801dc1aaf60a7e28090c0a701c25823
split,splits/link_prediction/virtual_graph_study/coauthor_physics/seed_47/train.edgelist,1969841,f1b7b5c13dc1ed364c73a852a7a7030bc243a5b184920eca033dd75a09ce010f
split,splits/link_prediction/virtual_graph_study/coauthor_physics/seed_47/train_neg.txt,1971301,a6f7bdd1edae2c80a1cd1c9dab0b97588770aa01043cf2c064ad2497bbe128dc
split,splits/link_prediction/virtual_graph_study/cora/seed_42/test_neg.txt,14441,50e7fc0291992f0e3d8383161a0caf65afaada7bc749d47b6ab6e3bfe38c2c25
split,splits/link_prediction/virtual_graph_study/cora/seed_42/test_pos.txt,14473,5d06aa2cc374549ae5fe03793a320910d2bcf9d1b1bdb65644662bab83e19d61
split,splits/link_prediction/virtual_graph_study/cora/seed_42/train.edgelist,33022,77d37dcd6be836660b1e691a2bb7d6afd99b265bba278f3bffe2be1c885b75f5
split,splits/link_prediction/virtual_graph_study/cora/seed_42/train_neg.txt,33906,8b2aacafce8ba4a97a4cdd9dfdbc4572d5e9a0fbb4889755df55f3824762bc2c
split,splits/link_prediction/virtual_graph_study/cora/seed_43/test_neg.txt,14448,fdad8993dfdebdd13780722e7da1ca80beaaf76af099cdcffff55244bb5af6f7
split,splits/link_prediction/virtual_graph_study/cora/seed_43/test_pos.txt,14460,e58039fb7612245e5c343c4a4e65c46fab3c79bdd179afba92b7a5f488bee85e
split,splits/link_prediction/virtual_graph_study/cora/seed_43/train.edgelist,33035,e8724d00157cce7dc367485633e728168bd1751d985e43277d3b717e19b4c205
split,splits/link_prediction/virtual_graph_study/cora/seed_43/train_neg.txt,33815,ea0ec1f4be7841da6b311b869a6a3810e3873636263d6a7717c95628dc783d0f
split,splits/link_prediction/virtual_graph_study/cora/seed_44/test_neg.txt,14510,4305bb03fec1b28728ae0cfdb737ef56fadc85f173a53ba43e88f0f721544097
split,splits/link_prediction/virtual_graph_study/cora/seed_44/test_pos.txt,14441,dae08d411216e4f9a1d74f9f7be406a242da7a6abadff6c2856da6db08f6ea70
split,splits/link_prediction/virtual_graph_study/cora/seed_44/train.edgelist,33054,6c2cd4f893ee3909ad58e23a2679e6bbbe8bd60cc180888bd1f3895122182c61
split,splits/link_prediction/virtual_graph_study/cora/seed_44/train_neg.txt,33872,b3e92c9137693fe22086d1046c4780a7db3d601842696b03159fa02800704b97
split,splits/link_prediction/virtual_graph_study/cora_full/seed_42/test_neg.txt,206618,6a16ab9e02ef2defaa193d8e8af2e8fb50ca56fc467bba24e19fa3c4ed870173
split,splits/link_prediction/virtual_graph_study/cora_full/seed_42/test_pos.txt,205561,ad1f7d6f268369f0e2321ecebeb9a88967dad6284da3d856c7edf84a1197a02b
split,splits/link_prediction/virtual_graph_study/cora_full/seed_42/train.edgelist,479048,093378805f7727664163941776f970861c54f8233f607159ccb1f90b5b816850
split,splits/link_prediction/virtual_graph_study/cora_full/seed_42/train_neg.txt,482148,563aa753a24f1edc0c3622da81ddbb642ce5e9aaa4413f04b4e9c2c8d1d9aad7
split,splits/link_prediction/virtual_graph_study/cora_full/seed_43/test_neg.txt,206618,e6710e028ab42cbd97b156aa18811d879cea9aa412581535a9abc0b6388720a4
split,splits/link_prediction/virtual_graph_study/cora_full/seed_43/test_pos.txt,205515,35c81f4fecaf6a55cbc17f94c305350d9c005d707b01604e2134c23a25f3f2cf
split,splits/link_prediction/virtual_graph_study/cora_full/seed_43/train.edgelist,479094,f206e7328e9eef01bfbb009073b89226c1eee3604ba41b5d19e2d6f649b23743
split,splits/link_prediction/virtual_graph_study/cora_full/seed_43/train_neg.txt,482099,c3a461f9399a92447a1cae274bcdd9d4ce5dd53b14dbbd3f8889ac7037496a33
split,splits/link_prediction/virtual_graph_study/cora_full/seed_44/test_neg.txt,206660,bbbb3837d47bd425a21d645a2752f33589e2ca0e091fdf9118243f35356c9dec
split,splits/link_prediction/virtual_graph_study/cora_full/seed_44/test_pos.txt,205561,e12a1725f26318bbd9f11807ebe25b6f8ccf9c34c72778b5abd2c420d09cb33d
split,splits/link_prediction/virtual_graph_study/cora_full/seed_44/train.edgelist,479048,5071270166a20339ea00d1f0c0976f9f26853b1982ebd6a2ea2a4a5121969ac3
split,splits/link_prediction/virtual_graph_study/cora_full/seed_44/train_neg.txt,481709,2f8da9317d938b1279bb1cb6576659ff5cb34ee8fb120e8f34159a722490f31c
split,splits/link_prediction/virtual_graph_study/cora_ml/seed_42/test_neg.txt,22615,ff144a3d471b3808181f3d0936360b7cc17be894e95ac75480d1be326596f556
split,splits/link_prediction/virtual_graph_study/cora_ml/seed_42/test_pos.txt,22278,107abb805f546c9debee4b7c5e75c9684a4edb34bb4b2b0d261f2aa7be550c39
split,splits/link_prediction/virtual_graph_study/cora_ml/seed_42/train.edgelist,52268,016de0d66582025f8f1461f3aa64ea6760c4b214b784dbb588d28f4282a3b4c0
split,splits/link_prediction/virtual_graph_study/cora_ml/seed_42/train_neg.txt,52793,109105876f96ac5f0605298197a40b8b4b836b745f7a2789b1a32f448b3e290f
split,splits/link_prediction/virtual_graph_study/cora_ml/seed_43/test_neg.txt,22651,a7fdd17dddc2488e30d68c91e8efdb925a77e5a601e156ce513442c7da07c569
split,splits/link_prediction/virtual_graph_study/cora_ml/seed_43/test_pos.txt,22295,ca78a49018de787ec0b8eee4a768f859a5904342010fba9675ff6746ffa061df
split,splits/link_prediction/virtual_graph_study/cora_ml/seed_43/train.edgelist,52251,9c97d0e979fd679af6cce233973ef7959ca543d0aa8fc89eba0484bff37b83ec
split,splits/link_prediction/virtual_graph_study/cora_ml/seed_43/train_neg.txt,52687,8cc9ea8be4e0205787fac68e6181200aa218f2494d0386065d7276a7dc3c2414
split,splits/link_prediction/virtual_graph_study/cora_ml/seed_44/test_neg.txt,22535,0d796222f540680620683c6f7f17a0cd675fb6a4902c5e4c81e98b50e0f61559
split,splits/link_prediction/virtual_graph_study/cora_ml/seed_44/test_pos.txt,22321,a4e8b36dcb3a0012d84646a59a50f9f47d082ef489467a86479adb033e158ed2
split,splits/link_prediction/virtual_graph_study/cora_ml/seed_44/train.edgelist,52225,55a7d0a1096699fd6af0bc527773d0baf6df551ac60a30229dd9b7dddef83127
split,splits/link_prediction/virtual_graph_study/cora_ml/seed_44/train_neg.txt,52796,6d9cd9f0c59d0e7d76967445937403f67a4a1a54e3ed63c8fd1a99eb123f003f
split,splits/link_prediction/virtual_graph_study/cora_ml/seed_45/test_neg.txt,22600,69b5e2f11df679bbec34576d063de6a26b5c565c1db87dfca85bb78317c249b8
split,splits/link_prediction/virtual_graph_study/cora_ml/seed_45/test_pos.txt,22326,b7833844eaf4a34e365f8dec5cb3b1d349c9cb0540f3b38c0020997bdb7cefda
split,splits/link_prediction/virtual_graph_study/cora_ml/seed_45/train.edgelist,52220,4cc1582982bdc491d4d46678454b3650cf478e18aa1b69c180afd13a13a6e3f9
split,splits/link_prediction/virtual_graph_study/cora_ml/seed_45/train_neg.txt,52719,7684b52481b54547caae6fedcd0151ea8293a82f099582bb43d2430b907f32e6
split,splits/link_prediction/virtual_graph_study/cora_ml/seed_46/test_neg.txt,22624,552a9841c79f10957d13efdd0d81693f9c6967f580b0eb22f9df09547e7fccd7
split,splits/link_prediction/virtual_graph_study/cora_ml/seed_46/test_pos.txt,22314,6d0524bc88d2cc55c9f96555ba455744d2be0041a7227adaf72eee8df640d420
split,splits/link_prediction/virtual_graph_study/cora_ml/seed_46/train.edgelist,52232,4cbb3f7fcf0280190f6418437a4ab09101f90ad7a375899c0608336cc694d562
split,splits/link_prediction/virtual_graph_study/cora_ml/seed_46/train_neg.txt,52688,bf4107b540085e9c7cbe71f51ab8724cfefd1412f0ba1622eec12a3f5604f508
split,splits/link_prediction/virtual_graph_study/cora_ml/seed_47/test_neg.txt,22660,bab1014549a086866738549e334f558d8c6a4d1ec11d9a32e7e93b4fbe842cd7
split,splits/link_prediction/virtual_graph_study/cora_ml/seed_47/test_pos.txt,22220,cbd3fc0b73c1c455c8b7c92585b00bb3ef624ce8079673591b124b60b6b14ca6
split,splits/link_prediction/virtual_graph_study/cora_ml/seed_47/train.edgelist,52326,757d36d40c6debbca8b14f4102fedadc68afb39e6825ca0d5eaff268666f5bfe
split,splits/link_prediction/virtual_graph_study/cora_ml/seed_47/train_neg.txt,52803,34d6093e807b8242a27f48669b7846288c3ce14eb813ce48af1d15282344bdb3
split,splits/link_prediction/virtual_graph_study/cornell5/seed_42/test_neg.txt,2563727,20603893c06c7de01e69e5e64645f98c15fb207557b2905af5b9463611be26fc
split,splits/link_prediction/virtual_graph_study/cornell5/seed_42/test_pos.txt,2565025,8ab77223b2c1d1a391e0f42b0b77f854bd08f4cecf5c3049d34b324294bfde70
split,splits/link_prediction/virtual_graph_study/cornell5/seed_42/train.edgelist,5983165,029d78ed91befb068133fbec2a2f151ee2a60937a5a43e771480e88089cbd021
split,splits/link_prediction/virtual_graph_study/cornell5/seed_42/train_neg.txt,5985059,47b5f66340868bac292ea7028e6634fcc7b929b75cc35b44945138fc5c940597
split,splits/link_prediction/virtual_graph_study/cornell5/seed_43/test_neg.txt,2564725,2383e4c8c96c1fe487fc05083f6a9bccf6348f13135154ec092c5d91df1f6500
split,splits/link_prediction/virtual_graph_study/cornell5/seed_43/test_pos.txt,2565326,36d85da942dab9366d1633d1f0a43d3eedaeedf25afc7aa531cb2c85beb01866
split,splits/link_prediction/virtual_graph_study/cornell5/seed_43/train.edgelist,5982864,bbb45411073ded4f0faca710f72c9ac91764576e6582ff4317b45c812e6fbe23
split,splits/link_prediction/virtual_graph_study/cornell5/seed_43/train_neg.txt,5982882,ba3654f855c36f76b85fb3649fe6fa28b04ce464eca4dd9b528be75862abc261
split,splits/link_prediction/virtual_graph_study/cornell5/seed_44/test_neg.txt,2564477,2e3d1695e8bfe9bd0883877f81f815302f3a22cdef03e1e264322c7293884743
split,splits/link_prediction/virtual_graph_study/cornell5/seed_44/test_pos.txt,2565311,f385ee9da227a89f84e331449a6f59c81067710504697559e7d7f5e53868d46d
split,splits/link_prediction/virtual_graph_study/cornell5/seed_44/train.edgelist,5982879,e928b94161703a6bd524ae6dd2c4da3f9fd60704fca9da981db9a930e44bd786
split,splits/link_prediction/virtual_graph_study/cornell5/seed_44/train_neg.txt,5982826,b3670121ec0ec17c72003b6c5c0e3571558ebfa777c485d11331b95e54eb8494
split,splits/link_prediction/virtual_graph_study/cornell_webkb/seed_42/test_neg.txt,556,aeac9b1894d422f7d7444e44ca1f11e0afd5debbd200c514b6e41d31a3d0a7c7
split,splits/link_prediction/virtual_graph_study/cornell_webkb/seed_42/test_pos.txt,567,315a5f832a35aff8b6114476d84d1d6f93ee315a7a2dbdef629e57f81760f7bb
split,splits/link_prediction/virtual_graph_study/cornell_webkb/seed_42/train.edgelist,1264,bff4fa72c0739c54a1c5724864d7976806e1493e267f3babc607fa729d910784
split,splits/link_prediction/virtual_graph_study/cornell_webkb/seed_42/train_neg.txt,1334,f54d23ae19d2a6dde170a633cf46c1ff29421bad667167ba17fd761e7b9c6049
split,splits/link_prediction/virtual_graph_study/cornell_webkb/seed_43/test_neg.txt,569,e027654a9ab9a3a511d04c697e1f78de0f26cf1950f8ed9afc47c64fac126642
split,splits/link_prediction/virtual_graph_study/cornell_webkb/seed_43/test_pos.txt,569,9c5c86b68eb00abef8ffc377a814da2721d139bf44adcb6e493d5935ae6c9d1e
split,splits/link_prediction/virtual_graph_study/cornell_webkb/seed_43/train.edgelist,1262,856e851f0e7f75ac2ad495f6c28d0f46ced0ea929d67696e02c9ff573110915b
split,splits/link_prediction/virtual_graph_study/cornell_webkb/seed_43/train_neg.txt,1311,75823d33f09eb448f7ffea6d94374384ce59c95bb17de57f5a18bb5e211d02c0
split,splits/link_prediction/virtual_graph_study/cornell_webkb/seed_44/test_neg.txt,568,97d0f6425534848c62f37352ca71510ddbaaee7db98d1cde9ce92df1364cf2e2
split,splits/link_prediction/virtual_graph_study/cornell_webkb/seed_44/test_pos.txt,564,76c4acc0e5bdad29742dc23f3f8d74732b6ea10ddcc029290ba722d3abd0a73c
split,splits/link_prediction/virtual_graph_study/cornell_webkb/seed_44/train.edgelist,1267,dd3b5073d57de1af3c9ef70b5959957dc9b24c919664474eb1aed7ec926c40bb
split,splits/link_prediction/virtual_graph_study/cornell_webkb/seed_44/train_neg.txt,1312,3789dcf2dee56b687ab23883856ecd8a6d4387c4cd0b479834000933164cd9c3
split,splits/link_prediction/virtual_graph_study/crocodile/seed_42/test_neg.txt,517060,096525a4dc4c6827cef147408d10cf9f2220ebb448e264d5d1c74c0d82169677
split,splits/link_prediction/virtual_graph_study/crocodile/seed_42/test_pos.txt,532416,4e7b61d0dcdf4b66cdc5857be4b2758b3ae14b749feeca0e49faba1fba7468c7
split,splits/link_prediction/virtual_graph_study/crocodile/seed_42/train.edgelist,1244046,0e7f67aa75c17238a5325831d85a3d2ac996c8d3b0f73e1c8b74b1d83f9a4ae6
split,splits/link_prediction/virtual_graph_study/crocodile/seed_42/train_neg.txt,1206137,fd2bbae8033e7ad22bcacb73196ece042dfbfcbef59b4874a3b3f9d5ec1702ff
split,splits/link_prediction/virtual_graph_study/crocodile/seed_43/test_neg.txt,517035,947d9a32fa3293d772a9cd2f31cdaab1cd9fe51c75f3e5abc1645879de7abc23
split,splits/link_prediction/virtual_graph_study/crocodile/seed_43/test_pos.txt,532607,c449f14009ea13ecf581a5835c2e734c3b2b32e045979ec9354216ef30d08e89
split,splits/link_prediction/virtual_graph_study/crocodile/seed_43/train.edgelist,1243855,7aa4630b7110d84eb28f2a9becce436207b6707a44289cc0249af66099baeca1
split,splits/link_prediction/virtual_graph_study/crocodile/seed_43/train_neg.txt,1205822,d104f41ce0e40146a74590bb453ae82a62264dfeaf24a9e03e9684cc533f6d75
split,splits/link_prediction/virtual_graph_study/crocodile/seed_44/test_neg.txt,516741,f4431af71ebf1ca2db0c2ec81912e869d988634c1927d8b06eaa853c9c1de478
split,splits/link_prediction/virtual_graph_study/crocodile/seed_44/test_pos.txt,532489,06060839478435ce3042b0049a33502d4312bc48606c33f46f0a0845bf51000b
split,splits/link_prediction/virtual_graph_study/crocodile/seed_44/train.edgelist,1243973,d29b667e8352719978adc2d8d426a05d355de4431732e93843c00ea7f5933749
split,splits/link_prediction/virtual_graph_study/crocodile/seed_44/train_neg.txt,1205706,9f9205e839613307bb16204b552f7abb24bb01d4be677ed533b8c6fac6b21a3a
split,splits/link_prediction/virtual_graph_study/dblp/seed_42/test_neg.txt,169095,107a095bcee1af7848a8a49c6a15ace5aa838d9747ddcc3c19c18f49b594e23b
split,splits/link_prediction/virtual_graph_study/dblp/seed_42/test_pos.txt,157765,19eb28b9517931b59790675775ef6b0adaa47c863307da57f23fec0f51b06827
split,splits/link_prediction/virtual_graph_study/dblp/seed_42/train.edgelist,375117,028167d00f6335f40ef66c615e1667b3d0c27cc62c418436af8aa1936f0669f5
split,splits/link_prediction/virtual_graph_study/dblp/seed_42/train_neg.txt,394474,b5f209b66025ff6669d710e7ebd2f78ec8e620f7ec3c3b66f9a6b1202530df26
split,splits/link_prediction/virtual_graph_study/dblp/seed_43/test_neg.txt,169015,23c492da667e5b6491f4a5e035a5e3ce0ab6a55af88350d6360ada7a66171698
split,splits/link_prediction/virtual_graph_study/dblp/seed_43/test_pos.txt,157777,dfbb885bb9fad867a99b9bb836a9acd444a63ad7f4e191ec01c54bd106aa7d48
split,splits/link_prediction/virtual_graph_study/dblp/seed_43/train.edgelist,375105,5bada7014fb7e18ab526e40708da8ff2bd4486f912d614071acf27545a0a4628
split,splits/link_prediction/virtual_graph_study/dblp/seed_43/train_neg.txt,394425,68c156ec9f7698e0ebc9e1c17de5e7d98463ac127f1303f3be2e5539a99cef4e
split,splits/link_prediction/virtual_graph_study/dblp/seed_44/test_neg.txt,168899,c00ad48211066761c648c63538d6787214ff7c259f5f5e6066c6bcfcba0481a0
split,splits/link_prediction/virtual_graph_study/dblp/seed_44/test_pos.txt,157902,7632357892c6845bb9134516663a61c44cacf7607ed7ce91bd81a47c6d7364b3
split,splits/link_prediction/virtual_graph_study/dblp/seed_44/train.edgelist,374980,891dfb761cfdd7228eb46f703e67d1af64f63993bd0724a603a2901688ab20ee
split,splits/link_prediction/virtual_graph_study/dblp/seed_44/train_neg.txt,394372,0462a307a1ea1755add99a0671531ad83e93af8470511e58046118fad20fce24
split,splits/link_prediction/virtual_graph_study/dblp/seed_45/test_neg.txt,168746,9b33a4292475e0c91053a1436d3b06143a2881659d90198469bea1e1a931499b
split,splits/link_prediction/virtual_graph_study/dblp/seed_45/test_pos.txt,157643,88e031ab7a203a6066195a5e0ece642334f27131803e0619458560460290b97f
split,splits/link_prediction/virtual_graph_study/dblp/seed_45/train.edgelist,375239,b2266b04b024ff3bd6157bb73cdc96debaf0bc27d7db0c7efcc61f68e1950267
split,splits/link_prediction/virtual_graph_study/dblp/seed_45/train_neg.txt,394334,1938e188fca787f957c670e11047ef0ae4e33e71ea6c9c9feefc790dbf9b1057
split,splits/link_prediction/virtual_graph_study/dblp/seed_46/test_neg.txt,169081,9fac7768be51770a3998b00a6810837caab3ffe18d9e59c63b601e00eb15fb2f
split,splits/link_prediction/virtual_graph_study/dblp/seed_46/test_pos.txt,157887,f51f4ecee9e876b2b3f029c533348a759c20841f35e677fdb10ea031df7a753c
split,splits/link_prediction/virtual_graph_study/dblp/seed_46/train.edgelist,374995,a1a663f8e824f4cd524ee5c1119dd836fdff3cd9ac08ecc790c31ae6ababd985
split,splits/link_prediction/virtual_graph_study/dblp/seed_46/train_neg.txt,394557,cc0534ad0ec269d32c87928328287f28f7b4c1bc458af309c57add07151e35e6
split,splits/link_prediction/virtual_graph_study/dblp/seed_47/test_neg.txt,168939,57d82bab77e68615d798506af6b889fa19ed11f9602d29d2ead68f291a738479
split,splits/link_prediction/virtual_graph_study/dblp/seed_47/test_pos.txt,157830,cb3cb415c874a3c997a4d724b60e1b049c1584fb140a39c4a8d4cce8adbd1755
split,splits/link_prediction/virtual_graph_study/dblp/seed_47/train.edgelist,375052,6a328074b4f5b5596f805bc033955228886bec5920f5ed3fba303f9836b548ad
split,splits/link_prediction/virtual_graph_study/dblp/seed_47/train_neg.txt,394427,00fa6f042b31e05a5c847215a060066ca6d66ba04bc9664872811ef589eb83e7
split,splits/link_prediction/virtual_graph_study/deezer_europe/seed_42/test_neg.txt,312079,5d7a39977589c818f2dbb62cd7f7015187e97590ac444853d03be641196420e4
split,splits/link_prediction/virtual_graph_study/deezer_europe/seed_42/test_pos.txt,312429,efa138384d4db0ee29ad721b1ec946b8838c4cf4af5060f28e30ee3a73d9de2f
split,splits/link_prediction/virtual_graph_study/deezer_europe/seed_42/train.edgelist,724233,e3da174c5977c852e9d654f93b727b09e7f634243a64f99e9f8890f35c68f674
split,splits/link_prediction/virtual_graph_study/deezer_europe/seed_42/train_neg.txt,728266,ae47e15e50b4cc241a0b3b8aa2018be1fc445b1a3b509cead085d7a16e1cab92
split,splits/link_prediction/virtual_graph_study/deezer_europe/seed_43/test_neg.txt,312146,fb19f671fc277f4a9123e99fad90e64612167b9c59e8e94ec66e41b8347348ca
split,splits/link_prediction/virtual_graph_study/deezer_europe/seed_43/test_pos.txt,312651,bdaebfc04ae8c9aef4a60e3a8e673adad2fdbafd5bf5a312128e5e6490a85911
split,splits/link_prediction/virtual_graph_study/deezer_europe/seed_43/train.edgelist,724011,a62908aad727554bd4d7500e6156885ec75332236892fde098b0f88461fc50c2
split,splits/link_prediction/virtual_graph_study/deezer_europe/seed_43/train_neg.txt,728140,be9973fe10d3e287aa41a9c372c270949abfd7b3ab73b66af371d7a83ce81853
split,splits/link_prediction/virtual_graph_study/deezer_europe/seed_44/test_neg.txt,312092,9085be91b09db4a98eb987ae50492d121c5e87456c61d6e50fcd561b28f7baad
split,splits/link_prediction/virtual_graph_study/deezer_europe/seed_44/test_pos.txt,312595,70e715efc262e2afa018cb02271b93c2ea964a24a69deb1a95c054de064866fc
split,splits/link_prediction/virtual_graph_study/deezer_europe/seed_44/train.edgelist,724067,50fbea806b7b8dfd18d128e96741cbe7fee79ba5ec518641c562cd46b1285b78
split,splits/link_prediction/virtual_graph_study/deezer_europe/seed_44/train_neg.txt,728109,d1a49c57a4de897ada22f9b6efbfad2647609047b18918db7968ffaea6ffc4fd
split,splits/link_prediction/virtual_graph_study/email_eu_core/seed_42/test_neg.txt,37671,9956155d76b675b67b5b93afed7a2aa0ea3952b5aae90b5a9c38a85770f852ca
split,splits/link_prediction/virtual_graph_study/email_eu_core/seed_42/test_pos.txt,36554,84922a9e38efc86dc68f35c15cd54bc583905696c2e95c2ba9a9a7651f78c368
split,splits/link_prediction/virtual_graph_study/email_eu_core/seed_42/train.edgelist,84711,da6aeaaa5731353b1303d1ae03efec547e24e82557100442afc765878f8969dd
split,splits/link_prediction/virtual_graph_study/email_eu_core/seed_42/train_neg.txt,87687,2944ea4859018ab3474f481703783580efc58bb04366a5057c194a112dceccd6
split,splits/link_prediction/virtual_graph_study/email_eu_core/seed_43/test_neg.txt,37585,f8db916612851ec254e200c31f2299a33732c20879300f2f4d61d3f50f43e706
split,splits/link_prediction/virtual_graph_study/email_eu_core/seed_43/test_pos.txt,36454,453a60e5ff9b825440b738994924be9793a6ac8cb96f1948576c9bf8b4cd5fb2
split,splits/link_prediction/virtual_graph_study/email_eu_core/seed_43/train.edgelist,84811,d36264c28d36e252dbd07473d428db0c1e3bedde608b492e9f9cc0f55f4d2f79
split,splits/link_prediction/virtual_graph_study/email_eu_core/seed_43/train_neg.txt,87611,e3dbd7f32aa449fbdfa49e4ba3bc0be231591c6d3b9e09e8385a4a74d5ab61b5
split,splits/link_prediction/virtual_graph_study/email_eu_core/seed_44/test_neg.txt,37611,a0872ac8cf5e9345ff17d68981bb802b4e8d1dccde65ddfb6c32393c19393e2b
split,splits/link_prediction/virtual_graph_study/email_eu_core/seed_44/test_pos.txt,36615,48a01779d399e283f2e176493d2358525f72d1300d578cef809e44f35f80dfc4
split,splits/link_prediction/virtual_graph_study/email_eu_core/seed_44/train.edgelist,84650,b701b4d39b6bcb4627295ae5f651c96ca5ae352cbcc949c46d6c1a2b3fe3a16b
split,splits/link_prediction/virtual_graph_study/email_eu_core/seed_44/train_neg.txt,87650,9501cadedd1e20974728c4dc0146238313285d83ccf0877e65bc11b0efd69400
split,splits/link_prediction/virtual_graph_study/email_eu_core/seed_45/test_neg.txt,37564,7de34d8cc2582316379ce63752c1856225e5dd8018beba7f524dfac683b967fa
split,splits/link_prediction/virtual_graph_study/email_eu_core/seed_45/test_pos.txt,36529,8c76c10167629fdbb603dd2ec6647b50e381dbb4815b0686c8fc729c21b993f2
split,splits/link_prediction/virtual_graph_study/email_eu_core/seed_45/train.edgelist,84736,d90938fd59349360b29c36438680f6f99a4fcb0da8b17d69716c2610246f476a
split,splits/link_prediction/virtual_graph_study/email_eu_core/seed_45/train_neg.txt,87671,c4c06ed0b0a63b485728cf6e6ee7f170b8de0a18267ec5a39e25fb3b93b74673
split,splits/link_prediction/virtual_graph_study/email_eu_core/seed_46/test_neg.txt,37541,2b5074170815b243061846a4b3b2166f144e5ee5caec5dd427dce5ec7c8537c0
split,splits/link_prediction/virtual_graph_study/email_eu_core/seed_46/test_pos.txt,36456,a8611d936d8593ce79c89c2f96e65c2af83ea9968c4a96f7a8154901cf7e8946
split,splits/link_prediction/virtual_graph_study/email_eu_core/seed_46/train.edgelist,84809,a28896ba95efa72a61f923447ef78d5c249523510b628eadeadb0680ad206646
split,splits/link_prediction/virtual_graph_study/email_eu_core/seed_46/train_neg.txt,87666,9d5a4e42b28ce4b8f4cb451b05839b598e1e4fa00da13220cb8a2cdec6e9041b
split,splits/link_prediction/virtual_graph_study/email_eu_core/seed_47/test_neg.txt,37565,8f611dafa801fdcad0bb52ee3aa0468eea8e32b28855c845aae95a626c232538
split,splits/link_prediction/virtual_graph_study/email_eu_core/seed_47/test_pos.txt,36543,258c9f485e64942fa9bb873a627070e6488d04c83e5083ae3d7db6b3f3c17769
split,splits/link_prediction/virtual_graph_study/email_eu_core/seed_47/train.edgelist,84722,0e375ed0aa5b06ec3b5f0048baa89719baa1bd3539b03a5e7214450c4d83cd78
split,splits/link_prediction/virtual_graph_study/email_eu_core/seed_47/train_neg.txt,87673,717c361fe3c7b97768f7825a728a687985dc81963481e90ba3fb24b4bd18f8f3
split,splits/link_prediction/virtual_graph_study/enzymes/seed_42/test_neg.txt,120738,37c48a1b840b4ab67a96b9ab78b5b5ee555c20e27818fe7b2d0160561f90c912
split,splits/link_prediction/virtual_graph_study/enzymes/seed_42/test_pos.txt,121474,37805f6224a2416953ec8751785c9cde40efd3730031cdbfbd8bf7c1370741ee
split,splits/link_prediction/virtual_graph_study/enzymes/seed_42/train.edgelist,283806,dce9bd6d2e872eca61b9eafdf8a252133b79dfe9afc9976759692899095fa208
split,splits/link_prediction/virtual_graph_study/enzymes/seed_42/train_neg.txt,281593,5f8b5c3986acb4f7bdaaea2ab39e7af6d0669ddd52c95931151d57d7e323b254
split,splits/link_prediction/virtual_graph_study/enzymes/seed_43/test_neg.txt,120655,6565c0a61a5e895483ae32dd44386eff59089b5be8d5f5113ccffa9ac2c4270e
split,splits/link_prediction/virtual_graph_study/enzymes/seed_43/test_pos.txt,121490,060f5e53819c9c28b7b38072106ea96adfc84cdcc01a9372ea5f1252ca30e40f
split,splits/link_prediction/virtual_graph_study/enzymes/seed_43/train.edgelist,283790,818ddb4b3e41b954cb4ec4a2e563872e8ab16c892adc2287e2d4e38c55a3bcc1
split,splits/link_prediction/virtual_graph_study/enzymes/seed_43/train_neg.txt,281698,6f18ab27c6bdf90725dda7ae10948c34cb1b528d32a153c1d38e7ea8c5c304a6
split,splits/link_prediction/virtual_graph_study/enzymes/seed_44/test_neg.txt,120574,90174919d6327a4521d132335b7222c29879ea7e8bfede0049259db0189284d1
split,splits/link_prediction/virtual_graph_study/enzymes/seed_44/test_pos.txt,121773,87cb73571f3b753eac6c6c514006a133dfb81849a4847215cdda71582cb9d628
split,splits/link_prediction/virtual_graph_study/enzymes/seed_44/train.edgelist,283507,751dd27f7917d6f322e7c3dbfb6af61f570c360284b1bef0d61269d3992bb118
split,splits/link_prediction/virtual_graph_study/enzymes/seed_44/train_neg.txt,281555,d0ac5d276b1acc262d7a30db0ed15755b1bedfa0159b3491ffb833cab57e489b
split,splits/link_prediction/virtual_graph_study/escorts/seed_42/test_neg.txt,124873,5d2e5a97ac02afaebe34bae1044a911bdadaa6778cf6d01d3096ed1f3f62fe94
split,splits/link_prediction/virtual_graph_study/escorts/seed_42/test_pos.txt,120623,44382480712932961850958c926eb60830a94d32b6c5462a64a9dd3ce1ab7e5a
split,splits/link_prediction/virtual_graph_study/escorts/seed_42/train.edgelist,280920,f07599dac71ade081e3e7a260fa6294058bd3b38b45cc6b8b6511e2ed18642e1
split,splits/link_prediction/virtual_graph_study/escorts/seed_42/train_neg.txt,291510,fda95e18fae6079512962b48546b7222268ba2314e233304c3d3ba25390beb9a
split,splits/link_prediction/virtual_graph_study/escorts/seed_43/test_neg.txt,124912,0c1f537a3fdc310d10eab767c5b60a3d52fd8652d0d36a42b3c2a99f9eebe85a
split,splits/link_prediction/virtual_graph_study/escorts/seed_43/test_pos.txt,120520,fd2d741a541b22d41a65a4714fa7291fcc282deeba5a389ea1ce5c8cf7123948
split,splits/link_prediction/virtual_graph_study/escorts/seed_43/train.edgelist,281023,ce7faa8c19b1206c61ef4dbfa1a835f1e24ff5e70d529d371d81612ba4ae3800
split,splits/link_prediction/virtual_graph_study/escorts/seed_43/train_neg.txt,291524,896a643c850469074c17952c9886265e61bf9c29d629dd03bd2e9f0d2728a947
split,splits/link_prediction/virtual_graph_study/escorts/seed_44/test_neg.txt,124926,ab132d6b52b29bec497ebd78e0894a56d3c2ecc5657a23ab715f3b3aa5da478c
split,splits/link_prediction/virtual_graph_study/escorts/seed_44/test_pos.txt,120538,112e358e92c234c8b5edf67b0abe0d6bd522cc0666c72403a53579e5621e5958
split,splits/link_prediction/virtual_graph_study/escorts/seed_44/train.edgelist,281005,faefaa1f7db978ce26d8fe5f811df2d911ebd6b12edde73e0438fec39ee8805e
split,splits/link_prediction/virtual_graph_study/escorts/seed_44/train_neg.txt,291589,af1bfbe4b89c25a444e76a0cb6e8b36d28bdeb986e205fbfe00fbf6448ed8604
split,splits/link_prediction/virtual_graph_study/flickr_attr/seed_42/test_neg.txt,698982,71d239f3cc28928564b569fa6f3ce800907f7885d1572b1c9ee30c50d51264f9
split,splits/link_prediction/virtual_graph_study/flickr_attr/seed_42/test_pos.txt,601799,5b958e9b05a90e7bfc683ea6c3edf0071dff196b7a0aa3b488cd16e735411c9a
split,splits/link_prediction/virtual_graph_study/flickr_attr/seed_42/train.edgelist,1395296,652e1086ff4372929e74941fe63e8314d6189ec4260e7d383f1ec42c6bf6ab4c
split,splits/link_prediction/virtual_graph_study/flickr_attr/seed_42/train_neg.txt,1631161,5781cd21781c8400ce7db1aa92dee2fc8e1192cbcfe16a76991e97080cb17f34
split,splits/link_prediction/virtual_graph_study/flickr_attr/seed_43/test_neg.txt,698862,cae89f1098088625b81e16adb6afca3c72d662e946d56bee51218cc7482afa36
split,splits/link_prediction/virtual_graph_study/flickr_attr/seed_43/test_pos.txt,601439,1e741e1a6be0efe595f6dfac771fa2c4182d385ada9a5c4663a01a1e9db07933
split,splits/link_prediction/virtual_graph_study/flickr_attr/seed_43/train.edgelist,1395656,ee65f1e1c431cdaa14d02fd8aa309e1df9d21975cad0ae41cb4df403a37d973d
split,splits/link_prediction/virtual_graph_study/flickr_attr/seed_43/train_neg.txt,1631084,d6fc9bd5557202593c27ef9398fe350d3f658f49d206b7fdf73f5ccfe938b1f7
split,splits/link_prediction/virtual_graph_study/flickr_attr/seed_44/test_neg.txt,698973,1cb739fb816a32c521a6b557e89de222a8442a3b89427f2a7e60817439b2f29d
split,splits/link_prediction/virtual_graph_study/flickr_attr/seed_44/test_pos.txt,602083,a902f0e5e16a65258b5b7aac6fbd13cc50d531904b01845e41d80a45e236dafc
split,splits/link_prediction/virtual_graph_study/flickr_attr/seed_44/train.edgelist,1395012,0ed8e79cb5b0a2417bb4efbc37c0ac09508460bef3d306bf1e68749b297204a9
split,splits/link_prediction/virtual_graph_study/flickr_attr/seed_44/train_neg.txt,1631064,06e0761894e9d9ac6a6bc9329f9bcab417f8f8c0ec125b492629e11715cc16d1
split,splits/link_prediction/virtual_graph_study/flickr_attr/seed_45/test_neg.txt,698875,44ce86b1ef7fe3d4e4552ed1cc03b757ef155dd8ba814fdafaf02b83a40a5b33
split,splits/link_prediction/virtual_graph_study/flickr_attr/seed_45/test_pos.txt,601551,5fce4c6d4827cb1176f8592c8c2a3701ce8ae01d83107f1cff63d862b480c822
split,splits/link_prediction/virtual_graph_study/flickr_attr/seed_45/train.edgelist,1395544,08a8ddc623abdd3b9cd506cc45a7b3b40767a88c2c676f366328a7d3169702cc
split,splits/link_prediction/virtual_graph_study/flickr_attr/seed_45/train_neg.txt,1630973,462d5adba8aa5b8dce61eea23650c0015fca96d30a84e1b488b81135d6863300
split,splits/link_prediction/virtual_graph_study/flickr_attr/seed_46/test_neg.txt,699102,f10b160289a48404523d120932ae13ddaea6c43ae8d28fc3c04ba03270d3e31b
split,splits/link_prediction/virtual_graph_study/flickr_attr/seed_46/test_pos.txt,601936,5c5c4780d7720e1b206b6f30c8ddcfb7b930119f31c1a6c1d8155c6b99ae16fd
split,splits/link_prediction/virtual_graph_study/flickr_attr/seed_46/train.edgelist,1395159,070afd6a19a9ecdc9fe6d52616b6c3bd2e53ef9c04663926cdf0b9aeb414f228
split,splits/link_prediction/virtual_graph_study/flickr_attr/seed_46/train_neg.txt,1630865,6125fad7c77213c54eed88a17e58a520394856016e71d0ed34ef7a3b1f514ca1
split,splits/link_prediction/virtual_graph_study/flickr_attr/seed_47/test_neg.txt,699107,b22bf36af677ea2dc097ba9126cf36b314e2437cd39743284105d6585e87ee61
split,splits/link_prediction/virtual_graph_study/flickr_attr/seed_47/test_pos.txt,601971,22d12784f418016803c1ba551acd5541d328d69dd35f8a97d20ba189e7c12d6d
split,splits/link_prediction/virtual_graph_study/flickr_attr/seed_47/train.edgelist,1395124,cf9068f3ede036992f4df124b150c7760d06b01c87e6e531e9caf08cbd519258
split,splits/link_prediction/virtual_graph_study/flickr_attr/seed_47/train_neg.txt,1630824,e31f935da6e6f0ce49bbe0408873dbc74d7e31291eff0ad91a43eb9173ed6e1e
split,splits/link_prediction/virtual_graph_study/foursquare_checkin/seed_42/test_neg.txt,38515,b9ac7939ea63cf67656296922b05c208551d037648a45c150df3dd04151ca0c3
split,splits/link_prediction/virtual_graph_study/foursquare_checkin/seed_42/test_pos.txt,37351,5d757e8f773e61995543b1efc2fd5234ca6ab855eb92d7ed7a064ca97d3151b5
split,splits/link_prediction/virtual_graph_study/foursquare_checkin/seed_42/train.edgelist,86657,6d9f48a823e4551713ef2b6928f9c67b9e8286e71bf20f2757fdd1b9799473ee
split,splits/link_prediction/virtual_graph_study/foursquare_checkin/seed_42/train_neg.txt,89739,e152dfe17c11220947d97829f7c6c8eb20095214619fdb98f94b68a44df1d974
split,splits/link_prediction/virtual_graph_study/foursquare_checkin/seed_43/test_neg.txt,38422,4e3d7790f807abbff6771d85690738669c2a13eda8c568c618d5baa40965cfdb
split,splits/link_prediction/virtual_graph_study/foursquare_checkin/seed_43/test_pos.txt,37347,b978180a240b0bef59092e062b4bf7c4c2a8b7ff8c1fe582f45fb8d13ba46b2e
split,splits/link_prediction/virtual_graph_study/foursquare_checkin/seed_43/train.edgelist,86661,92e4923073e44d34bb484ed35fb420bc9e89f2b68c90c8ab290b643be2ade41b
split,splits/link_prediction/virtual_graph_study/foursquare_checkin/seed_43/train_neg.txt,89635,aff9dfd9ce7f0ac48f413535f80ad411092b039e71e41b9a3cb40b9cb7c9be73
split,splits/link_prediction/virtual_graph_study/foursquare_checkin/seed_44/test_neg.txt,38442,38ac640fe11dea088db2723c97309c2e45d2433ac573088f47682d00c8319dff
split,splits/link_prediction/virtual_graph_study/foursquare_checkin/seed_44/test_pos.txt,37384,0ba46eeace3e0ec53e6293f91fc9ab62040109eff985d05eb205374fe829cc2b
split,splits/link_prediction/virtual_graph_study/foursquare_checkin/seed_44/train.edgelist,86624,6b3544b54510a1a3b8a187d8f2f3952aab80dca45be194c9efb9d1a66d58c5db
split,splits/link_prediction/virtual_graph_study/foursquare_checkin/seed_44/train_neg.txt,89758,d80e658c478e7669395611add463b47ac45eb0bc9995f64d03456b821f58e7f3
split,splits/link_prediction/virtual_graph_study/foursquare_checkin/seed_45/test_neg.txt,38420,cf828eeddbc55b096a03e622d9b17af531daf0a9f40cd5ee4ceae1e393064525
split,splits/link_prediction/virtual_graph_study/foursquare_checkin/seed_45/test_pos.txt,37335,88b2fabaf4c8d298b1307496bf17a9f86f432171e74f465424cf691b891da53e
split,splits/link_prediction/virtual_graph_study/foursquare_checkin/seed_45/train.edgelist,86673,4b8e66d7ecee98aecc83620e2329b8951c3cacf24b9b22e088668654a7853089
split,splits/link_prediction/virtual_graph_study/foursquare_checkin/seed_45/train_neg.txt,89779,a07d4e0055dc29d2bcbc255b0843b65f2b6695e4813831b44fbe4da3ac620164
split,splits/link_prediction/virtual_graph_study/foursquare_checkin/seed_46/test_neg.txt,38466,19414d3b8060ac987a0b3202ea698cb6c5da6074f9c3d05b70572dc8e1f2d703
split,splits/link_prediction/virtual_graph_study/foursquare_checkin/seed_46/test_pos.txt,37352,a8f8bd7c113827c3710cc9bd458101f10ca84b0d9f62f4a7c17acdcef702cf88
split,splits/link_prediction/virtual_graph_study/foursquare_checkin/seed_46/train.edgelist,86656,6255b43b9f484f1217542d876c54d893cd48ee494831e42402e277f34f6976f1
split,splits/link_prediction/virtual_graph_study/foursquare_checkin/seed_46/train_neg.txt,89750,5211b07d4c5928dfbf391b5005ba78fb07017f69e0862f93d7ed6422382ddccf
split,splits/link_prediction/virtual_graph_study/foursquare_checkin/seed_47/test_neg.txt,38473,100267d572fbf655d219772da39349184188b61288d2b91caa7be81394d5f8ca
split,splits/link_prediction/virtual_graph_study/foursquare_checkin/seed_47/test_pos.txt,37416,d61fc1544e1dc20b8fd486c71a1d903a3b7e2cc0ebc2fee2b0165afb5f3e8189
split,splits/link_prediction/virtual_graph_study/foursquare_checkin/seed_47/train.edgelist,86592,b2b90798aa26640f984359ae5cdb7d181c9df5bad01171ff890b6e7ecc23c1df
split,splits/link_prediction/virtual_graph_study/foursquare_checkin/seed_47/train_neg.txt,89801,20e44d7be77303ec552ca76330ccb152523a5ac099a6e8f9110b5ec9c1f9e3c6
split,splits/link_prediction/virtual_graph_study/foursquare_checkin/seed_48/test_neg.txt,38489,d5560c35289d1bf32ab3e566b3814eb23234b9b071c8662fbb34615245fc04c3
split,splits/link_prediction/virtual_graph_study/foursquare_checkin/seed_48/test_pos.txt,37364,3446af6d0905a666f75951f8e485204470bd8aae530cba5cac5990128aae2ace
split,splits/link_prediction/virtual_graph_study/foursquare_checkin/seed_48/train.edgelist,86644,2fb2db5860955e745af46e534b37b6e37187efe072cfb740bc08c2e6f2b10568
split,splits/link_prediction/virtual_graph_study/foursquare_checkin/seed_48/train_neg.txt,89750,5483321b9e80e86cc5791fdcc47e924823b625967a22ce50f0f72f6dc2eb86a2
split,splits/link_prediction/virtual_graph_study/foursquare_checkin/seed_49/test_neg.txt,38468,5e4f5fa90e542ccd6d1e34dc9968af8cb8d07466ee8135f6beb02352ada8810b
split,splits/link_prediction/virtual_graph_study/foursquare_checkin/seed_49/test_pos.txt,37427,6ae0596cf59311d3ced60a4d46fe55da6fdbbd063e43ae5e61e85e02503aaa38
split,splits/link_prediction/virtual_graph_study/foursquare_checkin/seed_49/train.edgelist,86581,1ef552f6d673b7ba43f54884364cc467af2559d0bcee3901aaad7707b4553e31
split,splits/link_prediction/virtual_graph_study/foursquare_checkin/seed_49/train_neg.txt,89809,0879903224075987bb16f61eba5b796dededdc600fbd87b17fbbcfbf5f95c46e
split,splits/link_prediction/virtual_graph_study/foursquare_checkin/seed_50/test_neg.txt,38454,56c83ed51ecb1281e620c02a3e0c6addb6c18ee7392cbc2f920755374f386f14
split,splits/link_prediction/virtual_graph_study/foursquare_checkin/seed_50/test_pos.txt,37302,0302e4500737f432e4201eb7d7cfd246634c68bcc1e23b5138466940063947b1
split,splits/link_prediction/virtual_graph_study/foursquare_checkin/seed_50/train.edgelist,86706,ba0180dbc6f76075bf5ab00e49b074e3cc08a091af82186999a71cd4972ad771
split,splits/link_prediction/virtual_graph_study/foursquare_checkin/seed_50/train_neg.txt,89724,3178db52501e00a3299d3e6009268e5ce2a3bec70ee38481b2b283650a7d9a1e
split,splits/link_prediction/virtual_graph_study/foursquare_checkin/seed_51/test_neg.txt,38443,8366bfc0a8f16cbadad2cb61a9a5aa67697a4ed340efcb552c366a4432488cf4
split,splits/link_prediction/virtual_graph_study/foursquare_checkin/seed_51/test_pos.txt,37364,1773bc88d8ccc3447ebb0501b519aa89b7863104cd688383c6aa98c4379cb13a
split,splits/link_prediction/virtual_graph_study/foursquare_checkin/seed_51/train.edgelist,86644,b54e5bcba5ec347f2bc19e6816b4e1bf3fcf24b32c415e44084a8d9205d756e1
split,splits/link_prediction/virtual_graph_study/foursquare_checkin/seed_51/train_neg.txt,89653,3c509166074deb527289f26561d0a20a17693e83fd39ffae23efcb8654ca7a3c
split,splits/link_prediction/virtual_graph_study/foursquare_tips/seed_42/test_neg.txt,27182,1166a843dcc2eb8ce2d5110fe444547d2bbe93f4b66a1abde4e4e4fdbbaeec3c
split,splits/link_prediction/virtual_graph_study/foursquare_tips/seed_42/test_pos.txt,26050,08eeb3168bf6404479db8c273ac62d84085c99f7cd0c126f0c512d5d4576b6fe
split,splits/link_prediction/virtual_graph_study/foursquare_tips/seed_42/train.edgelist,60959,86eda0d67631a24aaca094303d4f0aa9ccc90aff1153ba0a2957954bf89e39b8
split,splits/link_prediction/virtual_graph_study/foursquare_tips/seed_42/train_neg.txt,63458,f10262cfd7ac3be37ec101ddd90a2412cbcec920f724e0c334f7b9fb36792927
split,splits/link_prediction/virtual_graph_study/foursquare_tips/seed_43/test_neg.txt,27170,7dfd3a51f8afbee274f2949c7774e6834779791932dc29aba0bc17170295b293
split,splits/link_prediction/virtual_graph_study/foursquare_tips/seed_43/test_pos.txt,26039,141cebf9f04ccd3ec08843c54baa02f5a1e02afc49e10820403572cff7f5ee4e
split,splits/link_prediction/virtual_graph_study/foursquare_tips/seed_43/train.edgelist,60970,106cc2a86ea3573e38ac0f93f4e2dedb6a56d3078470e1d2d08aff63f3fa631b
split,splits/link_prediction/virtual_graph_study/foursquare_tips/seed_43/train_neg.txt,63434,88e63cc632cb1e72d7b4c309c171849a13260df4ee3995d882a18518ce62fed9
split,splits/link_prediction/virtual_graph_study/foursquare_tips/seed_44/test_neg.txt,27169,9fd1510cadfb09b78a42cf1e792941e2d5411d10d0d0fa6264af9857b5de5d36
split,splits/link_prediction/virtual_graph_study/foursquare_tips/seed_44/test_pos.txt,26061,6c154bdc814c3e0859e74e94d534c01e5037759e0eba0709af0085dc573911b6
split,splits/link_prediction/virtual_graph_study/foursquare_tips/seed_44/train.edgelist,60948,ebc6db38b4652395d17bae910c2ff343a523f6d4fd10e390d8c23e848c7856f2
split,splits/link_prediction/virtual_graph_study/foursquare_tips/seed_44/train_neg.txt,63541,114bc69afd4ca867bfe2071f092f31563b61ac8467fddd4e65ab507149991c9d
split,splits/link_prediction/virtual_graph_study/foursquare_tips/seed_45/test_neg.txt,27224,e28abb3bad6d00f0ac85527897fba3058b8a9e8e32be2536919327cdad40e907
split,splits/link_prediction/virtual_graph_study/foursquare_tips/seed_45/test_pos.txt,26057,fe780d621b17a415b9382c2364a30b3bcf7213ed57c4b5688d930d928190319c
split,splits/link_prediction/virtual_graph_study/foursquare_tips/seed_45/train.edgelist,60952,57a97cb2a50a98c564e99aaf75542f252ff942bcf80ee69ccfc02b93ddda82b8
split,splits/link_prediction/virtual_graph_study/foursquare_tips/seed_45/train_neg.txt,63506,e1be1de6146e7280fca53257a91edb3298bbf18f9ec08076108600198d2c1a64
split,splits/link_prediction/virtual_graph_study/foursquare_tips/seed_46/test_neg.txt,27226,17473ff7e01be4f22f7e45e835c5af806d24d0a404a34426235109c270b5c83e
split,splits/link_prediction/virtual_graph_study/foursquare_tips/seed_46/test_pos.txt,26021,0cd82cc68f12b7442cc91cc4595c1b19b6e671276b5a230841b4aac8de58b3e9
split,splits/link_prediction/virtual_graph_study/foursquare_tips/seed_46/train.edgelist,60988,5180d680519dc66b04aebac4e573d05ba2f728748cc89e80b62a2c1281e3cdf4
split,splits/link_prediction/virtual_graph_study/foursquare_tips/seed_46/train_neg.txt,63433,52039b85e7a3e8489897b06b1c08e5680bbca3c6dc1e858c902650456f20bb25
split,splits/link_prediction/virtual_graph_study/foursquare_tips/seed_47/test_neg.txt,27199,7d946e0bb41f1acbb7fd4e1f366539276b687980c9dbfd496ebc214eca398411
split,splits/link_prediction/virtual_graph_study/foursquare_tips/seed_47/test_pos.txt,26033,faffd7c32cab2fb8276da201b39225c8fdbe3e82047d0a2412931fdc47bf6fe9
split,splits/link_prediction/virtual_graph_study/foursquare_tips/seed_47/train.edgelist,60976,2b6befbc7c10179ec69fb6178e1f9b0be7ccf404f928dde1919137bda4099533
split,splits/link_prediction/virtual_graph_study/foursquare_tips/seed_47/train_neg.txt,63540,eddaa71596be03cfdb2457d3f2be26f655ba5c4c826cdf77671b415c92d777d5
split,splits/link_prediction/virtual_graph_study/foursquare_tips/seed_48/test_neg.txt,27205,d76efb9c2fb28097b199af442352e80de1bee7d1161c9f76dea5160eab4d9819
split,splits/link_prediction/virtual_graph_study/foursquare_tips/seed_48/test_pos.txt,26011,0f86ecc35e36612d1cf1895e0f7558bc20db502f19ead93e8d13277f9e00d4fb
split,splits/link_prediction/virtual_graph_study/foursquare_tips/seed_48/train.edgelist,60998,1088306c69514be6e9df3cafd0c92a50eb3dfa4293414ecf31edb764e68ec3d2
split,splits/link_prediction/virtual_graph_study/foursquare_tips/seed_48/train_neg.txt,63469,e36990675213197c75d09b8659bba070166a8fdd7877a9192bd804fa87eb5105
split,splits/link_prediction/virtual_graph_study/foursquare_tips/seed_49/test_neg.txt,27239,1511405172821793039d4b539308666066c4e5e1061f59dd4bc3c3d731021b77
split,splits/link_prediction/virtual_graph_study/foursquare_tips/seed_49/test_pos.txt,26004,29d7105c870d99e0964442c0054f6068794d71cfebb36d59be594eae1b3c94a9
split,splits/link_prediction/virtual_graph_study/foursquare_tips/seed_49/train.edgelist,61005,f6d4516ca67abfcfbb4b928503f4567094bd53d1fa18fee1707b03a0675aae36
split,splits/link_prediction/virtual_graph_study/foursquare_tips/seed_49/train_neg.txt,63521,55757884903a09140c1cc19fbc990672c4accf38705ab57fff5e0cf5885cd585
split,splits/link_prediction/virtual_graph_study/foursquare_tips/seed_50/test_neg.txt,27149,598ba16102504f3fb6233c064927dfc3b59176557ca2197c984636c8ee5a2297
split,splits/link_prediction/virtual_graph_study/foursquare_tips/seed_50/test_pos.txt,26035,b0fb94edabd89cb322a973f78e24fa00e25da4a583ed94e75530395ec6f5b183
split,splits/link_prediction/virtual_graph_study/foursquare_tips/seed_50/train.edgelist,60974,3b090677eef08c989be534ab5d5b1b6c8ee6a98512e8d9b11b9fc7793a46dc78
split,splits/link_prediction/virtual_graph_study/foursquare_tips/seed_50/train_neg.txt,63494,e367a8435d5e7888c9a83ce44c86c1fe9f309adaeb59a3e3ba9ebd674bb5d6fd
split,splits/link_prediction/virtual_graph_study/foursquare_tips/seed_51/test_neg.txt,27181,c8a2a6439fafc1425f50d821496f9e7ea13ffc3d3356e4fdeb6199cd457619f1
split,splits/link_prediction/virtual_graph_study/foursquare_tips/seed_51/test_pos.txt,26019,aa4b9b2aa12a4ef89510e7f27d431a6e1db63bba67542dfa645cde66e102b509
split,splits/link_prediction/virtual_graph_study/foursquare_tips/seed_51/train.edgelist,60990,b9faef20c0a6294cc40ce4be449371715db7646a5388afa8c6be67c6dc4b67d0
split,splits/link_prediction/virtual_graph_study/foursquare_tips/seed_51/train_neg.txt,63420,f052516b596dc9fc3dc02f4c84e0fb28f1f5447d4d27b11d8db8068be7bb4f27
split,splits/link_prediction/virtual_graph_study/genetic_fission_yeast/seed_42/test_neg.txt,146467,30d8ae95822603edd91dbc80603aa5878e6ec6efdcb961b8fbd6df252458e2d3
split,splits/link_prediction/virtual_graph_study/genetic_fission_yeast/seed_42/test_pos.txt,133550,952f73720303bd93bfaed29983d7fcf3a92ec6db64d54373abac109a0e609f4b
split,splits/link_prediction/virtual_graph_study/genetic_fission_yeast/seed_42/train.edgelist,310852,bd3a87ae84e2366d9c2817f05b039b349e8281a68afb3844e9d1d86b060f5622
split,splits/link_prediction/virtual_graph_study/genetic_fission_yeast/seed_42/train_neg.txt,342087,8bf2d5950e8e5770962f395a2704fd5173ba73779105a42c030a90b74f1613e9
split,splits/link_prediction/virtual_graph_study/genetic_fission_yeast/seed_43/test_neg.txt,146614,4048e7c6e1e7caf7f450592f2a1ecbcdfbce5029fcc6eafaaefb5ad51e848ef1
split,splits/link_prediction/virtual_graph_study/genetic_fission_yeast/seed_43/test_pos.txt,133375,87937347f769aa646fdf0d47196df0457093077166c158e10a4fbcd19a7ab21f
split,splits/link_prediction/virtual_graph_study/genetic_fission_yeast/seed_43/train.edgelist,311027,cfe3095ab61de2059b156ac7212d506b349b035cc9cab494a94835437945dede
split,splits/link_prediction/virtual_graph_study/genetic_fission_yeast/seed_43/train_neg.txt,341782,15e2d038baf8c703e2c1d67fcb5135c840a60438e915145ce9170ea5a78aa256
split,splits/link_prediction/virtual_graph_study/genetic_fission_yeast/seed_44/test_neg.txt,146537,a3f677b7ee78b1bfffba125fe3bf3b77f150bde76559f18305a6fae3b7a25a3a
split,splits/link_prediction/virtual_graph_study/genetic_fission_yeast/seed_44/test_pos.txt,133347,cf6dd375d3847d8b262c12ff8a3fdfa8e4764ebd4c402a40f73f6b2d401bbff5
split,splits/link_prediction/virtual_graph_study/genetic_fission_yeast/seed_44/train.edgelist,311055,a12c0929640fdb95a5d4a5b4c376059fe4f069e237d3c48d4805e754ae06afc3
split,splits/link_prediction/virtual_graph_study/genetic_fission_yeast/seed_44/train_neg.txt,341883,cdaf53809ba09bc23cace7424c12809c411ac1831b5602d3b4cdbfe8100b6f40
split,splits/link_prediction/virtual_graph_study/genius/seed_42/test_neg.txt,3730078,47ace4dd894cac042b97521a562c29e1b9fa1fe577005ea7eaaf981a6c3884c9
split,splits/link_prediction/virtual_graph_study/genius/seed_42/test_pos.txt,3740435,8dc6be3678367be04b2e24d2d6d28fae07a095eda1370fec4a040d549c9c064f
split,splits/link_prediction/virtual_graph_study/genius/seed_42/train.edgelist,8706172,9dc383e83afc0395101c19ce3c17e0f0eeb160d68e68591b34c0f10a274d49a7
split,splits/link_prediction/virtual_graph_study/genius/seed_42/train_neg.txt,8704573,907f400d8563214185c5a957420e9a49a819be759e3732ec3d993882657a0a5e
split,splits/link_prediction/virtual_graph_study/genius/seed_43/test_neg.txt,3730210,974e44aa8dae378faae55fe6ce579c7339039865137fb6abd6412eac156506b2
split,splits/link_prediction/virtual_graph_study/genius/seed_43/test_pos.txt,3739706,4dfd0179d16d423c4fbeadd8d899241a8f335171a1a5fc043068e5289965522c
split,splits/link_prediction/virtual_graph_study/genius/seed_43/train.edgelist,8706901,e7c80b949e7b660bef4bebbb1426ee2316f6a3b87afba3f90a8e91b3420533e5
split,splits/link_prediction/virtual_graph_study/genius/seed_43/train_neg.txt,8703551,2f1626e6c055e6aa20a31a25a4c73f44bfff615ecca0153d1e50f334b407052c
split,splits/link_prediction/virtual_graph_study/genius/seed_44/test_neg.txt,3730774,1e41a54fb950a942db0ebdbefae9155b285f5693861ef88685c0e2b5ae73d771
split,splits/link_prediction/virtual_graph_study/genius/seed_44/test_pos.txt,3739947,4abc427637860907eaed4ad08db63e5f64842cef10211994f81ffd75ff4c0b53
split,splits/link_prediction/virtual_graph_study/genius/seed_44/train.edgelist,8706660,acc56f7a1f3f1d79f56f137a5825c1929b05df8b7491d673a30bb947c3be4e8e
split,splits/link_prediction/virtual_graph_study/genius/seed_44/train_neg.txt,8704672,7308f634e7c1df632652508a07388fc44968e63bd4c1c594e267e850993e3863
split,splits/link_prediction/virtual_graph_study/github/seed_42/test_neg.txt,989672,5e479a24e008d401c49047c78fc1b8ad82a2683496e5c266a8b64d854ede2fca
split,splits/link_prediction/virtual_graph_study/github/seed_42/test_pos.txt,990647,ab27b6fa3f89859daab35572e46770f3e7a0b8a05ef90371a3ea461c60246360
split,splits/link_prediction/virtual_graph_study/github/seed_42/train.edgelist,2315482,fbc87bc10324f93ad9b40f9808963b0f6e73d42f6612330019e736708fab64c3
split,splits/link_prediction/virtual_graph_study/github/seed_42/train_neg.txt,2308730,652662e0ff16c92213a5a569e30153c6aed47a31b46d983fc20a806b6aa08a4e
split,splits/link_prediction/virtual_graph_study/github/seed_43/test_neg.txt,989409,c487b75ab93d07dd11065fe5177986e7fe588e96279ff4b8bf387e6549bee193
split,splits/link_prediction/virtual_graph_study/github/seed_43/test_pos.txt,990670,579cd0c13ae09e62d0caebfa1599a7f13a65b0cbbb31bcf81046d23c2b625230
split,splits/link_prediction/virtual_graph_study/github/seed_43/train.edgelist,2315459,9a7d6859fbbb9416a507f67e7a6f7f8f0ab1f31c26228a8dd3926c31aee23b99
split,splits/link_prediction/virtual_graph_study/github/seed_43/train_neg.txt,2308304,f11fc0279f580b47c2f8d2122082eea402b68195f03c48a02db8f06b16fabf30
split,splits/link_prediction/virtual_graph_study/github/seed_44/test_neg.txt,989167,c5d7a24da08223ed940a3cb5bc70a37c998b17095c00cde4e93a86243d810cfc
split,splits/link_prediction/virtual_graph_study/github/seed_44/test_pos.txt,991009,7ce42bcd1e1fc1b42521238c9bfa808608ad9e4bc7d228967b05d2ccf1794d31
split,splits/link_prediction/virtual_graph_study/github/seed_44/train.edgelist,2315120,4a251d2a4dba9a8416add8c2aa96114fd2a9fa7c316fa92141c06166a45574ed
split,splits/link_prediction/virtual_graph_study/github/seed_44/train_neg.txt,2308180,09155ea78bed713265daded85670d2c9bea3ae5b49289f9d0370798fb1bec172
split,splits/link_prediction/virtual_graph_study/github/seed_45/test_neg.txt,989212,f844202918ed208adcc2dae423a100fdbda7170b38744afb3c09d70835b2ba51
split,splits/link_prediction/virtual_graph_study/github/seed_45/test_pos.txt,991018,f39b2d1986a6b52027c66777e73c2b3ffb550ff8bbd31bc695f726e3cf4e5078
split,splits/link_prediction/virtual_graph_study/github/seed_45/train.edgelist,2315111,0613c0a65354d23a5245aae7ce75dc50d1ba56f9b8378de6b8970cab1c602e45
split,splits/link_prediction/virtual_graph_study/github/seed_45/train_neg.txt,2308569,8cbed0c6ac869d054f3d90d8e420ebeecbaf4686f30affd9fe6afc0a7358a630
split,splits/link_prediction/virtual_graph_study/github/seed_46/test_neg.txt,988906,1d38ea428e6ff2d00e1e0de8c78c0317834ba2d564427e6dca14ea40e81a54ed
split,splits/link_prediction/virtual_graph_study/github/seed_46/test_pos.txt,990725,60850f160d8f7c608bd5ffab5c4918f9c1bd971f0c0d415ad211aeb44924a52f
split,splits/link_prediction/virtual_graph_study/github/seed_46/train.edgelist,2315404,895fdd7ae0cab64907d8af3771eeb079bd870ec2b56568d487cfccb7a5be4c95
split,splits/link_prediction/virtual_graph_study/github/seed_46/train_neg.txt,2308189,30979ef26795ddb143d34895c4ca62633f0c2f030cc77836ebbedd933a418ec3
split,splits/link_prediction/virtual_graph_study/github/seed_47/test_neg.txt,989258,556eb22aa55d809608a93ec98e5df1640d0532fb1134740b56f032aaaafac20c
split,splits/link_prediction/virtual_graph_study/github/seed_47/test_pos.txt,990917,cb71c80a049bcb82f48de66683312b0dffc10c3969c96e802d9a2591fc34c852
split,splits/link_prediction/virtual_graph_study/github/seed_47/train.edgelist,2315212,805c7df4f6f64234789dca13cf72f463a75af4893c832d00cf78e36cfa7d9a75
split,splits/link_prediction/virtual_graph_study/github/seed_47/train_neg.txt,2308546,fc03933bfa22cb2b28300bfdcdb9d9b5447c9cbb8b249c203d2687808ef7968d
split,splits/link_prediction/virtual_graph_study/johnshopkins55/seed_42/test_neg.txt,535723,570fdf072700f9acfd7ed028ae580f3ced7ce88d92fe356065236b5e7c5f0c0a
split,splits/link_prediction/virtual_graph_study/johnshopkins55/seed_42/test_pos.txt,535949,b72f3547dbe2e08e4158c571baf87698490c1e8e08b85552dc4ee82270cae049
split,splits/link_prediction/virtual_graph_study/johnshopkins55/seed_42/train.edgelist,1248562,1f5d0e42c07153852285c0c4e19025125e2ad780aae8a2012529d9346ddffc83
split,splits/link_prediction/virtual_graph_study/johnshopkins55/seed_42/train_neg.txt,1249935,3cdcf2859ae61f34d021a5e0e572b5812daf881ba145a255f3c0fde9ac656868
split,splits/link_prediction/virtual_graph_study/johnshopkins55/seed_43/test_neg.txt,535706,9c37774c61bfeb63acb51ebbc14820c1b8d47fb0846c92012478aad33dc52500
split,splits/link_prediction/virtual_graph_study/johnshopkins55/seed_43/test_pos.txt,535926,c3d5fd53082554e679c17e288af26947bd8a9a368ccb951a539fa9c745d5cde5
split,splits/link_prediction/virtual_graph_study/johnshopkins55/seed_43/train.edgelist,1248585,6fb54d06d013bc5e365b7ac1aaeceb91932f3ba2a385127e7ecb95a22f78dce4
split,splits/link_prediction/virtual_graph_study/johnshopkins55/seed_43/train_neg.txt,1250238,5e41bcb68ff073afc6c6a0446851185ddb3bf08be2928b31e2d5fdbafba1afe0
split,splits/link_prediction/virtual_graph_study/johnshopkins55/seed_44/test_neg.txt,535774,e632e22ebf02acf3d065424716e07db8104fe015121182315b47d16691bccdc0
split,splits/link_prediction/virtual_graph_study/johnshopkins55/seed_44/test_pos.txt,535698,6620f92eb26ef6c16551ef5bc7b500d31a3885724ff731bacf086a2f9d575027
split,splits/link_prediction/virtual_graph_study/johnshopkins55/seed_44/train.edgelist,1248813,1c9f57e06abc4906aac20b98328898dad967962cbd387ca1c732c0aa9bf6c0c5
split,splits/link_prediction/virtual_graph_study/johnshopkins55/seed_44/train_neg.txt,1249775,66b01347a534d9f8e151243862fefd2cf188d65d97da46958f1f14637af8bbab
split,splits/link_prediction/virtual_graph_study/lastfm_asia/seed_42/test_neg.txt,80952,fecca225822196ba0e8b7293204bfb30c8219eef72e741ec39d4953a9d27b9fc
split,splits/link_prediction/virtual_graph_study/lastfm_asia/seed_42/test_pos.txt,81423,142c58490e580e9c30086bd3f5dfc0d88941457c1a6fb68586850b6cc78bbb59
split,splits/link_prediction/virtual_graph_study/lastfm_asia/seed_42/train.edgelist,189010,d0e99a2bb39cf17f9057b0fac75437e78ce24de59cf1d7e9ce2f27e5b98c3bc1
split,splits/link_prediction/virtual_graph_study/lastfm_asia/seed_42/train_neg.txt,189099,e9e0094718e7e87ac6af467dee40a1d40f4c2004abe7ea4fb71d9cf8321cfa68
split,splits/link_prediction/virtual_graph_study/lastfm_asia/seed_43/test_neg.txt,81021,024405b23884f8826bd4ccfd59ad53e48f027f3791f2471d0025323f493f5a2a
split,splits/link_prediction/virtual_graph_study/lastfm_asia/seed_43/test_pos.txt,81463,a478f2dc1573921cafb59aa6b1da896572a50ec8fd002953a03acb836b0b7f04
split,splits/link_prediction/virtual_graph_study/lastfm_asia/seed_43/train.edgelist,188970,7afaa8343e314fdd96f4c5bfdbdb2bee9b3f8b002772871c0f0983fc7bc7765d
split,splits/link_prediction/virtual_graph_study/lastfm_asia/seed_43/train_neg.txt,189081,5798d6b461ab2f46f3940bf73f86648c570d853420e356cc113baa9e3a721a5d
split,splits/link_prediction/virtual_graph_study/lastfm_asia/seed_44/test_neg.txt,81015,289194497427679ff03c77be9f57e94101714a4230583b7ec6d3fde6043a5588
split,splits/link_prediction/virtual_graph_study/lastfm_asia/seed_44/test_pos.txt,81407,e827b116605950b24d0b94c00348687e2ff089646aefc5f28f6ba4849b99da39
split,splits/link_prediction/virtual_graph_study/lastfm_asia/seed_44/train.edgelist,189026,a49010114d75bed6590e3f2bc8e048cfb7196c9d010fb51736b745abfdc22feb
split,splits/link_prediction/virtual_graph_study/lastfm_asia/seed_44/train_neg.txt,189011,38254eeb427a96aa97fe6f5d616e0f882ecb9502134dc4b7173833ced76b4c2c
split,splits/link_prediction/virtual_graph_study/lastfm_asia/seed_45/test_neg.txt,80997,5f73ebae3c600db31ceb8e0d0932227411dd721ffc358f524776536cf48b71df
split,splits/link_prediction/virtual_graph_study/lastfm_asia/seed_45/test_pos.txt,81457,d859e8faec534800ff60dc25686b21346287feecaacf43bfbd6e5dd41cb501cf
split,splits/link_prediction/virtual_graph_study/lastfm_asia/seed_45/train.edgelist,188976,88885373bc1d94908ecb40f636e2ec22bb033260d490649c3ad62a0fc800c91d
split,splits/link_prediction/virtual_graph_study/lastfm_asia/seed_45/train_neg.txt,188981,7a6689ccde12b97413702d23167cc5634d4afdb9ffecd48a97dc038a9a105b35
split,splits/link_prediction/virtual_graph_study/lastfm_asia/seed_46/test_neg.txt,80974,57544073db707d14f92a8d892734f8aec99ec440b679449dc505f2a669db714f
split,splits/link_prediction/virtual_graph_study/lastfm_asia/seed_46/test_pos.txt,81472,3b1ccf0f4a0809f103456241b9b998a7574b955eef66808f8cfd0a4e84b91d1e
split,splits/link_prediction/virtual_graph_study/lastfm_asia/seed_46/train.edgelist,188961,c91adf8301091e1e81bb4fe514e9b720e2440c526c1aa29446d72350714c77e0
split,splits/link_prediction/virtual_graph_study/lastfm_asia/seed_46/train_neg.txt,189053,4e4e9ba57f99364f7d6b10bd01e9be88cdf9846dbe18b0827c2acf342a2c23b9
split,splits/link_prediction/virtual_graph_study/lastfm_asia/seed_47/test_neg.txt,81114,1f2d68729e7b5781e5b6ef1d50621dd09e1d86f0dbab8292ad9ac6d6ecf472d0
split,splits/link_prediction/virtual_graph_study/lastfm_asia/seed_47/test_pos.txt,81469,2631f6f82bed92253a4fcba78d3a626af9ab3065d9b7dca7626819e31b2c9b94
split,splits/link_prediction/virtual_graph_study/lastfm_asia/seed_47/train.edgelist,188964,a06234accd85f0dc88fd59657e99d5731c24d3f5cfb89349b96c9972c839d9a5
split,splits/link_prediction/virtual_graph_study/lastfm_asia/seed_47/train_neg.txt,189027,f629360fe01786855f550f1cf0d524759d4eba0779730d6ae0747b8bc6cf4d30
split,splits/link_prediction/virtual_graph_study/lastfm_asia/seed_48/test_neg.txt,81123,30aa12ad641a7cb075586712c3ebd4611ff74869db302b22aa620a320414fdd1
split,splits/link_prediction/virtual_graph_study/lastfm_asia/seed_48/test_pos.txt,81419,7e8951db164625266b44e2f12057e672b442c61e22e823679e970ace59d1d187
split,splits/link_prediction/virtual_graph_study/lastfm_asia/seed_48/train.edgelist,189014,f0bef1f226de4c2f1d894fa195c649fe54c6a317e0c28e8de09106271e8b14ed
split,splits/link_prediction/virtual_graph_study/lastfm_asia/seed_48/train_neg.txt,188914,f6df174caa67eae4fb18e021cb60efb571e33917a123793b4c2537eca2b0a1ed
split,splits/link_prediction/virtual_graph_study/lastfm_asia/seed_49/test_neg.txt,81016,bbae9ff510626a16b44514301517cb1081c255460adc11727a10bd7a3eeef450
split,splits/link_prediction/virtual_graph_study/lastfm_asia/seed_49/test_pos.txt,81431,7f2a7a05fd7a6f5c6ce0615a2c149ebc618b727d4acdb1d7db35542a34f417ef
split,splits/link_prediction/virtual_graph_study/lastfm_asia/seed_49/train.edgelist,189002,6d411239feff7a3e556103ddde50609a64563bc3a3c8c3cb5400b0024328f8c6
split,splits/link_prediction/virtual_graph_study/lastfm_asia/seed_49/train_neg.txt,189103,94f9d20c52b532724a644f09f92ac44cb1d119cecf284d9cc2dcc5eca512e9c6
split,splits/link_prediction/virtual_graph_study/lastfm_asia/seed_50/test_neg.txt,80983,adf7bffd215faa34b5516e739f689607490c7c36387a79afb7601b3e5cea9f0a
split,splits/link_prediction/virtual_graph_study/lastfm_asia/seed_50/test_pos.txt,81453,40b9f308bf8653a9d08c6b4ee1463e1dce1c05c440aecd6c8b6dfbfbacf1243f
split,splits/link_prediction/virtual_graph_study/lastfm_asia/seed_50/train.edgelist,188980,b5e2db66e0fe965570276d09a8e8a493a937bbdd59eab1c0bf8ab4f9931e92c4
split,splits/link_prediction/virtual_graph_study/lastfm_asia/seed_50/train_neg.txt,188984,e31899395f4cb4dee2021bd8dce18163957984549a1854a5935391708337fcc8
split,splits/link_prediction/virtual_graph_study/lastfm_asia/seed_51/test_neg.txt,80989,402b5da1f75f1f3c0e7541aa55975bce8d74d1684dace9c956f310066b5bc9ff
split,splits/link_prediction/virtual_graph_study/lastfm_asia/seed_51/test_pos.txt,81453,b5ed74b879d8c1801e673a22a43212390413e118fb9ab333a87602359c183778
split,splits/link_prediction/virtual_graph_study/lastfm_asia/seed_51/train.edgelist,188980,1b9b465d3fea144d48b44a469efb51d966225eac708a7584a70cda59b28236e0
split,splits/link_prediction/virtual_graph_study/lastfm_asia/seed_51/train_neg.txt,188930,2c758f9c87516c2c8ac5bc8b1e013db2250df0e680f36474ea9e838f14bed3a5
split,splits/link_prediction/virtual_graph_study/messal_shale/seed_42/test_neg.txt,14403,76df0983f6de404711dbd198515625b277e1cfc3e4a602f732143b5529b184c0
split,splits/link_prediction/virtual_graph_study/messal_shale/seed_42/test_pos.txt,14746,667331cda5b4cfce55207dc75365231df5baaec7773fa3e575261d5090537763
split,splits/link_prediction/virtual_graph_study/messal_shale/seed_42/train.edgelist,34302,ce418d1f7652046e4e8b684814376412fc5393f0cd2c951c5c53a6c582f40e66
split,splits/link_prediction/virtual_graph_study/messal_shale/seed_42/train_neg.txt,33800,9833cd3a6fcc3e5d55944b5b9f702e9264f7c877b1e8d42c1c83db40816103ed
split,splits/link_prediction/virtual_graph_study/messal_shale/seed_43/test_neg.txt,14474,2482befb7c764c71206b75b86d0b372927dbcbcb732d5b04ad56aa7e9879343b
split,splits/link_prediction/virtual_graph_study/messal_shale/seed_43/test_pos.txt,14741,b150d7f7fa51c9135b4eec54c853855fb00fbc810cef7fdfa3e223bd0587a943
split,splits/link_prediction/virtual_graph_study/messal_shale/seed_43/train.edgelist,34307,d36eace18630dcdcf53ecb69f0d68ae753bdc5a05a7890d719699978390a25cc
split,splits/link_prediction/virtual_graph_study/messal_shale/seed_43/train_neg.txt,33697,4521bc98d0d97e760aeb4682caec59025f2d81a09a82175d2788d1b738d23712
split,splits/link_prediction/virtual_graph_study/messal_shale/seed_44/test_neg.txt,14463,8283180bade6455d7639a1608ca062848f1dc8b21a001a2594d92e34128074c3
split,splits/link_prediction/virtual_graph_study/messal_shale/seed_44/test_pos.txt,14755,b915f749d16fb7c8239d7b2c6ceeeeca83561ee5f8f56d57ece44f02a77017ef
split,splits/link_prediction/virtual_graph_study/messal_shale/seed_44/train.edgelist,34293,7926addd219779de9090299c3bac7b5b3d9284621dc79d5f24721b8d053a5a6b
split,splits/link_prediction/virtual_graph_study/messal_shale/seed_44/train_neg.txt,33767,9b9f33c2974195bbe472c602b55e95823852dfb540709860fb5173ebf16bb704
split,splits/link_prediction/virtual_graph_study/minesweeper/seed_42/test_neg.txt,115568,6116efa47cd01f19666f8940547ef8aecafe50ca278c96abf3bcfd7a58192621
split,splits/link_prediction/virtual_graph_study/minesweeper/seed_42/test_pos.txt,115804,d4b25669c3ea9530d64f23cfa4a6c5c6770f43ba562b0ed8d13d919e1c1414a0
split,splits/link_prediction/virtual_graph_study/minesweeper/seed_42/train.edgelist,270030,60d37900daa9914d27240fa517bd6533bc1b9e4e56bbe0d306bd4c4967e53a38
split,splits/link_prediction/virtual_graph_study/minesweeper/seed_42/train_neg.txt,269814,b1c57024c5bd6f0f81e0c74568e8757c81cece01165c14ef80e76b472073f128
split,splits/link_prediction/virtual_graph_study/minesweeper/seed_43/test_neg.txt,115582,88d7c65ec7516a73a970627d60438ac4aa0126873151c8671d3bb91db94851be
split,splits/link_prediction/virtual_graph_study/minesweeper/seed_43/test_pos.txt,115801,093b71b957dd37219a6040b01509419748adc74c2008bf59e7f81d4ba1636565
split,splits/link_prediction/virtual_graph_study/minesweeper/seed_43/train.edgelist,270033,8929884ceb3389eb83746137510f123f977bf516bd45fbf9032c564c90e601d7
split,splits/link_prediction/virtual_graph_study/minesweeper/seed_43/train_neg.txt,269598,d7747bcf49290eb1e14b8aede009aa8471cc488922e89db9bd51ea024bb9fe3c
split,splits/link_prediction/virtual_graph_study/minesweeper/seed_44/test_neg.txt,115582,42b5b7714df1a650585da12498dd2410d7b8f38ffe6bdec1926c29bcc6422838
split,splits/link_prediction/virtual_graph_study/minesweeper/seed_44/test_pos.txt,115921,ff5c38b1c14f0459a0e26b8b939873527c1abf61e75ed21b5ff21591dbc50f74
split,splits/link_prediction/virtual_graph_study/minesweeper/seed_44/train.edgelist,269913,94209711c0faf2d15d068d1c7ce315a694c51ef27a8eee70f6ddb18cb2a3e520
split,splits/link_prediction/virtual_graph_study/minesweeper/seed_44/train_neg.txt,269629,0e5f7c2de5a575f49546593b73e44ecb8163583cc2e0a10a9a3d715b9afc1af2
split,splits/link_prediction/virtual_graph_study/nematode_mammal/seed_42/test_neg.txt,207743,89d7f2814046c89a061272237c34f033541364498b560283d8b5535718c01dca
split,splits/link_prediction/virtual_graph_study/nematode_mammal/seed_42/test_pos.txt,194240,a89e6c84c5cf2258349ed693f922a9399391b3c15dabebc609424ddcb798ab0a
split,splits/link_prediction/virtual_graph_study/nematode_mammal/seed_42/train.edgelist,461120,a658cbf7391c3ddff6beed8b42bb293d432d718fa08b809c8b91406c2fadd3a4
split,splits/link_prediction/virtual_graph_study/nematode_mammal/seed_42/train_neg.txt,485089,dfff210d41e0e6e9f2f0627c891c301e9b12c9cdfdc61f25454c6375ad57fed2
split,splits/link_prediction/virtual_graph_study/nematode_mammal/seed_43/test_neg.txt,207979,b9d665016879880bc3ea20689d6348a2de89167d0e2f896590c5a90a9e412ab8
split,splits/link_prediction/virtual_graph_study/nematode_mammal/seed_43/test_pos.txt,194166,e26593666f8fd44efea5836a701b6192b486fb0e4527af7316a55981a8b08aa7
split,splits/link_prediction/virtual_graph_study/nematode_mammal/seed_43/train.edgelist,461194,fb1fda0707de3294bd9f4cc3df52be899a967b96b3f728da9b718a9a793f544b
split,splits/link_prediction/virtual_graph_study/nematode_mammal/seed_43/train_neg.txt,485010,d298efac5dde277654b45b6d2c1356d36b3296021a712fbee0b478ee9f8e01b0
split,splits/link_prediction/virtual_graph_study/nematode_mammal/seed_44/test_neg.txt,207983,d58cac00d03d9df163a5f1bf3af38b0ef9f85b88c641d047be36cac77cd5bd92
split,splits/link_prediction/virtual_graph_study/nematode_mammal/seed_44/test_pos.txt,194373,31ec55ac88259a7053e2644021be90d2316b39aaebb79219bfb91e12f80811bc
split,splits/link_prediction/virtual_graph_study/nematode_mammal/seed_44/train.edgelist,460987,c3209c0cd6280625691bcfac52475fafe2111c9d19a445769c91235815c0d3ce
split,splits/link_prediction/virtual_graph_study/nematode_mammal/seed_44/train_neg.txt,484939,731be7ccb44621b812703ad3e73c1852f68d79131500e2b745a8316206aa32c4
split,splits/link_prediction/virtual_graph_study/nematode_mammal/seed_45/test_neg.txt,207931,a3b332414360e05bbb5b73230dbb7d309d544e983999327f07730dd4180f0066
split,splits/link_prediction/virtual_graph_study/nematode_mammal/seed_45/test_pos.txt,194191,10475be560ad1d34f59e99744a7c53c0cf3b4e4c3f255caad9392ea90f40ed91
split,splits/link_prediction/virtual_graph_study/nematode_mammal/seed_45/train.edgelist,461169,499d902ba27cc99de1ba31ffa9feef632332289f369fa3df62b84f0322c9d4b3
split,splits/link_prediction/virtual_graph_study/nematode_mammal/seed_45/train_neg.txt,485026,0b9c6b8156823b3612ca3f65a31c6e916f538c40ae590fe3d3c92aaa41a8ea02
split,splits/link_prediction/virtual_graph_study/nematode_mammal/seed_46/test_neg.txt,207975,98996b3c8b502a310f32d4e232e6c2e8c0c4bbd96daa08152e38091948c81a6e
split,splits/link_prediction/virtual_graph_study/nematode_mammal/seed_46/test_pos.txt,194213,42e6e8dc9f49d1e5f11d05fbe9ef48addd85b578b6a9af01b64dc8042dc4b960
split,splits/link_prediction/virtual_graph_study/nematode_mammal/seed_46/train.edgelist,461147,a298bfae718751c04ab76e00865449933cf8cf9fc6330d4806d5a3ef38e7a7e4
split,splits/link_prediction/virtual_graph_study/nematode_mammal/seed_46/train_neg.txt,485032,8014282a61ce487f4a515885215fdecaa0e2aa23955bf3d2d155db5b76a04642
split,splits/link_prediction/virtual_graph_study/nematode_mammal/seed_47/test_neg.txt,207778,5cbce60f543681cda699bb78b8de5d991ada5de84a0c021354e45678de2ececf
split,splits/link_prediction/virtual_graph_study/nematode_mammal/seed_47/test_pos.txt,194259,cd1e77a0c1786fb42d1ea36d37185312c10bf0b2ca8e8db8f7420fa7fe52f7ed
split,splits/link_prediction/virtual_graph_study/nematode_mammal/seed_47/train.edgelist,461101,0548891a223bb90848c7619ca2329dea30e81ea104bcefadefcd99b7f95ae3bf
split,splits/link_prediction/virtual_graph_study/nematode_mammal/seed_47/train_neg.txt,485241,8a892b7032d5292fe48f4e0cc65257b55c354e1f7bee9060d54b99d294c48457
split,splits/link_prediction/virtual_graph_study/nematode_mammal/seed_48/test_neg.txt,207696,908bae5c15bb3e72d0cb43b045b695125b50c8389859f0e7ff4af42a312b412f
split,splits/link_prediction/virtual_graph_study/nematode_mammal/seed_48/test_pos.txt,194186,cad2e81ef1dd99a9d27c41d9943a689a1277128f52d171deed9e2df7de217f90
split,splits/link_prediction/virtual_graph_study/nematode_mammal/seed_48/train.edgelist,461174,72108e00d0eb7aaeb51f4101df0c2bf7d90ac7869b569775c6008b31e053dba2
split,splits/link_prediction/virtual_graph_study/nematode_mammal/seed_48/train_neg.txt,485042,0c7ee01a6a5f5d2d96438bcd8bfa1c54694c249ecf574ec7a582ffefa0ae4033
split,splits/link_prediction/virtual_graph_study/nematode_mammal/seed_49/test_neg.txt,207779,6db070f9c5461d2e20289623842a7470ba0ccc396ceb53af50fac09cc615a8bb
split,splits/link_prediction/virtual_graph_study/nematode_mammal/seed_49/test_pos.txt,194189,0bc7b27fec0a1e2b93cc082fe43edefadc3b2606dea652cf068bb6c77e42f498
split,splits/link_prediction/virtual_graph_study/nematode_mammal/seed_49/train.edgelist,461171,7d91cd2f8046c4c79e40a9732c91cf0625561a64dbc4f19023bca124582f19eb
split,splits/link_prediction/virtual_graph_study/nematode_mammal/seed_49/train_neg.txt,485283,faf57a842e0a8377318385791536a1f9cf4f73c5018e3dc5e12624e3455f06c3
split,splits/link_prediction/virtual_graph_study/nematode_mammal/seed_50/test_neg.txt,207827,ef99f28852d66c639bd3d759fd949b49b4196baad7f02fbea729fe8e3f608fca
split,splits/link_prediction/virtual_graph_study/nematode_mammal/seed_50/test_pos.txt,194168,fd68c7a93dec45ad0e9429ce945b5c0c8533a2db907578e8528f0431950daa03
split,splits/link_prediction/virtual_graph_study/nematode_mammal/seed_50/train.edgelist,461192,eaea12596074060e5b5d26dc9a47b11d13ff58c8db46109d1760acd2d80318ff
split,splits/link_prediction/virtual_graph_study/nematode_mammal/seed_50/train_neg.txt,484900,a12fd28e686b284ae679305198521834a3d3daa8fcb37212ed40612ba0350872
split,splits/link_prediction/virtual_graph_study/nematode_mammal/seed_51/test_neg.txt,207919,085ce201574c339626c3755a0f49472dc78d0c47565317b2de5c4b078abb8009
split,splits/link_prediction/virtual_graph_study/nematode_mammal/seed_51/test_pos.txt,194063,e913ff5ce7df395d33e681393f24be935683d29afd14a356afeee7084808a56d
split,splits/link_prediction/virtual_graph_study/nematode_mammal/seed_51/train.edgelist,461297,6c384b3a6cb44e9b8af861a662c5872da5d9fd048f52221e69c3e8a7e9550e2d
split,splits/link_prediction/virtual_graph_study/nematode_mammal/seed_51/train_neg.txt,484880,9d76fc0d94edf6c6e155b7d6465ddc27cd2af94e90980b0bb0728240f98359f7
split,splits/link_prediction/virtual_graph_study/penn94/seed_42/test_neg.txt,4686005,a9ea84c440e259dc5e11508db8f12e3577af4cfe73a1d26e40197c5f6541fa11
split,splits/link_prediction/virtual_graph_study/penn94/seed_42/test_pos.txt,4687298,c3347ba0a1a4ecbaad46845a3b8337fa79cfa21c80d629b7aa2283094c9fbbf1
split,splits/link_prediction/virtual_graph_study/penn94/seed_42/train.edgelist,10931032,2dc1027d16da988092a3d7f577284f7028e14fe6a06a29f13a7bdb8e67eadd8b
split,splits/link_prediction/virtual_graph_study/penn94/seed_42/train_neg.txt,10933475,ca0907588b646a0736af3906ccc767f2e244e91bf0743d0abf1a248deaea7ef8
split,splits/link_prediction/virtual_graph_study/penn94/seed_43/test_neg.txt,4685497,bafbd76a16ba6ff8bf6f920eec69d51847ae2ac840ce7bf29e92ab9c3028f679
split,splits/link_prediction/virtual_graph_study/penn94/seed_43/test_pos.txt,4687026,13395ed0ed35e609b907dd2bd6456d6e86fb5208eadcfea467ab140d70641d8e
split,splits/link_prediction/virtual_graph_study/penn94/seed_43/train.edgelist,10931304,7d91882113025ee7c6c4506c25542769ff752a4a06c6b3a178308c7e1a89fe47
split,splits/link_prediction/virtual_graph_study/penn94/seed_43/train_neg.txt,10932963,33b4959be885fde110f307d698d0e5b9564c772fe7acb61d8cb0e0a5e027d351
split,splits/link_prediction/virtual_graph_study/penn94/seed_44/test_neg.txt,4685266,6cffdf23b8db7a158829c89696c1465197734bd03ce76495ad99efc51afdc1ea
split,splits/link_prediction/virtual_graph_study/penn94/seed_44/test_pos.txt,4686525,81669a9f3731aeeea27994d884c59bbb559545db6bc21a095a2a211d82d0d6a9
split,splits/link_prediction/virtual_graph_study/penn94/seed_44/train.edgelist,10931805,7319ececcdabff995264f064bd16d4a3c80c25f342caef71b140a20aa8fe9749
split,splits/link_prediction/virtual_graph_study/penn94/seed_44/train_neg.txt,10933014,15a4e7e5921c5fec0c34f145924d0c10e1f4ce6d1a27d19ed82c9df4503819b0
split,splits/link_prediction/virtual_graph_study/plant_pol_kato/seed_42/test_neg.txt,2812,0889cf47ff94b7fb19affd862a914dce293d9a45bc92c670f7bb6a7ae77e980b
split,splits/link_prediction/virtual_graph_study/plant_pol_kato/seed_42/test_pos.txt,2530,277554b72e5bb81bb78eb58e6db906e5d630175be45099fd0f2081ceaa45a55f
split,splits/link_prediction/virtual_graph_study/plant_pol_kato/seed_42/train.edgelist,5865,187a94683e88c92e2be5ed9cafa0c7587019b3be7bd40c04308f555e80f20716
split,splits/link_prediction/virtual_graph_study/plant_pol_kato/seed_42/train_neg.txt,6538,c9bce0a05dccec1bf97f6d66a729802dee702a95c898ab4cd12b7a1f8bb70381
split,splits/link_prediction/virtual_graph_study/plant_pol_kato/seed_43/test_neg.txt,2788,ae78054198440e25bede26175ef7bc30685d18952293511f57b6c6aaa18ed1bf
split,splits/link_prediction/virtual_graph_study/plant_pol_kato/seed_43/test_pos.txt,2528,e032698159fab066b8815e7a342f408819ef0114284c19bd443af1a17c5fca06
split,splits/link_prediction/virtual_graph_study/plant_pol_kato/seed_43/train.edgelist,5867,cadf0dd119b4972eeb8c345748cf4f3c39d818e8580fc0cf8743357fb82a2f15
split,splits/link_prediction/virtual_graph_study/plant_pol_kato/seed_43/train_neg.txt,6506,8dc8cddc1780ec98d12982925b365bbc9ec13a6f17e1a9fd208deefb85ff53c9
split,splits/link_prediction/virtual_graph_study/plant_pol_kato/seed_44/test_neg.txt,2802,5ee73f83516b7c1497e7a9b7f046be252d27f7795acf5fbbc69fb12983260870
split,splits/link_prediction/virtual_graph_study/plant_pol_kato/seed_44/test_pos.txt,2529,490cddb04c7f59ee6a249bb3d62e802251374e0be6662e570356b0781d07ae18
split,splits/link_prediction/virtual_graph_study/plant_pol_kato/seed_44/train.edgelist,5866,069bd95b1accefdc312719aec393001edbdeeccad093600a4bcf99b8ba366f27
split,splits/link_prediction/virtual_graph_study/plant_pol_kato/seed_44/train_neg.txt,6506,7971d0c8be2c9dc2586038dfbd28abe013cd3c4efa3f9f77aeb3fa38c56aafdd
split,splits/link_prediction/virtual_graph_study/plant_pol_robertson/seed_42/test_neg.txt,40497,4933acb3f50016d0dbf2f9af01c3d07cf3cdafa29b4ac0b980df53517806541d
split,splits/link_prediction/virtual_graph_study/plant_pol_robertson/seed_42/test_pos.txt,38730,76001ca0ccbd09e4f406fbac94c65b3003c06cf4d1249fb4e190b6f8a746399d
split,splits/link_prediction/virtual_graph_study/plant_pol_robertson/seed_42/train.edgelist,89924,60555d994f219e200f3d90525e28b579709771484ca7a80d526875375f8b5803
split,splits/link_prediction/virtual_graph_study/plant_pol_robertson/seed_42/train_neg.txt,94248,9a180f8aa249815a77465db532c957afe2f7e5a0bf973f39c14e95ee21d5e657
split,splits/link_prediction/virtual_graph_study/plant_pol_robertson/seed_43/test_neg.txt,40417,6834d7b35d4ae24d8ff65322276972f639a3113f7b3f9dc3695adccdf3f723e0
split,splits/link_prediction/virtual_graph_study/plant_pol_robertson/seed_43/test_pos.txt,38607,a73546aa7110c27b1cdec364726dab2ae6bb81680f4558e83fa08dc6bc592c83
split,splits/link_prediction/virtual_graph_study/plant_pol_robertson/seed_43/train.edgelist,90047,2b4cae9d4e488d2ac35f6b1fd4bc4b4e9f82968291d47b2dffca3dd16657a0d8
split,splits/link_prediction/virtual_graph_study/plant_pol_robertson/seed_43/train_neg.txt,94292,f53d61b832f1ebfb54ae49fe83c170c33dabd404ab4eb82488e8e749fa28d0f4
split,splits/link_prediction/virtual_graph_study/plant_pol_robertson/seed_44/test_neg.txt,40345,ac0f537605e856104a60ff4d1e97edd8589830905bde1540e781a6faaa384d34
split,splits/link_prediction/virtual_graph_study/plant_pol_robertson/seed_44/test_pos.txt,38743,1721c1f3c162c4cd414f79bfa3e4586a25ba8904d611cbd99ce4f91827a613f4
split,splits/link_prediction/virtual_graph_study/plant_pol_robertson/seed_44/train.edgelist,89911,36089961f4545916f131d45283296df4589e3bcada7e342961eb05d16019c051
split,splits/link_prediction/virtual_graph_study/plant_pol_robertson/seed_44/train_neg.txt,94385,7f0cc8a2586365c1ff32c4369defa3e695876a47a39028d5ac0bc89ea4904e55
split,splits/link_prediction/virtual_graph_study/plant_pol_robertson/seed_45/test_neg.txt,40434,ade4b21b268c6f51ec647ab5312a4a339c6bd2b21d4aef04c0ce23e8f7a47d29
split,splits/link_prediction/virtual_graph_study/plant_pol_robertson/seed_45/test_pos.txt,38723,5ce41197c08f571c01b11b17d35118e6b12b757d729a368bbc7d0686b9eb3c17
split,splits/link_prediction/virtual_graph_study/plant_pol_robertson/seed_45/train.edgelist,89931,9900c93b2db4e72c1952e725ffd9f575270b61a05c01030ab1f972aed3052f3b
split,splits/link_prediction/virtual_graph_study/plant_pol_robertson/seed_45/train_neg.txt,94166,ef16e34e748cc4dac9e95ec1441e4565fb9e7e6068480295c70b905293e5a8ea
split,splits/link_prediction/virtual_graph_study/plant_pol_robertson/seed_46/test_neg.txt,40360,e6ae89ae55d6edc8e4e989137991f080d3fc030bb479adc6a62cca4ec760e6cd
split,splits/link_prediction/virtual_graph_study/plant_pol_robertson/seed_46/test_pos.txt,38712,6bff96577f6aef7b113bd22ca91573057dd193cb0b790236097dc53818e18814
split,splits/link_prediction/virtual_graph_study/plant_pol_robertson/seed_46/train.edgelist,89942,0b8564ca47ab0b29c758ec9a3f0d548149d54758e463b2147e841fe9516d3dc0
split,splits/link_prediction/virtual_graph_study/plant_pol_robertson/seed_46/train_neg.txt,94345,6004a180f037bade643daa63929cf4c5fa0ba67b38751c69a20128baa0d56333
split,splits/link_prediction/virtual_graph_study/plant_pol_robertson/seed_47/test_neg.txt,40418,6a34e218bb385373d6df0ffc675d00e108f65ba3e302ffae52e012526fbda5c7
split,splits/link_prediction/virtual_graph_study/plant_pol_robertson/seed_47/test_pos.txt,38675,c5945637dd4de56d7804fb2c0e8e3efd4f3b7fa9b4aca09485c3e951683dc65f
split,splits/link_prediction/virtual_graph_study/plant_pol_robertson/seed_47/train.edgelist,89979,f669c4aa2a4e3bdba014b01b7b4ad67ddcf8e8cdd8e9276f8941a2390545d3d1
split,splits/link_prediction/virtual_graph_study/plant_pol_robertson/seed_47/train_neg.txt,94350,2c2c42d81990f0560a0481c0a782154fc0345130054174eb1d1cb5f7079a46bb
split,splits/link_prediction/virtual_graph_study/plant_pol_robertson/seed_48/test_neg.txt,40309,88620a275c1432f1f2e737999039ddbaf1c2333f1c413888b9b81cc4ea14f654
split,splits/link_prediction/virtual_graph_study/plant_pol_robertson/seed_48/test_pos.txt,38640,4e38d637c216f755103c4e4ec5998c9b85934534386302d7f9de97f1af09a99c
split,splits/link_prediction/virtual_graph_study/plant_pol_robertson/seed_48/train.edgelist,90014,db9cc2a22856f3403c68cc432350e2c01563c47e888e1630a1efe38022c56f21
split,splits/link_prediction/virtual_graph_study/plant_pol_robertson/seed_48/train_neg.txt,94071,6c76bfa1be575ff573b3a0cf1230848040cfa24bc9b6ce6b7906056f749e1980
split,splits/link_prediction/virtual_graph_study/plant_pol_robertson/seed_49/test_neg.txt,40311,3626ec1a7609092926f6cc51a045a051e514d1599ba5802f65e37e9b222a3b66
split,splits/link_prediction/virtual_graph_study/plant_pol_robertson/seed_49/test_pos.txt,38710,7ffa3135914121af727cb89717bac4f34fbcd1e9c7063435e09a9d3e38564662
split,splits/link_prediction/virtual_graph_study/plant_pol_robertson/seed_49/train.edgelist,89944,e4815c3aa926eb43ef606b0171f91fea23202298c657cf00ea1c8ab01462a599
split,splits/link_prediction/virtual_graph_study/plant_pol_robertson/seed_49/train_neg.txt,94339,7413c4116ccc34c0a7a3df40a7efc7603c7880e6af64689ea5a28866a4642c31
split,splits/link_prediction/virtual_graph_study/plant_pol_robertson/seed_50/test_neg.txt,40296,3adbd45cdc9a71ff50c464dc68ed5e37191ad2fea154dc8361aaa9143fabcce8
split,splits/link_prediction/virtual_graph_study/plant_pol_robertson/seed_50/test_pos.txt,38647,d6c029aee3120017f6c720a6b8ed128e5e36c92aa8cfef62a136dfe5e8337923
split,splits/link_prediction/virtual_graph_study/plant_pol_robertson/seed_50/train.edgelist,90007,ae0acb848f2a058a67b837e1f5d7e72c42bce5e993c371982582ef4fd5c2b999
split,splits/link_prediction/virtual_graph_study/plant_pol_robertson/seed_50/train_neg.txt,94327,cd628c39350d016c22bf19909a99b60e2769f4031c784ffb472e6c47a2d13b59
split,splits/link_prediction/virtual_graph_study/plant_pol_robertson/seed_51/test_neg.txt,40362,8ab687f6c0e00b3a059f3d9c46f2388429ea29da629c369ec084c7bc0e2b9c4f
split,splits/link_prediction/virtual_graph_study/plant_pol_robertson/seed_51/test_pos.txt,38659,8520664c4acd1c87cefe4e0ade8d21b6586fb47322715457e4a0e92e136d3c64
split,splits/link_prediction/virtual_graph_study/plant_pol_robertson/seed_51/train.edgelist,89995,be2d86e6626b61d0cd88c2fd9745d151bfe8155499a44648a986f45161ca2c44
split,splits/link_prediction/virtual_graph_study/plant_pol_robertson/seed_51/train_neg.txt,94274,f7eb3ec695d1c067c8b91b7510171c20640af7ec2b8b5509718887f35b0e7d87
split,splits/link_prediction/virtual_graph_study/polblogs/seed_42/test_neg.txt,42846,de61b4ef6d0cbdf03316e6f7bcc47eebc2005434e2ec83d2a6c0840f67fe0da3
split,splits/link_prediction/virtual_graph_study/polblogs/seed_42/test_pos.txt,42784,af6392394ef6c7681fe0b6c55fcc05936b04c4a82177488a81cd9c92ce0024f0
split,splits/link_prediction/virtual_graph_study/polblogs/seed_42/train.edgelist,99351,3d327de492e1c0309de7622741fad2e5ea0bb7b03905eac7519fbb4117fa21a0
split,splits/link_prediction/virtual_graph_study/polblogs/seed_42/train_neg.txt,100028,745578c8907c099d19b3a37ce973c081f19314c687af9e5e9728eb7082a2960c
split,splits/link_prediction/virtual_graph_study/polblogs/seed_43/test_neg.txt,42773,f3e6a4baff4dc1e7cbe5da6d9b3f457c2a3b347a55c9a380e3f6a714b3660d1f
split,splits/link_prediction/virtual_graph_study/polblogs/seed_43/test_pos.txt,42682,8919c2ac574d9373e65d2c339af6cc448833e06e9ba8e8ace0ba0d2c86033a8f
split,splits/link_prediction/virtual_graph_study/polblogs/seed_43/train.edgelist,99453,b2031070b931ef05f3f30d5ab7caf68e6cf52ed0e78a434a4a6ede1e75321d78
split,splits/link_prediction/virtual_graph_study/polblogs/seed_43/train_neg.txt,99979,9c376cffec50443a4b611a0b6cec19b08c9d7a317ee93caece0d7fe6c7208d0d
split,splits/link_prediction/virtual_graph_study/polblogs/seed_44/test_neg.txt,42805,6b2a37c6357528de94629f362a0c0ecb87fcb036f3363520b50e47e73795b80b
split,splits/link_prediction/virtual_graph_study/polblogs/seed_44/test_pos.txt,42684,4e07dd648946aac7466857f699013dbc520a07a9f652e0c1c85debfcf3a42fa2
split,splits/link_prediction/virtual_graph_study/polblogs/seed_44/train.edgelist,99451,8cda760ef3f2fd1b36e061b4a88e5fbb3a3265debee8f9029a00c8b44bbf1e72
split,splits/link_prediction/virtual_graph_study/polblogs/seed_44/train_neg.txt,99869,0af7c4b81285614683819be7ec92216fe631cc9b4f017cc5298861922170ca29
split,splits/link_prediction/virtual_graph_study/polblogs/seed_45/test_neg.txt,42832,9d50c2ba7b66f75d3033dc228cd3f167cb8609da39ac156c63b3d2a0c11c4d06
split,splits/link_prediction/virtual_graph_study/polblogs/seed_45/test_pos.txt,42663,9b8274b812ba4ed7fb041e0409dfbd416df06acac0380d24dce1c6e7b9ceeeca
split,splits/link_prediction/virtual_graph_study/polblogs/seed_45/train.edgelist,99472,9cbf2b60cb2f562230f112928d7fd2200987872b970feff359d4b312485dcc61
split,splits/link_prediction/virtual_graph_study/polblogs/seed_45/train_neg.txt,99982,26d4966d1e6c5935b720c15150eae1fd2d1515a5b32e2bb3697fb0033836d5c1
split,splits/link_prediction/virtual_graph_study/polblogs/seed_46/test_neg.txt,42795,7263e26ff67d5276866c36584dec6627f3a5ed1c4095e1eca45eb9dd45667841
split,splits/link_prediction/virtual_graph_study/polblogs/seed_46/test_pos.txt,42809,38ab2910492306843ff433ff2f7c98feaa7145b89e79d8e76ed1ec433785f7e8
split,splits/link_prediction/virtual_graph_study/polblogs/seed_46/train.edgelist,99326,6296ce37b11793311bf989756179216b754cf72b063d5c77aed072520d32ed89
split,splits/link_prediction/virtual_graph_study/polblogs/seed_46/train_neg.txt,100001,09ea86a59f95547f7b2d8a66588c0ab93e9d55d68c847808ac8d2e747101121a
split,splits/link_prediction/virtual_graph_study/polblogs/seed_47/test_neg.txt,42848,885b66b05bedb0546725a44a773130d6c10aae39798b7533c2a57684780de759
split,splits/link_prediction/virtual_graph_study/polblogs/seed_47/test_pos.txt,42755,759913217ab6a346abf9d1407d6732e20d6365fd4a6d8e57f6b39088287eac65
split,splits/link_prediction/virtual_graph_study/polblogs/seed_47/train.edgelist,99380,94b4615dc4457f65c2fc8113c5f8ddbaaf2de329ff7e80fe874af54671bac14e
split,splits/link_prediction/virtual_graph_study/polblogs/seed_47/train_neg.txt,100102,5318384b729e81e1996712dee65c40700ea593124af498a7d5c15eab88477f23
split,splits/link_prediction/virtual_graph_study/ppi_fly/seed_42/test_neg.txt,404233,416936d52bb8a54b1715443b16663b60d601142eb9e1af14a3bacea393bd4e97
split,splits/link_prediction/virtual_graph_study/ppi_fly/seed_42/test_pos.txt,384927,172944df2ad79d02f13df2c4d33bb05d5b6dc2e9000fb53d8476bf8f4b78061c
split,splits/link_prediction/virtual_graph_study/ppi_fly/seed_42/train.edgelist,896353,c4195d715bf202f23439b180623f15dbea51da68d68f673f2177d9846e8c66ee
split,splits/link_prediction/virtual_graph_study/ppi_fly/seed_42/train_neg.txt,942595,0a5d9c6115e30ac53aae83999fa087c7036a3264c6d7d557da748782964e9648
split,splits/link_prediction/virtual_graph_study/ppi_fly/seed_43/test_neg.txt,404060,fcbba2f5fb2c20886974bdbd750c1eda0954621fde29355513198db41b5ff638
split,splits/link_prediction/virtual_graph_study/ppi_fly/seed_43/test_pos.txt,384801,ab6e81daa6042a9c62b18156cae7e744f9ecfc381d3c4c23f5ca4fca2b760311
split,splits/link_prediction/virtual_graph_study/ppi_fly/seed_43/train.edgelist,896479,6dae7f04255d5ebeb1e8b710741573fc9bdc036a0602326e6fae13e22877e299
split,splits/link_prediction/virtual_graph_study/ppi_fly/seed_43/train_neg.txt,942858,dce2fe6503dd728fa9718ed4ee5ca4694f0612c6b33423b8b56b779effb37c13
split,splits/link_prediction/virtual_graph_study/ppi_fly/seed_44/test_neg.txt,403772,45d92f255f23121f8a4773609bcb103b4e12991a25d457b30e5ffb265d1069eb
split,splits/link_prediction/virtual_graph_study/ppi_fly/seed_44/test_pos.txt,384751,93cb64c2ac0bd0d554898dbfe3f005ef85f1329e827af22dbb924368e7f50d72
split,splits/link_prediction/virtual_graph_study/ppi_fly/seed_44/train.edgelist,896529,25dc89536128c33094f5782d29783b46ab0b573beaf79a838ccb81c51e0aad37
split,splits/link_prediction/virtual_graph_study/ppi_fly/seed_44/train_neg.txt,942617,31c9c54c3204fb84316116760a764e2fbff2eb1331be39ca045d25e2cd7effb1
split,splits/link_prediction/virtual_graph_study/ppi_human/seed_42/test_neg.txt,1753285,e4c48ec98807b76dae4b3b39e14928b2df02e5cf05811990fcf09d1e5f934a42
split,splits/link_prediction/virtual_graph_study/ppi_human/seed_42/test_pos.txt,1638618,8ad945ef2097dff608d03d7787ec018e3fee7d5b92ea8bb0a3a54f3057316eb7
split,splits/link_prediction/virtual_graph_study/ppi_human/seed_42/train.edgelist,3816477,527458f9fc304a10d9e090eac57dbd2f68522c8d96a0cc8adf9e2b38d3456280
split,splits/link_prediction/virtual_graph_study/ppi_human/seed_42/train_neg.txt,4091369,9db91c3244bd41a882cc748427692730bc5bde82c3cfed8727e5569150eb21e4
split,splits/link_prediction/virtual_graph_study/ppi_human/seed_43/test_neg.txt,1752458,23ef3d114cf19b7b1981f630778e0bee686761ec4c75193248cb5edfb93f075a
split,splits/link_prediction/virtual_graph_study/ppi_human/seed_43/test_pos.txt,1639060,a8047317df496ece816339c1733ac2ff1280a2f3085b9974d9213a60caee80e5
split,splits/link_prediction/virtual_graph_study/ppi_human/seed_43/train.edgelist,3816035,5371342be676444f148b752178e52e689af3b73a7f06294d5e9e981ed12bb555
split,splits/link_prediction/virtual_graph_study/ppi_human/seed_43/train_neg.txt,4090536,fe8b836fa706b118972c51ba071d0ca550221a98a73b4d74bedfcb6bad9fef48
split,splits/link_prediction/virtual_graph_study/ppi_human/seed_44/test_neg.txt,1753026,74ce5ce2c6703c53b71cc45db5bed9d5d1f6f82becf4a2f6e32c447baa8e63be
split,splits/link_prediction/virtual_graph_study/ppi_human/seed_44/test_pos.txt,1638657,dbd53cf5d76c21c5f498c9f160960772fd00ba03cc4ad75915bdda9a0b7fc592
split,splits/link_prediction/virtual_graph_study/ppi_human/seed_44/train.edgelist,3816438,2212347a57da2784c87687ba8693bc702aadae603964993216f9289265bb0e56
split,splits/link_prediction/virtual_graph_study/ppi_human/seed_44/train_neg.txt,4090636,284c073da3e9a4ea610e76054e9fadb70c20566c07708fe8a6c2e3240b7994ca
split,splits/link_prediction/virtual_graph_study/ppi_mouse/seed_42/test_neg.txt,241763,d8cbc9fc972feb8f01de9688ce3fe5a69f1ca669ff1879a9dc777549835c0d2f
split,splits/link_prediction/virtual_graph_study/ppi_mouse/seed_42/test_pos.txt,224500,1010b69a71df51cff62c52dcb65ccf07aab6ff9d838a93f4d5bd9a14b80be575
split,splits/link_prediction/virtual_graph_study/ppi_mouse/seed_42/train.edgelist,523498,e683d6a7ac61084082847d35238c6f7354bbbf4de21e7a37cef5841e282b10d6
split,splits/link_prediction/virtual_graph_study/ppi_mouse/seed_42/train_neg.txt,564393,fa88bb10ee94751e646a80b2789efc5646e4a55fd47cb0d26d07bdcffda1a60c
split,splits/link_prediction/virtual_graph_study/ppi_mouse/seed_43/test_neg.txt,241730,c9a277a75f0a082ab2a1e4de3d2af14e7b1dd3b7991468439c19d7a85de802c5
split,splits/link_prediction/virtual_graph_study/ppi_mouse/seed_43/test_pos.txt,224291,9a2458abe2e83b05cd7d0ce35a0df72fbc8528407986433d6fb3a7421b49c8f0
split,splits/link_prediction/virtual_graph_study/ppi_mouse/seed_43/train.edgelist,523707,44eeef7aedd0b5d434303c6251803e8436392db26c2dc082e53ba7afbdcc0e2d
split,splits/link_prediction/virtual_graph_study/ppi_mouse/seed_43/train_neg.txt,564286,deb887d2fb825c32f17f4595e70aae5731ef60ed85adab0554fbf06ae681342d
split,splits/link_prediction/virtual_graph_study/ppi_mouse/seed_44/test_neg.txt,241759,37938dff64c7757b7bf72b0b414b851b184cc7d341fea0a661d5790d0118f726
split,splits/link_prediction/virtual_graph_study/ppi_mouse/seed_44/test_pos.txt,224569,477181722de0c0a821f5e00263d8e8648c13def672332f714ca2a7e8a33a5e37
split,splits/link_prediction/virtual_graph_study/ppi_mouse/seed_44/train.edgelist,523429,a1783a61bcca0b21ea5f2be22c0ca57baf34967399f802da299640aa03925653
split,splits/link_prediction/virtual_graph_study/ppi_mouse/seed_44/train_neg.txt,563921,f5270feca99fa0d743f6366ef18386528444c82f540e8e32290555b23ee48108
split,splits/link_prediction/virtual_graph_study/ppi_mouse/seed_45/test_neg.txt,241860,aded1c7e8a7e395b99c8c522c5818190e2631c558062107198a7967fac8b413b
split,splits/link_prediction/virtual_graph_study/ppi_mouse/seed_45/test_pos.txt,224235,262ea872bc4ee936ab2e53217e901575f826f47a2aae68a8742ab3e2e40846a7
split,splits/link_prediction/virtual_graph_study/ppi_mouse/seed_45/train.edgelist,523763,1fa1375abb51bb86e63b3996beb7df361c1467b3db85b15e1f7cb220a6be82d1
split,splits/link_prediction/virtual_graph_study/ppi_mouse/seed_45/train_neg.txt,564190,9cc8263a686c8ff1f11d4ac09651ab36fc4e5fe2bec752554a6f899b8f06c79c
split,splits/link_prediction/virtual_graph_study/ppi_mouse/seed_46/test_neg.txt,241768,4a04c80ced3617803273b0b168a79d7ee719934b9e03fea64ce8b1867c02f8d0
split,splits/link_prediction/virtual_graph_study/ppi_mouse/seed_46/test_pos.txt,224456,8a2f529730a822c2bb29f7cba24983e17d89dba7c9eb9c007710f2fcc539d75e
split,splits/link_prediction/virtual_graph_study/ppi_mouse/seed_46/train.edgelist,523542,acf02db21f9f5ae412f13ec62830d835e9a380fc7ff4b453c7e39ccf76c809de
split,splits/link_prediction/virtual_graph_study/ppi_mouse/seed_46/train_neg.txt,563998,ab3ee31c3b6a2be123a4967aee1d81c1b416392137215e3a21d418aa7d3425b5
split,splits/link_prediction/virtual_graph_study/ppi_mouse/seed_47/test_neg.txt,241498,ba49f827dc76d5510371f89c1ea6c3aca49f022bec6798bf7c767f2c6f32dea0
split,splits/link_prediction/virtual_graph_study/ppi_mouse/seed_47/test_pos.txt,224396,dbdb12e9b6cf15d10120a39d3061a76306d3c87b54b1299baabeef295f8a57ed
split,splits/link_prediction/virtual_graph_study/ppi_mouse/seed_47/train.edgelist,523602,04cd08c8899cab7c1546fbd270f5d6cf3814d92ce3319eb40882852127cd3cd9
split,splits/link_prediction/virtual_graph_study/ppi_mouse/seed_47/train_neg.txt,564550,e300fe909f1eb413029332573b1e57469e462c12f38a08d0cbfd39a31a09c347
split,splits/link_prediction/virtual_graph_study/ppi_mouse/seed_48/test_neg.txt,241959,193641fb9df4b31d8d67acea1fcf279db19ba0771095f02c42e926216b08cd0e
split,splits/link_prediction/virtual_graph_study/ppi_mouse/seed_48/test_pos.txt,224447,75449ad6c2357dd39964d2e0db835fc17b6556ef33221d681589851189948a11
split,splits/link_prediction/virtual_graph_study/ppi_mouse/seed_48/train.edgelist,523551,9d5c71ab515257163d61018cc4b0e1b0d54ce973e2d678938d1cfd078943a38f
split,splits/link_prediction/virtual_graph_study/ppi_mouse/seed_48/train_neg.txt,563818,28564a85632ddbf68b690d5a736ab9df79db12dd062acb4a32b5d1deccf4a58e
split,splits/link_prediction/virtual_graph_study/ppi_mouse/seed_49/test_neg.txt,241658,2ad97ce495f61e809b3964b3c372f402d4069b1bd7df8e3a0a89e222c4632809
split,splits/link_prediction/virtual_graph_study/ppi_mouse/seed_49/test_pos.txt,224331,35cb54f713644bb7aad3139151f96bd583dab3b3f68213808df893210eefd429
split,splits/link_prediction/virtual_graph_study/ppi_mouse/seed_49/train.edgelist,523667,53ccdfa29df2a0e0aa7e4401033af0e05efe02f54d515f950db8e50d5e0f12ed
split,splits/link_prediction/virtual_graph_study/ppi_mouse/seed_49/train_neg.txt,564337,55e5841fa625ec7e7d368afcf6c18deca4c8b402521f72b6b7bb8519be736a64
split,splits/link_prediction/virtual_graph_study/ppi_mouse/seed_50/test_neg.txt,241660,e7919a71d4c7874a994f7b0ec26b8fefcfed9bf2713fa20a43044e5db0b34686
split,splits/link_prediction/virtual_graph_study/ppi_mouse/seed_50/test_pos.txt,224518,117199030dd1cf35b602c16114a35ee5b4080a4544ffff2830c2fab35f66fcf0
split,splits/link_prediction/virtual_graph_study/ppi_mouse/seed_50/train.edgelist,523480,354c18244850d8762e766c62171a007ec08d5427a923aaf952256e3d78144443
split,splits/link_prediction/virtual_graph_study/ppi_mouse/seed_50/train_neg.txt,564080,a7f6cbe6261a1bafb74fe6eb7e0dfb5b4862ce7e3bdf4e744a16a3107b3aca3f
split,splits/link_prediction/virtual_graph_study/ppi_mouse/seed_51/test_neg.txt,241667,6f3cf7487f084642049759b31029d60d7cdca8feba1c070f8838ddfca73f5124
split,splits/link_prediction/virtual_graph_study/ppi_mouse/seed_51/test_pos.txt,224282,0a771b54b52ad13ac316748dce84136240e8b2c0fdd45f036dbde12d890e5c48
split,splits/link_prediction/virtual_graph_study/ppi_mouse/seed_51/train.edgelist,523716,a4fee4682ca3ae22eff76bacb7653cc2d5d9157536f85f648f6a723e2a9803d3
split,splits/link_prediction/virtual_graph_study/ppi_mouse/seed_51/train_neg.txt,563826,ef78509e9fa30fe93138f5b6ec1ee5188ee67041120ee3159775bcb9bbeb979f
split,splits/link_prediction/virtual_graph_study/ppi_rat/seed_42/test_neg.txt,42992,0c2de41932d3075af67f8dc8a74c3f2e137ecccd9e24e2682491f811e8914347
split,splits/link_prediction/virtual_graph_study/ppi_rat/seed_42/test_pos.txt,41516,0b0bdb1f10f12f8200b04c38e2a6405fa0df3fe47237b8e0fcd384b18c6f3ffa
split,splits/link_prediction/virtual_graph_study/ppi_rat/seed_42/train.edgelist,95845,1f4d0a9ca8f2bf606974f1f0fc7a2e207fe67b90604097364f2d851568d2d080
split,splits/link_prediction/virtual_graph_study/ppi_rat/seed_42/train_neg.txt,100228,c5f47a9aad123c409dc34911922069ed0194e5dda496caacda2a7694f8464f93
split,splits/link_prediction/virtual_graph_study/ppi_rat/seed_43/test_neg.txt,42979,f8745c1d5421bfc53a40717d4cf695d2750f9e630d86d622b1346ce7e7ac5136
split,splits/link_prediction/virtual_graph_study/ppi_rat/seed_43/test_pos.txt,41509,b45000d46b490429b0f396486dd6a74c390ca3351605b2288f71d5630fedf86f
split,splits/link_prediction/virtual_graph_study/ppi_rat/seed_43/train.edgelist,95852,2207b856ceb4c7af8e3078de42a8724d309632cf2a31f7e3d26c700eb74ac4fb
split,splits/link_prediction/virtual_graph_study/ppi_rat/seed_43/train_neg.txt,100200,d92e878c8addd96cf909e465a6c57e33c47b809288cf53626dd1399e98fb5aa8
split,splits/link_prediction/virtual_graph_study/ppi_rat/seed_44/test_neg.txt,42938,d00cd0d0d6b84fc0bc3e0c8dc05c81aca99342df9e4e80a3142ad544223b19b7
split,splits/link_prediction/virtual_graph_study/ppi_rat/seed_44/test_pos.txt,41512,ddff6df806ee017729029c102480f9ef8fb4445598b0b8be224e09829504e408
split,splits/link_prediction/virtual_graph_study/ppi_rat/seed_44/train.edgelist,95849,1046e5bb37beae4e62c051b0797a8966f7d79e9b70c8fe02451709506663a5fc
split,splits/link_prediction/virtual_graph_study/ppi_rat/seed_44/train_neg.txt,100185,d354217a226816ce4cc2f95f62a1969a78dbd07ce0846145b5a3afec70c6ac7b
split,splits/link_prediction/virtual_graph_study/ppi_rat/seed_45/test_neg.txt,42916,4af863ab571d610ff0dba11fa6ed99e22f1247c7d35fc1a1c0182ad04128205a
split,splits/link_prediction/virtual_graph_study/ppi_rat/seed_45/test_pos.txt,41464,850e2fd79f0fa812f76cf61a7259224f8ebf233117941ee10bc570db99eecc32
split,splits/link_prediction/virtual_graph_study/ppi_rat/seed_45/train.edgelist,95897,e73aeb0b5952f0d4c641befec25d3fda11ed538c1855014507adba2c09536002
split,splits/link_prediction/virtual_graph_study/ppi_rat/seed_45/train_neg.txt,100182,388f22cabefc2d8d0e1f1927cae740c42c19ff90d89edc113e86157d98e02605
split,splits/link_prediction/virtual_graph_study/ppi_rat/seed_46/test_neg.txt,42972,268ed69f298edb6279180fccb15a0d44e18efa7192721766ad08d9a1ec747094
split,splits/link_prediction/virtual_graph_study/ppi_rat/seed_46/test_pos.txt,41521,5aef773d5ce5e79a32e95a01063e0348a31ea02bdf473e66adf3286fb7c91ecd
split,splits/link_prediction/virtual_graph_study/ppi_rat/seed_46/train.edgelist,95840,9e26a3a5f8a5ee85b6b8d639d257cf4a0ac7d4ff4ccd2473cff97ce6335bab24
split,splits/link_prediction/virtual_graph_study/ppi_rat/seed_46/train_neg.txt,100201,5a19c9d8d339388d60b7c030e3cfcc115257a2e89cf60ad69d0b865e5b5ab5db
split,splits/link_prediction/virtual_graph_study/ppi_rat/seed_47/test_neg.txt,42976,f15212a37a6927b5bab16a5d01aa2897cff0c241fc759f817019480cc4f46bb4
split,splits/link_prediction/virtual_graph_study/ppi_rat/seed_47/test_pos.txt,41491,89ab4842096e504ed0d0e3e698b8f22f482fdc4f95c8900f1ea0baafed82b103
split,splits/link_prediction/virtual_graph_study/ppi_rat/seed_47/train.edgelist,95870,53acf8677ff0442b109943385f00b8a3e0399acda689d0b071e0eacbb33078bf
split,splits/link_prediction/virtual_graph_study/ppi_rat/seed_47/train_neg.txt,100266,f31b7a0f252fa7b048cfef222eefb4515593dd733d1e62486dd9d021df548071
split,splits/link_prediction/virtual_graph_study/ppi_rat/seed_48/test_neg.txt,42954,b411a8963afd0ef60390a1222a65ed67bc964e53d39fb6a39d09a86847a9ecbf
split,splits/link_prediction/virtual_graph_study/ppi_rat/seed_48/test_pos.txt,41474,25c0b007724d243335822097a646e11d1002a67cfeda4b7936b6490925dd7432
split,splits/link_prediction/virtual_graph_study/ppi_rat/seed_48/train.edgelist,95887,d7cc337e8ff75e28e6667c34f76a57f268b85bd2623b02243be1faa788ee9aec
split,splits/link_prediction/virtual_graph_study/ppi_rat/seed_48/train_neg.txt,100204,65a6efe8d12d3e960d9193286f1c3e5a69fb3392691fabc04ab7a09ed7b03fd0
split,splits/link_prediction/virtual_graph_study/ppi_rat/seed_49/test_neg.txt,42978,813cc21567c0fe9dec309b1f8b9f7952737c27bff6aa7090ac640928ab827a8f
split,splits/link_prediction/virtual_graph_study/ppi_rat/seed_49/test_pos.txt,41579,2324711ff1978bf2b4a3b46d5f17aab7c7cf31651f080ba6cb97994a857d8770
split,splits/link_prediction/virtual_graph_study/ppi_rat/seed_49/train.edgelist,95782,7c67f8c1dad6ce3a11995c7695f294818e7008dd2649e4b40a4c2a505fa2b6a9
split,splits/link_prediction/virtual_graph_study/ppi_rat/seed_49/train_neg.txt,100317,6bbbf8e1c68ab6bf05928d10cdda5b1c9d8237a7c1f909b50f440b80b9c07628
split,splits/link_prediction/virtual_graph_study/ppi_rat/seed_50/test_neg.txt,42920,3a2fa18eb8bb70512c10b4ac5a55cf8cff16c3eaae2a607b1c5c41584b262a8d
split,splits/link_prediction/virtual_graph_study/ppi_rat/seed_50/test_pos.txt,41448,cc0f42e7fd7b35730f4e0b971de6da2140848535cb9020907689874e0b7f4397
split,splits/link_prediction/virtual_graph_study/ppi_rat/seed_50/train.edgelist,95913,4b47a884cb4b9136fafc7c14327d2201f3630adde3e03b750f306e9338e41be1
split,splits/link_prediction/virtual_graph_study/ppi_rat/seed_50/train_neg.txt,100218,e6311a07ca962b43c87f7076b2d70114a5026ee01f984363efa43f17d2d68c9b
split,splits/link_prediction/virtual_graph_study/ppi_rat/seed_51/test_neg.txt,42943,197dc5d8d130af9678036d5bf4ad39ae80a04dd69f500d7991ade799e7ccdad4
split,splits/link_prediction/virtual_graph_study/ppi_rat/seed_51/test_pos.txt,41456,f753e0aa98d10f6d1af318e8e96a6a434bd76d8659cde0c891828eef90922245
split,splits/link_prediction/virtual_graph_study/ppi_rat/seed_51/train.edgelist,95905,58a5619220a2ac6ff98e4eb9b1aeeaecdeba88e8498782280e2c7a055c10e6fa
split,splits/link_prediction/virtual_graph_study/ppi_rat/seed_51/train_neg.txt,100223,87932142e862722167514b6de7e8c845d1fe427e822bc1e26dce0faceabe200f
split,splits/link_prediction/virtual_graph_study/ppi_yeast/seed_42/test_neg.txt,475672,5b0eff5380e3b0f1f5a101d2cda0e57e8963170a92a04552825b9a83eb245bf0
split,splits/link_prediction/virtual_graph_study/ppi_yeast/seed_42/test_pos.txt,455893,80cad9adbdea8345a8c919d2e13aaa98c2dd8415f26d301a5994442ada7ea0a9
split,splits/link_prediction/virtual_graph_study/ppi_yeast/seed_42/train.edgelist,1057152,c9c89e6d9cb0be43e29b12a237aee7524ad9c81ebdf2bcb9b8e640a10c50a487
split,splits/link_prediction/virtual_graph_study/ppi_yeast/seed_42/train_neg.txt,1109997,9aff33c4e5b2daf407fcdeb7aad7294452e1ca4bc2c4192f6fe83060045f36e1
split,splits/link_prediction/virtual_graph_study/ppi_yeast/seed_43/test_neg.txt,475634,12f379c63d2221113e5b365bf921bec06b843f740672caef9634b84c63683cc2
split,splits/link_prediction/virtual_graph_study/ppi_yeast/seed_43/test_pos.txt,455702,d70a84a3a08f0fc219f20e08efc43f86c96191fa9acc6cd8b606c9b69a72c422
split,splits/link_prediction/virtual_graph_study/ppi_yeast/seed_43/train.edgelist,1057343,9d4b0b8ed3213ff94c52e32c4c8f98a9cb72aecf26b42d1642ab5f1fca35fda9
split,splits/link_prediction/virtual_graph_study/ppi_yeast/seed_43/train_neg.txt,1109989,76d717ba2cc5f81d2d463e354ac77ae82131a39399cacede1643b82c071960aa
split,splits/link_prediction/virtual_graph_study/ppi_yeast/seed_44/test_neg.txt,475780,ec232c9cdc4fce9883e8c116d90df2152b5f2640d95f1c5ec86d10f9d0af27e4
split,splits/link_prediction/virtual_graph_study/ppi_yeast/seed_44/test_pos.txt,455785,9c3f3cc3e4e8b944583c720e4261a59ccb452221e08e9033eb8f518933ec1451
split,splits/link_prediction/virtual_graph_study/ppi_yeast/seed_44/train.edgelist,1057260,db02cf00e47a499dcb4b4d3496173371581dc23fa180fa6d490e0e974acab759
split,splits/link_prediction/virtual_graph_study/ppi_yeast/seed_44/train_neg.txt,1109763,470c40413e54c93f8ad5bf0af9ccb7b06de12844d06715791cdd58218e0bc143
split,splits/link_prediction/virtual_graph_study/proteins/seed_42/test_neg.txt,274727,f7923c9145d7b233d35b016bc626b699d31004fda80f557004b7385908a43d99
split,splits/link_prediction/virtual_graph_study/proteins/seed_42/test_pos.txt,279075,5e424bccfb9bf2c9275cac25118307d5c2d84d014a5095ccdb930bd62ad427f6
split,splits/link_prediction/virtual_graph_study/proteins/seed_42/train.edgelist,651376,65be4ab17a38de2088782da06721377ff3e3911e0178916f9ef987826c5e54ee
split,splits/link_prediction/virtual_graph_study/proteins/seed_42/train_neg.txt,640679,8d642fcea0cefc20888178881d507bb8e3ef767a17642416a0680e9b24456066
split,splits/link_prediction/virtual_graph_study/proteins/seed_43/test_neg.txt,274723,9ab2bff91ca403e31ec234fa9c2a2fc66264503e567f4d7ef4f33210147e65cc
split,splits/link_prediction/virtual_graph_study/proteins/seed_43/test_pos.txt,279013,7b7f981102b1fb4e4ff4d4ea577ee9879ed71f37f3547da8146d8f5467d9bcb0
split,splits/link_prediction/virtual_graph_study/proteins/seed_43/train.edgelist,651438,eec85b2eeea06fb0db7fefc23f32eb0d5f500273c21f7752f30424129bb84662
split,splits/link_prediction/virtual_graph_study/proteins/seed_43/train_neg.txt,641077,40ff761d539772c6525ad0f646e41fcc9d80b3f73f430cd08e5d3c26ef91c8c9
split,splits/link_prediction/virtual_graph_study/proteins/seed_44/test_neg.txt,274948,60e017a9c4a08d0443a9a9e4e8ac41e0551dbbb2249c539e4f0636434f0dfe6c
split,splits/link_prediction/virtual_graph_study/proteins/seed_44/test_pos.txt,279100,055af7ba579bae3cfe57ad3e6a97f9205cf961e2566912ee5fe81d2afaf56c90
split,splits/link_prediction/virtual_graph_study/proteins/seed_44/train.edgelist,651351,aaadc872a0749d0d49e7a8deabf92e5c2104e403968f902486bd4649f7348393
split,splits/link_prediction/virtual_graph_study/proteins/seed_44/train_neg.txt,641123,cacc7483b43491fe34425f532520c48acb1c0400a72166d4b8a3ba212e0c8490
split,splits/link_prediction/virtual_graph_study/pubmed/seed_42/test_neg.txt,144507,fd1aac46fb25674ebbc2e0a8984e1de4266b562c5c785455631a046077923f46
split,splits/link_prediction/virtual_graph_study/pubmed/seed_42/test_pos.txt,145316,22d0f3883503f2d15dc13ec9f901b2d58c68cf27cf132222467c632b6b615b21
split,splits/link_prediction/virtual_graph_study/pubmed/seed_42/train.edgelist,336127,ed91b49ad9ef15768d9420267331ed7c3565b07cf17b8f3d41efec2261e0de4a
split,splits/link_prediction/virtual_graph_study/pubmed/seed_42/train_neg.txt,337457,b87705a1c32fe4d9bfa0192319148d78a02b0f8f868b977b4031f235c73bdd45
split,splits/link_prediction/virtual_graph_study/pubmed/seed_43/test_neg.txt,144757,336ad0a47ec821be38ae0ffd5e25dd3540baeb55c41abc750691f460daa1dfb8
split,splits/link_prediction/virtual_graph_study/pubmed/seed_43/test_pos.txt,145185,83d9b867e2761ee5fe6039fc935d4a87056566addabd4d57a15a416f7ffeb8a1
split,splits/link_prediction/virtual_graph_study/pubmed/seed_43/train.edgelist,336258,6d046fce8cce4ad5259e0aa95bbb4d0a1d4d5853011eaf1368c6e7bfdd9114fa
split,splits/link_prediction/virtual_graph_study/pubmed/seed_43/train_neg.txt,337244,68a2ead36ac15074a80dfed9001030745bffbe85cbffd845d7babb86f28d102e
split,splits/link_prediction/virtual_graph_study/pubmed/seed_44/test_neg.txt,144638,170b2d75bb843332db1b7e8da1cbd4a0bedfac61e6084a90267caef93d65f3e1
split,splits/link_prediction/virtual_graph_study/pubmed/seed_44/test_pos.txt,145248,28f339184b3c0e5b7857d7e911fa8f23982434881a104439951631ba0e5cbe36
split,splits/link_prediction/virtual_graph_study/pubmed/seed_44/train.edgelist,336195,7c3f454aa2f921ea1e6d48afcfa72d6a788c139960533e6705d86cc06a15debc
split,splits/link_prediction/virtual_graph_study/pubmed/seed_44/train_neg.txt,337202,fbe32ea4f9193e4c504858c76740e4e2d9857924ac1b7590fa6f04692393a77e
split,splits/link_prediction/virtual_graph_study/pubmed/seed_45/test_neg.txt,144392,dba9d12faee6da03cdaff56fccd8aa715b62de69acbc891386defb0d1df740b5
split,splits/link_prediction/virtual_graph_study/pubmed/seed_45/test_pos.txt,145242,4294084940f5ae6495db9bc53bcf994996d7fe5822344eb881c33acf92b2dd5d
split,splits/link_prediction/virtual_graph_study/pubmed/seed_45/train.edgelist,336201,236560272fda560538e9d9686353d0413016af6018a3b9ed6cc3bcdf3e519251
split,splits/link_prediction/virtual_graph_study/pubmed/seed_45/train_neg.txt,337488,1181ae1dfea9dea34be0b7dc2c49597f45e3a1cc10d7d1d54e9e18012aeef69f
split,splits/link_prediction/virtual_graph_study/pubmed/seed_46/test_neg.txt,144692,c802d04c9a153d675345d29d03a31f97e2c318de4bd9bcca3a427796e7cac52f
split,splits/link_prediction/virtual_graph_study/pubmed/seed_46/test_pos.txt,145244,51f280120f30c8a348a65a5f917a2b6823f34ff062df0d34cc2485b1fb4bbab7
split,splits/link_prediction/virtual_graph_study/pubmed/seed_46/train.edgelist,336199,6c74f3a3e461211b30d66dd422dea7abe7d0caa5ffc8931b15aa5b56d456602c
split,splits/link_prediction/virtual_graph_study/pubmed/seed_46/train_neg.txt,337169,9aa9cdcc763aa80fc28dd6f63eafcbd214d5fc8a45d0b1b43ee22249dc8ccea1
split,splits/link_prediction/virtual_graph_study/pubmed/seed_47/test_neg.txt,144547,49acb40ee55ea587411bdddda059d54bb746a11e60774b04232baebb63e73b40
split,splits/link_prediction/virtual_graph_study/pubmed/seed_47/test_pos.txt,145230,d19b0e3825ea70a8dd841b387de2966aadadd1358400d655f1b93f4d74d784af
split,splits/link_prediction/virtual_graph_study/pubmed/seed_47/train.edgelist,336213,8d54a8bd4ca13734a71074575094f59d1d33ff4c3ff46d33a94dae4116a15693
split,splits/link_prediction/virtual_graph_study/pubmed/seed_47/train_neg.txt,337629,5d2174b6b8f50bed32536730c581257bd0232e992edad5ccac9508b6316cf526
split,splits/link_prediction/virtual_graph_study/pubmed/seed_48/test_neg.txt,144521,0eb8b166c05c831645999cbbb24381149c95a3ed2a236199d05008b6fd4e6672
split,splits/link_prediction/virtual_graph_study/pubmed/seed_48/test_pos.txt,145154,7a8fc8e967ffd9919a7305dcc29fbb6bbc1f9768ea992636b0c22a1300d9087b
split,splits/link_prediction/virtual_graph_study/pubmed/seed_48/train.edgelist,336289,e82a10cfa8734c8db021564fee8614c73b9c93c331f77a04678abcc8f71c5192
split,splits/link_prediction/virtual_graph_study/pubmed/seed_48/train_neg.txt,337454,f50fe098d89fea733f073b7d22f6ef2bdadf50004f0f8bf0d787fb0347243406
split,splits/link_prediction/virtual_graph_study/pubmed/seed_49/test_neg.txt,144589,281cefc8dcb6f704c13a8f5adec727708dff4b40ca1bcbcc871419ac8741220a
split,splits/link_prediction/virtual_graph_study/pubmed/seed_49/test_pos.txt,145252,6dec1697869fd0194ff3558734020f1f03e4d0161ed6554c46c55aa77e71ef38
split,splits/link_prediction/virtual_graph_study/pubmed/seed_49/train.edgelist,336191,f9b27da42c7a5f452491c8050faa3aff10f6f552fc27c79ff207eb4e1d04a3f4
split,splits/link_prediction/virtual_graph_study/pubmed/seed_49/train_neg.txt,337598,8e21e958963c5743d131d4f09053b554486a1439c378ab80c8231d63bca5ea29
split,splits/link_prediction/virtual_graph_study/pubmed/seed_50/test_neg.txt,144629,f0a4ae3182526dffdb06b8aed088fe55068547284ff886dc09c71a0e3e128db4
split,splits/link_prediction/virtual_graph_study/pubmed/seed_50/test_pos.txt,145204,523d472f2934cb4475fd647417a8088b5e93ca46ede88a6772031d3d7c60dbbd
split,splits/link_prediction/virtual_graph_study/pubmed/seed_50/train.edgelist,336239,0d3d5ba9559b72b522ae0749ed7555a67c3560ca35200ce600612581b45a3b83
split,splits/link_prediction/virtual_graph_study/pubmed/seed_50/train_neg.txt,337321,c2f2e9c8f8b7863b75806bf42f6c75578ca9c86975bb2f10abbcafd62051e9c0
split,splits/link_prediction/virtual_graph_study/pubmed/seed_51/test_neg.txt,144549,5697ec26e6d0fc137f4e7007551b21273e764f3a496e7f9ecf80ce5e5275ccd0
split,splits/link_prediction/virtual_graph_study/pubmed/seed_51/test_pos.txt,145214,f025e131f12ded1153af0c3dea656abdba11f5943c81cb1dc0e236b561ba657a
split,splits/link_prediction/virtual_graph_study/pubmed/seed_51/train.edgelist,336229,cf5d594c425f7a22e68d5b927c6f46b2c93324d38f1ae1042e1657abc8803be8
split,splits/link_prediction/virtual_graph_study/pubmed/seed_51/train_neg.txt,337055,23266a3422cb697f84312872b4a53407bc3141fc99084b8eddd86315263b3fed
split,splits/link_prediction/virtual_graph_study/questions/seed_42/test_neg.txt,531829,339ccd4c0dfd471d1843ac627b8ccd2216ac5404b2cf1d36d89a3954fdbb5016
split,splits/link_prediction/virtual_graph_study/questions/seed_42/test_pos.txt,531603,77e714ff32bd31362bf4a2bd0869daa4a95a2019343de61a517ce453ba7452bb
split,splits/link_prediction/virtual_graph_study/questions/seed_42/train.edgelist,1238603,7738976d9c65293b782e4118182e1da3c45abda59e6272360e0f3f549fc31bac
split,splits/link_prediction/virtual_graph_study/questions/seed_42/train_neg.txt,1240789,fb993b8c6184c885cb03771d8c520a0e78fa9d4bc944532851b0624981141acf
split,splits/link_prediction/virtual_graph_study/questions/seed_43/test_neg.txt,531727,642869b67a340f7d9eaeb00908c0dd128764ed9b5153f4d1e7c5c5c6157fd2c1
split,splits/link_prediction/virtual_graph_study/questions/seed_43/test_pos.txt,531742,75a9b89f221d5967ec2d25a91cdb3cf473efa84e09d8d3503de7b76672b541be
split,splits/link_prediction/virtual_graph_study/questions/seed_43/train.edgelist,1238464,56164182e3cc51efee8b778bcf2148062205d5210b09e8ce3b18913ec0d2dacc
split,splits/link_prediction/virtual_graph_study/questions/seed_43/train_neg.txt,1241168,9e6dfbdae6d815e897b9de2e852f643056f92fd1a0b5030f917a3aa99ee14477
split,splits/link_prediction/virtual_graph_study/questions/seed_44/test_neg.txt,532004,745e279f810d0055904a4b4cba4e5c132c302199aa300007f525aca506a62949
split,splits/link_prediction/virtual_graph_study/questions/seed_44/test_pos.txt,531548,05f6d8174c40a7736354a5c24be2019075e6fdb471a334d0d8dafcf2ecba9e72
split,splits/link_prediction/virtual_graph_study/questions/seed_44/train.edgelist,1238658,bd5f4a188b70171d2ea15a43266ca56ee9b7885c6ba6b8429a8076323cee4c40
split,splits/link_prediction/virtual_graph_study/questions/seed_44/train_neg.txt,1240960,e2de05f5dbb6bbfbc07946d3bf46fe0e89329952ca9457a183093ee81f7f92bb
split,splits/link_prediction/virtual_graph_study/questions/seed_45/test_neg.txt,531825,97b74906283911cd411b5e1fb453842733618cb71bd8bec8f0f074d295ddde09
split,splits/link_prediction/virtual_graph_study/questions/seed_45/test_pos.txt,531677,14a3f7b2ecf252eae92a7af39f9fb91e21973ad8591aba335ed31200107f08cc
split,splits/link_prediction/virtual_graph_study/questions/seed_45/train.edgelist,1238529,30cb2ec2558a6ec1d1342772802852e380b0b0b45922d353bf4b3234dc9a8b9e
split,splits/link_prediction/virtual_graph_study/questions/seed_45/train_neg.txt,1241052,225637124997c14c8b03b7fe709cf306959c9c7bb387bc6649a91c93c70f28ed
split,splits/link_prediction/virtual_graph_study/questions/seed_46/test_neg.txt,532101,da301dbd3d0f0880267e35a1d484cda0a782077cc8fde79ed8cffb3a6e056d07
split,splits/link_prediction/virtual_graph_study/questions/seed_46/test_pos.txt,531534,bb51ba1ab7310a055e908ca4e36df714a365a153124a7acfb849807ef0986952
split,splits/link_prediction/virtual_graph_study/questions/seed_46/train.edgelist,1238672,7b68c40312c6a756eb840e1ba7d676947a61208fce74cd1418b7d38b704220af
split,splits/link_prediction/virtual_graph_study/questions/seed_46/train_neg.txt,1240994,e3684339b8fd51fab85f9330f9cc655d5b46aed1d600730bfe9cd8a62d6f9c15
split,splits/link_prediction/virtual_graph_study/questions/seed_47/test_neg.txt,531839,58d8c2d925156cb32c0d126c607cdd6649d39c8851ba11f8dbf3f85b3578d622
split,splits/link_prediction/virtual_graph_study/questions/seed_47/test_pos.txt,531508,8b6bdbad1cfc1a21bbea5ae1b48f5bb6685cc9ec45ec46ff738c25bd77876537
split,splits/link_prediction/virtual_graph_study/questions/seed_47/train.edgelist,1238698,a1accc32ca964f86d566b9ce268c98cf5e242ade47faf81c98e11dfb9362471d
split,splits/link_prediction/virtual_graph_study/questions/seed_47/train_neg.txt,1240971,3db85bc088dc904586e2a6296452913c7e773fe50c796d1e51f80b214c437c2e
split,splits/link_prediction/virtual_graph_study/questions/seed_48/test_neg.txt,531959,b8db4d039b7b7de9bb7e5ac958739da3085baac350ea2b278dd250580cc5225a
split,splits/link_prediction/virtual_graph_study/questions/seed_48/test_pos.txt,531584,56cb91fe4fe2f60015f8da39fd65b15c1ef9bc8f0642c5c4775c77bf37916b3c
split,splits/link_prediction/virtual_graph_study/questions/seed_48/train.edgelist,1238622,46cef5a7bf118d9381833f50e3337bdfe5c27766f73864dba6f5a99b9ea10e64
split,splits/link_prediction/virtual_graph_study/questions/seed_48/train_neg.txt,1240669,f19ba187eb3e9995eb8906eee6e5bfc60d5b69240caaa3158b796f9bba6b1f47
split,splits/link_prediction/virtual_graph_study/questions/seed_49/test_neg.txt,531654,95e4f38e99fb800eda50b40646c40bb1328911579277ecbb7b0195de6c01584c
split,splits/link_prediction/virtual_graph_study/questions/seed_49/test_pos.txt,531710,be08905b970e4e4546d20973d700e11c802a4ad96a075cdd0205a0448e654d6e
split,splits/link_prediction/virtual_graph_study/questions/seed_49/train.edgelist,1238496,e3a6e7c5dac8d253d68d9f7c8d20645b6681af1387270d6c14048678d2a90a74
split,splits/link_prediction/virtual_graph_study/questions/seed_49/train_neg.txt,1241032,efc14d75f172173e5cd1d0b368d350edcc395871a9bd6e2439237f418534931d
split,splits/link_prediction/virtual_graph_study/questions/seed_50/test_neg.txt,532001,e736cfb8bc946b7323fe608fe85940bafdb36dfbd1778d8b5aa9afc208255f82
split,splits/link_prediction/virtual_graph_study/questions/seed_50/test_pos.txt,531638,f71c876a8ccc50ad0cea11bec814af21d69553c04f3afc2989f9ca284e813dc9
split,splits/link_prediction/virtual_graph_study/questions/seed_50/train.edgelist,1238568,bfb2756b2fd2351347e4638ae359c2c327d3cdd3e15e8d31673bae26e4ae9f13
split,splits/link_prediction/virtual_graph_study/questions/seed_50/train_neg.txt,1240933,4ff42ddcac4fdfd8f8ca3e1252e99cfe9a96c6efd1ccd3ad8a8be00e1a469391
split,splits/link_prediction/virtual_graph_study/questions/seed_51/test_neg.txt,531509,6a3a05c8d4466940ff5b91f608b931def9ee6213510847f21365743653c6c8a3
split,splits/link_prediction/virtual_graph_study/questions/seed_51/test_pos.txt,531497,6f35a449d6bdae089c3c62384231467efc54c0f6c93816dab14cbccb2ca4ec61
split,splits/link_prediction/virtual_graph_study/questions/seed_51/train.edgelist,1238709,8aabcb7449a98fd4a96bd60d2b84783c6e0cbd0f230c7ff01d6e8bf65a4c98a7
split,splits/link_prediction/virtual_graph_study/questions/seed_51/train_neg.txt,1240580,42c79e20fa3da14e82089986cb932e486313ef37e780802c7a1487d2c62db06e
split,splits/link_prediction/virtual_graph_study/reed98/seed_42/test_neg.txt,43929,fc959c3f834d758e8b7817b841b49fcc3ebbe542ede7498d76850aa1a138b12e
split,splits/link_prediction/virtual_graph_study/reed98/seed_42/test_pos.txt,44246,4a1ccb5f1107dc9bcb802dd7a34db42cb0f6d3defa70c5e6c15167829db0a53f
split,splits/link_prediction/virtual_graph_study/reed98/seed_42/train.edgelist,102721,060efe6f7a76ce6db23605b93cd3f3e793d80969b4fc64175a0f4e0464cec210
split,splits/link_prediction/virtual_graph_study/reed98/seed_42/train_neg.txt,102367,10e9c98006a81b23c458b67b262a76040f1754f6e9ca40e64fb04a82d5756f16
split,splits/link_prediction/virtual_graph_study/reed98/seed_43/test_neg.txt,43933,0e35ad5cc5dc70351635482e42241fae29ccfcf64d7be73a85688754a31ce461
split,splits/link_prediction/virtual_graph_study/reed98/seed_43/test_pos.txt,44182,e32a09a0ee5349d776ea790aafb611f89a5ede73173401f254fdd1d24befb69d
split,splits/link_prediction/virtual_graph_study/reed98/seed_43/train.edgelist,102785,73c93630619653f3062b5887bc79ba28c4d6c2efa2d723ad183e5c4afdb6a5b0
split,splits/link_prediction/virtual_graph_study/reed98/seed_43/train_neg.txt,102325,55bc47952bc30a3759bded5ffccef42d3f4244c73b547adeb332512c56902682
split,splits/link_prediction/virtual_graph_study/reed98/seed_44/test_neg.txt,43849,46b7d98e14ce996075b30cd51b8843f937958022b4f417dfba736a053dd1fca9
split,splits/link_prediction/virtual_graph_study/reed98/seed_44/test_pos.txt,44199,1324df71993209129c6ac2177f1480861648d5f9215e045d239a72c29ed1cbf3
split,splits/link_prediction/virtual_graph_study/reed98/seed_44/train.edgelist,102768,6a6b1647c011c115d4f247b1258532a843505d957073146d3615e0a833f9b40c
split,splits/link_prediction/virtual_graph_study/reed98/seed_44/train_neg.txt,102362,d494f72230e282ee989b5ab65efa6c4d0a59ae0e986c66eb2688940c7eeef2d9
split,splits/link_prediction/virtual_graph_study/roman_empire/seed_42/test_neg.txt,108781,517e2c69521935cc65674793270151c9ab041fd7c4cdc8e96f2f82da5e202286
split,splits/link_prediction/virtual_graph_study/roman_empire/seed_42/test_pos.txt,108726,94b35403d49baf37aa3eb34e00c923a903f0c0cdc09da2ffadef84b6d7d5500e
split,splits/link_prediction/virtual_graph_study/roman_empire/seed_42/train.edgelist,253942,2fdd9a170c81eae79418d2fad3524cde9dc6cb137f453035761fa355d94bb0f6
split,splits/link_prediction/virtual_graph_study/roman_empire/seed_42/train_neg.txt,253947,482c2d2d0265af79e54bc8090bc55829460350d9e023c6b131268bada1a39ace
split,splits/link_prediction/virtual_graph_study/roman_empire/seed_43/test_neg.txt,108864,191f002dec83c3d1da447433780852776368439daa1708266c4d61cdc0614319
split,splits/link_prediction/virtual_graph_study/roman_empire/seed_43/test_pos.txt,108700,97e182c215e318588266630572efad2d82958e5012e61f0af29ba4649b3ebedd
split,splits/link_prediction/virtual_graph_study/roman_empire/seed_43/train.edgelist,253968,b64ca1c29ef99c52097c2c6a59d11a5fb16d909d12c8d18872f15a9168f77864
split,splits/link_prediction/virtual_graph_study/roman_empire/seed_43/train_neg.txt,254112,8a0cfb4bb464696abb276f578c2433580f5c5cbbee404b8ec2ee1eea14ad41ea
split,splits/link_prediction/virtual_graph_study/roman_empire/seed_44/test_neg.txt,108851,2c3e208e22ef5f854330426f2111b23e12adaba1d22d229b9b7f88b663e16498
split,splits/link_prediction/virtual_graph_study/roman_empire/seed_44/test_pos.txt,108704,25de94d2ddd888b76ae14940efdf3874b731d4926e61792d6316b51e8111c1dd
split,splits/link_prediction/virtual_graph_study/roman_empire/seed_44/train.edgelist,253964,a939effb94fa31b9220dfb689d2375734a7ec69a41d2cd7dae9030fb339c7da8
split,splits/link_prediction/virtual_graph_study/roman_empire/seed_44/train_neg.txt,253921,ce5da51a43234363e5cb8ae0cd0477834472d8473edab5477048d088bc728541
split,splits/link_prediction/virtual_graph_study/roman_empire/seed_45/test_neg.txt,108782,aa7ee64e90f32eeec9b9a4070b49f22de83d8a85514ff2088380c98e7d01394f
split,splits/link_prediction/virtual_graph_study/roman_empire/seed_45/test_pos.txt,108682,e9aa71ff36d22b431cbfcef8c0c5b45bbcdbf50b4cd1a3bca702982cb3a50a4d
split,splits/link_prediction/virtual_graph_study/roman_empire/seed_45/train.edgelist,253986,984571b7e3c3f7f218f1384cf2c0a53ad05a60282987cd862dc0f41ff2719d35
split,splits/link_prediction/virtual_graph_study/roman_empire/seed_45/train_neg.txt,254042,bc7ebaa18dabf0c2b86a3f2638413809fb3978571cb98eb514ec88d0c05ebb8c
split,splits/link_prediction/virtual_graph_study/roman_empire/seed_46/test_neg.txt,108732,fef6071830d5aa9a3cd40bacf278ade9ff9928b0f59cee0bdc2e151e62715dc8
split,splits/link_prediction/virtual_graph_study/roman_empire/seed_46/test_pos.txt,108648,2b012074aaee972433cd185211f0a9dfe4bf1cd0de057dcbff7329f9e024e482
split,splits/link_prediction/virtual_graph_study/roman_empire/seed_46/train.edgelist,254020,dbb38f8f03a34eb0975554a35b32ed622c89b3c522390051d85beee51d98ea58
split,splits/link_prediction/virtual_graph_study/roman_empire/seed_46/train_neg.txt,253978,10b27882c62b7b0af525c0be837dda07e4b402848f1626661c2c489cd11dcd9a
split,splits/link_prediction/virtual_graph_study/roman_empire/seed_47/test_neg.txt,108861,77a5bb972691fc4d91ce0fb5b9d183693e314cb7c22080113244ebb6f6fd7fed
split,splits/link_prediction/virtual_graph_study/roman_empire/seed_47/test_pos.txt,108654,ae48a1b75de35727e8e94b97a5a9ec7f17ff6297e0bbf087b3b58491dd66a683
split,splits/link_prediction/virtual_graph_study/roman_empire/seed_47/train.edgelist,254014,daeed66a6a3e98c5a5e83c680cc65816374456706ff1ee9b11439f0b0e8b6344
split,splits/link_prediction/virtual_graph_study/roman_empire/seed_47/train_neg.txt,254236,07350216bd382fa77a99a2580594bfbbc8a56ef9af1ffdd84bbf309bef2daa90
split,splits/link_prediction/virtual_graph_study/roman_empire/seed_48/test_neg.txt,108800,b42678ebe0a85db26912e9ef44fa9dac57c9445ca409c0df2697d10ae87c4ee6
split,splits/link_prediction/virtual_graph_study/roman_empire/seed_48/test_pos.txt,108701,8d2221020bb4f0c78eb4c2fcedfcc4c432a62557f8958880b46e286c5d685b43
split,splits/link_prediction/virtual_graph_study/roman_empire/seed_48/train.edgelist,253967,18f3017d7b772cdd46b97fd49e0580007257821ed487980b340c6bcae764cdfe
split,splits/link_prediction/virtual_graph_study/roman_empire/seed_48/train_neg.txt,254214,c7488aae4dd215202ab617672a5bb5fea45ab35dfe2e0652faeaba22dabfca91
split,splits/link_prediction/virtual_graph_study/roman_empire/seed_49/test_neg.txt,108847,72fda80ddc3e406c5ac80b2ae854df9b8140151d75628b848fec542dcfb1a3f1
split,splits/link_prediction/virtual_graph_study/roman_empire/seed_49/test_pos.txt,108678,4a6496fad807fe315ff4f622d0fb39b131a941d7843e5198a250e1a8f7b06f66
split,splits/link_prediction/virtual_graph_study/roman_empire/seed_49/train.edgelist,253990,7b1f8cb60f3cf7cba7ef0cd5c317c1d462f9a2dcdbae3db02be9087d89c3ed42
split,splits/link_prediction/virtual_graph_study/roman_empire/seed_49/train_neg.txt,254173,f160504f7ba8a3c8490e5418e47e256c33107131a26d8e57f965ce9d7c05726c
split,splits/link_prediction/virtual_graph_study/roman_empire/seed_50/test_neg.txt,108773,6bfec4562fbcb2b312c1723ef1aaf770a48d5ef9d2a417fc2022a9a1d900366d
split,splits/link_prediction/virtual_graph_study/roman_empire/seed_50/test_pos.txt,108670,cb9b53c9214282fd0b614b6686454435d0b96d8634867063c0d9fdcf04c3229e
split,splits/link_prediction/virtual_graph_study/roman_empire/seed_50/train.edgelist,253998,dc686371728fcc4c1a9c1fb45b140f60ff84043034649bc6f56c8ff78ed9da2f
split,splits/link_prediction/virtual_graph_study/roman_empire/seed_50/train_neg.txt,253906,a5255c26a2210e66f5934d176eb5bb4845c404a6c205c3c257c7e19bf3015cba
split,splits/link_prediction/virtual_graph_study/roman_empire/seed_51/test_neg.txt,108823,a91a326f44133914ae295750053a468bc742628f348c14894d83e48b4a9d78d7
split,splits/link_prediction/virtual_graph_study/roman_empire/seed_51/test_pos.txt,108684,e33b39571539e42b76736c776fc9da5e3c58d0c173e88a1f89ae07f7cf387865
split,splits/link_prediction/virtual_graph_study/roman_empire/seed_51/train.edgelist,253984,00cbaa71e20948edd01c4474cf752049530ba3670494c279d8ade506288628b8
split,splits/link_prediction/virtual_graph_study/roman_empire/seed_51/train_neg.txt,253851,0c243752e7662c0ab6bfa2a13e8e63d7c4f36a811c92461fe2fecb0e25005bcf
split,splits/link_prediction/virtual_graph_study/spanish_highschool_6/seed_42/test_neg.txt,21706,7649c4f20c2ccdfd79f034d630d6482ba2084b7d4dd2214c7d3578dc7ba8ef14
split,splits/link_prediction/virtual_graph_study/spanish_highschool_6/seed_42/test_pos.txt,21611,36aa2cd6723cc1f711e3ac71cdcfe0de8b517e71f1201ecbae4463f8c3b7e014
split,splits/link_prediction/virtual_graph_study/spanish_highschool_6/seed_42/train.edgelist,50523,8073c975513580a463c966ff1051c9fdd9b7d37ca23818c2744ef41832819bb0
split,splits/link_prediction/virtual_graph_study/spanish_highschool_6/seed_42/train_neg.txt,50654,e9c532ca9e4999d7593b78c80f69d112f31fabbe9b7f648b769e571475919ca8
split,splits/link_prediction/virtual_graph_study/spanish_highschool_6/seed_43/test_neg.txt,21693,a65af9424a2283b56912b3d09f457953b05306f5ec0d314459441a050064a07f
split,splits/link_prediction/virtual_graph_study/spanish_highschool_6/seed_43/test_pos.txt,21661,8b02dd64f65ed5294172c72d545c7337668a23c38c453ed8ed3370c5b951c13b
split,splits/link_prediction/virtual_graph_study/spanish_highschool_6/seed_43/train.edgelist,50473,ee472a8c2e22f35f81154b16a01d40a130128211856a1d170e22754a8ecf1152
split,splits/link_prediction/virtual_graph_study/spanish_highschool_6/seed_43/train_neg.txt,50594,b1108558027dd31ab59320426abfdffb6f801560e03bced0dd2520ece9fcf209
split,splits/link_prediction/virtual_graph_study/spanish_highschool_6/seed_44/test_neg.txt,21713,146e66cc80305ed59d337c46f22f81135a95c6af9dc83196bc905a8d2f381c5c
split,splits/link_prediction/virtual_graph_study/spanish_highschool_6/seed_44/test_pos.txt,21651,f1065c4b58f477a1cdef785c4a8ed4d687dde0eac6c988f3ede6cc3858ddac4e
split,splits/link_prediction/virtual_graph_study/spanish_highschool_6/seed_44/train.edgelist,50483,1e92239cf6773e245ed60a821ebc9e464bddd9df3ce6386670d9b8ba575dace1
split,splits/link_prediction/virtual_graph_study/spanish_highschool_6/seed_44/train_neg.txt,50591,074f1aaaf7de4a5d52c371e34045cc84941c5ed1045a8b2ac24abb046848521d
split,splits/link_prediction/virtual_graph_study/squirrel/seed_42/test_neg.txt,569563,2802a17d040caadcef5c5f70a81a2326c6abbc006bb203614e8c924c4f6ed11b
split,splits/link_prediction/virtual_graph_study/squirrel/seed_42/test_pos.txt,579447,2e9ea73af9aaba9f07d4311e762faeb64cf882d9a520aecbc5a8c89d3a9f6ef5
split,splits/link_prediction/virtual_graph_study/squirrel/seed_42/train.edgelist,1350950,66da971b0868f7fba4ff7a64f8557d75e719ce363f23a06154188d7a24225cee
split,splits/link_prediction/virtual_graph_study/squirrel/seed_42/train_neg.txt,1328998,b188d9b4add71c4b13b1957dbf883712437d3265edb33a5a582d14cbb1568e4b
split,splits/link_prediction/virtual_graph_study/squirrel/seed_43/test_neg.txt,569503,e46802e1df890362df016deb1c49ff88571f32ece22c277eb860ee5063b442a7
split,splits/link_prediction/virtual_graph_study/squirrel/seed_43/test_pos.txt,579422,ab07375375f036a5aeff63f6c7c5ad737400e3bf5d7834d965c0259e3dc49875
split,splits/link_prediction/virtual_graph_study/squirrel/seed_43/train.edgelist,1350975,15bc1dad44c178f1bea73d850dc6aa11da8cc3c4a80bdbe8c13892c0e4fec6cc
split,splits/link_prediction/virtual_graph_study/squirrel/seed_43/train_neg.txt,1329037,d9805148261433135febbba6a98fbb56f1c27c36ca912785cccd029a9f18fe1e
split,splits/link_prediction/virtual_graph_study/squirrel/seed_44/test_neg.txt,569620,fde7e13b5f790275e1dcc4c4a37925e7d179adc6eed874ab2e541e3a5a72a8ea
split,splits/link_prediction/virtual_graph_study/squirrel/seed_44/test_pos.txt,579496,65899a194d1b8e3561b5996d05751e8959befc937ec273b8f9963eb275ac83a0
split,splits/link_prediction/virtual_graph_study/squirrel/seed_44/train.edgelist,1350901,59503fbea5bb1a93286e8910392efa4f2e352c2bbe32e4bace94809858b042c3
split,splits/link_prediction/virtual_graph_study/squirrel/seed_44/train_neg.txt,1328576,2699e1b0b24a640835dad41d5a14481ecccbfa5a995ad0760447336ec7b711db
split,splits/link_prediction/virtual_graph_study/squirrel/seed_45/test_neg.txt,569480,eb6bda76ad14b0abb4843e71d5673c9f78e388cc4f7b59fd572ad7d73f8b8dd3
split,splits/link_prediction/virtual_graph_study/squirrel/seed_45/test_pos.txt,579447,abc33899f2e975512cdd4f7c269d4ee6c1a0bb6b099e7f685f838678e39cc31a
split,splits/link_prediction/virtual_graph_study/squirrel/seed_45/train.edgelist,1350950,0c7a717471be228bc9b8a0da9a0e6b2dba211184f71cd4194086054600a8ec28
split,splits/link_prediction/virtual_graph_study/squirrel/seed_45/train_neg.txt,1329302,4b941f6d9ac802ea9e002746da947543518b1e323b2fb1e9efcaca5e4fc45c86
split,splits/link_prediction/virtual_graph_study/squirrel/seed_46/test_neg.txt,569577,e5d81be8aef6c62c4fd9247646d2204401ea812664cd451b8e756c2407a6f520
split,splits/link_prediction/virtual_graph_study/squirrel/seed_46/test_pos.txt,579316,187681ec2b16b3d57fe43da0eaf451196b3fd41bb4dc52336b4d33cf116b579b
split,splits/link_prediction/virtual_graph_study/squirrel/seed_46/train.edgelist,1351081,dd59a45b1f0a67d5f58dc429bc961cdf619508a5b984f2dbd065ec5f6f6857e4
split,splits/link_prediction/virtual_graph_study/squirrel/seed_46/train_neg.txt,1328908,a1a36b6dd8fe15f2dfa323db76fabd0919170f5c84c20b9d7743d3b6c6a2a61f
split,splits/link_prediction/virtual_graph_study/squirrel/seed_47/test_neg.txt,569587,e92cd282b098b7b730f8beca4e02d7f906c81606b76eec8670a5bf2dad83dc74
split,splits/link_prediction/virtual_graph_study/squirrel/seed_47/test_pos.txt,579610,0635561032ef11283d06051dbbf739f6b625b8e54445c42a8013ad1ff4ad6fc0
split,splits/link_prediction/virtual_graph_study/squirrel/seed_47/train.edgelist,1350787,ef6bd36dc82b40dff8dea9bfdbdfffd24c32ce6f5091e79a3c4c59a09bb45d2b
split,splits/link_prediction/virtual_graph_study/squirrel/seed_47/train_neg.txt,1328908,573d8aa6a71b55a0f837452a39ac7ed854b0e758780679995187f7246a1d8fcc
split,splits/link_prediction/virtual_graph_study/squirrel_filtered/seed_42/test_neg.txt,126757,eded29bd80662260ae94a10b8056c1c09457f2ff83f0599d6e87fa45066aa914
split,splits/link_prediction/virtual_graph_study/squirrel_filtered/seed_42/test_pos.txt,131184,b4d9337ab3bb2446534568ef797b323cc7aed9200528746fdadaa6058b147600
split,splits/link_prediction/virtual_graph_study/squirrel_filtered/seed_42/train.edgelist,306137,2bf48591f113d4750a23b16bbc92d44c39018e5b7bf48bf3d89676ebee83407d
split,splits/link_prediction/virtual_graph_study/squirrel_filtered/seed_42/train_neg.txt,296201,eca13719243305554a8cca1121904a8fa198e87020cc89d133225f34867e23b2
split,splits/link_prediction/virtual_graph_study/squirrel_filtered/seed_43/test_neg.txt,127050,33bc1b5ebb4d2c592834c14c8bdb4e373f26cb5432a0cb0e49b4a77c49c020a2
split,splits/link_prediction/virtual_graph_study/squirrel_filtered/seed_43/test_pos.txt,131345,70726563d051599c216488899691d6c98f8961c9a9b3240719cc3e9b6f4891ee
split,splits/link_prediction/virtual_graph_study/squirrel_filtered/seed_43/train.edgelist,305976,06d8335ab0bfa0145ba0775832c93b7634045147e271ca98617cc53cad885015
split,splits/link_prediction/virtual_graph_study/squirrel_filtered/seed_43/train_neg.txt,295814,82ee198692d6211184be992495f895149e8d5e7333bae9c42aef03c55bb192c1
split,splits/link_prediction/virtual_graph_study/squirrel_filtered/seed_44/test_neg.txt,126777,be36f058d3e6ed5af40e29f193c65ce27bc352a9ed3f4f34e0de5c0302f6b88f
split,splits/link_prediction/virtual_graph_study/squirrel_filtered/seed_44/test_pos.txt,131279,112e01160d678b81586477483afa1b8fedb050a9ef2b2096a040efd4003d913e
split,splits/link_prediction/virtual_graph_study/squirrel_filtered/seed_44/train.edgelist,306042,e5acdffab3dc42a1fcaf3da17f782f59c4f0df4d87aa3ac5ff89fe85414c5e4d
split,splits/link_prediction/virtual_graph_study/squirrel_filtered/seed_44/train_neg.txt,295871,c8744d76f2a8bf0452a92c933a06ad5589600d1a1dc9e32c304eab5d06035209
split,splits/link_prediction/virtual_graph_study/squirrel_filtered/seed_45/test_neg.txt,126852,93ef960f6efae58282bb29f2e924b30c531bbdbcd2928704842ed8ed61ba0eb7
split,splits/link_prediction/virtual_graph_study/squirrel_filtered/seed_45/test_pos.txt,131297,ec01548a093bd1e04b389f85e32f68470713a7391681d3556ba2c5e1816452b7
split,splits/link_prediction/virtual_graph_study/squirrel_filtered/seed_45/train.edgelist,306024,e2e5561e78facc86360886a52d280f353a1f71e342f1752362ba1ab8eeddab01
split,splits/link_prediction/virtual_graph_study/squirrel_filtered/seed_45/train_neg.txt,296006,8a614730f57071ee478cc96704ff1f5d127fac420d88dcc21f38239303e75554
split,splits/link_prediction/virtual_graph_study/squirrel_filtered/seed_46/test_neg.txt,126918,6e2627ff4fc3ddc4a97df95e05a3c3272bc5bb8f6a7405c02913d5f121b084a9
split,splits/link_prediction/virtual_graph_study/squirrel_filtered/seed_46/test_pos.txt,131214,f04c22a50d8e31389cbffcd7fadb5f3e14760a7fad93c27d3e1262a6dc68c402
split,splits/link_prediction/virtual_graph_study/squirrel_filtered/seed_46/train.edgelist,306107,b6d011da9b14c7fd16827a32d44b90a76261da3845d5aaa36e1273ebf331c3e3
split,splits/link_prediction/virtual_graph_study/squirrel_filtered/seed_46/train_neg.txt,295709,a2a4c57c352a976323d0234f526ab44c3a583e0674e51b55283b8a059fe93dfa
split,splits/link_prediction/virtual_graph_study/squirrel_filtered/seed_47/test_neg.txt,126785,7b5852b868db91e43385944637bfa97f96808a2e879d8f1b32cebdff385cc859
split,splits/link_prediction/virtual_graph_study/squirrel_filtered/seed_47/test_pos.txt,131183,e43bba31f086f242f3f373cc052a806df75c9b14b67354cc4f67d1f697bdacc2
split,splits/link_prediction/virtual_graph_study/squirrel_filtered/seed_47/train.edgelist,306138,1a52092e21c4862d3033731da4526711db15fe0f6254cca5d863e8b1ec0487d7
split,splits/link_prediction/virtual_graph_study/squirrel_filtered/seed_47/train_neg.txt,296256,854d3702b383096ceefd166fc94c0a46e29c7e4c744a05ccfc191b77033fa3b7
split,splits/link_prediction/virtual_graph_study/squirrel_filtered/seed_48/test_neg.txt,126667,663e1e2bddfcf2af62b5a12e76c193d3680945036c9bf634ac662b28e9109990
split,splits/link_prediction/virtual_graph_study/squirrel_filtered/seed_48/test_pos.txt,131336,df75c630e7cfa732b8ececdccdbc36e04c17f8fce35090d39e655e09a3d045d4
split,splits/link_prediction/virtual_graph_study/squirrel_filtered/seed_48/train.edgelist,305985,e0f9c9b3e7659c1b711f8dbce8fa7f3a8c62ce42d196f8b4d2e66cfccaa67628
split,splits/link_prediction/virtual_graph_study/squirrel_filtered/seed_48/train_neg.txt,295852,04b4988e59fa0544b0aa7b902079870edf16d43d66a63713c6b1f40c55f9fd03
split,splits/link_prediction/virtual_graph_study/squirrel_filtered/seed_49/test_neg.txt,126873,d004cfd86b7748232ec28fc5df467e756cfc7aef88f358e9d60eee02311a1a8f
split,splits/link_prediction/virtual_graph_study/squirrel_filtered/seed_49/test_pos.txt,131219,3ab4bfe0648d37c5695cff0b9aa3b84d8e36871db6a060d2ca2034f999c07bc9
split,splits/link_prediction/virtual_graph_study/squirrel_filtered/seed_49/train.edgelist,306102,2d0342f53dd866527d3d7bee989523baffbe970e84ab400a6a4a7223016ebf74
split,splits/link_prediction/virtual_graph_study/squirrel_filtered/seed_49/train_neg.txt,296279,1560987ebaad0a3ee9d61c16c1273c717a6739a069eb0a3efd11970961be2b5b
split,splits/link_prediction/virtual_graph_study/squirrel_filtered/seed_50/test_neg.txt,126994,848959933ca16698b7047e85aace9b8e48a34375b2483e777667daac9dae5e6f
split,splits/link_prediction/virtual_graph_study/squirrel_filtered/seed_50/test_pos.txt,131267,e3cd95e8744edee498d4842196a02bb014147f59d2fd5139b093a9bb07ef79f5
split,splits/link_prediction/virtual_graph_study/squirrel_filtered/seed_50/train.edgelist,306054,8611f412ade7ed47c8b1afa0d5e06bb4bf239bec7d580bb0ccd618092f6c9cb1
split,splits/link_prediction/virtual_graph_study/squirrel_filtered/seed_50/train_neg.txt,296015,9be1059ba23dc8351540a18e52f7ffd5393c1c2f4446466a20d91bda0b43aa8c
split,splits/link_prediction/virtual_graph_study/squirrel_filtered/seed_51/test_neg.txt,126860,ad51488baecd6d03976f7246cfe418210a45050c5b9ebc8cbad784de4bd53991
split,splits/link_prediction/virtual_graph_study/squirrel_filtered/seed_51/test_pos.txt,131227,eef797c571dee3fdc79c7282f08d7b7628550f949955a44ba44a5f013c940716
split,splits/link_prediction/virtual_graph_study/squirrel_filtered/seed_51/train.edgelist,306094,75e92e004f5791e1cc9e338a950178f20d45a58d5568ac2864b467f66963a689
split,splits/link_prediction/virtual_graph_study/squirrel_filtered/seed_51/train_neg.txt,295696,99a17481ae0a1eedc5d05975cbf1c92918501dd03aae815cfbf0deeffe24bc90
split,splits/link_prediction/virtual_graph_study/texas/seed_42/test_neg.txt,565,bc4c6faf04094de93fd5d7da0c106573c56741e84d6aef57c645dcbc0f103bfb
split,splits/link_prediction/virtual_graph_study/texas/seed_42/test_pos.txt,572,4664ae099ee60436a118b3d52c59087fd753e308f16ce3b909c1f7af036b82aa
split,splits/link_prediction/virtual_graph_study/texas/seed_42/train.edgelist,1269,41b7d9a7dea0f5f2cf074ab047da5f75cb0c2b0a3ea8fe4b92f15704df1af869
split,splits/link_prediction/virtual_graph_study/texas/seed_42/train_neg.txt,1341,6f402f5d99bf8f49bcb40ec8e8389523552f08a102fab9f0c450ae59c685d66f
split,splits/link_prediction/virtual_graph_study/texas/seed_43/test_neg.txt,576,60dd525dd143abeb4ab23bc830c414fa1f42988117fa1f4399824f237c927fdf
split,splits/link_prediction/virtual_graph_study/texas/seed_43/test_pos.txt,572,3ff44717f1e902723e11c52a53a51221be6509c26bb615770d5253c90f3f8e67
split,splits/link_prediction/virtual_graph_study/texas/seed_43/train.edgelist,1269,52a755b65900fd3d46ee058f9bd4a46fb24bdec84ef45100fa9d28f84d8cc53a
split,splits/link_prediction/virtual_graph_study/texas/seed_43/train_neg.txt,1316,05d2153796d0a66145dbcff24ae032bceb12670644e4a5bad54ddb2edf1cc562
split,splits/link_prediction/virtual_graph_study/texas/seed_44/test_neg.txt,575,c6a03c34783e2fb6a170bf3c8c3a630154e1c526389d700d78c67ca6ae4c81ba
split,splits/link_prediction/virtual_graph_study/texas/seed_44/test_pos.txt,572,e163d05ee127e835627b85c667915ca2e535843f89ae7043b87411678a954ef7
split,splits/link_prediction/virtual_graph_study/texas/seed_44/train.edgelist,1269,507044b961a8fdd43a2d9c51368138d5a714e36a8c20eadd225a43d6724b054f
split,splits/link_prediction/virtual_graph_study/texas/seed_44/train_neg.txt,1318,23bd0a0bb047b224c05217f644f445e80ce55338674d689100b5b67cd5110427
split,splits/link_prediction/virtual_graph_study/tolokers/seed_42/test_neg.txt,1574328,8730c132913487fcbdf4892cf441499f13ed74396faf172d1a4d714c283dc7bf
split,splits/link_prediction/virtual_graph_study/tolokers/seed_42/test_pos.txt,1580050,d48a41e5545865e720fa8860c7b92a107ab65126fb8c39b3582c90be698a854c
split,splits/link_prediction/virtual_graph_study/tolokers/seed_42/train.edgelist,3675805,09cdb12d757248392aa458971419d77a0d001a2642cfbd3ba92718607cf4b066
split,splits/link_prediction/virtual_graph_study/tolokers/seed_42/train_neg.txt,3673666,355ffa460b1f2b1689afb37afe80b8626791bbf683857efc6b8acd3c6de5665e
split,splits/link_prediction/virtual_graph_study/tolokers/seed_43/test_neg.txt,1573545,1fe280efeb596f538320bc3cf37f04bc7bb560b58186436593147344113b5973
split,splits/link_prediction/virtual_graph_study/tolokers/seed_43/test_pos.txt,1579593,d8a399f4349e20ef21986e3e50a0cb68ab3247f6e21375b31087ad8470a771f4
split,splits/link_prediction/virtual_graph_study/tolokers/seed_43/train.edgelist,3676262,0840c7f2a287080a6a8ae9d5085991fb1d15abd8d50ec59458a766a9e95c161f
split,splits/link_prediction/virtual_graph_study/tolokers/seed_43/train_neg.txt,3673322,b354ad1992fbdbc2a5d417a57599bf97e31318755fc2f07f82e66b4ddb599b79
split,splits/link_prediction/virtual_graph_study/tolokers/seed_44/test_neg.txt,1573993,3f7eed82a5da74aeae9b9afd6d56f90cc0c22d865372a4be3406b6882ca05b41
split,splits/link_prediction/virtual_graph_study/tolokers/seed_44/test_pos.txt,1579489,c69cf879678282e5776f25667a54171525b9e5928209c8cef17f50a5a44fa971
split,splits/link_prediction/virtual_graph_study/tolokers/seed_44/train.edgelist,3676366,f3a550f6eba163f7e7b6c6ccf42f0e6de892fd09de703a48b70fa13176ce72ad
split,splits/link_prediction/virtual_graph_study/tolokers/seed_44/train_neg.txt,3673122,78d129733526a7dcde4d3c6aaeca933ac04281154332bda82f0cc2c639d24b82
split,splits/link_prediction/virtual_graph_study/twitch_de/seed_42/test_neg.txt,448796,5bafc25c5091fcff036e329a82d861b31cba9bf8a31424c18b91d1d22fb65288
split,splits/link_prediction/virtual_graph_study/twitch_de/seed_42/test_pos.txt,449784,b1e1fd32faa43a62a8c9ad23e063bd6735316a61090f38a90697b753ee161f2a
split,splits/link_prediction/virtual_graph_study/twitch_de/seed_42/train.edgelist,1050073,2d27887bb55ece370afb4e4449daa25a4131d1837429d0529b1dc236f1c85b0a
split,splits/link_prediction/virtual_graph_study/twitch_de/seed_42/train_neg.txt,1046958,93ef55d440480a626bc473b79185f1311e4b3408dde5dcfb81ae8d886329b41d
split,splits/link_prediction/virtual_graph_study/twitch_de/seed_43/test_neg.txt,448668,927c4fe7f65cbadcb0b122780eb81dcfe7e5241ca64dc97e2c10d42d9d790804
split,splits/link_prediction/virtual_graph_study/twitch_de/seed_43/test_pos.txt,450029,263b5c4b97e4463bc4f4e0abdea4bca6d4ab7377e27dbafcbad80d110d1fd08b
split,splits/link_prediction/virtual_graph_study/twitch_de/seed_43/train.edgelist,1049828,d0bfe8f599ff03ea22d9c57094e3a51cedaed616a0c46a30e9514a04c6e553fc
split,splits/link_prediction/virtual_graph_study/twitch_de/seed_43/train_neg.txt,1046885,94567888dfb4fc16ae3cefb9b5bd10be701f95a1023fcca223a03c500c2836da
split,splits/link_prediction/virtual_graph_study/twitch_de/seed_44/test_neg.txt,448741,09989cf68382f11d24a6d87f8a5952e9a3bfcdecf4bc33adea00bce0baf5562c
split,splits/link_prediction/virtual_graph_study/twitch_de/seed_44/test_pos.txt,449830,e0e81e572b3e7ad79fa77c64e5c4d77524277ceb8bfc7b64e8531ef0db452981
split,splits/link_prediction/virtual_graph_study/twitch_de/seed_44/train.edgelist,1050027,baab34a17fc8e60314ab46f8939ce96dc2523cd79254eb6c3995ff66a412f658
split,splits/link_prediction/virtual_graph_study/twitch_de/seed_44/train_neg.txt,1046737,8123dcb4c140cd4950903f0c13fff8bcd49c5721f4cd1470a7fb1eb1a617d67e
split,splits/link_prediction/virtual_graph_study/twitch_engb/seed_42/test_neg.txt,102632,31186fd95dc3e868fe5e661b47a4d6ab54499ea0d424d1e8e1c9ca611e92c6e4
split,splits/link_prediction/virtual_graph_study/twitch_engb/seed_42/test_pos.txt,102681,4d6e86e48499e68000f6eb4cfe74c36f1d43fa4f4d0d5cddd4580057c0c7ec6f
split,splits/link_prediction/virtual_graph_study/twitch_engb/seed_42/train.edgelist,239473,a3aae3943583b76572a1c81cc8fb2e8d84aa6934841de0a584a5dcd75148241a
split,splits/link_prediction/virtual_graph_study/twitch_engb/seed_42/train_neg.txt,239735,579a0fb76fb22ef81916d872a7811f60b0768c89ade5900a0831446f1069e15f
split,splits/link_prediction/virtual_graph_study/twitch_engb/seed_43/test_neg.txt,102727,1bac827aa69bcdf5be9b6a4e865e95640ad9ce97e6d14a4a1fa69d47bfeb75f6
split,splits/link_prediction/virtual_graph_study/twitch_engb/seed_43/test_pos.txt,102637,2ae85ac8269768c2f8884d75f68d54d05e2f08772aef20e30167bb4935c46115
split,splits/link_prediction/virtual_graph_study/twitch_engb/seed_43/train.edgelist,239517,efb17809a85f59d1af270b468e92d7f8c38c4427a332e094cb2349a5ac8d4da8
split,splits/link_prediction/virtual_graph_study/twitch_engb/seed_43/train_neg.txt,239603,f81b01a9aa29cb1332c3f06a09b232a5825695b48d7edcb495a9e4d579ae4a5e
split,splits/link_prediction/virtual_graph_study/twitch_engb/seed_44/test_neg.txt,102669,0a6fe53533795db1a6e6de66dda80342d7359e94855c7be8ac94eeb7f70b75e6
split,splits/link_prediction/virtual_graph_study/twitch_engb/seed_44/test_pos.txt,102687,3464989f85eb8977ff2271ba829c91287957b6f06cc4315fdc39843608a8ef29
split,splits/link_prediction/virtual_graph_study/twitch_engb/seed_44/train.edgelist,239467,c184b517d2a1a72df686e5c3ec788fd030a4ab062f03828bd5a863bf757a6f44
split,splits/link_prediction/virtual_graph_study/twitch_engb/seed_44/train_neg.txt,239627,4b3d8b630a9aed3f74485793016ecbbd0db2ae12322d69454a45bb4b5707f6cc
split,splits/link_prediction/virtual_graph_study/twitch_es/seed_42/test_neg.txt,169445,99c429be93848555b9f85d52f28ffd0e7aa6c84d9076bf39d12404d7189c9943
split,splits/link_prediction/virtual_graph_study/twitch_es/seed_42/test_pos.txt,169066,d872b1cce89235001ea1380a4f8a929009f9e55633c99e96de7688c8a9b45a18
split,splits/link_prediction/virtual_graph_study/twitch_es/seed_42/train.edgelist,394683,8791f6b5b880dd279a296c0b91689215df939998e96d796e0ebb6b0a93a72375
split,splits/link_prediction/virtual_graph_study/twitch_es/seed_42/train_neg.txt,396124,b60420c73e11d317f3d3da8d62fc4bcd36fa854aa9a33149fa38e018a06aeb05
split,splits/link_prediction/virtual_graph_study/twitch_es/seed_43/test_neg.txt,169646,959db1e52ee3910a1795b824b8581d243f182fc8b8b250f4c59ebb7e88cd4b02
split,splits/link_prediction/virtual_graph_study/twitch_es/seed_43/test_pos.txt,169173,931f147dd21751bea1b2c5da7f63eb08c9fdab4ec2cdd9dc89ad1b3ad3bdd12d
split,splits/link_prediction/virtual_graph_study/twitch_es/seed_43/train.edgelist,394576,7d04099473a043240d9eb2414a538421def43ef6951881c29213b960dbc74ef4
split,splits/link_prediction/virtual_graph_study/twitch_es/seed_43/train_neg.txt,395824,5e284ec8b61811eeeb7e93174523e0194b83a2546eb014e81be1fcbed44c06a9
split,splits/link_prediction/virtual_graph_study/twitch_es/seed_44/test_neg.txt,169584,690d59fe6c979570c8993c269dfd3e7d1006fcdd5e932dd19202908c65616404
split,splits/link_prediction/virtual_graph_study/twitch_es/seed_44/test_pos.txt,169072,fb1538105ee7603d2380cde8732978376db0bf58385d81c99e0f0ea28589d261
split,splits/link_prediction/virtual_graph_study/twitch_es/seed_44/train.edgelist,394677,7cd2951f175675f8859cf709d1356d24be44d50f2509969fa861c0c29e7c2d20
split,splits/link_prediction/virtual_graph_study/twitch_es/seed_44/train_neg.txt,395675,aa47367969083ece79b4456b146d1aece95edfd4345caf445a4903963a976722
split,splits/link_prediction/virtual_graph_study/twitch_es/seed_45/test_neg.txt,169683,37bd22e4d122e6d0a95dd65a5c1e5ccc54045b2a9f571d56147ca3d677ec22b3
split,splits/link_prediction/virtual_graph_study/twitch_es/seed_45/test_pos.txt,168904,4404b50c796b89c1dd275721499ed023803c5e200ac66b2671ef9cc45eb8b9ca
split,splits/link_prediction/virtual_graph_study/twitch_es/seed_45/train.edgelist,394845,a39a78d6261b6980beef332d6579c4005f1b25ed035fe13c58ce2aa1b93d2920
split,splits/link_prediction/virtual_graph_study/twitch_es/seed_45/train_neg.txt,395863,339bf57a8948fe770a2ce245974e3da5ab4c2ba0f456c8031feeed6e1d5d7455
split,splits/link_prediction/virtual_graph_study/twitch_es/seed_46/test_neg.txt,169657,b3f313fd68d6f10eff1dffe45177657581312f7a426d7844a58739bb1a7fa72b
split,splits/link_prediction/virtual_graph_study/twitch_es/seed_46/test_pos.txt,169178,5c4fc7d73688c42998a46a7d952c7dd817c8e07a21ce689a94de685e3918ffc6
split,splits/link_prediction/virtual_graph_study/twitch_es/seed_46/train.edgelist,394571,58131fefa4d34840cc5fadbe2008bdad25b530780fe33d1bca64877ee16d1ec7
split,splits/link_prediction/virtual_graph_study/twitch_es/seed_46/train_neg.txt,395671,b007dbcb2bed0a795a5f3c8b29532cbf8665ec9504ba1ef827e07f2baf73b06c
split,splits/link_prediction/virtual_graph_study/twitch_es/seed_47/test_neg.txt,169468,2f759ddf95b7ae2ff23bebf1c6b523422667d206ef997a3b8846e1f492ce5045
split,splits/link_prediction/virtual_graph_study/twitch_es/seed_47/test_pos.txt,169065,30dc79dfdae1ca187682adc7657d1c0bbffdd65b3ce77c0a671c238350eb9315
split,splits/link_prediction/virtual_graph_study/twitch_es/seed_47/train.edgelist,394684,b6a2f5934147d7fab9caf409ab13901b099d6a4774d2327b052c21b6c4439810
split,splits/link_prediction/virtual_graph_study/twitch_es/seed_47/train_neg.txt,396155,989a65419a1064bd825cf06c254c26f787650cbf7ba19b568818d6681b55dfc6
split,splits/link_prediction/virtual_graph_study/twitch_fr/seed_42/test_neg.txt,326662,5978b8c1d0caf67065532e97bbe5efffe922369d0152a8c27077e74a4479bb15
split,splits/link_prediction/virtual_graph_study/twitch_fr/seed_42/test_pos.txt,327215,8345a8d3a2812ba2bc974e82d2f727e11f664dd9e75b2dcaccc6083084ce3253
split,splits/link_prediction/virtual_graph_study/twitch_fr/seed_42/train.edgelist,763677,6b8d6947ea01fc4361373dfaef3cb2c13379438dcfadc70d547a683e1d99c76d
split,splits/link_prediction/virtual_graph_study/twitch_fr/seed_42/train_neg.txt,762016,c4af27e72f03d234662e8d186a37a0667f2b7d9fd9d6afba76c66c98be624911
split,splits/link_prediction/virtual_graph_study/twitch_fr/seed_43/test_neg.txt,326531,8ee81536b1674691219d9c0326145b27f9dd25b7aea69a3f6d640826d7c9ee77
split,splits/link_prediction/virtual_graph_study/twitch_fr/seed_43/test_pos.txt,327354,26c10d86894222ea70cdf02297e46be645f556185273f12a117366420e238d12
split,splits/link_prediction/virtual_graph_study/twitch_fr/seed_43/train.edgelist,763538,e4e52324fde2ab524106c0f90b8a376b8ec939ca431221c236adae5a6b2fd5f1
split,splits/link_prediction/virtual_graph_study/twitch_fr/seed_43/train_neg.txt,762082,0e75e60ff3577f4831be35762d7edc4b700372fa6c2019020ee9f94cc382b6ab
split,splits/link_prediction/virtual_graph_study/twitch_fr/seed_44/test_neg.txt,326446,2e97c444fad67b7561db011454b80c837ff9cb6fe3c3203e97ba6deb755f6529
split,splits/link_prediction/virtual_graph_study/twitch_fr/seed_44/test_pos.txt,327315,b7a551bd2052e4202e0bc07a34874d2e44740887cb74e7c876a8203df3e88700
split,splits/link_prediction/virtual_graph_study/twitch_fr/seed_44/train.edgelist,763577,8d1b2fcc1dabbe8db07b40bc99f057888c60a0e021b2f465478c51057e32826a
split,splits/link_prediction/virtual_graph_study/twitch_fr/seed_44/train_neg.txt,761922,765bbae9665e508c14d6dae05518d547ae2cbc41ece63ef46e8c95563197f347
split,splits/link_prediction/virtual_graph_study/twitch_fr/seed_45/test_neg.txt,326703,476cb7694049208688edc0c85acde522cbc288ab0bd8f584585710b30a840ad7
split,splits/link_prediction/virtual_graph_study/twitch_fr/seed_45/test_pos.txt,327144,ee061fe8adac3a1a5ce045e53810b0e8c21628e123d20f1a2f97d24d47ec960f
split,splits/link_prediction/virtual_graph_study/twitch_fr/seed_45/train.edgelist,763748,f5791e2b99500fbb2b7a2bbd0c4dc7cc733e667760c69058da72ee384edc9437
split,splits/link_prediction/virtual_graph_study/twitch_fr/seed_45/train_neg.txt,761944,28e784c0536ab81df986354f6277b47bc3e05233da257e6e7874eee593c03072
split,splits/link_prediction/virtual_graph_study/twitch_fr/seed_46/test_neg.txt,326550,5fa9009d5149d162a2d3344640d7b55453f60d4ede9152ef8bebd803ebd497ea
split,splits/link_prediction/virtual_graph_study/twitch_fr/seed_46/test_pos.txt,327466,3a5302c59451e98c27f673dd99e113d504a053b15fe2d74fabc36b5495f61b47
split,splits/link_prediction/virtual_graph_study/twitch_fr/seed_46/train.edgelist,763426,ba452e4519c9cacf8a41b98cf01e05426c94a585a6992afb17bcc6ed21b91abe
split,splits/link_prediction/virtual_graph_study/twitch_fr/seed_46/train_neg.txt,761855,931e4a8ec4648ebe379873e0aedabfd2ccba1e6941ad589d608239e8095f3287
split,splits/link_prediction/virtual_graph_study/twitch_fr/seed_47/test_neg.txt,326608,fd33f716cacd012bc7641827617f5b943263ad129e6da16a76e1f019797d4b8b
split,splits/link_prediction/virtual_graph_study/twitch_fr/seed_47/test_pos.txt,327420,0acaccd069322e7048495240f0026441ad1e3fc638ea66ffa8b419b06061956b
split,splits/link_prediction/virtual_graph_study/twitch_fr/seed_47/train.edgelist,763472,99728d2e20773ddda82129566daf9ee343db46c039b17e6a322c2696ff722b9a
split,splits/link_prediction/virtual_graph_study/twitch_fr/seed_47/train_neg.txt,762003,245cce3a08bc03282e03ee05ddc5c3303ce997147babb6b0747eba0ce4357683
split,splits/link_prediction/virtual_graph_study/twitch_gamers/seed_42/test_neg.txt,25854531,38a1b2dbee27d2c5c62913ad00df6dee3f765950e6b4a5c9b19364e380b901fe
split,splits/link_prediction/virtual_graph_study/twitch_gamers/seed_42/test_pos.txt,25871610,53a176114696320d81fce891dd91d3a456fa2702df1e310b05ded4f10ef263a4
split,splits/link_prediction/virtual_graph_study/twitch_gamers/seed_42/train.edgelist,60282320,83f84e3223aba902ff9f0fad925d5dd0a89f6d02bcaafe391b1e7a3ccc5a0253
split,splits/link_prediction/virtual_graph_study/twitch_gamers/seed_42/train_neg.txt,60331232,f3e9fc73787504f0ce5b6f97ed7a07b10009bf4dbb36c8657fcced40314bb242
split,splits/link_prediction/virtual_graph_study/twitch_gamers/seed_43/test_neg.txt,25854571,cae993d963ceefe43bde2e5f24562ef92f2b1257039de74207fb993f9eaaef06
split,splits/link_prediction/virtual_graph_study/twitch_gamers/seed_43/test_pos.txt,25871348,fcb57b93fc118d190def6d7d08528924a1985b54f51e323502f0e68e9ffbba09
split,splits/link_prediction/virtual_graph_study/twitch_gamers/seed_43/train.edgelist,60282582,095933bca67b94d45b0bea4541b0fbe5ba0220c932ef72475129ed78b4eaec71
split,splits/link_prediction/virtual_graph_study/twitch_gamers/seed_43/train_neg.txt,60326146,0810384407ba7bacd0bd80ad0f7bb0de700570e96ad08fd0beda493ce07820d2
split,splits/link_prediction/virtual_graph_study/twitch_gamers/seed_44/test_neg.txt,25853945,666f1d5aaacd1bf1df0f758bca2d0eec6985ccf78a95575b05194d4671d31d91
split,splits/link_prediction/virtual_graph_study/twitch_gamers/seed_44/test_pos.txt,25870826,09ce1113d0a4dd9dd166cbe069138eb7a769fb8c57e4420092d0ac04dfe1a0b2
split,splits/link_prediction/virtual_graph_study/twitch_gamers/seed_44/train.edgelist,60283104,33312141abdd5fab1ee866c25114d4cf1cc02eeb427a05ace17a6a4020deec7a
split,splits/link_prediction/virtual_graph_study/twitch_gamers/seed_44/train_neg.txt,60325122,f100132691adbb2379486e1a58c630c6d903c3eceac6f995d019045836e08feb
split,splits/link_prediction/virtual_graph_study/twitch_ptbr/seed_42/test_neg.txt,82831,a17e6ce853475753fd4e6c3895d73278699b6366b3cd508c8bf94050717b45ce
split,splits/link_prediction/virtual_graph_study/twitch_ptbr/seed_42/test_pos.txt,82801,f1e1bee5b491912b591d1e9555af6de8e7bc893b126a99a4c2342c765746d81c
split,splits/link_prediction/virtual_graph_study/twitch_ptbr/seed_42/train.edgelist,192407,1d00aceda073a8ada1b9d77f4343e7fb222ec9af1bc0542b6e7425e12d1d6ed8
split,splits/link_prediction/virtual_graph_study/twitch_ptbr/seed_42/train_neg.txt,193736,4fdecc8f7b2dd794512d3adee307c4593091c0a2c3e08d1c1a502c6dad7915e8
split,splits/link_prediction/virtual_graph_study/twitch_ptbr/seed_43/test_neg.txt,83025,fea3bc5c883f1fffeb3d044a8064b2e2ef848318f8086117b6c7f81602635721
split,splits/link_prediction/virtual_graph_study/twitch_ptbr/seed_43/test_pos.txt,82709,c47befe607d4f7826ec4132a55edd8aa8c4679cc1ce81c27589785a22ad42ab6
split,splits/link_prediction/virtual_graph_study/twitch_ptbr/seed_43/train.edgelist,192499,6bff46ad56d13ed1a2f3b9aca9c5e59486d9d34206fb63a9db78d85f1c0fd2bb
split,splits/link_prediction/virtual_graph_study/twitch_ptbr/seed_43/train_neg.txt,193812,5fedf3396ec9068588e5e1ed3f6f6d1087f645cddd9b9addfaedb894b0af4fdb
split,splits/link_prediction/virtual_graph_study/twitch_ptbr/seed_44/test_neg.txt,82998,4a19bc0567998e6261ed4c435c9f7d154a64fcf16ba7ca7dcdb29b1bbb62d536
split,splits/link_prediction/virtual_graph_study/twitch_ptbr/seed_44/test_pos.txt,82705,b960ed6db71a2abca98d592a69468e46cba7ecd7955e866216f303001656004d
split,splits/link_prediction/virtual_graph_study/twitch_ptbr/seed_44/train.edgelist,192503,9fa94e77d710a6f0a9df6b03183274aeb5cc7b6123786833fd1fc08937ecb945
split,splits/link_prediction/virtual_graph_study/twitch_ptbr/seed_44/train_neg.txt,193848,90dd0d67e427f81c371f38bbe7eeaff02048bcfab47c67fa0edfd26b76c55fd9
split,splits/link_prediction/virtual_graph_study/twitch_ptbr/seed_45/test_neg.txt,82929,e1718c65f988fa4984fd9be8aad24e4c59de08d0e4256bbd471cdf3b7525d8fc
split,splits/link_prediction/virtual_graph_study/twitch_ptbr/seed_45/test_pos.txt,82769,8668116b55484975da176243ded43233db1af62b12dfef0df53d5e5800b32bee
split,splits/link_prediction/virtual_graph_study/twitch_ptbr/seed_45/train.edgelist,192439,03b182ef9c6419baab8ec418dba2d248bac6ca7f3ba83887c0785f678b545fcc
split,splits/link_prediction/virtual_graph_study/twitch_ptbr/seed_45/train_neg.txt,193718,05dcbd00ef95a9b78453dd51ee8a5d0f78735e2ccdec198296a4f719e00c3c47
split,splits/link_prediction/virtual_graph_study/twitch_ptbr/seed_46/test_neg.txt,82995,529a5ce787d4e2a57018a074af62225ea7741d7ef3ab098dc90cd4b3f436cabe
split,splits/link_prediction/virtual_graph_study/twitch_ptbr/seed_46/test_pos.txt,82784,6438f4697f3277af4c6ae7d6b4218989261ea9b4835e28560654d5a821f111fe
split,splits/link_prediction/virtual_graph_study/twitch_ptbr/seed_46/train.edgelist,192424,597f028aedc00beb520ba16d37f3f5b0fd8849f3a7a53b2e8cb0959a82e47c70
split,splits/link_prediction/virtual_graph_study/twitch_ptbr/seed_46/train_neg.txt,193867,bc0f22362664ef76fcc6a9e74d6660f01ef1fd18fd0560dd789e415d453bf4b7
split,splits/link_prediction/virtual_graph_study/twitch_ptbr/seed_47/test_neg.txt,83052,73fcc0c1203eb0d0511474eaabdee995f3c82869f1f9614c2d2a15a1013153ad
split,splits/link_prediction/virtual_graph_study/twitch_ptbr/seed_47/test_pos.txt,82811,9d631eb6417b2a32d79dd353f7df1319a95a21fd899b41aa5155a1b4c0a70f0f
split,splits/link_prediction/virtual_graph_study/twitch_ptbr/seed_47/train.edgelist,192397,f211a9620e4d09f05509db8d4895cea3a13e82f04e08c40fea56f2402911e81f
split,splits/link_prediction/virtual_graph_study/twitch_ptbr/seed_47/train_neg.txt,193699,d79caaf0853c23962557dca10bb56074e14421c5cc15e76376f6d7c24f8ad5e1
split,splits/link_prediction/virtual_graph_study/twitch_ru/seed_42/test_neg.txt,106429,e3a1c20bca3b83f47436a4a342fa65f427095c6de7f02d4f686deed19ce52afc
split,splits/link_prediction/virtual_graph_study/twitch_ru/seed_42/test_pos.txt,105886,089252dd4153dd01623bac1162a4e6e99287c589f1896bff7acc8d9488884508
split,splits/link_prediction/virtual_graph_study/twitch_ru/seed_42/train.edgelist,245504,73bb1ed97287f9c3bc35147c3587a47a688f4432debd7566fc006b201b27ac03
split,splits/link_prediction/virtual_graph_study/twitch_ru/seed_42/train_neg.txt,248004,0fce4e0ec9b7279d622b75118e1b1329064ad35e5d4b8acdb5938909601763f0
split,splits/link_prediction/virtual_graph_study/twitch_ru/seed_43/test_neg.txt,106267,0788705eeea830ed29e18e68247d6c3d6f7361654e5dedde55ca8d8814a033ac
split,splits/link_prediction/virtual_graph_study/twitch_ru/seed_43/test_pos.txt,105748,6c8618921efab23342f02b9bc30c285dc45fe54d5719b23ee1cdb577656a0665
split,splits/link_prediction/virtual_graph_study/twitch_ru/seed_43/train.edgelist,245642,ad6fda7a4fb40198803e79dcbb6c904e82963d9e52216a2b31474f5be7d4f177
split,splits/link_prediction/virtual_graph_study/twitch_ru/seed_43/train_neg.txt,247858,45fa5c177057ef97db8db932f5c1787fd6309bd434762c222be40681a308390c
split,splits/link_prediction/virtual_graph_study/twitch_ru/seed_44/test_neg.txt,106200,7ba8697f01bb95fb5d564cb68c505310109ba04f4fac0a426f146eca40dd5c26
split,splits/link_prediction/virtual_graph_study/twitch_ru/seed_44/test_pos.txt,105865,87f538245c9608f8280886f4b97ceaf2ccc9f0e048452d666f77e84e1a10c326
split,splits/link_prediction/virtual_graph_study/twitch_ru/seed_44/train.edgelist,245525,825c90b06b3771f76d27e57225795c1e8e5cbf5d5c9049bc3c49ea64a08469a2
split,splits/link_prediction/virtual_graph_study/twitch_ru/seed_44/train_neg.txt,247879,ad6babe6b527455cec0eaa010c7a5b5d897d693a9446c85cfd66a4e4b140bff4
split,splits/link_prediction/virtual_graph_study/twitch_ru/seed_45/test_neg.txt,106147,bf3bed75cfacc07fde1d5644fc688192b618b6b3ac291d7b6cf227d1df5e3ec0
split,splits/link_prediction/virtual_graph_study/twitch_ru/seed_45/test_pos.txt,105801,629a3d737ea2bb63b3fac3222ff22377d0407b27e17e642c31c357c59a8172aa
split,splits/link_prediction/virtual_graph_study/twitch_ru/seed_45/train.edgelist,245589,928ff612f2082680ac1c20877fa146d78c37830004d713859515bb2dc3d770ad
split,splits/link_prediction/virtual_graph_study/twitch_ru/seed_45/train_neg.txt,248034,b807db8562ae326dd3cdb7b274097c194cf33c47eb35ade237aae32c4406e266
split,splits/link_prediction/virtual_graph_study/twitch_ru/seed_46/test_neg.txt,106347,f04543bc47073c1ada086ac63f5d83bfefbbd9ece7c170bfb86f56d523a30022
split,splits/link_prediction/virtual_graph_study/twitch_ru/seed_46/test_pos.txt,105760,96a9417c8eff6075190c7a6ef64c72f3ffadd3caf8836684f383014429c8f47f
split,splits/link_prediction/virtual_graph_study/twitch_ru/seed_46/train.edgelist,245630,787e792b4e7e6ec31149e472e2a4b66a704e4ed48f55dd3b19f4b1f896a93dca
split,splits/link_prediction/virtual_graph_study/twitch_ru/seed_46/train_neg.txt,247750,89dba1a553139bc2197f9625061462784b419aafba270075c0f6fcaaa2bb8b1b
split,splits/link_prediction/virtual_graph_study/twitch_ru/seed_47/test_neg.txt,106366,52a2fd2fdcd04b91f5315c1300e91736afa14e1077d08e8db6c0f8274135ad95
split,splits/link_prediction/virtual_graph_study/twitch_ru/seed_47/test_pos.txt,105903,e1df9eece96f8b8dfa12f9c0f808e46995d11ff0dd5bbd80d3cd74308fa9f0ae
split,splits/link_prediction/virtual_graph_study/twitch_ru/seed_47/train.edgelist,245487,5110617bd28a20894b084c953529c4f9231d7c18d2b997f98f7f909b637e6f93
split,splits/link_prediction/virtual_graph_study/twitch_ru/seed_47/train_neg.txt,248031,87867b88f509a1ea031c2be1bbcb64280286cf6fe73abfc3b099475245b79d8e
split,splits/link_prediction/virtual_graph_study/wiki_attr/seed_42/test_neg.txt,31607,ee48b8810b8d11068470a95a1fd3fe313eb7d0a378a95482edec963731423b31
split,splits/link_prediction/virtual_graph_study/wiki_attr/seed_42/test_pos.txt,31364,665132dc3512f6c7d1cb168076323b7fb14cd863950e3aab4d4c1ae6f80d7a23
split,splits/link_prediction/virtual_graph_study/wiki_attr/seed_42/train.edgelist,72386,383082443391dbbad3d5504ea06c923f484db185f25878b4d75a4930142a91e9
split,splits/link_prediction/virtual_graph_study/wiki_attr/seed_42/train_neg.txt,73683,7ef30cc1778f8b8bb1387bbe36d7e8f2eedbd6b482fc8fc7aad7b90bd7c95299
split,splits/link_prediction/virtual_graph_study/wiki_attr/seed_43/test_neg.txt,31534,17486fc508c109d73f9e9895f74a180a0781780a6018945ce012f7171d177874
split,splits/link_prediction/virtual_graph_study/wiki_attr/seed_43/test_pos.txt,31277,c5e4d2e4d34569e6334d29b993812fb460b47d06c63cbc99ee8e249ee97ff5f7
split,splits/link_prediction/virtual_graph_study/wiki_attr/seed_43/train.edgelist,72473,cc545c3cecef937f82f844bd47341327152af4e0ef972b8fdd91cbe7814b221b
split,splits/link_prediction/virtual_graph_study/wiki_attr/seed_43/train_neg.txt,73642,c13de8e3b1d3f35773187a19e6d68b16835c3fd098feb7d5f89b566680fba960
split,splits/link_prediction/virtual_graph_study/wiki_attr/seed_44/test_neg.txt,31536,4b7f4af4dbe825e4be9e9146015fe633a475a89e03681098313a627d1dfdf716
split,splits/link_prediction/virtual_graph_study/wiki_attr/seed_44/test_pos.txt,31273,e932679be204ae394ea0b8d7c4c0028223cb22eebeb8d4f078b89d1e5bd99051
split,splits/link_prediction/virtual_graph_study/wiki_attr/seed_44/train.edgelist,72477,02e211fc21d5e0b138c23ff5340ece9e8d84b7243a7d9d31605a68d6f6ce6c97
split,splits/link_prediction/virtual_graph_study/wiki_attr/seed_44/train_neg.txt,73665,f73717c2886f62414a1e19034da50b379a74eced5f83846b8541af919e7f3812
split,splits/link_prediction/virtual_graph_study/wikics/seed_42/test_neg.txt,653306,b423718cbbd14e1c4937f6e89b01af5ec3c70da8c64719b9722d10c8e4d6832e
split,splits/link_prediction/virtual_graph_study/wikics/seed_42/test_pos.txt,653025,d8d69773c2504b454c9c17d4f1c2d350de26f1e2a152f209ee7295a4f3d245f7
split,splits/link_prediction/virtual_graph_study/wikics/seed_42/train.edgelist,1522926,01dd81744feef608ee65b7be88ebb1ad8f79c396cae13836dbee5c14ef765695
split,splits/link_prediction/virtual_graph_study/wikics/seed_42/train_neg.txt,1524689,db43fb42aeef0ddfe431ad51d1c5c347783009a2ea6764be6cc8e3d64db73642
split,splits/link_prediction/virtual_graph_study/wikics/seed_43/test_neg.txt,653414,9f9caf89fa74676273706331fbd3f128986595ec01505e6f0eb972dd3d1161a5
split,splits/link_prediction/virtual_graph_study/wikics/seed_43/test_pos.txt,652877,0ed8698032b75ec6232b3e7b2238974a2729ece6ea5740d74ad7f585437037cd
split,splits/link_prediction/virtual_graph_study/wikics/seed_43/train.edgelist,1523074,ce993298c0ef63eaf9465c26554a7250e8e03795d9eff0754fe71fb28fa054f3
split,splits/link_prediction/virtual_graph_study/wikics/seed_43/train_neg.txt,1524661,338afbc2a9f679f6847a1bfa185a6cb6d2d086c832b0daf2e50df7ae9d37b75c
split,splits/link_prediction/virtual_graph_study/wikics/seed_44/test_neg.txt,653352,bc16294c4d381e56fcf289a997f0feb78382f0ad60fd118dc91efa9568eccda3
split,splits/link_prediction/virtual_graph_study/wikics/seed_44/test_pos.txt,652888,31368934753e274615ec3124547f5c6ffff10552aa3b6e4d779bcaa545f26874
split,splits/link_prediction/virtual_graph_study/wikics/seed_44/train.edgelist,1523063,d499fb28b89658b91a33d23b0b380bc60e60a38b72f383e964990a1325f0ea07
split,splits/link_prediction/virtual_graph_study/wikics/seed_44/train_neg.txt,1524078,6b8be7feb8e562b765292b9678796bdd33581c1bb1f4addea00d3e4c39ed74e5
split,splits/link_prediction/virtual_graph_study/wikics/seed_45/test_neg.txt,653439,43ba491d463924f7cfea7a94b4bb930cc76c7e9f94ac71bdea3571988aa0a723
split,splits/link_prediction/virtual_graph_study/wikics/seed_45/test_pos.txt,652916,27f895317226a01b2a675fa407d7a518d9926a1ce44dd3a109a2568bd8103a9d
split,splits/link_prediction/virtual_graph_study/wikics/seed_45/train.edgelist,1523035,bc6275b9d2a25d7d622a6e9463beb7c6b8373cbf4f67f6a77f15c960a2ccd011
split,splits/link_prediction/virtual_graph_study/wikics/seed_45/train_neg.txt,1524927,f91644f0af6e603a5b05ca4373d34a6df10f0ff9b2cd856161afe01aad24e041
split,splits/link_prediction/virtual_graph_study/wikics/seed_46/test_neg.txt,653656,aef89bb7b7ecb8ea7c6d251b9fdc904074ae1882e9d8af787a29956238a81a6c
split,splits/link_prediction/virtual_graph_study/wikics/seed_46/test_pos.txt,653075,0670c38f9ebd00ed53863104ca9866f8b9a4f7c54f5ea124b0334f8fda7bffa6
split,splits/link_prediction/virtual_graph_study/wikics/seed_46/train.edgelist,1522876,2fd8d176bff47ff51b326435cfcade5d618472ee98123ea3c8e60708ef8cb41c
split,splits/link_prediction/virtual_graph_study/wikics/seed_46/train_neg.txt,1524849,6deec590ac9bbbb341fc9d6ec30c10bbd11fae4e3e7ffa2b49a7d4f77cfe84fc
split,splits/link_prediction/virtual_graph_study/wikics/seed_47/test_neg.txt,653532,f6f06706fed6cc208c95a820007409a4f0fed1446b5822b972fa6239a0e26657
split,splits/link_prediction/virtual_graph_study/wikics/seed_47/test_pos.txt,652781,e02841791587cefadd826b24e7c3d65d611dc1aaef54f4417ef63f785e4739d8
split,splits/link_prediction/virtual_graph_study/wikics/seed_47/train.edgelist,1523170,a666ac701b61319a108b924af812c82468cf91dfc351e27cb5bcd83e9b711f55
split,splits/link_prediction/virtual_graph_study/wikics/seed_47/train_neg.txt,1524629,beb8d5ade433c401457279c445a56572e930c36b18465a47981fff9b9846b489
split,splits/link_prediction/virtual_graph_study/wisconsin/seed_42/test_neg.txt,949,fffd5674fa67a53121e27136548b305156979e437bfdc325c00c090f9f18fd4d
split,splits/link_prediction/virtual_graph_study/wisconsin/seed_42/test_pos.txt,962,5eb0cc8e73d4dd2038e725aa96256b616ab34b920fb5ebfd498a3a251775b842
split,splits/link_prediction/virtual_graph_study/wisconsin/seed_42/train.edgelist,2162,47a309161346d08fda17369b8cf6a5da21d04ab10fbb5850283e711f84abeacd
split,splits/link_prediction/virtual_graph_study/wisconsin/seed_42/train_neg.txt,2248,f14fadc808addbadd5280ac65672e28c9afe14e9aec5aae0941a631493dfe098
split,splits/link_prediction/virtual_graph_study/wisconsin/seed_43/test_neg.txt,960,5c5e9c1081cd2741b2bce7d7709969fbf8ec5b974f76dcf7a4489deacd8f78fd
split,splits/link_prediction/virtual_graph_study/wisconsin/seed_43/test_pos.txt,969,0cb0ddbbbd167e98e00290b48c5427b7e4971c18383489fced23852e86c33783
split,splits/link_prediction/virtual_graph_study/wisconsin/seed_43/train.edgelist,2155,556572719575c7087a6bacd01310b7806403ef5f56ac3ebaacee334998796231
split,splits/link_prediction/virtual_graph_study/wisconsin/seed_43/train_neg.txt,2226,5b50b09ffe7c7f1302ea93ae5d44fd9679fdfd7c7411913ccad788aa52443f31
split,splits/link_prediction/virtual_graph_study/wisconsin/seed_44/test_neg.txt,948,43c16e928dcfe64ed530acc025beeb0d1d12e37e48bb282805e377ec0fa85c1f
split,splits/link_prediction/virtual_graph_study/wisconsin/seed_44/test_pos.txt,968,f134e095755f51b81d525f8addab223ab60bd896bb5d89faccc65fb2868729b5
split,splits/link_prediction/virtual_graph_study/wisconsin/seed_44/train.edgelist,2156,f19c4113a5df4542fcec449302dde9b567372e5dfc5581bc20d7b276a25aa492
split,splits/link_prediction/virtual_graph_study/wisconsin/seed_44/train_neg.txt,2247,ae8c573a464b6f11a6a736fa8b418790c9cc31e72a2796fefa00117e68b9172c
split,splits/ogb/ogbl_ddi_pairs.npz,7432362,3afffde5e7738da2f117870012c08b15fc5f72a0e09f9948178491939f105cc6
split,splits/ogb/ogbn_arxiv_idx.npz,1355490,b0882abc5eb78738c8d5a4fc5addaeff0ae571dfa9981ce1ea43ad530c317b35
role_graph,output/notebook2_create_vir_graph/virtual_graphs/actor/k10/centrality/virtual_graph.edgelist,1213861,a5627789eaac43499ef90c318b63ffcddc11229fae4fe0887d838b839f9ce410
role_graph,output/notebook2_create_vir_graph/virtual_graphs/actor/k10/degree/virtual_graph.edgelist,1011504,3965659a1335bf1ed664118dfeb2adcec4db247c80f7d926cea98d970d770c5e
role_graph,output/notebook2_create_vir_graph/virtual_graphs/actor/k10/hybrid/virtual_graph.edgelist,1563083,634710e7c96c9694248df3115e5f4ef37775d53c2fca11ac00cae7bd781cbe5e
role_graph,output/notebook2_create_vir_graph/virtual_graphs/actor/k10/hybrid_centrality/virtual_graph.edgelist,1574818,9c9128f6ff9a7ed10e45e606070aee54a20118219ac96d6abba10c62d1a9d141
role_graph,output/notebook2_create_vir_graph/virtual_graphs/actor/k10/hybrid_degree/virtual_graph.edgelist,1373777,a74340a2e16ca4d54b249d18b9c31ec2de7c5df416d609fc69a6d3fdc3bdaa5d
role_graph,output/notebook2_create_vir_graph/virtual_graphs/actor/k10/original/virtual_graph.edgelist,365140,dbaf6e5356959fef5fb1e8be3b476438a16afca3de2cf2f1fae2043e6c9d67fc
role_graph,output/notebook2_create_vir_graph/virtual_graphs/actor/k10/psi/virtual_graph.edgelist,1202532,7de027fa11e4f5a3a9b72340a171c67c3049bee79661a5a9d86083d3512e3a27
role_graph,output/notebook2_create_vir_graph/virtual_graphs/amazon_photo/k10/centrality/virtual_graph.edgelist,1228824,6e678f078b4137fa6799536de909e15718ee38292cba9146e70335da283c7f12
role_graph,output/notebook2_create_vir_graph/virtual_graphs/amazon_photo/k10/degree/virtual_graph.edgelist,977488,854ee9258d8752782600828df237472c12036ede127eed3b1c096caab64f26ca
role_graph,output/notebook2_create_vir_graph/virtual_graphs/amazon_photo/k10/hybrid/virtual_graph.edgelist,2792578,4531ac656fdcc12bdd2d935ea7f2f2aeba5c02077cdf3895bd231bbad5419e28
role_graph,output/notebook2_create_vir_graph/virtual_graphs/amazon_photo/k10/hybrid_centrality/virtual_graph.edgelist,2832939,76e72e5f2d735950c1c8ba71109ea0c2d79a9835654e575eff517aa77e982b23
role_graph,output/notebook2_create_vir_graph/virtual_graphs/amazon_photo/k10/hybrid_degree/virtual_graph.edgelist,2601638,64ae52baf9989c3c516a195fe5ccbf32196f01f1669ecf1eaa2013da287a0f08
role_graph,output/notebook2_create_vir_graph/virtual_graphs/amazon_photo/k10/original/virtual_graph.edgelist,1633416,cbbebf269eb9a647e7ed513a231eba861c4ac1fb547223522252284b9d11fa37
role_graph,output/notebook2_create_vir_graph/virtual_graphs/amazon_photo/k10/psi/virtual_graph.edgelist,1177122,f2c4a042ee03cf1f47d10fadbc7aeaaa28bb3917b196ac8badde19a62266bedd
role_graph,output/notebook2_create_vir_graph/virtual_graphs/amazon_ratings/k10/centrality/virtual_graph.edgelist,5859128,009bc49ca8889b20d93cc6641b11e1e09cfe9f63b1f8b29c8ad3dd524cf37bc3
role_graph,output/notebook2_create_vir_graph/virtual_graphs/amazon_ratings/k10/degree/virtual_graph.edgelist,3665103,9ac13187512d4ce5cbc33b1f5656a06d7224dc61805492d656fd0d256a50dc54
role_graph,output/notebook2_create_vir_graph/virtual_graphs/amazon_ratings/k10/hybrid/virtual_graph.edgelist,5464038,9f4dd59a4fd889a27e81006b0e27379ebb8caa9b8cdc05bf1f75ed836bce134c
role_graph,output/notebook2_create_vir_graph/virtual_graphs/amazon_ratings/k10/hybrid_centrality/virtual_graph.edgelist,7241041,ded0c7fc95d6c1fd0b1ad941a6679e34eecf74ded23b3e031850cdda8d820a2f
role_graph,output/notebook2_create_vir_graph/virtual_graphs/amazon_ratings/k10/hybrid_degree/virtual_graph.edgelist,5067204,6ceccf39f519d387b32a81d7db80787afd16fb5a3c94ef337a375178a9746ba4
role_graph,output/notebook2_create_vir_graph/virtual_graphs/amazon_ratings/k10/original/virtual_graph.edgelist,1403687,58cbbae786d2e0c6bbd0f343da10168260a2375499f693590fd63be485d474b3
role_graph,output/notebook2_create_vir_graph/virtual_graphs/amazon_ratings/k10/psi/virtual_graph.edgelist,4099039,4e1cd559950188639f090c27def87acd047c3d8de79ccf069dd92f6abc2e3f09
role_graph,output/notebook2_create_vir_graph/virtual_graphs/amherst41/k10/psi/virtual_graph.edgelist,232904,16f28ad837090681ed7bb2d73142bfc58b863e92ac978fa44c5887088c9f3699
role_graph,output/notebook2_create_vir_graph/virtual_graphs/citeseer_linqs/k10/centrality/virtual_graph.edgelist,538577,5c3919c54f826ad866f65b4e163f75e411af631a536cb96cb1cb9a0bb21e9dc0
role_graph,output/notebook2_create_vir_graph/virtual_graphs/citeseer_linqs/k10/degree/virtual_graph.edgelist,426778,684d2116546d47bababfe75acea2a62aea97ac00de3deb8db291a572b4353f9b
role_graph,output/notebook2_create_vir_graph/virtual_graphs/citeseer_linqs/k10/hybrid/virtual_graph.edgelist,547139,fec33edf70e61ea18fcdcafe9ff408c0b04e9000a7b2cb8754743ddb14f0a473
role_graph,output/notebook2_create_vir_graph/virtual_graphs/citeseer_linqs/k10/hybrid_centrality/virtual_graph.edgelist,592907,7b3942e19c0cdc17fce852fe081dfe7a74ccac1f8cd00efe4212935aef9c7b5d
role_graph,output/notebook2_create_vir_graph/virtual_graphs/citeseer_linqs/k10/hybrid_degree/virtual_graph.edgelist,484707,71bf43ebce0a869553b4f05bf207240ceee276b905f31097fae4ec1504898e10
role_graph,output/notebook2_create_vir_graph/virtual_graphs/citeseer_linqs/k10/original/virtual_graph.edgelist,58884,a62e622c41f6c353138d5b89ec5cf44721a4d7c2b3dacbcbd4709ffea09fe1db
role_graph,output/notebook2_create_vir_graph/virtual_graphs/citeseer_linqs/k10/psi/virtual_graph.edgelist,492077,db1d77899322e51755adc3f165cc9fc0774df07af024d53f88b96c4a30db85de
role_graph,output/notebook2_create_vir_graph/virtual_graphs/cora/k10/centrality/virtual_graph.edgelist,429053,7bee31ceb3a91a789d0c1eb5c7a294a328115fcbb7fe26cdde6b52f69b4d6a6f
role_graph,output/notebook2_create_vir_graph/virtual_graphs/cora/k10/degree/virtual_graph.edgelist,348616,58290a3f513e34ad0a98726a76b124d2ae0a3408672aa7d4a787cf0855f6268d
role_graph,output/notebook2_create_vir_graph/virtual_graphs/cora/k10/hybrid/virtual_graph.edgelist,486390,44e2e9263ef639a49844837b4fa3ca11dfa1e52d46ae7b4428286954ebcee313
role_graph,output/notebook2_create_vir_graph/virtual_graphs/cora/k10/hybrid_centrality/virtual_graph.edgelist,493406,fdff733b5e152be6975cb028056c9aa08d4d5a5567be586f3f7b40a1083a4487
role_graph,output/notebook2_create_vir_graph/virtual_graphs/cora/k10/hybrid_degree/virtual_graph.edgelist,416472,a1dd20762f6d7243c5fa0dea379d8b3dc8e15106e8481b677755f29cb5607ec6
role_graph,output/notebook2_create_vir_graph/virtual_graphs/cora/k10/original/virtual_graph.edgelist,68607,0ab9da51ff3b9ce4cb5280c5f54fb852ceb1d0a87ffaa9788eb89ee234745156
role_graph,output/notebook2_create_vir_graph/virtual_graphs/cora/k10/psi/virtual_graph.edgelist,420108,563a2d4e9f3ada08cf6216194dcbd24ad431b6c9a45675101c31e1c75c30462a
role_graph,output/notebook2_create_vir_graph/virtual_graphs/cora/k10/psi_lambda/virtual_graph.edgelist,425744,04efcaf57611adc22293c88ab54ee3a51552862520f67ad1d03c424324c182da
role_graph,output/notebook2_create_vir_graph/virtual_graphs/cornell5/k10/psi/virtual_graph.edgelist,2671680,dc5fae4d6b7747e8b7649057657342d5804e25313bea909f2f9a0efeeb385813
role_graph,output/notebook2_create_vir_graph/virtual_graphs/enzymes/k10/centrality/virtual_graph.edgelist,3257934,9444cfe0dbf606ea30f2ebfdbd4659718282e6b2299a716a399a85217a11c5eb
role_graph,output/notebook2_create_vir_graph/virtual_graphs/enzymes/k10/degree/virtual_graph.edgelist,2889522,c312f28d5c0ea3d2547539ebc99d2b587837d6d21228f636f8cfbfaf17cfd04c
role_graph,output/notebook2_create_vir_graph/virtual_graphs/enzymes/k10/hybrid/virtual_graph.edgelist,3622608,da3535491438fc6640c18a57a851ae39099fe4f89367086c8612da6cecf06709
role_graph,output/notebook2_create_vir_graph/virtual_graphs/enzymes/k10/hybrid_centrality/virtual_graph.edgelist,3785031,9ed32ce365fb79f40948d7e138308ca6aa77795a903dff4ad4173caba59c5ec3
role_graph,output/notebook2_create_vir_graph/virtual_graphs/enzymes/k10/hybrid_degree/virtual_graph.edgelist,3443038,327f3a0cb18b6c3c676202dff3a81bbf8c9769b7e1e45b9b08981fd5bf62637d
role_graph,output/notebook2_create_vir_graph/virtual_graphs/enzymes/k10/original/virtual_graph.edgelist,554408,bff5cc7aa4386038c2c75e85eb0936eaeef94e9a33475309e257a0b5b36a7b38
role_graph,output/notebook2_create_vir_graph/virtual_graphs/enzymes/k10/psi/virtual_graph.edgelist,3085808,10a2d68649cb7eac40ffd93457a1373fc8db5d8825fcbc5372f9cc9a6cdcb0a2
role_graph,output/notebook2_create_vir_graph/virtual_graphs/genetic_fission_yeast/k10/centrality/virtual_graph.edgelist,563372,9d397e1188c11e516e14ddb283a1ff58066e738035fa3840deeaec8f40fdf05e
role_graph,output/notebook2_create_vir_graph/virtual_graphs/genetic_fission_yeast/k10/degree/virtual_graph.edgelist,428916,867e12edefd342769d85efe56a7ff9e0313fc10cb0b200b3c88f1c4e417cadbd
role_graph,output/notebook2_create_vir_graph/virtual_graphs/genetic_fission_yeast/k10/hybrid/virtual_graph.edgelist,1130797,5744feb7afbe681cc7311b9578fe69296732e43a3c34188732fd04a5186d8983
role_graph,output/notebook2_create_vir_graph/virtual_graphs/genetic_fission_yeast/k10/hybrid_centrality/virtual_graph.edgelist,1201240,d412c61b53dae119d8f07c2d24fa337fe5b55502896d647abaeff921d9ce57f7
role_graph,output/notebook2_create_vir_graph/virtual_graphs/genetic_fission_yeast/k10/hybrid_degree/virtual_graph.edgelist,1072664,bdda7780b0b4cea5994783286998a3525f5d2604c9a2f82d66e3183e06323885
role_graph,output/notebook2_create_vir_graph/virtual_graphs/genetic_fission_yeast/k10/original/virtual_graph.edgelist,652410,289cea0a96f4c328af216507de11a1206b1c17aa5cedf60ffabbc6efbc50c8ee
role_graph,output/notebook2_create_vir_graph/virtual_graphs/genetic_fission_yeast/k10/psi/virtual_graph.edgelist,491624,70515f3d16f2943e6fc93272267071c39177a164aff2b154e2fe883d4dd4f2b4
role_graph,output/notebook2_create_vir_graph/virtual_graphs/johnshopkins55/k10/psi/virtual_graph.edgelist,629097,1bc37e3ecb1b884763382c5a5742ae4cd023c09aef75461f94802dea81e2d767
role_graph,output/notebook2_create_vir_graph/virtual_graphs/lastfm_asia/k10/centrality/virtual_graph.edgelist,1229783,7604c28c281003b71995a2e58bf6ffbe683b747671f0b042e9bfd262fc95bbb5
role_graph,output/notebook2_create_vir_graph/virtual_graphs/lastfm_asia/k10/degree/virtual_graph.edgelist,1014314,b867878fb05f1af6de2d4e1a40eb256ea28845dcd85c0a80813bab31e34d739d
role_graph,output/notebook2_create_vir_graph/virtual_graphs/lastfm_asia/k10/hybrid/virtual_graph.edgelist,1590181,2de43d7a17ad218753e7043d4474fc4be40e3cb1eebb73b5271ab40528540ce4
role_graph,output/notebook2_create_vir_graph/virtual_graphs/lastfm_asia/k10/original/virtual_graph.edgelist,381657,570b70bdd15df9de091205f9c291933aa1e8287c6881a2256b7fd9072321d7a7
role_graph,output/notebook2_create_vir_graph/virtual_graphs/lastfm_asia/k10/psi/virtual_graph.edgelist,1215738,5ec260f5e0221bef229825dc04265f3c6aabd91b23edefac063a0373f4a8139f
role_graph,output/notebook2_create_vir_graph/virtual_graphs/minesweeper/k10/centrality/virtual_graph.edgelist,1296696,e3cb6e550f89e4445dd669207cbb62fb5cbb5efd6b4c7a19b7d647159d35a952
role_graph,output/notebook2_create_vir_graph/virtual_graphs/minesweeper/k10/degree/virtual_graph.edgelist,1377027,64b27dc075224104d7f82e28ed16926b4e7502302d6f659c3b1a50f28cc12929
role_graph,output/notebook2_create_vir_graph/virtual_graphs/minesweeper/k10/hybrid/virtual_graph.edgelist,2024172,71627e63feaaf3ea39a36b63d17bc57b8e56cde935275271c98109044abc54b8
role_graph,output/notebook2_create_vir_graph/virtual_graphs/minesweeper/k10/original/virtual_graph.edgelist,543442,dfd801376aeba21781b767ce78079b80706054ce275bcb60412cf4f7e7a1837b
role_graph,output/notebook2_create_vir_graph/virtual_graphs/minesweeper/k10/psi/virtual_graph.edgelist,1496411,2b0d00b03b185db0f922cccdb1faf4ae067a9cb77b0e4c91eca140ca5d9b9fd7
role_graph,output/notebook2_create_vir_graph/virtual_graphs/ogbl_ddi/k10/centrality/virtual_graph.edgelist,672514,56550b94e07398396bb9263a413824d0f03bfa29c620fbf03b0d9b90ec9229c8
role_graph,output/notebook2_create_vir_graph/virtual_graphs/ogbl_ddi/k10/degree/virtual_graph.edgelist,432856,45e6d8785ddbd13ccb8b8bfd258f0e0e2ab23da2cfa4a6aa6b2f9e713d3db004
role_graph,output/notebook2_create_vir_graph/virtual_graphs/ogbl_ddi/k10/hybrid/virtual_graph.edgelist,14671484,f185e50583ef398aff10c37aadea953d6811e4d5bfdc027cb0556d23f984207b
role_graph,output/notebook2_create_vir_graph/virtual_graphs/ogbl_ddi/k10/hybrid_centrality/virtual_graph.edgelist,14702786,7c7e2d22abf84c1ab508710d4828562db461b7bc47714015e01b15062129b3f3
role_graph,output/notebook2_create_vir_graph/virtual_graphs/ogbl_ddi/k10/hybrid_degree/virtual_graph.edgelist,14529641,869d6f59814b9ab7a2929d9587aa8a76b3dd7bd83a3ff87bf4067dcf02cabf9b
role_graph,output/notebook2_create_vir_graph/virtual_graphs/ogbl_ddi/k10/original/virtual_graph.edgelist,14204443,baf12390c03f2a67f630b3797897f7534dec60f3c103f440f322115e7cd41edd
role_graph,output/notebook2_create_vir_graph/virtual_graphs/ogbl_ddi/k10/original_k/virtual_graph.edgelist,529060,ee1cd38582f93b3d872e0c67360ecdc30c45e599756380f12c50a2370e0ca930
role_graph,output/notebook2_create_vir_graph/virtual_graphs/ogbl_ddi/k10/psi/virtual_graph.edgelist,624401,41771d4573f29e4dd7deb230bc65b997ae0c7a1a95c493f42d21b046499a4b5c
role_graph,output/notebook2_create_vir_graph/virtual_graphs/ogbl_ddi/k10/psi_pqnorm/virtual_graph.edgelist,699677,75598cbf7bef923270221bc78427760abb4fc67017ed4f3534c127932ef73692
role_graph,output/notebook2_create_vir_graph/virtual_graphs/ogbl_ddi/k10/psi_shift/virtual_graph.edgelist,697904,cf9d315270b54bd4827072d4fd940815196b97d4f33e8d352fe8b88bfbb0b746
role_graph,output/notebook2_create_vir_graph/virtual_graphs/ogbl_ddi/k10/random_k/virtual_graph.edgelist,574645,60540a2fadf4022fd38896a6f58edc99dcd4787acd0e0b5b42930352a3f50a20
role_graph,output/notebook2_create_vir_graph/virtual_graphs/ogbn_arxiv/k10/centrality/virtual_graph.edgelist,39260647,4f2fca4917a23490a33785e7d8d6ec16637dded83a50ded2e8298bb1a7adb57d
role_graph,output/notebook2_create_vir_graph/virtual_graphs/ogbn_arxiv/k10/degree/virtual_graph.edgelist,28094610,01d7d00d3af8473d6a7549a35f91621d3f2334b8b3ab2710efe7a50a27be6022
role_graph,output/notebook2_create_vir_graph/virtual_graphs/ogbn_arxiv/k10/hybrid/virtual_graph.edgelist,49633688,9ba47db69bd43a5144d0f376321c124b3f3a06151c44c4046c8bf67d985f9707
role_graph,output/notebook2_create_vir_graph/virtual_graphs/ogbn_arxiv/k10/hybrid_centrality/virtual_graph.edgelist,58531283,bdf84637bedd8456e0ecaaedb66a1c70cb6af46d2d12eeffc0f41cc90a64801e
role_graph,output/notebook2_create_vir_graph/virtual_graphs/ogbn_arxiv/k10/hybrid_degree/virtual_graph.edgelist,47383546,12846d322621d22320c39d4c852cad1035127c57b4a84a99fcc698e942d97e33
role_graph,output/notebook2_create_vir_graph/virtual_graphs/ogbn_arxiv/k10/original/virtual_graph.edgelist,19297360,6af6633b10d1d119a3ae2de0a7eb02a546bbd27057b9812887b83ed2d7416dff
role_graph,output/notebook2_create_vir_graph/virtual_graphs/ogbn_arxiv/k10/psi/virtual_graph.edgelist,30362413,3291c22755d3111026aac4022246b2344d03e713e8c970cd2a285e517d9b0bad
role_graph,output/notebook2_create_vir_graph/virtual_graphs/ogbn_arxiv/k10/psi_pqnorm/virtual_graph.edgelist,30586597,e47da396e44963aa83f4843b09d293a8a3b42c6ff2de076b283db2e19c24eb86
role_graph,output/notebook2_create_vir_graph/virtual_graphs/ogbn_arxiv/k10/psi_shift/virtual_graph.edgelist,30521186,77f7a0737813f159fe9d17a9a65b5772080bd18375797a0766d544a2de7b6201
role_graph,output/notebook2_create_vir_graph/virtual_graphs/ppi_fly/k10/centrality/virtual_graph.edgelist,1841780,21853c32b529f94bded26b42b2863848a03836fed6cf239290fe871c2cf2f210
role_graph,output/notebook2_create_vir_graph/virtual_graphs/ppi_fly/k10/degree/virtual_graph.edgelist,1509491,c1f98520064e7bcca70151c2e2d5f09f570b88a7699f4c37a61fde1055bfa74b
role_graph,output/notebook2_create_vir_graph/virtual_graphs/ppi_fly/k10/hybrid/virtual_graph.edgelist,3519649,fc24fbaace5764b360e12b4a254f12a80caf0ae4407556b984e34b65aff08f11
role_graph,output/notebook2_create_vir_graph/virtual_graphs/ppi_fly/k10/hybrid_centrality/virtual_graph.edgelist,3641835,dd7ba9bb041b72845b082afcb7dd10169a1d3f04a28d1e554c0248e85126469c
role_graph,output/notebook2_create_vir_graph/virtual_graphs/ppi_fly/k10/hybrid_degree/virtual_graph.edgelist,3318288,e729b4dab941881641a6086f4232aa215be957174da040f4e4fa36e238ef7152
role_graph,output/notebook2_create_vir_graph/virtual_graphs/ppi_fly/k10/original/virtual_graph.edgelist,1817892,a3eee54df08aae29ae78c22f787a9918dd7314d7862c487dc88665cb4ceaae1d
role_graph,output/notebook2_create_vir_graph/virtual_graphs/ppi_fly/k10/psi/virtual_graph.edgelist,1715600,b9863a65363c84957ccc9b2f94b3be1c012e63d9c9af67990538031037629f54
role_graph,output/notebook2_create_vir_graph/virtual_graphs/ppi_human/k10/centrality/virtual_graph.edgelist,4614869,fd1ebcc8c3b345c614747e3bec93ff3fb516be74118256d178d06c914f204985
role_graph,output/notebook2_create_vir_graph/virtual_graphs/ppi_human/k10/degree/virtual_graph.edgelist,4022953,f37fe371bf96d11ac1620010f3001d53ce03d0cec25190078e3ac52426462604
role_graph,output/notebook2_create_vir_graph/virtual_graphs/ppi_human/k10/hybrid/virtual_graph.edgelist,11845818,255c675cd6cffa8cc9b9c42d37f40bc1c2c1a0fee198e3f5b63af95387a2bdfd
role_graph,output/notebook2_create_vir_graph/virtual_graphs/ppi_human/k10/hybrid_centrality/virtual_graph.edgelist,12121164,96d9d3f87cc113b11e155c01c40af95d3d5632178d7f6a3b3e9d78a81c99b266
role_graph,output/notebook2_create_vir_graph/virtual_graphs/ppi_human/k10/hybrid_degree/virtual_graph.edgelist,11543972,9b11ba69b1d53daaf4d358134d3682d85415c30ffe776869b7a77dd359a99d55
role_graph,output/notebook2_create_vir_graph/virtual_graphs/ppi_human/k10/original/virtual_graph.edgelist,7542935,6f8eace0639767bad52362928202d4c1515dbb5f41ab8eb58ea5793e408d43c0
role_graph,output/notebook2_create_vir_graph/virtual_graphs/ppi_human/k10/psi/virtual_graph.edgelist,4333250,17246d0839e57cc88862d41e58ab020ebf7e2927dbc4b9cbc072349ecb26cfde
role_graph,output/notebook2_create_vir_graph/virtual_graphs/ppi_yeast/k10/centrality/virtual_graph.edgelist,1162858,75d3fda8614cadccf97ca2ca24530d1d1d971147b5ef51a167bc7950e0bc2e72
role_graph,output/notebook2_create_vir_graph/virtual_graphs/ppi_yeast/k10/degree/virtual_graph.edgelist,909179,dde85b5dcbbd383b4ffdf72ace7498e46cabd76b28de7bb8f58149670922a89d
role_graph,output/notebook2_create_vir_graph/virtual_graphs/ppi_yeast/k10/hybrid/virtual_graph.edgelist,3151564,3d0577ce39e9b87a086ed880205555eb4ca847bf9f79941686d48c952ad89801
role_graph,output/notebook2_create_vir_graph/virtual_graphs/ppi_yeast/k10/hybrid_centrality/virtual_graph.edgelist,3309260,398ef8e399d41284862f57d3ba6262e1c807859e2f86907522b0e0b2741d3fa1
role_graph,output/notebook2_create_vir_graph/virtual_graphs/ppi_yeast/k10/hybrid_degree/virtual_graph.edgelist,3060623,05aece724ba08dfbe498b0c434ae5bc1b23452e4076386759bb64a3bbed0a141
role_graph,output/notebook2_create_vir_graph/virtual_graphs/ppi_yeast/k10/original/virtual_graph.edgelist,2167093,ce6d950d7dcd5304bd4e27c27709e4ec52bbcb4b65e070e278064e2a7e4e2de7
role_graph,output/notebook2_create_vir_graph/virtual_graphs/ppi_yeast/k10/psi/virtual_graph.edgelist,1004733,e3b439b43dbf0b3f2cb30e4d1952990d26368a3d4038906e54895f0db3fd1487
role_graph,output/notebook2_create_vir_graph/virtual_graphs/proteins/k10/centrality/virtual_graph.edgelist,7454290,9ceab73b1bdb9945efa4507aa3fa346f71a01756820ce276b80fa7d2e4c0a801
role_graph,output/notebook2_create_vir_graph/virtual_graphs/proteins/k10/degree/virtual_graph.edgelist,6725596,c0e8fcddb6ca73fd7641a7e6a3c99315dba3e8f54b2c674301eeec0185b32d4f
role_graph,output/notebook2_create_vir_graph/virtual_graphs/proteins/k10/hybrid/virtual_graph.edgelist,8393669,19185638e5cfe03d16fb9a9426c1d5a01822f48545125633a5ccc50cb48a248c
role_graph,output/notebook2_create_vir_graph/virtual_graphs/proteins/k10/original/virtual_graph.edgelist,1254627,9df52e997ffdb1e9b01763bbc654b97126b13b7a54f79fca5d3fa93ce298e1ff
role_graph,output/notebook2_create_vir_graph/virtual_graphs/proteins/k10/psi/virtual_graph.edgelist,7176824,c223b5903c4a13d240d0f6e8b195281207e06c651496376933d837c668c268be
role_graph,output/notebook2_create_vir_graph/virtual_graphs/pubmed/k10/centrality/virtual_graph.edgelist,3231754,4cf2b973fa8650eae8d5a74388a49afa8f55b75694cb1de7408ff8105c1716df
role_graph,output/notebook2_create_vir_graph/virtual_graphs/pubmed/k10/degree/virtual_graph.edgelist,2896712,ac863cf6bbdd95bd85ae17c4303198b64cd035ad0faebcfcba6c4807b12a93bf
role_graph,output/notebook2_create_vir_graph/virtual_graphs/pubmed/k10/hybrid/virtual_graph.edgelist,3789583,f3897e16943e73cc39bea243b7be11c591b20f6641950bfc08ef1707e92ac3e5
role_graph,output/notebook2_create_vir_graph/virtual_graphs/pubmed/k10/hybrid_centrality/virtual_graph.edgelist,3884575,406625978b5e62895755006f5c7ce323c01c4d7fa5e0e5b2632f61ae93cfdec2
role_graph,output/notebook2_create_vir_graph/virtual_graphs/pubmed/k10/hybrid_degree/virtual_graph.edgelist,3553545,f96b8a6bc6a61ef743acb39df7ea8a592009a2004348f4f5eff6580cae236721
role_graph,output/notebook2_create_vir_graph/virtual_graphs/pubmed/k10/original/virtual_graph.edgelist,658739,c2e417fe110fa617dbbba657d2d30d81ad6a113774fb9a1f624c9aa67f9579c5
role_graph,output/notebook2_create_vir_graph/virtual_graphs/pubmed/k10/psi/virtual_graph.edgelist,3134906,df18ffd4f5fd91eee950e6f0ac8b9abef0f9fedbb312fa1a3cbd0a5dbeef20eb
role_graph,output/notebook2_create_vir_graph/virtual_graphs/questions/k10/centrality/virtual_graph.edgelist,8067808,9403fcadeb39db3a1b02c967eb62663ce4c5c8319c1a0faaf1efec893897e984
role_graph,output/notebook2_create_vir_graph/virtual_graphs/questions/k10/degree/virtual_graph.edgelist,7525332,f191c6afe862d3ece458154a3b7e36fa6beee49f2d8a72bbea07f7d4a6eca340
role_graph,output/notebook2_create_vir_graph/virtual_graphs/questions/k10/hybrid/virtual_graph.edgelist,10261879,08c0f94dbb87eca4ae0023c38fb9d147ab6cbfcff4b686e04ac5c12f712f9af6
role_graph,output/notebook2_create_vir_graph/virtual_graphs/questions/k10/hybrid_centrality/virtual_graph.edgelist,10438410,8d048740274ca201817e5e4c914df35f6f32fc666f25191382cb67e73889eb37
role_graph,output/notebook2_create_vir_graph/virtual_graphs/questions/k10/hybrid_degree/virtual_graph.edgelist,9901132,c8f52da16a018c0e17a56ac206a3a37eade3dad62bc1d011172e53d2108ba123
role_graph,output/notebook2_create_vir_graph/virtual_graphs/questions/k10/original/virtual_graph.edgelist,2384366,8d0dff23006af08ac2d36155613fdc9df108bd964509503af811b6047a6469b9
role_graph,output/notebook2_create_vir_graph/virtual_graphs/questions/k10/psi/virtual_graph.edgelist,7890886,b75cd06361ee3c874bc88bef29df4202d8c130b3d0e5a4c6c3d05fb3eb71b111
role_graph,output/notebook2_create_vir_graph/virtual_graphs/reed98/k10/psi/virtual_graph.edgelist,103019,7232c1a7ae7b9b9c4252def6919bf393cad2299c9a01994180b4a4ab29842ee8
role_graph,output/notebook2_create_vir_graph/virtual_graphs/roman_empire/k10/centrality/virtual_graph.edgelist,5760851,3dd6f10ff0e17d4f6820b6ffe9efecb55ca045622addc607cd4b31dc20124fb8
role_graph,output/notebook2_create_vir_graph/virtual_graphs/roman_empire/k10/degree/virtual_graph.edgelist,3398658,c44ec7dc8cd5782caebab7dc40ad567cac24ab897461dc4ac55076de4a26bd43
role_graph,output/notebook2_create_vir_graph/virtual_graphs/roman_empire/k10/hybrid/virtual_graph.edgelist,4310406,6188d330c4403110f262585af52cd98093e6f544d0a98699900a4a64536ebcdf
role_graph,output/notebook2_create_vir_graph/virtual_graphs/roman_empire/k10/hybrid_centrality/virtual_graph.edgelist,6249735,4c3d63406c2309fc39ff86b6ab7bfabd6a9259a67f08fae10c91af0f143eac39
role_graph,output/notebook2_create_vir_graph/virtual_graphs/roman_empire/k10/hybrid_degree/virtual_graph.edgelist,3892552,94e21fa7b6c8770da18e7d27330d55d47d4b3a52ae923b06e045bb51d794b588
role_graph,output/notebook2_create_vir_graph/virtual_graphs/roman_empire/k10/original/virtual_graph.edgelist,494376,a519da2bc54a6221dbd142646907da1bbc98a63d78163f9682c649680f7b57b7
role_graph,output/notebook2_create_vir_graph/virtual_graphs/roman_empire/k10/psi/virtual_graph.edgelist,3819746,4c9965c9df9d0e2fb2a5ed9d5b517d43faeeda0c1daebd1c2c764936287afaf1
role_graph,output/notebook2_create_vir_graph/virtual_graphs/spanish_highschool_6/k10/centrality/virtual_graph.edgelist,80904,323a633e5eebb9e7cf93caae8a1b7b5cc579170572319582a10444897f9b0c20
role_graph,output/notebook2_create_vir_graph/virtual_graphs/spanish_highschool_6/k10/degree/virtual_graph.edgelist,44155,aa04e21e163c6f084e47840e563731ee1af3b90e93473de3093ddbbeeb28c7b0
role_graph,output/notebook2_create_vir_graph/virtual_graphs/spanish_highschool_6/k10/hybrid/virtual_graph.edgelist,181321,5a6f9433e423fbb02bd67863bd10d29c9823e67ebfdb3dedc33b3b609906191d
role_graph,output/notebook2_create_vir_graph/virtual_graphs/spanish_highschool_6/k10/hybrid_centrality/virtual_graph.edgelist,177832,ea535524d220a8534517d78b80a07f59c6e22781304bd88e700afd4328ce455d
role_graph,output/notebook2_create_vir_graph/virtual_graphs/spanish_highschool_6/k10/hybrid_degree/virtual_graph.edgelist,150897,9321e53a11aedf4fba03b40c58785819be6eacda099ae4be42f7a8216941fa73
role_graph,output/notebook2_create_vir_graph/virtual_graphs/spanish_highschool_6/k10/original/virtual_graph.edgelist,110242,10602869cb19223a6fa50cff3aa4c4baf27e4a0f4b6ff97c16b43c9beedb6dd6
role_graph,output/notebook2_create_vir_graph/virtual_graphs/spanish_highschool_6/k10/psi/virtual_graph.edgelist,81776,de20524a0b755122509df01616ba7f1dc2d1b10959a028678b90317a7156a6b4
role_graph,output/notebook2_create_vir_graph/virtual_graphs/squirrel_filtered/k10/centrality/virtual_graph.edgelist,354635,a34e5032b2e67392ada199b8c5a5d4f97a606b36a1459bfa6dc9722035c6347b
role_graph,output/notebook2_create_vir_graph/virtual_graphs/squirrel_filtered/k10/degree/virtual_graph.edgelist,252777,a04e8d9a89e03fb77f1cadc654f3a2d4fbf7b62db697d9fe5d55ef5cb88467d7
role_graph,output/notebook2_create_vir_graph/virtual_graphs/squirrel_filtered/k10/hybrid/virtual_graph.edgelist,919441,3509030f2f370b06f303dd53e9c178094bf3a6426c1901866a730be29d21d7d1
role_graph,output/notebook2_create_vir_graph/virtual_graphs/squirrel_filtered/k10/hybrid_centrality/virtual_graph.edgelist,932937,62a4a1aad4dcb2ae9f6e7c91c234748dae66c7e51b7ef22b5cb59c50637e2aad
role_graph,output/notebook2_create_vir_graph/virtual_graphs/squirrel_filtered/k10/hybrid_degree/virtual_graph.edgelist,847558,04571a9d8788522cb5d1a4aa56cee3dd9c95958bedf279fa80afd01c0713b63c
role_graph,output/notebook2_create_vir_graph/virtual_graphs/squirrel_filtered/k10/original/virtual_graph.edgelist,625313,1e5821291b976b387ceab0a7255be1e54780012b2523714e53d545b6bad13499
role_graph,output/notebook2_create_vir_graph/virtual_graphs/squirrel_filtered/k10/psi/virtual_graph.edgelist,340826,8ae9a544bb4a1ebcc64485b01aadad25003798c83c5fda9d5af04b3a9b9b8811
role_graph,output/notebook2_create_vir_graph/virtual_graphs/squirrel_filtered/k10/psi_pqnorm/virtual_graph.edgelist,356805,106e82a1cf237c7c04ffcc0b0cc3806a2aed2a91e32090788cd35879e4a7111a
role_graph,output/notebook2_create_vir_graph/virtual_graphs/squirrel_filtered/k10/psi_shift/virtual_graph.edgelist,357225,4c03967bea09f8b43133a25ab3b45b48b19065aa1c7f951221c3d234057da10c
role_graph,output/notebook2_create_vir_graph/virtual_graphs/tolokers/k10/centrality/virtual_graph.edgelist,1922599,b6a4e0816d0027d933712bd30e00e878d488a1ea992ca538fe9ae7b91485c261
role_graph,output/notebook2_create_vir_graph/virtual_graphs/tolokers/k10/degree/virtual_graph.edgelist,1474867,6266cf1ce91d3a66a8995778700e2096840ab17bbba419342d2f9bcfeb393fe1
role_graph,output/notebook2_create_vir_graph/virtual_graphs/tolokers/k10/hybrid/virtual_graph.edgelist,8980766,dc1dde923cd99ec38c2dc337a0f69d35ebabba2f754e26731b7bf4c013164987
role_graph,output/notebook2_create_vir_graph/virtual_graphs/tolokers/k10/hybrid_centrality/virtual_graph.edgelist,9185729,2ae7e0f6f13c043037f2477f49fc227de7db8c8d419c3ccefbae0ac9826f9610
role_graph,output/notebook2_create_vir_graph/virtual_graphs/tolokers/k10/hybrid_degree/virtual_graph.edgelist,8765735,790542391d1fc1763f8c5f6d17ae8b59c3f8f518d045f7b0979c6861969f3498
role_graph,output/notebook2_create_vir_graph/virtual_graphs/tolokers/k10/original/virtual_graph.edgelist,7331855,998b9bf2b6fafc06b6cae0f649e5ba1f678ae768e9c371307f3228857bec3382
role_graph,output/notebook2_create_vir_graph/virtual_graphs/tolokers/k10/psi/virtual_graph.edgelist,1708609,ca500963eb447f28050ce79744abc7ea8a9afe18327b38153eb828a268dcefb1
role_graph,output/notebook2_create_vir_graph/virtual_graphs/twitch_ptbr/k10/psi_lambda/virtual_graph.edgelist,300391,deda3b4fa4586638f2c66a9f52ecf48f113e0f2d6d1fbcc9d54d450913cf74bf
feature_cache,output/feature_cache/actor_073aad80b583.npz,304498,c70b748c32d3724277403444a1b7cb5327e1f111f49ced8f0546535852463804
feature_cache,output/feature_cache/airports_brazil_e744031bbd8d.npz,5738,cdcceda925f4002053b8463b94a62658112896f9db8f42b0ef40be5a50b982d7
feature_cache,output/feature_cache/airports_europe_c5b72090f4bb.npz,16458,a36714a01cdbf4a04ec6171b953ff3a210511889e68b3ac366c9e2222470ba4f
feature_cache,output/feature_cache/airports_usa_50547f7e120d.npz,48098,a976b0f6e518bae5d834568b79bcdc321e9c9aa0262f666a7c2f57365331a741
feature_cache,output/feature_cache/amazon_computers_19bf13ada54d.npz,550578,658b017671fa15943b6031e9655e4790b48511edef031f7710bf785c87e08961
feature_cache,output/feature_cache/amazon_photo_fbd862775047.npz,306498,cc6e8dd8847fcdf714da2c5db55e6fd987cd2e9cfaceb14561b15736feb30742
feature_cache,output/feature_cache/amazon_ratings_6a76a5f6efa9.npz,980178,7c422bc340d8295aac5a67645254b90a1dd8443d1c38a96884e6d886a148dd8d
feature_cache,output/feature_cache/amherst41_4b7592690003.npz,89898,71decf5733012f953b903cf1cc5f019773b058b1063e770036a3d81f22af1bf8
feature_cache,output/feature_cache/artnet_exp_062dce5d0ee1.npz,2016698,b847d7683e414a378678368d2100e9e1d57bf39277d0a9689e01aca39dd56dd7
feature_cache,output/feature_cache/bag_of_words_kos_c9928d51db3d.npz,413938,0e415fcdca5c2f9a85d3db52990d835722a9d4b06687e706877915d0f6dea35b
feature_cache,output/feature_cache/bag_of_words_nips_8f5c9916cdd2.npz,557258,9fcde3a359fbda8d258e857492b007c796c4d667e64c20fffad0ce46dad9a679
feature_cache,output/feature_cache/blogcatalog_e071af196bc4.npz,208338,0117f8f1c6cae4a511a5ae248bb20fc7058d817cd649e91fe3a19a0108208029
feature_cache,output/feature_cache/board_directors_76ab069486ca.npz,72378,700c37cbab1911d6f8a7ced306afc1d48b310558b21067d85e5e5d5125779160
feature_cache,output/feature_cache/celegans_neural_911940f14edb.npz,18618,badd4e47ed5095d8264837490384184fab9e486f2c5215c2aa72cea1e85c1741
feature_cache,output/feature_cache/chameleon_1c313f865e77.npz,91578,230559b77293278d64349f46972ea7bf38f5fae5ae825d052729386708b232bc
feature_cache,output/feature_cache/chameleon_filtered_7ad5ddd4ff75.npz,36098,9002e987bc8f67df28f83d0d64df0b71378fb276d9406f4b36974580ab0ade3e
feature_cache,output/feature_cache/citeseer_linqs_b3ec09249a8d.npz,131058,0881ef4ac14547c9326307b63906bf49cbd6a6ace2f0e60bc2e3b293dbe72038
feature_cache,output/feature_cache/city_paris_d5d9fba8f6ef.npz,4565578,dd73a153ca8482312d2fc423b8102006de0985a9158594989771084704c1dd12
feature_cache,output/feature_cache/city_reviews_9365af1cc8e9.npz,5952538,271fbd8ea775df75e72b8cb2709ec2a23a4b90cb8fa4202031be72f087109c58
feature_cache,output/feature_cache/city_roads_m_a1032c416bf9.npz,2283418,eb9a513c6f476b4e55c8b6273f57c0996221579e5cca38fdb60c1ccbf777b662
feature_cache,output/feature_cache/coauthor_cs_b37f0d5866ed.npz,733818,3b65136e8bbe7b6a53d3919652e6f8a3adf752cc77b785446f9e08625017ab13
feature_cache,output/feature_cache/coauthor_physics_40f52fb560d7.npz,1380218,436829081a72308e452fb48d0d5e3860618168b90fbaf1add25833ada0b4898b
feature_cache,output/feature_cache/cora_24067cf6aa1c.npz,108818,9dc14255ebaa9468e057a5e5604d996cdeacca8fd32ee8ed5f5cf1cc70da0908
feature_cache,output/feature_cache/cora_full_3d5f9e63fff8.npz,792218,d63ea6cd4f2e6c6d770eaba6e367c4021d5c09bb7e54e16328511ce00f31ea11
feature_cache,output/feature_cache/cora_ml_b7c8924afe97.npz,120298,5558dcd8f154c33d4d8070a2bb68f5f26d0914caf7b1a36cdc9e139cdd4ca878
feature_cache,output/feature_cache/cornell5_7067417e7ee2.npz,746898,0e3a81a8b866c16d56b2b76608bf625ca6593b3021d2f79dfd6d2cb3b7e21120
feature_cache,output/feature_cache/cornell_webkb_d16764b5e9ff.npz,7818,da9b2b3b4c0d828565e6c7ad98b94aa3fb3618dd9d1932352896806d0f6d4fae
feature_cache,output/feature_cache/crocodile_856b87fa4f4f.npz,465738,389ce8bc768fb4f85b2d75cbf29e5c8334aac535dfc6fd2ced18bfe644b72bbe
feature_cache,output/feature_cache/dblp_1632de2d77ff.npz,709138,f4be0f19758d8099a3806ef7b93fc365bc6dfd2eadec94acfe4d09f65f97734d
feature_cache,output/feature_cache/deezer_europe_35512399a1f7.npz,1131738,c6e606959217a010252dbc321a060d2e7c82f4591d9c20e86ad8699e40ebd545
feature_cache,output/feature_cache/email_eu_core_3f35df7a7a1e.npz,40698,63c5911b9cb06d1313b70913a99a8fa5794f71091385223eb3ffe3eb7b7102f4
feature_cache,output/feature_cache/enzymes_6fbfee5566a2.npz,779458,e851ada0c6dadebfb5367151e651742e6eeba49ecdf64b1745ed84a3a71b6017
feature_cache,output/feature_cache/escorts_bd36cec573eb.npz,669698,c6928489b637f0b73e50decfe86226ffd5c2a3d7d40fcb25770304b5e26dfd9e
feature_cache,output/feature_cache/flickr_attr_c067e371fd8d.npz,303498,4ab7b003c35053eeb9e4cb3ba234d1ed0e55d025f1db5cf2e772901854af38ac
feature_cache,output/feature_cache/foursquare_checkin_a0687ad4de78.npz,197698,e0d54b8845c032d0fcb30be10292c26d0bfd53bbe1d7343c0b8578154f7c9ab0
feature_cache,output/feature_cache/foursquare_tips_3d514b127260.npz,256658,751832aca0bbceecffb5281b8cbd9a0cbea4afd5998807999a11954460474f6a
feature_cache,output/feature_cache/genetic_fission_yeast_062175dbef73.npz,143018,8a19af31f35f3af3efbcc6e0f0490598edb62676fba416fe1a018effdc3f9cd2
feature_cache,output/feature_cache/genius_0375d7d8ccc8.npz,16878938,06f0beed542c2446c84fb83422a5403cbaacb765a154136f062efc308de4c0bf
feature_cache,output/feature_cache/github_db25c747f31c.npz,1508498,8b986dd5592c2616788038ceef6eac4fed9c9ea31a8acf7bcdf82901a0451e68
feature_cache,output/feature_cache/jdk_ee88a37041f2.npz,257858,6d302a3425eda624d6bd3d0aaaf48102c209ff39a4b9f8298f3f9f3b6afb9e47
feature_cache,output/feature_cache/johnshopkins55_be994113c4bb.npz,207698,2ad7f259dacebc2d32472d286001f0f2f0a2283d839cd701cf5a063134c286e2
feature_cache,output/feature_cache/lastfm_asia_ebe018cffacf.npz,305458,978ab072a07cb923ac1c25c3140f1b2a2ae969ed49ed3d2d313b2d0cd8d97a4d
feature_cache,output/feature_cache/messal_shale_fe5f347df7da.npz,27938,b0e270fc6e38f592ba545ebe01a0fe96653f737742e198d148d65e420689519e
feature_cache,output/feature_cache/minesweeper_4727570b691e.npz,400498,6a4977a24ad7f2a2506b11ff0033c93bb6ab51ad3e2a637c1f1f768a0d91e7c5
feature_cache,output/feature_cache/nematode_mammal_80a248e54538.npz,1221138,629f6ad290f2dba6c6757f98f462277bdf9eb1eabd3df309d03417542ed1d9ad
feature_cache,output/feature_cache/ogbl_ddi_train_d00107c48767.npz,171178,2db65b6bfd2ffc4297e93f6c2f07c4f279837fa5f13fad52b538e00f12c71e23
feature_cache,output/feature_cache/ogbn_arxiv_0378f5908f01.npz,6774218,1fd36d817c6d23ad953039af25eaabf0c5127b898c64faa621b5c4300b91bda3
feature_cache,output/feature_cache/penn94_3649b36bdeea.npz,1662658,3a1829a4ad0dcf97f217a80d91780cbd4d8fbebc2d0bfcc82cc3c5c5b83af7d7
feature_cache,output/feature_cache/plant_pol_kato_a993afa9fb97.npz,31378,97f2ccb43545ed24f9cd0f57382c547fc4973dc36d1c7feb23c7ec0b91c7f434
feature_cache,output/feature_cache/plant_pol_robertson_c30b0b443f42.npz,75858,1e2bdf279a58518a0ef3306909f0943e0f52907456f545c6559e210547f9ab01
feature_cache,output/feature_cache/polblogs_3f4c75ea44e9.npz,60098,1463f86a5b6f03e9ae633313bf30442834ae4dedaec69e344a262a5c78d476cc
feature_cache,output/feature_cache/ppi_fly_2934a55648d3.npz,454578,330770c4f95373e1bc6012578d27b8a4674e497e66cde5a1557b537f2d89ed7f
feature_cache,output/feature_cache/ppi_human_cfb72571897b.npz,1104258,873ea8dd93dff703bfdb40f37d6a5baf9df350c3149e2656a862a825a27e8415
feature_cache,output/feature_cache/ppi_mouse_3e974a6f48d3.npz,754018,f41dc145c1691470faa1c6f1175c7507055bbd180003e47242dec8fda7078d14
feature_cache,output/feature_cache/ppi_rat_e9d6e0e4f632.npz,282498,c0011a553c6d1ef84e3c348b4c991442dbdd840a05bc8e34d67d25b0679efe73
feature_cache,output/feature_cache/ppi_yeast_a2bec775843f.npz,291378,2cb57845aaab9f70c1473171ef8bd23680c12da3e45a454c03e3b4ba2d60cb97
feature_cache,output/feature_cache/proteins_nr_79a96adf5c52.npz,1739138,e5945313afbcb6c65556bb59cddfa62ab8fd336bbf04c7afbec774bf6c5ca6e6
feature_cache,output/feature_cache/pubmed_792713c76a55.npz,789178,f4148ebb528c0212e76c91ebdae128db5b986dda3e74886ae22df9475e6b55fc
feature_cache,output/feature_cache/questions_de2f841a3ce4.npz,1957338,7aeea167e38dcdf06e46b2bf405d58b58d7b98d49fb7971111da306dfb2b699c
feature_cache,output/feature_cache/reed98_0f38de623ea7.npz,38978,024d7cb48a39666090a561e6014081defa5408d724e7e1ce746f3094f86b44d2
feature_cache,output/feature_cache/roman_empire_b399bd23c817.npz,906978,a6194c3ed54a1ebd88e7a95b8f4029e78931b68455ee532d92ed1b6721dadf42
feature_cache,output/feature_cache/spanish_highschool_6_44399f437cdd.npz,21858,414382e152030b141d299da695cce465d0c7a07253d677d12055cbbf37c153d8
feature_cache,output/feature_cache/squirrel_2662d964c7f0.npz,208538,2cf0e85eeaf20bdf9d4ad5cce60f8c798665ed3bb6dc275874328a8a02dae9e1
feature_cache,output/feature_cache/squirrel_filtered_b409cd52409b.npz,89418,5a11725477de3b6e2ec24e249401b0849515792cd2947aabc9a14053e6ec42c2
feature_cache,output/feature_cache/texas_4cde54c84e98.npz,7818,2dc8fef92dae50fce365f0572fef1e21e64bc25d1c6ec6107d8b5ab39a5e36f5
feature_cache,output/feature_cache/tolokers_a235ddb12932.npz,470818,16acc38053f9ee233e4871df4c5d054e23a9202b68a76b0684f195d40b1df535
feature_cache,output/feature_cache/train_003314e141e2.npz,752578,2fff0adb199c11060207f59d87be9ecf4e0d4e6162bdb1433b650730583a20a5
feature_cache,output/feature_cache/train_004511b0ad0c.npz,1380218,ff7edd82748e54cbd5e3688f69b87ccba1f043f93a7d5a9cc18f927cbb18e228
feature_cache,output/feature_cache/train_006b89727945.npz,304498,17c9efda5d1c2c1aac8594336390d722739849b53cf10fdbbb1cfaf18ca91772
feature_cache,output/feature_cache/train_008d735904c3.npz,1739138,56e6e692a5cc937f80ca64acd616c184ccef5ee5974c56a6364656053e841926
feature_cache,output/feature_cache/train_00fbab161efd.npz,131058,f371b78fdb118d84cdee950b8f39d688066c8e71563524ba6229133f8afe0672
feature_cache,output/feature_cache/train_0296153fc78c.npz,131058,0c36a2cb594884dc4d3d1b897ae762c2f50820448e7178f11051cdbe00afd261
feature_cache,output/feature_cache/train_02a6a64a0962.npz,980178,66485ae5a1f48ae5ad5a261253eccc3854123bf5ec9de7214e7cc88f78105a52
feature_cache,output/feature_cache/train_03f1668b8da2.npz,207698,46bd4c8d96701fc463026c874df4897185fd6d2185691d8607cc8cdb338340af
feature_cache,output/feature_cache/train_041895df7014.npz,7818,e1b01b4e8e2dd137dc79ba2ac9f92f2b75531a806c211bd99b652f98a04e8d01
feature_cache,output/feature_cache/train_0447e619a97f.npz,1662658,382908adbca20de5d744f55bc9f72f2d4095476f279a424de430e13224c985d1
feature_cache,output/feature_cache/train_04832217fd91.npz,709138,47cbab9950feff7a2454fcafc7bc3ddd9086ed489ce61832296958b87eb600da
feature_cache,output/feature_cache/train_04ad7bb5e879.npz,746898,d8f2778349e861938480aae8bd35c898ad16ff1512f7da92f166e2773a80712d
feature_cache,output/feature_cache/train_04b84ddc39fa.npz,89898,43cf07a7d5d70c6d9a7969431b9f7e797ea15147b2b2c5b29e91c104ee6a5136
feature_cache,output/feature_cache/train_04c56bc20304.npz,465738,5b24cb1b3df9682a4d8ee5bcad3a128998079a6348b5d26096e79ce015630268
feature_cache,output/feature_cache/train_05636be8d65d.npz,76978,4dce39fb4d8532a42bea6ce231e8f98c23750455878db090a826fbe7d44aae7e
feature_cache,output/feature_cache/train_05f14cbb42bc.npz,779458,a681bfbdd88ddb1790232d30ebf8e3ec5fc579cbd9713ed49a0983c9bed4c333
feature_cache,output/feature_cache/train_0624dea288d7.npz,1380218,3928a4ef5c92c8835475403878d90b8702cd64fc97092ff4d832d29857825627
feature_cache,output/feature_cache/train_07608b1afca3.npz,1221138,4084dff16a54b1f075e328db9798455ec65c0addaba28831686f06093846d277
feature_cache,output/feature_cache/train_07e824ed2b6a.npz,1957338,881fde2cb393867d40f05ce1f0ddf90afcf133f655f5a85dc4de7037cce30ce8
feature_cache,output/feature_cache/train_088bf251e0e0.npz,2016698,04b39d611005a3f6b828a378c57beffbdbdb092e47bf7196c08aeee1455d253e
feature_cache,output/feature_cache/train_095b31750bab.npz,470818,390a37e0edcd5925e1a3a070993f686d383af89e0ca9da2b0f344e84774f6be7
feature_cache,output/feature_cache/train_0ab09a7cf4c0.npz,285538,54ee5523a94dcbe85e448eab78460c3cf4b9c9b8b002c028c8792ff51989dfa9
feature_cache,output/feature_cache/train_0ae3418521b8.npz,301898,9d76bdc3fd54b72fd87e517671efa39be27d6319595ee8a21e14b852266b0748
feature_cache,output/feature_cache/train_0b1f7e6bca1d.npz,470818,52fec979c720d20c720d565dc24f2819f350ad07a64ea7f459dd343751ddda13
feature_cache,output/feature_cache/train_0bdf8c12aacc.npz,305458,06bc874998a33721cc9f62f6b58764d36ea169a8fb7f481b8850b2dabf7bb424
feature_cache,output/feature_cache/train_0bdfcd7fc55f.npz,72378,406e77cc25e80696e56afb3b258a10cd10f90abe5c4feb5da50bf60cc0e43e0c
feature_cache,output/feature_cache/train_0c095d245587.npz,89898,2ad00cef94f12ea7130e4395266f3822436e7079f6f34974fdca00fa78bcaf9b
feature_cache,output/feature_cache/train_0c3c87db1700.npz,89418,31dffd7d44860c7c51cd1f7345b9ad034cb7cc54b198fbb74700e6e354e50ec7
feature_cache,output/feature_cache/train_0c5b9766c8d6.npz,1508498,e94bbf36d21a2532bc86dd8fa1d697927a865eb4f6b4a4c241558caed489ec57
feature_cache,output/feature_cache/train_0c692baa6b43.npz,89898,1c1892ac2150d35d69d48b1bef57aa24c8626e98f2f97ba842b446577dd4cac1
feature_cache,output/feature_cache/train_0cc48f7ddeee.npz,304498,5c1e31cd988dee06c7d4512367a15532275944b7c482e55c7953833d24f4b592
feature_cache,output/feature_cache/train_0d2c76ecf3e5.npz,16458,2b532daefb84d0cf03ae6f9e6d8178d9e0cd24d1107cea3f950db0fd7e171fae
feature_cache,output/feature_cache/train_0d3fbc24f3d5.npz,305458,8f146f633134230eb7de1fbd2b1eb8177fb7f7f5856c6d895b22170c7ea46e24
feature_cache,output/feature_cache/train_0e69f0d95d96.npz,89898,2d3ba81910c8f895ccacb1d3c442b93f95a9e773739157ce4f33c37a503e9a10
feature_cache,output/feature_cache/train_0e7ea6ac975d.npz,2016698,280e46b92d7236ce4781932f51237fd4210872dc532cfc5e560910c4ce940af7
feature_cache,output/feature_cache/train_0f79300726f1.npz,752578,e2c221baec971f0b78b4dbd4613458a25a77eb70d247be084274223710d485b7
feature_cache,output/feature_cache/train_0fdf96c0235d.npz,2016698,d7b28c5ae5b42e0013144b2eeb5d313b17d9be5d8fd4b008ca236b402915512e
feature_cache,output/feature_cache/train_10da4ed7cc99.npz,256498,e028a4adf8542c2ad41d78309e300e3b3ab7666e994c62bd0dce0e25ba8e47cc
feature_cache,output/feature_cache/train_10eda29b91a1.npz,733818,c16feb9b407de2f0c6c9271add8bcaf8df3264e975e9a59e677c5e4c97c4eefb
feature_cache,output/feature_cache/train_111f4e5c0922.npz,1739138,f43a9b04461af9aaafb6303137209273c795d59d9ce6eec54beb210c1049077f
feature_cache,output/feature_cache/train_11539dbeca82.npz,906978,4a95b1be72bb2e5c4b12fefaaeb7bf69d1ae87d46f547acafd3bd81762cd5f94
feature_cache,output/feature_cache/train_1191dd66a583.npz,906978,15cb8c64f068fe7855eb4076e628b6bfc35add06040b5907696f80c4aac73ecb
feature_cache,output/feature_cache/train_11d1edd14ef9.npz,89418,ccadf97529a7d2f3177ff20612171959a7c2a8c9c691621815d8b8dec74057cb
feature_cache,output/feature_cache/train_11d88a1680b8.npz,1739138,cc0728e14bd0c8bf8e0a6a2a513ded2f065253c8f8918fbe8a0c9cc2c9462aa2
feature_cache,output/feature_cache/train_12e2d334ed8d.npz,779458,c3400a5261333e86214a78ef904a1b5c12c959f2539771cfc367b2d7a5f4ac03
feature_cache,output/feature_cache/train_134172db78d1.npz,89418,a2d76f64ff74f8ef225bc2d26a46c167988f840a2023598e575547871fd2a18d
feature_cache,output/feature_cache/train_13731cdd42ed.npz,89418,d0037209fca6cee3a70b26104a90d2701693bef1b5f5b5cbf64e4adb29398d07
feature_cache,output/feature_cache/train_138a2c927be3.npz,1739138,6a1e514f2a60013953bffc5d3e682b2c81a4b65a4ca73bac13770f13ce2c480d
feature_cache,output/feature_cache/train_138cedcdbe09.npz,31298,0a576e9b89aec53828dc897214be9850b6624f9f144eff7df953cfa788ba6cd2
feature_cache,output/feature_cache/train_1474f0e7741f.npz,2016698,d88ed69424dab15003d79c11b200de17d3b48b72b299ff6ad604975a7287978e
feature_cache,output/feature_cache/train_15866ba881d2.npz,91578,87dc7416c7cc108a2d5a5c8d55649fbe6123f0e1df8e02c49e24d205919a0c7f
feature_cache,output/feature_cache/train_15922f3c613d.npz,454298,7289d991e15bbcd5eaa44760293b901d184424db52bfefa6678f55e43f03ca51
feature_cache,output/feature_cache/train_15de97ffd3bc.npz,380418,08c0563784746e6b00788ba483c3e4e9e6268f095336a8acddb5e9f22160def2
feature_cache,output/feature_cache/train_1649f5637092.npz,709138,0a8ec04fdbea941db5eebf4b1d7dec86e3f419d4e2656d84261d4505f1b93565
feature_cache,output/feature_cache/train_175394fc8757.npz,454298,53f3d9b79e244d78e7e3341562b44a2025a4eba5878f87b82d49f0ff672c27f7
feature_cache,output/feature_cache/train_177327037fcf.npz,208338,1278fc3ebeab7db3a73b7ee4d8374f301416d629c8d5ff091780e87ce5b2c93c
feature_cache,output/feature_cache/train_178e92660089.npz,38978,cd87d9d15f78cf01fad86dbdd2707722e546bfca26f63e8d4ced4290426f0c70
feature_cache,output/feature_cache/train_17faf7cdf40f.npz,131058,302765dd18e1f6944c378c4004a6b50d865c02c45b948d80ce96342bc60ebea8
feature_cache,output/feature_cache/train_1832f4007853.npz,413938,f6f11ee736518bd03ac1b05cf33595d875678fa8f1be1bee94ec4338400413c9
feature_cache,output/feature_cache/train_18df82721701.npz,16458,609f22ec7a7c0d9a6b515223fec93ed90dd902602859ad4599e036ee8996f619
feature_cache,output/feature_cache/train_1926ab531255.npz,75858,37cc28910fe4e6bca00571b2efc0f40ab22d2c03450390f409944cb94222732a
feature_cache,output/feature_cache/train_194a01bbbf1d.npz,1957338,e185e58f83cd4290bca1c2be3ab1b6d560d1a3c32beb605248a4dc7e90a76629
feature_cache,output/feature_cache/train_19cbf904f10b.npz,208538,81243c6c221b90965360efb77a65acd01a30b14c254e13908cd9ad9b700bff6b
feature_cache,output/feature_cache/train_1a3dea7ba27c.npz,669698,ce8dadbd6e959d8e795c069e0a7e93d876769151272f76e780d422ad0acdbf9d
feature_cache,output/feature_cache/train_1b6a73a44ead.npz,539338,be3d7f7108fa29064ae83703bac8770ef52caff60fc97da3fe4b00a4cbae71dd
feature_cache,output/feature_cache/train_1bff44a6108f.npz,733818,d8eaa93fc517fa11addebd04dba79fd307ce9cd2707c1b8ecfa1892295df8951
feature_cache,output/feature_cache/train_1c17f3df9fc8.npz,38978,00ec7d8ffa8614738603dfd1283f5ffcba973cc78f3e5bf203d1be35bac24c1e
feature_cache,output/feature_cache/train_1c5f4a3cd4ef.npz,400498,793dbab4a278e36437e1a0fe644ef271ef91cc2a214ffd3fbc2a675c073eaf56
feature_cache,output/feature_cache/train_1ce9b90490c9.npz,454298,9a71dc98adc876f867a02e0a39f99f6a295dac0fd9dd67a9e87d41cae6a156e3
feature_cache,output/feature_cache/train_1d08cfe04192.npz,980178,cec95211800dc772c7088331699341cb669761575ca000e79374f98f96ab6c36
feature_cache,output/feature_cache/train_1e9d97f948cc.npz,6725058,17949d6a998d1aef894a6bcdf846c488e3e981fbd68fbb2c6cbd9e0e1b3414a0
feature_cache,output/feature_cache/train_1f60923676ed.npz,1508498,53130ffb4ec5f07a0bd564d5fdc10e0c057ad95bb0d10346710c5d13072fbfd2
feature_cache,output/feature_cache/train_20376caaba3d.npz,746898,d26a5d64243307be27756e50be98235fd43a9711615ff016b662d36faa93e6a4
feature_cache,output/feature_cache/train_219fa4037bcd.npz,1221138,c632b5be55d9df1fb43530f44c1ac0580529dc9e2d3dd03abbf8467c96637d6d
feature_cache,output/feature_cache/train_21c1c74da32a.npz,131058,483da1ed207e546b1361650c78da528f503cd184a51c27b9b366add76b53747f
feature_cache,output/feature_cache/train_21dca728ba98.npz,76978,c7d1f999e87b5671e8fcf20e7b331f2b6002ff578535145de09345aeef2e0914
feature_cache,output/feature_cache/train_225dc502f7eb.npz,120298,adbbf7f582b1e11099b6de26add4b9304abeaf9f60b236b4fdf5852f03a0a9f1
feature_cache,output/feature_cache/train_238ff09a3126.npz,131058,d200165ae7e7fcbb0a53cb09da5fa11af3326b19e24dea24ad652b85e9da3998
feature_cache,output/feature_cache/train_240deca7b7a3.npz,48098,7fcfa5cb852fdb0c8c364c992e3a909b4ed3fc2dc3ec697ed3639798dc89ecc6
feature_cache,output/feature_cache/train_24781791ace1.npz,1957338,1f356228685a8f45302686f7007f1952fb63191bb1d5d71194609a0dbc4a098d
feature_cache,output/feature_cache/train_24f2d90ae769.npz,305458,cda6ca30e8d83bd3c09c8b0bf0f2be91d0b57cde683f865b185ead32a2b58b01
feature_cache,output/feature_cache/train_25cbb2be19e3.npz,89418,0bdbca71291144da9f6f9e208fc4744532eed0359295a66b033ebc849762304b
feature_cache,output/feature_cache/train_26a6d1379348.npz,304498,3a7fe7758566707dde578e9b3b5237545247aef76c1648d9d1ffacbca5168e44
feature_cache,output/feature_cache/train_26c1a82668e9.npz,291338,2e1f9374313e9df68e0c9612f0e088059f5cbfa5e0bed7ee0445903235aa7829
feature_cache,output/feature_cache/train_28672fd27dc8.npz,281938,537af494b716d4df3709cedd824302366f7a1441f463fbaea46bc3a182be5ca6
feature_cache,output/feature_cache/train_28b5a87bf9dc.npz,1131738,66e7da111e77d97a562836adb5af6e92aa82b9580a6bc1ae0defaa8eae422157
feature_cache,output/feature_cache/train_2926618ed66f.npz,208338,5ac1b8fc67a8458bba64e4f748e8b9e0648ee6a56fcb587604537fdedf321fb1
feature_cache,output/feature_cache/train_294c2e047887.npz,980178,58366ef429ae6972814e1f7821a3afe973a5e7c31700bd04bee34c6555a5e83d
feature_cache,output/feature_cache/train_298e75e66c7c.npz,197658,d2c7bc53ead779b2c58a2565e1059c4469b6aef2c759ede2b93b786c3d24ada9
feature_cache,output/feature_cache/train_2a7bdba50aa6.npz,21858,53483ebdd9943c884655c7d0a3c8a4680fa58300d27cc80b16239af15541ad60
feature_cache,output/feature_cache/train_2b0824a8d083.npz,208338,90d23f1ca9244a214416d2a12eb259b00627edabbf2db8d34d7f44f050716f08
feature_cache,output/feature_cache/train_2b150f78afc2.npz,281938,e2be383eb0ea0ca28eaf1d386bb76be449bc3263caaed0d9cdf3c04daae6bc33
feature_cache,output/feature_cache/train_2b346f34c85f.npz,75858,9213901f290bac49fd61074d7dea864dbf2c6b7146a4927b969b2880123b7868
feature_cache,output/feature_cache/train_2b48034fd9e9.npz,400498,0b62d563ea6c7f917f0160b788ff99022ab9c84b735b73bb4f67ab09a951fbdb
feature_cache,output/feature_cache/train_2c5e1ca8cefd.npz,38978,534c050c0ad42c97b9fcc97484469e6eef3abc623d3f669eb4d4c63f107b9953
feature_cache,output/feature_cache/train_2c635d6cda8d.npz,16875098,cd75afd0f4b270d7922d4413fc5200ba5f51ae58d5406172d8f836fc0e1bfce9
feature_cache,output/feature_cache/train_2cac5e497700.npz,1662658,471fbb54a5c88fbaeb84cd4da7e4bf02917a8b3ba0f39c0519e9a51eed033d80
feature_cache,output/feature_cache/train_2cbcf4e904da.npz,108818,795fbcbe22c14adf95c90152525194b284bd4b9f48498ceab4fede2bc6c4bc9e
feature_cache,output/feature_cache/train_2d066f482458.npz,48098,55cac5b06cfbbc59b5abc640c41512db55345239f3dc770ad0cb7fa509a87b85
feature_cache,output/feature_cache/train_2d3431075363.npz,789178,9ca6c5137a830f83e063e8d575c78ee101cfcbb38d836bd08972865d0851d6fb
feature_cache,output/feature_cache/train_2dd35a7c1363.npz,186418,fc7913464976114a82f0b5fc3048cf5574d7a7abfce903c520a864f315adde10
feature_cache,output/feature_cache/train_2e478f17a35a.npz,7818,540f1a2d6657e119c5bdaf0912c210b15291e717340b513e34cf6779000912ad
feature_cache,output/feature_cache/train_2e69948f26a6.npz,1957338,1540b4ba93f73541dfde8d6a2c6dc5eea497b6a7ae8ef47b295909a2e8c5e2fb
feature_cache,output/feature_cache/train_2efe5e7c3103.npz,108818,f281d90879903bb737a38334d246d7838a17642d32f7aadd347dd3c0b2edf348
feature_cache,output/feature_cache/train_313949cfacf4.npz,36098,54f9d3d1faf80ea1eb1b3d72543626580e38caf8dd07966fa5c082234d66ba71
feature_cache,output/feature_cache/train_317f4a222e4a.npz,301898,0715fc0082d0e5af1a1f7e98cc347e0be045cee896cbf7a4b1cb4e5630bd79cb
feature_cache,output/feature_cache/train_31e87e6b5349.npz,207698,cae77ef3a16b50d0c2248d4948f56cfe1c3f6409c9928f38a58980437dfb263d
feature_cache,output/feature_cache/train_33a065b08c5e.npz,6725058,514697e95e2628907dad1a691c3122774a430a584501a56c1e1657e90b180a47
feature_cache,output/feature_cache/train_33e5610813f2.npz,470818,98de7e137eb3e8947f8240d76da3c921415a3b7ba3a50b746e7d39098a810b26
feature_cache,output/feature_cache/train_3426346d1066.npz,779458,1dd618997e183190d382894c711c6b81a15ecae349f55a696f65cd2bce979cc1
feature_cache,output/feature_cache/train_344bf18489e9.npz,413938,a90e8d3bd65f60ef35023f9e7cd3f07b92bf0f1cadf9c066327baaeeffbe7034
feature_cache,output/feature_cache/train_344df3a6a518.npz,208538,b2e0f9c35bc694736640cc7b5a2a24f5059f15cabf8782c423644136ba96286b
feature_cache,output/feature_cache/train_3471d0e60549.npz,48098,c35b673be37dd390d243ad5270fdc8853eec66fc653ba038f9bdf61f06aa5c8f
feature_cache,output/feature_cache/train_34a992b18e1c.npz,413938,9d17f4927cbcc8d49144bf0fcf61ea86aafcc1c7259f4e3581c78f239545aa51
feature_cache,output/feature_cache/train_34abc6dd2b90.npz,49458,1ddfe4286c8f956794ac3b3230be274ddea361e13ee884a2362a8cbb765ca9c6
feature_cache,output/feature_cache/train_34e2860040ec.npz,108818,cbd49fb76a91dbcdb744dc13c9b9d43ac4bffa59c03cf2cb7f580d024956e804
feature_cache,output/feature_cache/train_350747e1b113.npz,48098,551be72ed332898f78fd29a1a3419a4c4767ac498fbe5227e9780593623c0cf5
feature_cache,output/feature_cache/train_357a17d2a38e.npz,1221138,a7c98e4707652ee6b167be4efefa8a384569f2241211feeebb7be7468452635b
feature_cache,output/feature_cache/train_3604b1e2bc50.npz,304498,44ec400d94123924d3fc7866a2b07aa91ae28fd5bc13b412ae596d2d890a5f82
feature_cache,output/feature_cache/train_365fb1570d4d.npz,281938,c8d4e0c6347a3035fe1c1553ac7f1c42effcf28c55fa3c87b7b42927c43a847e
feature_cache,output/feature_cache/train_369b01d03f11.npz,262458,7ac4772c03e39023bf893903064db5773e09a1689300d25d4bfb5b8138117bb2
feature_cache,output/feature_cache/train_36bea3bb02da.npz,752578,687dce83b0e90bb0e9b998d8c2e7e7145a438fb2ca68b8d372f5c90e56708b9c
feature_cache,output/feature_cache/train_36fd0630a42e.npz,752578,22b26b00690b5dd2fbb6329ed6bf2eb8e6e3ff26db367b5845ecbc7ce0f3bf94
feature_cache,output/feature_cache/train_37494d4b7283.npz,131058,35272d5c5281e9fc08a413170e4f8ce336bfe6a414f713f539d445c9b16f62cb
feature_cache,output/feature_cache/train_388401532f42.npz,120298,6e54d931d3cab9f3b4f708252d7c3ccc658cccd2ab5c124af28a9518c314dcdb
feature_cache,output/feature_cache/train_38b590689de7.npz,197658,98c4d1a9fe24e0fa36a38702e70c87b00c619d02f61b01447bae0aea3933ae3b
feature_cache,output/feature_cache/train_398be4ba9cf0.npz,197658,362c9e5dd7e963bf5176fabd605cd2f7b199f261495e55acca0ff54cb2c86bf7
feature_cache,output/feature_cache/train_3b3212fcc46c.npz,746898,c50668f242001a9b663ca085b1b3e2d6d9f02ca780dc536c4b09c5442c513069
feature_cache,output/feature_cache/train_3d04ef0eea1d.npz,7818,d3103b641e23c91a465464b76d612b9fdf258e4d6ecd7e1dbffcdf3b90d5378f
feature_cache,output/feature_cache/train_3e01dfdab0d4.npz,262458,e795f31758aa550eeec2e3687eab82a49874e128d31f03e43eadd921f59f6105
feature_cache,output/feature_cache/train_3e0c1e63c907.npz,1739138,f9b1adadcc1ca08d5d08f9fc14c9d63c8203cb79813084a652f8ab0516a4a9bb
feature_cache,output/feature_cache/train_3e23313ea0be.npz,980178,bf035fdb5117d75067f3283ef4f0d1439466ee608e2c135e5be0fc2f1a394301
feature_cache,output/feature_cache/train_3f398b206f13.npz,10538,00362aa213b2fc8780d0cf159cf5828f5529a5dbdbe75b81943818be494657b4
feature_cache,output/feature_cache/train_3f6f0b214f6d.npz,6725058,dc0ab6bae521385777f065f512f3819414df97d299e1d03233a3e989a21af543
feature_cache,output/feature_cache/train_3f7694775c0a.npz,1380218,01f6e6aec6d77d3593b4f2d38cd07fae5b5a956e2a5ca6cec7f03d262596cc64
feature_cache,output/feature_cache/train_3fbefaed950d.npz,980178,df0866b513c84e0b64cbbb5b77153365c398f943180cceac022e61028ef4acf1
feature_cache,output/feature_cache/train_40082462e02a.npz,256498,171650c7232ba9de52883037934a33c380ede88bc434e1f3fe8db7b52052c23f
feature_cache,output/feature_cache/train_414abed1f944.npz,36098,600dd35d395fed4c731ed83bd64955576595663df6bb55098e0cbbe57f4918b5
feature_cache,output/feature_cache/train_41622aac89cc.npz,400498,9dbe6add64a6f5363d4fe5752dad72560122db315606a0645215a75e395a3cff
feature_cache,output/feature_cache/train_417e0d77d3f6.npz,789178,a9551f225f8b41accfd7ef22fda7e9823e8c0045b5252d51c33e171f18862e98
feature_cache,output/feature_cache/train_418b9dfb2d92.npz,733818,6b739331de8b65983b8b311aa99fcf92b274a9d3d278a09416574c171da87fc7
feature_cache,output/feature_cache/train_4229f56962f9.npz,89418,cda16b9b43e463686a1167b088121b55c2f14eac73d683e5fd65999d59d92b6e
feature_cache,output/feature_cache/train_42abc07794dd.npz,555498,669a76ddaa3df005456d627dd71ef697551c4b37c6f3e4e9bae0e130d6f0586e
feature_cache,output/feature_cache/train_42cf4d1e5d81.npz,285538,ba6ae57af7ce058afd59f9d9ba7566153927da16f8e0657cbe52cf7d01dba822
feature_cache,output/feature_cache/train_43e7d537df2d.npz,89898,5ef6dd0e629b11f4c55b6823b251d15c2b3e452ad497bb43b6051242037e16b3
feature_cache,output/feature_cache/train_4478b78da7b9.npz,304498,54843113d267f392d5fb1facac35d0aab85a4d07034c65428458a156a23efc19
feature_cache,output/feature_cache/train_451bdb459aa6.npz,95018,c9d0d7f4b96f74d90fbaf3179aa1e19cef07adb0dada63e3cfe82e7dddeb70d9
feature_cache,output/feature_cache/train_45371991f3a2.npz,779458,c276ba76871d24990638d4a8a7b2d923ae40dc5100164fe4eed93ccd35642085
feature_cache,output/feature_cache/train_45b3f96c9e69.npz,108818,ed3d040aa232ef7e1bfedcf9d311ac7afe32b740a52c6838bfbba4a4f7e6995f
feature_cache,output/feature_cache/train_465b717e3e18.npz,1221138,8a2ab7ed8fefa17e140168de2f78207cfb35462541efdab8ac7f2f6963a923f8
feature_cache,output/feature_cache/train_476b230adb12.npz,1221138,8706eef8b8f56fed037bfcae276c2aea03356dcb16cf85398e9283b761866f43
feature_cache,output/feature_cache/train_478c89138897.npz,36098,c77b96111f9385e423132a9ced5c04da0ee00ed2f900a4aef6e16fca32ea189c
feature_cache,output/feature_cache/train_48d3537034a4.npz,980178,1bc4938e548de9f27b6bcb7d041d7b943ee193e3b06b8a6c106abab49a94fe27
feature_cache,output/feature_cache/train_4aa456c5e55b.npz,413938,8348ab5c5b3e1f690ed8919b55048cdfd19dcaecbecc2c9e487b5ccda9c7af93
feature_cache,output/feature_cache/train_4abee10d574c.npz,539338,b1c577296f2882448f5d293dc1a4d326d4221463b3c6fab73d134cca3b566cbb
feature_cache,output/feature_cache/train_4adb9bdaba1d.npz,1739138,2e5e43ac091088834695e8a326eaca6ffe129dba59817b1d0f32dd0c144ff30b
feature_cache,output/feature_cache/train_4afe32663605.npz,709138,21c7e45802af8426258c37a1df712dad2915a954b9227c508d28d637885541f3
feature_cache,output/feature_cache/train_4b1bb1e7c421.npz,281938,190e8cb8ca90724dab108bb6a930b052e3b5ded275aabd026633b86aafbb106e
feature_cache,output/feature_cache/train_4b31cbfd4d32.npz,36098,a51f1437c05c33ad82d55378ccac07db3fbd201ed57b48bc7f6b982303146210
feature_cache,output/feature_cache/train_4c3db94af99c.npz,38978,8401541e1adf3a329c57fa0ffe79217392761f068d5c992693522028e76308de
feature_cache,output/feature_cache/train_4cb834a32997.npz,779458,9e678fa34f83e3be225b007b3466875b9bcadc6dacb3c70857afcb0ff3d6ebc9
feature_cache,output/feature_cache/train_4cdce593407c.npz,131058,39830481e459613053304da1a5fed58daa745e2e969db17de6d56568a7a164b7
feature_cache,output/feature_cache/train_4d13b96f24c9.npz,39938,672c8d295c2285f22134eb1ca487415f598a61211f1accc275054aba4e058019
feature_cache,output/feature_cache/train_4d401fc964e6.npz,303498,38603074bb482d64d13626cbee5313644869aaed0a7a5aef9c36a70e69acb020
feature_cache,output/feature_cache/train_4d4ada8e37ae.npz,256498,291e2ecd962e269dd50abc59caf428771b5ea30ef0ab1c2ddb11d0b8371413c7
feature_cache,output/feature_cache/train_4d847e7e66dc.npz,7818,0aa906c0601be007d28a09ef29f321d7918ffec15e70f604525a2e8e29e3e2a9
feature_cache,output/feature_cache/train_4d96bebdf1a8.npz,175898,1223b27878f2463cbd239c92ea58d0a32f7aad1a6e45eeb620fb0f5fab012fdf
feature_cache,output/feature_cache/train_4dc0a01ecc1f.npz,262458,98d717a452f3c3b23cb6024f5bd8900deb7aff6fe6f4ae7017e8260cc5894edb
feature_cache,output/feature_cache/train_4dde98e571b4.npz,400498,a1b4db8bf35322ca0055ba5a8453ca7aa34ad551ed7f5b94779f16636fc1a9ee
feature_cache,output/feature_cache/train_4e4950669cef.npz,89898,7c26ce5fea1309c319acccb2a2ab3de20ad463d2e0eb0f7e0984b38d242c0fbd
feature_cache,output/feature_cache/train_4ee048d8896a.npz,142978,e849a1fe6b61e93192716050bcf20bbbf0ae75c6948ac9a103e95e9053bc1d39
feature_cache,output/feature_cache/train_4f4f7c814dec.npz,1739138,8d5bf281903afaac30620f7ecb1edfeed647419249baa813cffbff2863aa7d5e
feature_cache,output/feature_cache/train_50201400df23.npz,400498,c0670557a603504c13ee92a7a04ed3e4f81b4dad28b70f4e8eb3b09ff4c7a715
feature_cache,output/feature_cache/train_50b41a69d06d.npz,303498,d76d67fab24bc3d1e3dbfb957d2c8bf9b3d9a62efa54e02b24b61e509088e85e
feature_cache,output/feature_cache/train_510fcae072f5.npz,413938,5372aaf88599ccca6c8995386c237fec6e24a95b70b53244e4094ae1ae20e022
feature_cache,output/feature_cache/train_5121213a9cc9.npz,291338,d3a9245402c4cd79c1835d2910402e3fac69860b2c15d940752ba26216080ded
feature_cache,output/feature_cache/train_517c934b354e.npz,75858,202153947ea4ac545f0c088e020c4b07efa10f9c39fd8eaaff8984de43e3e488
feature_cache,output/feature_cache/train_52b522d31007.npz,305458,1f394229cf7bd505f43f919f66c38959ba6a6d9834df502d46c76c9722b4c24a
feature_cache,output/feature_cache/train_52f7609db699.npz,5738,c34a1cf1c984e0099b34ead27fa57ba9f5bd3acc2a9088b15d0ed7115b0aa533
feature_cache,output/feature_cache/train_532fbec753ff.npz,789178,c0fa678cc00e73ef95f83e343c11a3ac7e5d5135ae3d4c432042b94eb8dc145a
feature_cache,output/feature_cache/train_537165e6cf50.npz,1957338,9769062a1d57a22736c041f48ba75a1cb2e3fa63074868e657114c0c86fa7d7a
feature_cache,output/feature_cache/train_5475d8acdd65.npz,207698,55c0fd2ae851a774001ef72887d7aacc3a32f4f9b6572a8fcf697c0f102c34a6
feature_cache,output/feature_cache/train_5476a16164ce.npz,380418,50e455d5b53b4c89f70d0499c1b2c032872b44a91938b6d6a965a559f2310166
feature_cache,output/feature_cache/train_5489ef1c9582.npz,305458,fe37c34f95503495f344aa163b70de64729c7f0b4bc0fd30671bbf1606197cce
feature_cache,output/feature_cache/train_54e6f0ff41b1.npz,1739138,4bb325ffa58cda77644e01daa2e0d1ea4c64281206c345b3113de2f5bc967743
feature_cache,output/feature_cache/train_55aa4d71de6d.npz,470818,34cc1d0695f20d4dd811364252384af4c26fc2dddec1bf2abd2c60035c971584
feature_cache,output/feature_cache/train_55e9bc9f150d.npz,303498,55c9633cb488c88eb49da9d4d3c743b57e558970d78d11a28cd31e6946b39784
feature_cache,output/feature_cache/train_56017c9a42a9.npz,208338,4a37b02032e276c001e1ca3a1cbcfbb4da93466cafec0b834d75e1fd9f45f466
feature_cache,output/feature_cache/train_56fa547e8df6.npz,789178,d3aaf0bb35ed239a9307d955495b96d31d44d8eeed91f59d5515d87a02f54be3
feature_cache,output/feature_cache/train_56fd55cabf40.npz,1221138,3394f87428ed66d0f63db446f85f04ad5437ba14ba8e27bb2b0e1ecdea7376b2
feature_cache,output/feature_cache/train_573a46662927.npz,76978,cb70db13fba31d03577b63106b090ad430621ed39d484ff1d752446459e98141
feature_cache,output/feature_cache/train_578f3aa37e99.npz,1131738,33acb7d77986330a00d3e1678154978b47ed333a440db1964a080eff593164d5
feature_cache,output/feature_cache/train_587698df6052.npz,301898,c31104baa001d2bee9d7dfa9f45d827d3f6142119921202a4368154e091af550
feature_cache,output/feature_cache/train_59b4d493e98e.npz,413938,ba3a8c56bd9e36e000be0dff67bdde70e367702d3cca89577b029788f6000faf
feature_cache,output/feature_cache/train_5ae8c895191d.npz,792218,53da98bea7ab46bce198f88ef33a7fa26fdfc6404f3f77a6e61c4138bed1faee
feature_cache,output/feature_cache/train_5c5dd6e7e7e5.npz,89418,40706250f4d1475b8bd441e5ddf147def0e0b6635b30af8d315fed2015019677
feature_cache,output/feature_cache/train_5c72db641911.npz,789178,ea24fb6437326aee89a805123dee12416a9471f334dadd8bb59d59c3e30d6703
feature_cache,output/feature_cache/train_5c834f259054.npz,470818,5e28b6638da82bd0c1b06253934c17a2b4237aa581fe818bbc4d84ba22e4cbcd
feature_cache,output/feature_cache/train_5cc40ae67fe6.npz,207698,a971147011e23f55d09eecd35897708bf293ebb6a25369ac3bdec3c9e702aa90
feature_cache,output/feature_cache/train_5da3374ab5d5.npz,120298,632cacb92cb4941b8cb53be4aa4b35eac521d0de739e707080a40add774f26d1
feature_cache,output/feature_cache/train_5de9c96da1ef.npz,413938,086903157880fc6dd6f7e71494e1e020516598870de14e71f17016097d1b05a4
feature_cache,output/feature_cache/train_5e389183f4d5.npz,1508498,fab54caec43c773a05c6e7c28ad27cb5e1f89d93cacb92157410c321cd5ccd8a
feature_cache,output/feature_cache/train_5ea21d01c25e.npz,7818,9859624dea1a835d555a16ce643c11eb8fc83ad7c56b499a9feaced93338c2cb
feature_cache,output/feature_cache/train_5fa0c0065715.npz,208338,d90bec5453b999bcc5e75a75d1085d8b708133fa9cbf6de644430c0d69e6d5dc
feature_cache,output/feature_cache/train_5fabceb81b7b.npz,7818,19715d59df19a6e733277387583356897e1e6b8605bc49b2d072582486122877
feature_cache,output/feature_cache/train_608e8cf1b49b.npz,906978,312ae8708d33e4bd19693d7e26cd569f28a8c7ee95c15ac4840780c9de8d81ed
feature_cache,output/feature_cache/train_60bacbb6631c.npz,108818,71c23c697827ede7386ed311db820d8ee487592ecdd5a0693f42e09004c45b47
feature_cache,output/feature_cache/train_60c4894c5f11.npz,709138,211bb0058abeb98184b455ad032f88e737855f7e0d6cb7b76031e35e031aea86
feature_cache,output/feature_cache/train_60cd7ac567d8.npz,175898,8a17bc33855005e8f291a974539babd17a83f4ae42b9b1701e4decf15862f859
feature_cache,output/feature_cache/train_61bbe181ce24.npz,76978,b9be879c8648c67af9dfaa41d135e011ac6b9d471bb48d8a80e917274b0ddac2
feature_cache,output/feature_cache/train_621c3a117e86.npz,142978,cc840b3d52a978352846ae74356440fc58b450372e849043d8822f3092b85fd7
feature_cache,output/feature_cache/train_62a59ffe01b5.npz,906978,82c42923b7428b6ae8c58299703ed34c66a23afb50ea67a217ec411304b84127
feature_cache,output/feature_cache/train_62ea1d70f9c6.npz,256498,2787f8046032f4ce8a354197521491bc180c76504d0a754b2717e8601befcb62
feature_cache,output/feature_cache/train_63cc88ebb9a2.npz,455058,4f3201e42d173d5e34cf8be8b1160f7ef7faf8bdbf354099827c08cfeecad2ca
feature_cache,output/feature_cache/train_63d4af5ea9a7.npz,27938,5c315be9cd8f8910a0876be642391141d8c9b24a89e479c9bc6e12465b318c3e
feature_cache,output/feature_cache/train_63d751142207.npz,906978,e8164c39af7ee73454a79fd1b01c0a6f2e8dd57b8e9668f7cb2ccf9b4715a45d
feature_cache,output/feature_cache/train_63efac5d8c72.npz,38978,8f5a52293a799661622e8b895ece89d2cfb52fd3325be2bf145edb51a4b5cf95
feature_cache,output/feature_cache/train_63ff954192d1.npz,7818,0258db010325a0fbdf6450b21c0ef1b8cd9eb2e9754a92f2451284d5cb3d3765
feature_cache,output/feature_cache/train_649ba8e1fbb6.npz,207698,8a660913bf813a3221b59304ca6d897e951f463ce58258d69458d93a64af94f8
feature_cache,output/feature_cache/train_64d921ad1e96.npz,7818,7a9b6548aac18d9e95584dcf4ed4a0c7ba03db6851e6b825cf21233be79cd596
feature_cache,output/feature_cache/train_6500d9ef6e4e.npz,256498,ec2bdde5aa6fa0a87f5f54fdf847b4dbb3e1900d3eee406c94e5789e242345a3
feature_cache,output/feature_cache/train_66881131a1c9.npz,197658,016f75a34d408509011434c8c391b89d0559ee521a82df3ba52897f43160202c
feature_cache,output/feature_cache/train_66e67daef75a.npz,262458,948aed4372f0b07f6e42b44e018341f47e3c9db33db3d72b92651b18e7224703
feature_cache,output/feature_cache/train_68797a3ef8e7.npz,207698,cd72ca622bb0e5641b5d29d28d63a92908ab49f10a76b91526fd1096b71e2050
feature_cache,output/feature_cache/train_68a73d7cfd2f.npz,197658,208cd1c4600da14e31ad3e99fa914b31ee8e118430cd7f7b91fb19c473ddf553
feature_cache,output/feature_cache/train_68ce3d631250.npz,455058,34b880be323d06df83c758f2c6eb06275f079cd0d067d674e756b82aba76ac2a
feature_cache,output/feature_cache/train_69685d0814a8.npz,539338,9f41571f33244d37c2b235f1141f63b0d25489c49591691cd29cb87953edd4d0
feature_cache,output/feature_cache/train_696ad1351195.npz,38978,d1bf2f2f242b7d38542b35d4dd133d5b61442f094c8885a77bf2069932f92c6f
feature_cache,output/feature_cache/train_6aa09cf2b691.npz,76978,73556a10c0207078847b689adbf1aceb343173ec7b4712f1c0f28ae7120299c8
feature_cache,output/feature_cache/train_6b1fd17400d0.npz,39938,a5effb4d424f7d7ef508b644f7a582eae507de41f4154abffaa29207b8520901
feature_cache,output/feature_cache/train_6b28fc8db18c.npz,304498,94c1ff0745233f54a7e6d6007b8c54e1ab0c42b43d456a37caca7129d7f4d1db
feature_cache,output/feature_cache/train_6d3404af471e.npz,400498,a9a44dfacb74c5b62fb89a521c40568b8c2998aff6c753bd404ad8012e721432
feature_cache,output/feature_cache/train_6defecb61c9a.npz,305458,1b70dd59570c64fb64bc704fe6eb685082cba229d092839b7f8d4c9630a3ded6
feature_cache,output/feature_cache/train_6e10bad4a3d5.npz,131058,47fb375f5bf41d49975ee225ac11eb1568bdfc3b05d6aad44e46f92ba5e439b0
feature_cache,output/feature_cache/train_70599994e10c.npz,305458,e9da945150c1a41e96fddb9f4d435ce273fcee22553f51f294ac73f1d3fcacad
feature_cache,output/feature_cache/train_70b99b625183.npz,455058,aaf1a816053ac332345c62c75df7af8f1a806a3f550fd1f02ef1e99e67f9ba41
feature_cache,output/feature_cache/train_710908fcefde.npz,746898,f3751f87d83a3f87bef9f69bbfa4ffc83d96ef44633c1f909432c9187801ad30
feature_cache,output/feature_cache/train_7131f415c650.npz,304498,2beba1046706a5ed260a1cb3b98b4a0a1867b311c82735a6d553fc851d9fcaf9
feature_cache,output/feature_cache/train_72764afe0cf9.npz,733818,7a9e89b317d5aa2a9febb56094ce7486b338b38869535607c32158100c9a9382
feature_cache,output/feature_cache/train_72efe73f7bb6.npz,120298,dcbccfae719c210b3c65f9e74d64a87e48a2c9ae8aa1380cc547e47402a322e4
feature_cache,output/feature_cache/train_7394952536b2.npz,7818,8befa731c60b93524ade0d79e81b98d599ccba4e09cddfda7ac7bc798963c912
feature_cache,output/feature_cache/train_73a33c6d268b.npz,120298,0a94aef89a7244ffdaaffdd0b360a2cb53b227ec7df1cdde5f747aad6862bd45
feature_cache,output/feature_cache/train_7454f1fa995f.npz,256498,76863bac4fde6ceb508588b704340fc2308fe629a306a14169bcaa73b556ab48
feature_cache,output/feature_cache/train_7548467c0729.npz,131058,5ecfc026d40990511ae3a1af3eb38eaf0357cf5298294a7356fa6e87bae73a20
feature_cache,output/feature_cache/train_75e06e6ad003.npz,906978,bc8d2a53cb0130011400717876a8df34cb2534321ed84b74e773489610534555
feature_cache,output/feature_cache/train_7722cac25de6.npz,197658,4f983b8dcc6054e13b33e9a80529a3c1257b0c89afcb4e47bb1f2a2850bf748f
feature_cache,output/feature_cache/train_78f83423d762.npz,31298,d9e4a71d9e1559842ee6628e63c86ddbb86fac78f9c9f2851a95d4ccd896961a
feature_cache,output/feature_cache/train_794421b13349.npz,303498,d73508e84b9d24ad23f943ab795d5f0abae56cb560f5b9d82fdcc971168bbd01
feature_cache,output/feature_cache/train_7b2afbb7fe94.npz,27938,1547b4ffdaa2e60e14f264fca986cbfda1790ab3f01f0b24deb7efbb37174c9a
feature_cache,output/feature_cache/train_7d6e89df7dbd.npz,256498,4efe4bdf674de6f05817df3c5dd2b8aa9c2c598e26c12ff0dac71d3061345454
feature_cache,output/feature_cache/train_7dd2dfef369c.npz,89898,efa017b16a187a832974286252a3d50005fb267f26726c47bad03888a0c96370
feature_cache,output/feature_cache/train_7df52ef949eb.npz,207698,82089d29f2b0cbf684db58e8750f312a905d5d85e8c0cf465497947f151fece7
feature_cache,output/feature_cache/train_7e149be96d33.npz,906978,ef43f696b6178d5a16eeca9ad0e6ea62a8f276bc2dde7d29ce19b2c9865857e3
feature_cache,output/feature_cache/train_7e905061e80e.npz,1508498,54c7150983a3d1a7675ea6514832e4464c80ba0784f656ee9d992fc6b72561f8
feature_cache,output/feature_cache/train_7eb012099b81.npz,208538,2d5aa78b27cba901ed766f06fb877b2661e65ca1dc74321a4d33b5114f29df5a
feature_cache,output/feature_cache/train_7f46e2f0873e.npz,10538,e5650b06468d84e7746758a0a63b695f40651e5fa39764e7ab07311d417173de
feature_cache,output/feature_cache/train_7f5680693552.npz,38978,6c9acb7a3617fff948ef8eec6a23f35c8fd819d7fe6222657347e8bc313f5585
feature_cache,output/feature_cache/train_7f99d2300f00.npz,400498,80c7924f940dda5dc68cb5a34a6d64eb41cc7a00658cd28cc1c2f7df44b539d9
feature_cache,output/feature_cache/train_8082d5c08071.npz,1380218,b792aa6409680da623dec8518f713d4ff6939fef962cfb53ff31a1d022959ad8
feature_cache,output/feature_cache/train_81641d1a7dfb.npz,142978,6fcb63329b97e9f27d097fd64235a314a77e10c888bc6cead9c21ec953fd57c9
feature_cache,output/feature_cache/train_83199736d20c.npz,752578,e905d136736a221cb17549506de0e7701da3e2ec53c77fe5bde3b448dd80e2ef
feature_cache,output/feature_cache/train_84de69ebb7f9.npz,752578,6566c734e7370a95f50ec0769f82e4bfba09a806de164f40fc455d606c9e0054
feature_cache,output/feature_cache/train_85515a479ea2.npz,120298,adb081cbc3bc65d49d4535b5b9526b2432fbba23fbda9b3518a13196b58efcff
feature_cache,output/feature_cache/train_85c75606871a.npz,27938,fbbd19f657193d3ed0cc716d08d21b86b9c171e29d4a6013fb01462be096a274
feature_cache,output/feature_cache/train_85e052fa791b.npz,752578,9ef58cd1e775847e3ffc4ae65cba00341d78ca175140d85c3f847fc276cf4fea
feature_cache,output/feature_cache/train_871b9ba08b81.npz,16458,2b2b6b6d2810a30606331d20371f3e79c86c21404a7b6060ff82cef9e79acdb0
feature_cache,output/feature_cache/train_8724b84630e4.npz,256498,05750f34a9d2474532f6fff24e20fddd84e3980ed938f38ead7ceaf3126f905d
feature_cache,output/feature_cache/train_8778bdf2b960.npz,733818,81912471e100ca5f736c0c56516343c794fd805d294c9dc4c3c6a97725d6eee0
feature_cache,output/feature_cache/train_882a09d9243d.npz,779458,92b5556bf6aaddd84f60ed39965fa972bff98489723fe31f5ddefdabd0fb0e33
feature_cache,output/feature_cache/train_887fcdf79102.npz,746898,8945f1399ffc4652bcb8c7ca161882225b01fbda9733277254455f243f9710ab
feature_cache,output/feature_cache/train_8abe47cdaec2.npz,789178,a104f7d1b88a1946b56f0db4714b28e9a127763eebfdc509ced98b207a754aa1
feature_cache,output/feature_cache/train_8e253f82674f.npz,91578,670dc8e06fcc8141254bd2f947c51aa7ab589c50bfc4f1680eb429b2389f503d
feature_cache,output/feature_cache/train_8eb3bb53bf53.npz,89898,f8a0480a73678c77061ba7d2d07d70c231b9fa2d0f595df9892e189893b5505b
feature_cache,output/feature_cache/train_8f18b16713ff.npz,256498,970e6fac829db23e1cd0f413327d422217550abff1e32b873d6a6f58811bae49
feature_cache,output/feature_cache/train_8f9cb161e19c.npz,1380218,5c594b5891101322ded42413f0a89e34090c47826bd5d4f206e5388d9a67c251
feature_cache,output/feature_cache/train_90215e9951e1.npz,208538,bb4eeac0e82e5e7090909b5468581df50c62ecd503abbe45f194dc496429c2d0
feature_cache,output/feature_cache/train_9106147f9558.npz,413938,31a405a86c9588b455f5f90fc542fc662832a8736dc4515f8fd786054f926dde
feature_cache,output/feature_cache/train_911c002f3c1c.npz,262458,bd4386b6167c6c999e049195b6e64249008f4bf48469d30c8b309675225109af
feature_cache,output/feature_cache/train_91547e728218.npz,175898,4613d3efd276c2b28542ae453804b4ec48bf245ae134e2ac685b883f7edabf94
feature_cache,output/feature_cache/train_91c89e26b15e.npz,108818,d5314e54efa7d9a879fe5bd086d990ccb5d7b83658e0a6e585e00532d818dd05
feature_cache,output/feature_cache/train_921c765d79ed.npz,400498,cc2496a2de960daae5cc48724df3b20d1ed38c928a0eb230288be210c3d22228
feature_cache,output/feature_cache/train_92412a9e3b91.npz,175898,dfcbe6f2bedf16ea941261ecedd1113095d68cbc5d8f11820d9649bad63dfa42
feature_cache,output/feature_cache/train_942af8c91efe.npz,792218,cc6eb7f0979f8e400d7878a24078294d2a70b8cae25e758a11f92ec25465eb11
feature_cache,output/feature_cache/train_9474a8caac8b.npz,36098,1d6cf7bc1f798bf5d9c42cea8529f68b3ba00856dafe53749442d0c79fd1fac8
feature_cache,output/feature_cache/train_9494fabfad42.npz,186418,39b550b7bb1f2eba941d1ae5de7568fbf124321f4de9cf84f697bf2cba6ac760
feature_cache,output/feature_cache/train_95bae118fe64.npz,709138,e76b6d548f0f8c30688422d315d63c750bbebfd6364d859f86dbcaf34a840d2c
feature_cache,output/feature_cache/train_95bee25ad7ab.npz,75858,455e657135ba319c80a5777c3c88c70143874af55076f0f37320f08c8737304f
feature_cache,output/feature_cache/train_95dba3921d78.npz,779458,cea0711696111843acfa7a18c5749a3fa16c6d6766149293592decb8cff1772e
feature_cache,output/feature_cache/train_966650640fca.npz,1221138,69f96da0f7d99473331ebae7544ea95ea78fbc1e889ecf4bc0460aab61abcfd1
feature_cache,output/feature_cache/train_98347fbb0992.npz,980178,647586b5ec258543cfea3e56af78459dd45a741c6f884ee8b410e09b41735bd4
feature_cache,output/feature_cache/train_993610c23f9c.npz,7818,51d754e84c2d9af080762cf7bae60422586a7dab8fa4bba0cc39f35682ca852b
feature_cache,output/feature_cache/train_9a5af406ea1a.npz,75858,8856b1141321fbb219caf2019c9be22564a78c8f570b4982868b5beb4eef10dc
feature_cache,output/feature_cache/train_9ab197802033.npz,1508498,983f6f1e53980a588675915eccf4bead73a7b024b5dc7c443f7daf1a5ae5788a
feature_cache,output/feature_cache/train_9acea1edbd1f.npz,1508498,2c00949df96741a81f0eb1a9b029e0c29de381f4fc5104a976b01bff7aea5b4d
feature_cache,output/feature_cache/train_9adc09a85639.npz,400498,eb4e8caf98cf59d76c80e4b48e38e7084fa4b6cc9ca2bcedb9abb62170137549
feature_cache,output/feature_cache/train_9af63bd7e3a2.npz,303498,eb7f83e28479c030a239d3b559ebcf1b5aecbfe29127b22fff0a94c49cb098e9
feature_cache,output/feature_cache/train_9c60b3a3194f.npz,746898,13ccebac783334cfeeb6a65d7a0a63e31d371bb8c6a9e2a0a146ae3397372d1d
feature_cache,output/feature_cache/train_9c7e280a5e9a.npz,301898,88f51353292e27e5cf286a2f42a4cedb7b3e17dd96ef84a872d3980d64d3b6f6
feature_cache,output/feature_cache/train_9cb322424184.npz,305458,7ddb2776f565cd94ddf64e4d5519c0fa2cfec3820714924f2ec03e03ecb35568
feature_cache,output/feature_cache/train_9d8a258283fd.npz,197658,6e240ea1ec0df6de8d00324899e0a0d41a815f6afade4507f677c43a3222bbb5
feature_cache,output/feature_cache/train_9db561feefd1.npz,980178,cad34eb2b00adab9d0f0b0da9001adee7b76323fa6fe28f9a5b13d92bbbed3a9
feature_cache,output/feature_cache/train_9e25632380a0.npz,186418,05418519a3f6c9f39addba0d1474cdfb1bd98ad9aa22682d104a61ef4b2de9cd
feature_cache,output/feature_cache/train_9e41a4df0755.npz,301898,9e18d600215123850a72fb7828a9b97826c6051238189c37c863fe7c746a475e
feature_cache,output/feature_cache/train_9f4f489c0153.npz,752578,92581d68fbf9ab8e7da38ce9ae83d92d3fb7a021fc91d5ed31a9cd2d452a5a33
feature_cache,output/feature_cache/train_9fd5b38e852f.npz,5738,c4b04ed7554b6666fae9da65948ba933bdbc39e8fec201d1a2e09492c751d3e6
feature_cache,output/feature_cache/train_a08c9550ea93.npz,75858,0e3fca36a41be54ff8eedad3a020a5b6f196aca9d6ad39ccad64b0f12aad1d94
feature_cache,output/feature_cache/train_a0d148b8250d.npz,980178,92c31784e9eccbe38b73fca1e6879671b5c2f79324db5a7746dd1001ad0697ee
feature_cache,output/feature_cache/train_a0d4b41a252b.npz,5738,cd117757840a4cb59143e664a60f6cf739092d792d8115c6ad643998234a268b
feature_cache,output/feature_cache/train_a12fb2b696ec.npz,38978,d3eba212182a02219117c089eb2583206f1088227a1240e7b5e83e9ccde35cc9
feature_cache,output/feature_cache/train_a14a030b97fe.npz,75858,e3e3f02ee963155b23f72d9bc1903d6ce5107bd520d07f57825a9e139807a2e0
feature_cache,output/feature_cache/train_a1a7bb3cd22a.npz,400498,705086c33871addaae0d633acfc84fb158d9e0f6f23017da6492e996788c7953
feature_cache,output/feature_cache/train_a1b3275c17ca.npz,39938,a35c739e7c9710667e008f1be9f7a7a6f17f3e9fc2816d0cf41108d23788d73b
feature_cache,output/feature_cache/train_a1fe429cb79f.npz,2016698,b25a3e59a6b19e83633fa616d4432477798b6e0c0c8152bbab9f2377f1a43347
feature_cache,output/feature_cache/train_a28c41f4e85a.npz,1739138,dfd5b338aaf9c0f22fd6e59a6ad6e668ac673d73b499c446246eafa5b65b1556
feature_cache,output/feature_cache/train_a3a067a7edd8.npz,303498,fb5d1d4e1c05d80672dc63979f456ba0dfc0d682896b6b1e5a55bba9c05f520d
feature_cache,output/feature_cache/train_a66032f50643.npz,186418,06ad637c23e327d443e4ca1e02803b28c96b6f7eaabd71b66ae7206538ee10a6
feature_cache,output/feature_cache/train_a6efea087a27.npz,186418,8938beedd45dea91df400e1a3819d0b7391282d98125846dbf17888f1cc586c6
feature_cache,output/feature_cache/train_a7128ad2ef0b.npz,301898,716000e09982d65a93fcd36e1b2f091a8a1f1e9a2961a768b252eb029bfdacf0
feature_cache,output/feature_cache/train_a7d887127282.npz,291338,d43c62cf8c6faf5fe95572f65ba7fb414c39e9376381f91fffd17a2e0eb68d33
feature_cache,output/feature_cache/train_a80ca5880fdb.npz,455058,4f6b436e7f036f89bd8708a51232122f395e2e356d16bc3999032f9628298199
feature_cache,output/feature_cache/train_a86b18fc3ae2.npz,2016698,b3cb040e49e8891bcfce9b4ca4f15bb3503ddcf0b3816e46b1f2fafb30d29510
feature_cache,output/feature_cache/train_a8ae9a0ce3d4.npz,39938,439294ea30d3264f2e540d13e41bf7f0609f0fc08edc65e6ca5655fe972fb2cc
feature_cache,output/feature_cache/train_aa3f4b6d9d6d.npz,980178,5fe4e6fdb639c36d4070f869515ee686f9e72aace9740e9449d1117c570c1971
feature_cache,output/feature_cache/train_aa43092b6d95.npz,305458,20461abef3474bd96af76b6884c71d80bdc7bd8f90bca66e5dad0737acfd3225
feature_cache,output/feature_cache/train_aa7656e6187f.npz,555498,60e4d8d9a53196113dfe5773a0c6659eb24aadae3b6036b67c8cea079c13461f
feature_cache,output/feature_cache/train_ab3f2949a257.npz,1221138,6601e0922716ab29d2b890ab96fb5460fed04b955153eccf2c438f82c6384cb0
feature_cache,output/feature_cache/train_ac2056dd3c77.npz,465738,e217cc47e59e978e4decd455e0cb1d66bbb60bc77462e3a6694521dca45befa2
feature_cache,output/feature_cache/train_ad35ae01dcfb.npz,48098,42bcb980d07ed01427bcf2cff53579be30dd6bccafcfa502c2b6cd0178e54e04
feature_cache,output/feature_cache/train_ad7598875602.npz,1221138,30621e2f21a71a7297baf314cd35ce6a09b0f0b645fbec93a6afcec0fca6916b
feature_cache,output/feature_cache/train_adf993ab1a4f.npz,49458,142c8ada48eaf902bdbed0150968091e6e219d175852d62b25d686280f4488b4
feature_cache,output/feature_cache/train_ae30b3d5ecaa.npz,5738,26d8e79aa8c224266cfd3363e4790ac796cc8845e4d9fa9a803ac3be39d57700
feature_cache,output/feature_cache/train_ae747891735e.npz,789178,6fd9b3b36611f41de3c8877b0e3fc91336f3d464dc6528b18b0a12282b98a524
feature_cache,output/feature_cache/train_af1acca84a8e.npz,39938,43cf0df839fc84eb74f206047e1307e1e5baf77d3905a83e160309c97bbcab1a
feature_cache,output/feature_cache/train_af4b3e1ea55e.npz,413938,de8b65b661c70f4f0f593e82fbeaa90b159f61b19a6257e62afd18f43b2e7f55
feature_cache,output/feature_cache/train_afa4de0ba206.npz,789178,9aeec80b3b36645b6bce75eb1e6ee3c177fe1be59a204749e5c466c5b1bd6cae
feature_cache,output/feature_cache/train_b0386cc38665.npz,16875098,e7f5a475e4746c7d5f243f6aac0292dc3e7388ea8c01cca03d59cc690e7967b9
feature_cache,output/feature_cache/train_b0e9c783effd.npz,301898,7d59e8961fe19fe6738eed2a26c89e6f619bce6783619547efb910be8571d694
feature_cache,output/feature_cache/train_b18d3d487342.npz,91578,7bd321c30247abea0b34a7e22bdf894ac2823a470772036246a4d397daaf63f6
feature_cache,output/feature_cache/train_b194f0cf740a.npz,1380218,6a578be8a310943553bdd29396903ef9f9a135ad5e548c5b2ba097d5393d68d3
feature_cache,output/feature_cache/train_b1dcb3b0ce1a.npz,5738,b2d477d8ef3cb05d989f9f659056550318496e15215b787569512351c7e3d745
feature_cache,output/feature_cache/train_b21ce7bbc286.npz,709138,e828460f533f6957cbc04ee69a172d5bc79c1c20cb765bd91a1df41be044821b
feature_cache,output/feature_cache/train_b280094f22e9.npz,7818,51fc7c6685bdcf454f882178790e90bad526b8663dc6e7f7130fc603b582db1e
feature_cache,output/feature_cache/train_b2c4ce0112d2.npz,49458,68472027d22ef4c477aa50ede827bd4a72b17af0204822e82826c979e24994e6
feature_cache,output/feature_cache/train_b36033445b24.npz,1739138,f37cfc62d478205692c048617c876a81a29568ad9e4382c16ca38d876c538d06
feature_cache,output/feature_cache/train_b3ae6062a5c3.npz,18338,65f455db28d559dd27706209fdc5c0caa9aa58c47b1985291af7ba2583ef313f
feature_cache,output/feature_cache/train_b402e0627f6a.npz,906978,68c0b1b62b3a511ad8017a50cbbc06776cac770232351c596ce171ef397733f0
feature_cache,output/feature_cache/train_b4ce1e7015e3.npz,89418,5667f9abcedc18711e3474f867e025dc72ae4d4a9fe8dec16e3eef4c136f468b
feature_cache,output/feature_cache/train_b52e324a8043.npz,36098,be15cef82579cf5de1a42398e77d95d755074c4d6efdf7330e351999f3cdece4
feature_cache,output/feature_cache/train_b63fb312fead.npz,49458,e4317f2418fb8014d648b0a7768a1c30f1e5860c10691a371778769cf069fa47
feature_cache,output/feature_cache/train_b668e7c9ab26.npz,789178,9addf3cacecd1dc33b64b06b3963f47fc3a8dedf7051154c1533996af94cd650
feature_cache,output/feature_cache/train_b669e2314664.npz,281938,e46f8d16bf434c5ba27d7f416ed816a1f30053a4543ec07a800ad0b9b21fa30f
feature_cache,output/feature_cache/train_b6fdaf1f4d38.npz,2016698,b81616ea0aad31dc39b44864c4b950d0e6b0e6e2d9edafdb9edc15d153a86ca9
feature_cache,output/feature_cache/train_b75fe8f208c3.npz,131058,78644f24374d4ba28391fdbb9361fad95a573a7b2ad0f2fd5dd6d0b474a801ff
feature_cache,output/feature_cache/train_b7a5876a870b.npz,465738,bac6baf6b49a7e66b9f8b09e56396ffebfa81f3415c1ead3729730e48a3ef39e
feature_cache,output/feature_cache/train_b80bc5c05e82.npz,555498,3f68ce723ac5eb56b74d3a23e0c2c76ce08ead1a79eecc89bad63de161c88b46
feature_cache,output/feature_cache/train_b8fc4a606073.npz,304498,267027d14b8f06f1f3c33c47b8edf6dc8f0b5f4e80b74c52b457aaba3a73d55d
feature_cache,output/feature_cache/train_b907283e317e.npz,75858,8ff3eca3ccf63856494f6e46cadcd13dc93a70d55673a0dd14136fb3051bb5c8
feature_cache,output/feature_cache/train_b921f324fc68.npz,10538,cd1892a0e6e8582c95ac6090da7ada00b240a878d5357235f421fe6b5b3f9b4c
feature_cache,output/feature_cache/train_b93772368d1b.npz,16458,0a6ff379c0ad1cb89bf012d5e50aafb9189a651efd464447841c69e27699dad5
feature_cache,output/feature_cache/train_b9b6ca0e5e32.npz,792218,2ac0d2442c251e55bb8a24869c55ddfc2fff5e9808c751b57dc58632a01ad2dd
feature_cache,output/feature_cache/train_ba372bdc9919.npz,285538,7e6228978a584ca235b4edec56c90b4c1948b6710df93ac6c8d51bd2ab742a80
feature_cache,output/feature_cache/train_ba55d6b40fd5.npz,207698,63b94f4b3b3fc28bf5525ea0381f4d0ae349badc132c60e5cdd713f63b410ccb
feature_cache,output/feature_cache/train_bb0cfdf3f7c1.npz,733818,6cc1cde8001e4bd4f8b0c0c148ee24dd72e33d7494b318b1d5085f4a0ddd1030
feature_cache,output/feature_cache/train_bda7d5ef1337.npz,49458,2b7f57e031b46fad67e720cb72a82429ebf947df7a2b25c8552a8cc2d7ecbb0b
feature_cache,output/feature_cache/train_bdea628e8db5.npz,76978,1398f5deb41e3da1bfb0bdd57a86076be2c486dc7aefbf8bd6fc87591a449a57
feature_cache,output/feature_cache/train_be8c2e85d54c.npz,1957338,53953b256e165035a16ddd1f5b0a6410f57d1d46c6ba9052f74bca8322cfe73a
feature_cache,output/feature_cache/train_befca0c9ee7c.npz,38978,c61975886822ffbd2f0ad1967685e605e3fb99fe567c610a2be6639ba73c4179
feature_cache,output/feature_cache/train_bf89d9b4948b.npz,752578,3159c3ba21ab2a675a511dc32afc6e4c737fa1e3e1dcd3b26e0a1a88fadf9c5f
feature_cache,output/feature_cache/train_c062ae68e04d.npz,746898,d8e474e51b6c3b21e936a1c5a961a7e7ac64642d1329d2fc9ce96c6a0c2c2abb
feature_cache,output/feature_cache/train_c1093753ff8c.npz,7818,66574ff9c1db6dd7d647d37a6badd8153c5ed38ef83b3a5784730aaac4467ca0
feature_cache,output/feature_cache/train_c2ce2275b636.npz,2016698,a7383636278158666c44ea8da6b0aff81372a1d2be4fd44677784293955fec7d
feature_cache,output/feature_cache/train_c2cff7f9c5d0.npz,18338,e6da057a0edc5a7dd46ca98c7f1d3bfa2155a75b13a890c93159def6f02dd9b6
feature_cache,output/feature_cache/train_c350b65de5b8.npz,256498,cb1030565d4f61814c20a0c89f02ec91b0cdd29baaec27f7eb540ab3bf8bbabd
feature_cache,output/feature_cache/train_c37aab5f43d5.npz,1957338,777a550be5790b1054d3966b774e5949ffa86707e8dff72ecc9f7c7c1362a1ee
feature_cache,output/feature_cache/train_c37de12f7f03.npz,39938,b3e8b14cdf404391dceb9b02aac0cd790fded6fd58fab4c32586179b6baa916a
feature_cache,output/feature_cache/train_c3b4245d0afa.npz,539338,632d18cdb186c423cafc70ba23a617433c28043245e206f0ede635b0be321790
feature_cache,output/feature_cache/train_c3e83be7786c.npz,175898,cea7e6c678bc20beea8bdde767ff1c860cd94b09224e3c73a1affe2afe5a6e82
feature_cache,output/feature_cache/train_c3eb84bed4c5.npz,906978,d76f82d1ee19a9380555f4791747d575bd25cd53bce027608cc6d19890127f34
feature_cache,output/feature_cache/train_c411c308fc9a.npz,304498,cf8a6910122b9b0484a128b29ac63cc2b3ad5b6ce7df9a42bb792373b453f187
feature_cache,output/feature_cache/train_c53fa09965a5.npz,31298,f0d8301d9ef4d00a46c20c11686a3a905ce2696d6c5b8b3d053815ab7c5a1372
feature_cache,output/feature_cache/train_c62c78106be2.npz,413938,8dd81d7d976f115ad52c477423429c015515f77bcd5d52b57d846f09a5b0ad1a
feature_cache,output/feature_cache/train_c82f8a50a885.npz,2016698,fa28ce3531c31043a935b4c3c2d2eb10ed538ac50cff7846028c3731d92dfb9d
feature_cache,output/feature_cache/train_c8c913fcc26b.npz,1957338,f4da3599c752eaca60b307f45c6f0dbba4075dc3c25e7d5b1a74c08ae4ad6172
feature_cache,output/feature_cache/train_c952626a4037.npz,752578,275dae8f759929c911f6ce9d9c9be206cd7338e586bb445a371f336a9aef7e88
feature_cache,output/feature_cache/train_c9ac5c89cd8f.npz,906978,1ca3b479ecdff3b23b1f709ae098074182be82fcacf6e39b8a7a85f5e2e2cec0
feature_cache,output/feature_cache/train_c9c1b0896879.npz,197658,574e874251e78fa1e0ae8447e962b6bf73203d3916ca6b0abae4619d7990b5d2
feature_cache,output/feature_cache/train_ca023d2f6220.npz,108818,945f48591af65ebc86c21028b0ce27438958c0faeaf895e60a5bc6ba750161e6
feature_cache,output/feature_cache/train_ca686fe74abd.npz,1957338,39c85dc043e2cab80df2979b689d55619e087387aaf00e65718f1fe9b1caa35a
feature_cache,output/feature_cache/train_cb036676031c.npz,16458,fef2a46f94235e6b48413b7faed419f98f56767121a41dcd2a78a1ea2735925c
feature_cache,output/feature_cache/train_cb42e610d396.npz,455058,6c5c928ae6f0bcf8a608cb9eda801fbde43e7e9f661c008d1cad00c6e86bce23
feature_cache,output/feature_cache/train_cce1648c5ac9.npz,746898,0b37a476f11fcd0152d8ffb77632519c3e6b50a3355a6acb58ecca0550b9d0e5
feature_cache,output/feature_cache/train_cd703434ba5b.npz,455058,f69eb1f727232a2639a867a8eb95b438dc714840d849d7067f61dea7a41f498b
feature_cache,output/feature_cache/train_ce66b32e3de9.npz,789178,c8ba2057952bc76248053fcc6d762243ab68a9ed8285084df075a0ecd689cbd7
feature_cache,output/feature_cache/train_d0271163843b.npz,197658,70e18c2bdd0cea06692ff74daf98b7f7f9b0bcadc7341097a30d3ae4525f90d5
feature_cache,output/feature_cache/train_d036d892a25e.npz,208338,523fbc7b54780ea97dd53e356c8d968c7d289c5e364b7d16a2fe84d4292385d0
feature_cache,output/feature_cache/train_d0afd10066f2.npz,281938,6926407de86bde3b8876c765fab240189edd376de5a3802f0a565386ee81475c
feature_cache,output/feature_cache/train_d13980fc8e37.npz,470818,3285391afc31cd742ea1e3539353646e40da666055d36a9d98ea42f009302c0b
feature_cache,output/feature_cache/train_d14b3fdd63d1.npz,208538,fe27dc75b770e25a24c9fa37bfda377e9b369b7319811b21dc495da99355b74a
feature_cache,output/feature_cache/train_d1d858c04d37.npz,16875098,cf49537330e66407da1990183a24d30c7d071723ea08bde4855c34896cd521e0
feature_cache,output/feature_cache/train_d25ceee3739e.npz,1221138,96b1648028e2c5db77e5f485221e9f2e836dd7c1e096a299fe42f115475e7a5a
feature_cache,output/feature_cache/train_d2a064353bd6.npz,186418,1be1bf7da8f5474b35980059e6068a04a40f54cf30a3b98f01d0c5f1e8ad1986
feature_cache,output/feature_cache/train_d3581850fb2c.npz,108818,071d01c66c6ee045e4fe5519a01e71c842dbb69d3da131b81ae73f8965ef7300
feature_cache,output/feature_cache/train_d5956e281ed0.npz,1957338,c62e0d1b66d30795f116921604d59d35fa906ec5c948c7ad0d0d55df2ef1a6d7
feature_cache,output/feature_cache/train_d763782454af.npz,76978,2e71846ecb1b4b101694c3b002ca44225f3fd49071fb17969fc595b7a0640b64
feature_cache,output/feature_cache/train_d8f310e3c801.npz,779458,aeb5e9b74cc547cebb6f4fe16dd851691080d403910e029cb30aaae9ba780f14
feature_cache,output/feature_cache/train_d9284fc98a08.npz,262458,f5d165d42e118993dc9b84c618984d129f81b59a56451557c271e18f37a0ee7d
feature_cache,output/feature_cache/train_da93a95f9624.npz,539338,5b81e4e870df417f7d088d13ec494f3a5c1f0fa92f4bf86573b2a5eb229e7ad5
feature_cache,output/feature_cache/train_db0cc8f78ea4.npz,1103858,f2dab4a506cb4af13ea4ea89303b5c7c7f16009d7cf31fbe3c905d71abc7af8e
feature_cache,output/feature_cache/train_db345fdcd9c7.npz,89898,1a7e076da8ccecfca22189b800c040c00338c08090742199d5abfa8c58731e1b
feature_cache,output/feature_cache/train_db8474d027d8.npz,380418,213da4f363b1c5cb1ff1acbdff8057dc13555f4b9a252a8d0b34fef200101f37
feature_cache,output/feature_cache/train_dcd8b6d5b052.npz,89898,66e6c6889ef6a786c325c4879fbf8307825c590015c8fa44afb78e180a65067e
feature_cache,output/feature_cache/train_dd13a43ce99d.npz,539338,bef90203526b1ff6c1dc866f51e89220d0c22d070af2a29a9869170985371cc4
feature_cache,output/feature_cache/train_dd1bf3771a73.npz,779458,90cceb5304d91e2aac59653989a3eacf09bbb844c79a3c03b32763407ea3bd65
feature_cache,output/feature_cache/train_dd6ee6c3f491.npz,76978,ba2bfbaea14dcc11c90dc08b4a2042da962c66c4c532bf6e6398924032b0469a
feature_cache,output/feature_cache/train_de1bfb969c77.npz,197658,cd93918a9e34b257c4af03face6e53181cccc1e03014fdebbce6c1aefacfe55e
feature_cache,output/feature_cache/train_debb8944382d.npz,7818,a5c5d9e953e09afd1703a677d9382f467997df13c6489cb067c69cc4397bffb1
feature_cache,output/feature_cache/train_e02ac4cdd8f2.npz,470818,a916406d963efe1961a864e16e89bcc478b95d41b503a0d7ba82a4d34620f597
feature_cache,output/feature_cache/train_e11389907669.npz,1103858,c08bdd4a2225d38cc43f7902b00b6241b05d34042c9c45c1b96f4dfed1f70e64
feature_cache,output/feature_cache/train_e15fc2141d6c.npz,75858,792ecd03f4be4267c2fb7b00e512f5ac55c4725d2db59c44a24dd93c34b40070
feature_cache,output/feature_cache/train_e2259452fb37.npz,304498,39f4b86ce99996743ff4b92817d1e07ba052646ea1b660e68b517596fb9f6c9d
feature_cache,output/feature_cache/train_e2471a645e9a.npz,38978,e90dfa59db4716573be0d95a60631906604bb6dc38e3cc95806ba2a5e7262bff
feature_cache,output/feature_cache/train_e46effea3bf1.npz,16458,c907c9f103aa20922d23c78356941c2bcba9c744c1bc9daca95bcb902ca8a68c
feature_cache,output/feature_cache/train_e4bcde8016ed.npz,301898,a3b66d82a10a2d7208983cfd034b100a49027301f43c6a9aeb66b90a7b7fd258
feature_cache,output/feature_cache/train_e5f4af11bd3a.npz,2016698,e1dcbfd3c3fd8f9bf06fe2b780819475e00c5997114a1c1f00b5e0f94e9b783e
feature_cache,output/feature_cache/train_e608fa2d0f0a.npz,207698,6591e595757698237d6661d654ae96f75522f5846512e56298ed213f78413145
feature_cache,output/feature_cache/train_e8257497b9c6.npz,48098,560b5509ce1869fcec4f8fa2a3d72f62e153ead34743fee33065be2e282d8de9
feature_cache,output/feature_cache/train_e98870cf614a.npz,18338,d526e711cc15c37623892ee978b3362b21bb6cb990eb25ff8a8ada8afc38d41b
feature_cache,output/feature_cache/train_ea941ff37bf3.npz,746898,151e70ccc2eb9fd3ed11c3bef2b538374809b62929809e692b95ca45c92afa5a
feature_cache,output/feature_cache/train_eb3cfba34558.npz,36098,c7d686cf5d73143be0780dfff1a5ade27b7bccdad92a061ca4d204b5a63eef26
feature_cache,output/feature_cache/train_eba52f4f9a8b.npz,108818,454728bd94555608c9f8cf4dbc5fc29f68cf5b2febbd60c3acb463a9ad529b6b
feature_cache,output/feature_cache/train_ed1d7c9c0c80.npz,281938,0b6fc02287b73ac764f990da17b137d0896e040c0b86f700888d1f4a20094c11
feature_cache,output/feature_cache/train_ed21d1bd991e.npz,89418,62760f4ac236ba6f9dd91239919fc265be9f574e5781d853501664b029af4e60
feature_cache,output/feature_cache/train_ed30880ae482.npz,281938,6af91825331832ee53ee44d42f8b818a8f38746a57d354316b00850dfd1535b8
feature_cache,output/feature_cache/train_ee89de7188d4.npz,470818,52d2ea769aea1155872d157767037b83453ae0621f814fa1739e27a235f29515
feature_cache,output/feature_cache/train_ef30e1a7c856.npz,36098,34af18dafcc92fa96aa02619eda21994182e1f1f1385254f9cf7eb89bd540c86
feature_cache,output/feature_cache/train_efe7a75c28de.npz,76978,73aa3edf98ddf4287da9926077f89cde1fb4f1f95042bbfa0054388fb2306eaa
feature_cache,output/feature_cache/train_f05c40751d17.npz,108818,610907dfb75eb99262371d4d15ef18a1924ca8b5c61ca89414b73da127b0a0ff
feature_cache,output/feature_cache/train_f0ad1992324f.npz,669698,bc1e300f1f3b676d041693467a497e8f98bc8d8b31234833c1123980a97eddbe
feature_cache,output/feature_cache/train_f11b57938262.npz,301898,751bd9f54e54ed20e254941a130e0c195291127975a524e67cfbe5bfe75622dd
feature_cache,output/feature_cache/train_f1284e01d56f.npz,1103858,fd6914d536644daf09257ad7f4157099c45c4255b8ef65fa6540d89087da9397
feature_cache,output/feature_cache/train_f12a636577c8.npz,207698,fd819d4196f7b5594d7ffbb2405233c453a092de9ce65de794f0ce843c3e4983
feature_cache,output/feature_cache/train_f152dcf9c3d7.npz,746898,3519b6653663eebef1c518192b4d4310002b5d718617f80ad5474f2fa01dbb05
feature_cache,output/feature_cache/train_f29b1483e034.npz,175898,8e342b81e3c13b41bd101ea2f6a2f495dfeacdff20130ed7406255c61215088b
feature_cache,output/feature_cache/train_f2d347f480ba.npz,5738,7f4707fdfcf8d5ea95c869d162358a50987a42e8bac67c3a634151b1c80b998f
feature_cache,output/feature_cache/train_f3bc39be50b2.npz,95018,6ca1eecc818e115c6644b2910a208199e2ce3ac4268792fe4b8a34d0e1430133
feature_cache,output/feature_cache/train_f5c7c0439480.npz,470818,080207ccfb73b99c5f011efffa9f8cb8f0bb3fbab5be928d119f395b561fbf5e
feature_cache,output/feature_cache/train_f5f0123be889.npz,1662658,8bfb1d94de5182f6ab83b0b4e7bc1a57dd8a1fb385847d3d2cca527404bcfed9
feature_cache,output/feature_cache/train_f6a68ed9bd09.npz,281938,687fb929d510a14c3c8a891c45f73326d801491edcc511cf8d0d4af887476c28
feature_cache,output/feature_cache/train_f7d9e864a823.npz,470818,aa13b577030f7324e94f1ee8381ba9607750d4d9a2d31ebcafcdeccff7c156c6
feature_cache,output/feature_cache/train_f8cf7ead36f0.npz,75858,a9ec693b962389ae7c86fa8b86b0c79e0647bf008a66e38832612667890a5d35
feature_cache,output/feature_cache/train_f9611c9fafc4.npz,208538,aa705a6b50327ac566d7bac394bf14cd37c91571bd2e59e016cb98dcb90cf5f4
feature_cache,output/feature_cache/train_fa3a60f5d521.npz,95018,b8bd82e105c7e5367c861d824fef29b7e87bb0d9b7059b559f1183409aa1f151
feature_cache,output/feature_cache/train_fa9ac0721450.npz,21858,ee7923209bb844de1c7b6dd728bd1207309a2e0e9f11386756c4bebdb8f22429
feature_cache,output/feature_cache/train_fac87c2b24a8.npz,305458,ba081f8691013aefa028f004dc32d84ef42b450ce66a2aa4ad571e902fbf23bb
feature_cache,output/feature_cache/train_fb5a79373bd9.npz,301898,fc3e6eaee3b9d4b762253c26afd3bc676a39e496ceddae08e2ca34a0781f3f36
feature_cache,output/feature_cache/train_fb82abb53259.npz,89418,f77a0aa7ba6d9c92df4611db7f99256a46eca3fbee5ec67fa4fafe157fb1355b
feature_cache,output/feature_cache/train_fbb21c0240c4.npz,21858,4daae17c511f908166a43e21fc0834f0c72fbed1a1ad5c235bce3e3e5703caee
feature_cache,output/feature_cache/train_fdc2b1587c33.npz,779458,e6a09db79e87ad95f0735b7e441bbab7e630119c33e885799082de973a434f84
feature_cache,output/feature_cache/train_fe2bd4786122.npz,76978,e5b9e4b5803c97378ba56e19d7282746cee93892a03bd470923208230210415c
feature_cache,output/feature_cache/train_fe94cb985626.npz,36098,70aeef69cf7415e6deda37d0a1ae4a6fe85fbded30ea3c08bb77038b162063b3
feature_cache,output/feature_cache/train_fe9ec29a043f.npz,281938,ec3d210038c66c1c0eecc68a905eee92f14771123dfa3bcc992b709136882f25
feature_cache,output/feature_cache/train_ff491fd23977.npz,49458,5c8f34966cb76503a83d41723e22b61c0637811ae97539edde143e8873e4bd27
feature_cache,output/feature_cache/train_ffa3ea875ff0.npz,669698,c910b5cc0941fcf542ac746233a83384deab575e6c16fd494eeb2006f57f0a4c
feature_cache,output/feature_cache/train_ffacc1e292f1.npz,1131738,b9fc3dffb10c5ac479b7fd4e9ab6f478bb858504c21053ac88445a55272588e5
feature_cache,output/feature_cache/train_fff058509eae.npz,36098,f363aee690e8b2097c0a763696707def35029a2697866a66ea154693f9cd1007
feature_cache,output/feature_cache/twitch_de_2ddd6213fee2.npz,380418,3c16ec9b94f5a505961998c52ad1050cc7be55cd7f3949a3a3129a11e94e22ad
feature_cache,output/feature_cache/twitch_engb_2fc10c5b2031.npz,285538,c89bd1331b01c283b2f267ab6fcefff0838b8950cba6e15e86b2b1b81589d95b
feature_cache,output/feature_cache/twitch_es_678f12e55663.npz,186418,46fa9b1028a47f167518217dfea3f6d60106715c693f1fbae65ca9cde6169458
feature_cache,output/feature_cache/twitch_fr_0cdd145a5c1c.npz,262458,acc6dc0c93913eb5bf16b38e66482fd430c5432e3edbe6544a1bb99bd2188d93
feature_cache,output/feature_cache/twitch_gamers_a5f5bcd89c45.npz,6725058,80d40e57a0753ba951247d6a1605ad46d6590cb15ecedbc5270b6597f743c235
feature_cache,output/feature_cache/twitch_ptbr_adf5d055306c.npz,76978,70eee94ec15260e42e329cf3f693ea6514ca2cb72942256ebed16a7bb08df7c0
feature_cache,output/feature_cache/twitch_ru_a8d66b603b1f.npz,175898,26e4c6118faf56a725a5445d910dd51ad75b0ca316c3fec384c4a98cd7ad6653
feature_cache,output/feature_cache/wiki_attr_897e2b12a787.npz,96698,b1ecf35d669e2e0059e35d11b2729c156cc9fd90cd857175291787c2d3ddbcdd
feature_cache,output/feature_cache/wikics_a563d7d2af0b.npz,468538,4b0a04fd4e356818c957684af9db735c25950ee5dc846b3e3238793971c37bc8
feature_cache,output/feature_cache/wisconsin_17bb0259b4f4.npz,10538,7a96b6d1f59d67adf121b6e057f09eddc711d0c1466d2ae433ffcbd35399a1ac
final_result,expected/candidate_rules.csv,5626,19e83d5ae05aa3ae38e0ea025a95592f1afe0a225d55ec71c876e4c20b7c8e23
final_result,expected/characterization_correlations.csv,11285,480847989d329ff61b37cde119f52a11511b24816ff684712c2c174ec41acf7b
final_result,expected/characterization_gaps.csv,2472,d335eb7a2b888b428af5d6ff8447525b82fd1c4aed4d07080095905e1a4d4fbc
final_result,expected/characterization_inputs.csv,4647,201419545969c2a99d400c7debbb21c251c501b892627b3db75a59c07f52d9c1
final_result,expected/dataset_characterization.csv,1592,5128fa1f04b6487d297b7ab58ea61e59f5717db254a5e453e6c2adaf63683c6d
final_result,expected/dataset_inventory.csv,3005,b17fca24481de22433f9443e47c60a8378d92f4d812739c70b96c85243865e0b
final_result,expected/degree_cells.csv,4034,4b42528057424ce6e0af6a78a9b4c2612c29aef396b17e4dee52abf711f13c48
final_result,expected/degree_consistency.csv,5584,0291339daafbeaf8435389379b73c5aeedf4623e6bb3238655401d6671203df1
final_result,expected/degree_consistency_allgroups_superseded.csv,5607,21fb1ff50d8e939b9d941235358fdd0940daf59cd4134a2b9893b153f68d2188
final_result,expected/degree_consistency_rawquantile_superseded.csv,4490,b8a8c71ea34ee50c530f3a4140ccf1ddf9298d7237d0d9fdfec9c1eee5c86b65
final_result,expected/degree_consistency_rules.csv,1863,51a32594f82694713dc9d2a112261bcd5181bb55fafc65d2626d70ebbb38a03f
final_result,expected/degree_consistency_rules_allgroups_superseded.csv,1871,6cd45c54c476b0103297d8f6ef77123be5a24d9c42aae64cebd0a44b4e3b2de5
final_result,expected/degree_consistency_rules_rawquantile_superseded.csv,1235,08e189290175e7e5340ada760f089d50af4fa04538793dc95d41e3809fa16c0b
final_result,expected/degree_consistency_rules_withinonly_superseded.csv,1235,30ef611ce9aa6427553113d66fca5323a9f0f048ceeda0698c787b1f72a50f9d
final_result,expected/degree_consistency_withinonly_superseded.csv,4745,3eb269c4ddddb1fa870124772abed3408f904d487ec72435f901f14f11d05581
final_result,expected/degree_dispersion.csv,6662,89a2bae90fc46496da30f5b7b7c0d462f6eec6c40b06fb6920318d620b96c880
final_result,expected/degree_dispersion_meanform_superseded.csv,4502,66f3d0ca530845bd6173709677e63e51db587fe01f0e80e943c6f89322ecd29b
final_result,expected/degree_dispersion_rules.csv,714,f3e5e18a0940415e4789fa27cc74358837df3e5d47c6aef3c01d4f1c2affcec4
final_result,expected/degree_dispersion_rules_meanform_superseded.csv,519,84f50225c8c67342843010995e5775d63e33c58224f17a81063284c24fb2c2ee
final_result,expected/degree_family_members.csv,5122,e7567ddf41ee2979f5f26f59d9bde57ae73bd6ff068176d76c232bead6bd45d3
final_result,expected/degree_family_prereg.csv,1196,a0c701930933f743cfe5c1d1bf5c7d5b0f53baaf199043f968324d34cc443601
final_result,expected/degree_family_prereg_batch2.csv,637,38141bc936eb954f231939d647f20449f4e81f595db3159ba2bbc36910bafa73
final_result,expected/degree_family_profile.csv,609,bb94b57a67da0f0b49d80e08f196937535ada405abdc87a4bfbb55a4f0f2d00c
final_result,expected/degree_family_scored.csv,1147,b87153ef2253233f0f5e86e52c4c1ae8be842c4bb506ad9d701d606e5f2f83d3
final_result,expected/degree_features.csv,4433,6fdc50fa0c2d9983c79c36c841153ce18a0f079d2a1ac461082cd34527883fb9
final_result,expected/degree_heldout.csv,5764,cbb652fe3afb233b1f3f39dcfbbc124a175c04922f24b996a6bf80b942c666e5
final_result,expected/degree_psi_contrast.csv,2496,05e1d5d6619ecf4df1381a1618e6ddbd491ebe8073bb3628403e6253c1cb9b18
final_result,expected/degree_rewrite_gate.csv,299,a0454a35d0a6a8603a073149813b85a958bdae2f4888ad1e9844b26e8e983507
final_result,expected/degree_rewrite_share.csv,2780,bd97be285df6c49f4cbcbadd706a15cbeb6531ba575b94f05bfbd2c85b667cb8
final_result,expected/degree_rule_corpus_paired.csv,15336,534bc51b0aed3b8b37fd8c825470d85395c89b0f9746c96eb96302f158626a18
final_result,expected/degree_rule_corpus_perseed.csv,92644,f7cf4ac310d0a2a284bbbb6256243347bc58e58f5fe93224c07a9b254e573c3f
final_result,expected/degree_rule_corpus_strategy_test.csv,441,9a1218c7d34308a5304d7e49cd9c6f1c076f945f1f8b8e755dd376252c58ab25
final_result,expected/degree_rule_corpus_verdicts.csv,4806,c356499873f885c8307415f58936e29434cea1631942e594cea851a6af5fe5b7
final_result,expected/degree_rules.csv,2966,fb2b0f881ae407ad47b6c60ba0d60b0f599896ec0be7c985c6c6f11e131b029d
final_result,expected/degree_tail_gain.csv,4047,cfe69632506538ba25f6d35ecae745ba7b1d437f192d22b97a1b61bfed92f21a
final_result,expected/degree_tail_gain_test.csv,212,f689bfd659bd4808e78d25a90dd76bae7cfc3f15051ec7a94aae6d673aa9ca3c
final_result,expected/degree_test_prereg.csv,356,f89b1e398f85d38cbd003734dea8e2f709f295d19a8c04ae82127c0023a5eef0
final_result,expected/dsc_descriptors.csv,9056,364a797b3bcd9885e204feb5c46c88077ee3a1caddb0779c459f418a9b800073
final_result,expected/dsc_descriptors_rules.csv,745,e365753277625c9f8ecf4de9d2b04275b08ab6f64991dd001384e9023247da03
final_result,expected/edge_distance.csv,1746,5652565ccce4648a469f3386529d566f6a35da4f33f07b9d80ab62644ff1bf86
final_result,expected/encoder_profile_cells.csv,4609,934774101c7b6e24db30cec25d012c366fce26102d12b59ffb7403c6acde9743
final_result,expected/encoder_profile_groups.csv,2074,f92a0b8ba01921f7649a8f3c7281372abbd0603a844f76b25a6ad3822fb15d31
final_result,expected/encoder_profile_rules.csv,2983,2f91e4a254344e70d60ca4f7db853ad447f292ab84ee2990575aa546f0861edd
final_result,expected/encoder_transfer_agreement.csv,2712,1862194260a2a313adfffa2742fdffc607fca18755827b031ce8731e18bcc151
final_result,expected/encoder_transfer_agreement.csv.bak37,3367,59598f45ce1b5491a95fd1b7b136b1c4cd3066c066bb9b56b4c2359cb971b4ac
final_result,expected/encoder_transfer_fourcell.csv,5401,cdc231c6000b4d6578bc0da8a0d24e44ec91b92511618b4f670335b9059619bf
final_result,expected/encoder_transfer_fourcell.csv.bak37,6712,3f69d3d792eb1646d90fedb800cba9d8f7614903a471172dbfb01907d30382aa
final_result,expected/encoder_transfer_perseed.csv,67880,c0a9a8612eefdcb70d3ca0bd62b15cd0ad8fa69b1ec55352bd375d0357f42108
final_result,expected/encoder_transfer_perseed.csv.bak37,83376,c3c6f15a15ab086a9f03498754af8880b7ad01158b2ac5239c1d8a0aecd6e0f0
final_result,expected/encoder_transfer_verdicts.csv,7393,fa312bb601e8f3c984a0f8581636f6769f2f4452e2e5ff4c250e6afcabf5f4f6
final_result,expected/encoder_transfer_verdicts.csv.bak37,9157,77e70a3c518ab4371485b039a6e35334da6df92007e0b153df7ae3c69504f09c
final_result,expected/exploratory_paired_degree_cells.csv,13995,ceeab0e329f743b5d2c96f9e96da9c1536f79ff0d01bfaebb1f1ceb8356a1244
final_result,expected/exploratory_paired_degree_heldout.csv,6862,259a6cd97dc2cac31dce3b062049e2cf10e638b5f09738ebe938c29bd1bee7c5
final_result,expected/exploratory_paired_degree_psi_contrast.csv,7505,e3a29e693c39e9fdfb2605cbf10b3f27ebedd3c6e867394411dd749c6e405b81
final_result,expected/exploratory_paired_degree_rules.csv,7597,7bf3a8eaa349decd4352c36dd539ee51cfcdee0bea537b5e2a75a4905d77a4b8
final_result,expected/exploratory_paired_psi_cascade.csv,1984,ee8bacaf879424e20472a8201df333924d5755067f76056cf6184ba7e464a081
final_result,expected/exploratory_paired_psi_cells.csv,14427,314cec0a0879b4f67d9c51d0a989c7e0f2446ff9cdecc24d329878b751062c07
final_result,expected/exploratory_paired_psi_residual.csv,5826,bd47c0bdecb28cbbd3a8fd471753da0aa7c61a4366684a385ddee51ef4963292
final_result,expected/exploratory_paired_psi_rules.csv,12213,8f4e0ef7fc7dc864600ace2411a046e690f579e17105c3bccdb82bfd1a2958a0
final_result,expected/exploratory_psi_cascade.csv,2023,9b63e56e41490b50ea59d57e98ff84579f08b93027585b5a5cee2969d840c94b
final_result,expected/exploratory_psi_cells.csv,14537,c23cae383bccf3fb5fcde9171041dac7e4dfdc9d676e073e30b130e485c31c86
final_result,expected/exploratory_psi_residual.csv,5445,344cdf2ace46baabacf54a50fedba792494eecb0e70b7371640c1edc465d3202
final_result,expected/exploratory_psi_rules.csv,11812,c9ef8249c46c9f8bafb8582dd57ea14a0877a0e7b2907f693e0f272d7d2d2b0e
final_result,expected/exploratory_strategy_patterns.csv,7211,04bcfcbb1c3b41f7b70de72ad8f9d2bdb9b9cb2289d4222c239a6db0d6a01de8
final_result,expected/exploratory_strategy_winners.csv,2441,04d19e69f5e1cedb68f684e8eb5797c4eb1699cd376d2707469dfa68cf9aff7e
final_result,expected/feature_usefulness.csv,13516,39346fdd0778e30c66f17b9bda307161db7660efa8cd481cac4476604c651b69
final_result,expected/figures/fig1_variant_vs_original.png,82045,10552d826089bb4b5ba9ff2cc1675a42c1b2f76bbdf81cc02cc2067144841d5f
final_result,expected/figures/fig2_gap_vs_predictor.png,65272,848625d8c34f9ad46338174f6e6c2e784218bc1021c8160c1fd3aa25ce918462
final_result,expected/figures/fig3_property_correlations.png,76972,9f5a08413fe650e71d3386de8e02b7c39756c0fdb00ad28ae678a18e687cccd4
final_result,expected/figures/fig4_feature_lift.png,47370,352ad8a43c36686092c45055a5337386adbb961dd14e41a318af503695388e34
final_result,expected/figures/fig5_spread_vs_usefulness.png,61365,5edd8448d576397b80ef066e75bc0cba1a0d2852ba08e254099de138a453a807
final_result,expected/gate_candidates.csv,27271,8bc46dc66e34a351e82bd351db3a492ad3fd521e0774454f73c4a045c20aa779
final_result,expected/gate_collinearity.csv,889,77b1a34e8cd3db495d84b31a53f54c78bbc9da6753d719f0ce01836a6ad8fad8
final_result,expected/graph_health.csv,24402,0ebd5cf364b9233dac90838d987b1444d6cae059c529bd6608b2aca5ea6fa9eb
final_result,expected/module3_decision_agreement.csv,1701,3f9d93fa7035891ff64ce902287cda6f8c725792a1cb1bbaf32bfa423c874cf3
final_result,expected/module3_evidence.csv,1328,e1bb382d31c2d2525daa6b5a4982a964c4cb08707654e023625f4b6c7a82c861
final_result,expected/module3_predictions.csv,1092,8460c9ab686aff54a03bdec1abe8792dce5cc90ab57db0f0b771dfaa067801e5
final_result,expected/module3_property_correlation.csv,209,54aa390b3c09a3932704786e1a91d5fc8b20808caf04e1e199cc72ba5604f255
final_result,expected/module3_scored.csv,1086,e4f9cb8bd46d2eed9370bcdb0e2daabd8f8135098c5958ab4f5641b79c152c62
final_result,expected/module5_predictions.csv,2087,c0b536a36a2ae027a84597914a0fc18bf972aba8c01787d15ce92e955da3cad6
final_result,expected/module5_scored.csv,2021,9e3aa85ad7a316c6cee5f19f5ff4616b9fe5766ed4e2aa209360fc52924f3844
final_result,expected/module7_outcome.csv,983,57eb53d12845893423d8c00b1141d34aa8e196b3f7f481417770315220a4257e
final_result,expected/module7_predictions.csv,343,e3e25694a3eeb8f4866077e53833b2f104d32d5f4f39dc3f1749484c99af54c3
final_result,expected/module7_scored.csv,1081,60ec3e8c0373fbc094ea02b06dd3125e2bf994e828b74f7f4777894612ea0641
final_result,expected/module7_withdrawn.csv,2854,b99cc40ef33ce50f7d27dc6d75300c2ab1a838d6b8c5d9e51a9b42045b6666f6
final_result,expected/nested_loo.csv,1250,334b0bf06eac083dbbb4866f24d914f6a21341ec888bab00e83fbead32b0793d
final_result,expected/node_feature_characterization.csv,2604,82cbc91c15b2584c0fe8be70d9aea23be35cc5dc9f849e8c66cbb38a74baf2dc
final_result,expected/notebook1_reproduce_i2v/benchmark/benchmark_per_seed.csv,279,1d65c4877cda8a7b9f6508a6857815e0ac97ac82cd0bf959d0b46e3add3c677d
final_result,expected/notebook1_reproduce_i2v/benchmark/table1_nodeclass_weighted_f1.csv,43,fa6d6ad2587aae1ad4f3cad06a13ba56d6e4f63cca330616e8dc0e42ea0faf81
final_result,expected/notebook1_reproduce_i2v/benchmark/table2_linkpred_auc_cosine.csv,43,067b99d06917f5256ff94ff4e17784a6cc540e5e5bd654574c244f22c2ddc263
final_result,expected/notebook1_reproduce_i2v/cora/cora_orig_linkpred_table.csv,143,adfc27e36e20117171887a903e8c6f3d5815b1133eb2369a4cc1455365cbd6a3
final_result,expected/notebook1_reproduce_i2v/cora/cora_orig_nodeclass_table.csv,324,19275124dc3de9d3657de15b419bc06c1c0991e61c512d5ad499ab367604e775
final_result,expected/notebook1_reproduce_i2v/cora/cora_orig_per_seed.csv,279,1d65c4877cda8a7b9f6508a6857815e0ac97ac82cd0bf959d0b46e3add3c677d
final_result,expected/notebook1_reproduce_i2v/cora/cora_orig_summary.csv,262,9717e768172bc444481e67dbb2bc830a3bb51cb3bbf41a644ae4da426fcfc552
final_result,expected/ogb_selection.json,446,e6faec0aa04fe3cedc48f80c72bec0e57b0ef034f8f771f8577639bde3c15919
final_result,expected/paired_degree_cells.csv,6316,42c968dd833a9100c588e540ba3b6992f25898852ab6ad7cb66fb8074f1ffddd
final_result,expected/paired_degree_heldout.csv,26141,9a1425be7d876043a617f5fb194be16be5169547c59928b2a9bdde4ca2a199b2
final_result,expected/paired_degree_psi_contrast.csv,3503,a99ab9675fa418d57a46a5a7d51cf6347008a1932f7d78e5462d326dab813511
final_result,expected/paired_degree_rules.csv,3974,2e97babc5f3b07b85f6d720107561db04bd886d571988d8086f31dc36a89d1cd
final_result,expected/paired_degree_validation_prereg.csv,22623,1460d5453c9a9f9304692adfacd6664c72b54b63c83b0ffa16af588737d02e0f
final_result,expected/paired_psi_cascade.csv,1258,93fda210cd93dd21b551d8de2aa5d333341728932df6b12f1f02ee49f3142667
final_result,expected/paired_psi_cells.csv,8632,a2cac2b27075a0ef6c986b97434f2b35b193ce702ea67320cb0cd59ab7ea93c9
final_result,expected/paired_psi_heldout.csv,112979,38776435297358ff84e42c3bb2a070cb78ff57ce8f30ff0156f24ca679799a2e
final_result,expected/paired_psi_residual.csv,2379,eac73172c148cd559fe53aa2141fbf2bc9d0241a6b5ae74fe77e097296acd1d8
final_result,expected/paired_psi_rules.csv,9499,a3e9d1baad95b5074b4f0931b9b143d789a041a2d5bd4e16f004bbe1a6d789d8
final_result,expected/psi_cascade.csv,1268,d759d1b5ffca8631b39bb900a47f0c35a75653f39f6f196ad6973a3cfcee64c1
final_result,expected/psi_cells.csv,8715,054e1d8c5127e68f7d1642ccf08e97cdc73c21ee5c22e11f2e716b2c4e18fa09
final_result,expected/psi_clamp.csv,468,c52494c94450023ab114862de77dc7f54122ab1ffcb209dd4f90625ff2961146
final_result,expected/psi_clamp_2026-09-08.csv,1624,dbf2fd5e5e9240f0d3ec5a6367ae8ef1e3a3fce7a0e2ea33f5729b9f70a2d9e7
final_result,expected/psi_clamp_paired.csv,333,41d38a3fce7f069fcb4d37430af50bc7028ba6963fd217d296432d587a141420
final_result,expected/psi_clamp_train_s42.csv,1619,f783282fc2f1bfddfcf07d9c381cae6fedcad376c2898a0104d8ed0838d1e805
final_result,expected/psi_fix.csv,1113,16dc3c7af04e7b6ef0468a1fe5240948110a16bedbb74ad468e7a0a43bc73450
final_result,expected/psi_heldout.csv,108405,6e9676e39be2d2bb9ce2dd5b0ba94f02af9efee06eb8a3bd186294cb13602fd4
final_result,expected/psi_omega.csv,1118,167110f3abd5acb517aa2cbb66391c0a637e80eb7e303a56b986e2aafa6f92a5
final_result,expected/psi_omega_paired.csv,2176,0c73ce62242f6a87939055ec6821ef9ed5f352624ab44bd5a47d422f00dd0b55
final_result,expected/psi_refinement.csv,2449,872e541ce98955abc89ac2661207914a3277564b2ea370a2c292623ff73c6f02
final_result,expected/psi_refinement_rules.csv,619,72471f225cdf8d1e6da8e422af7a31eb920820f8e9e80e5acada54a2fbccdf7b
final_result,expected/psi_residual.csv,1564,9d5139095710dbb56741bf946678609e2fba7dca99d15ac8772d8803dc65f400
final_result,expected/psi_rules.csv,9584,8a74ee4029614d782a2ac44ee7a894e46763d14178a455ee2ef863e7e5338387
final_result,expected/psi_three_arm_panel.csv,1077,e2ca4dd61e164a3b979ff102edb6204670894edb359b911e50ccc888343dbd9e
final_result,expected/psi_vs_rivals.csv,1521,de21994f939c27218596ee9625bfb1be117d619b87a278ca7f0c8f079f3c8eec
final_result,expected/role_overlap.csv,3911,3304b85987a677be33cb8f281fb89859f3775325e802f23a30405e132a6f3ffb
final_result,expected/role_probe.csv,4735,d53a79a29ab0bebefe7083f49d2dcb22d950cbd233a8d5c21838109b808f72cc
final_result,expected/role_probe_calls.csv,2708,78705087669e5a6a4cdc1f24b39159e4248eeadd0db9833f1ba890694f17d588
final_result,expected/scoreboard.csv,136706,432d141634405c79951d5ae378463117438b6f3bf99051ced8c4cd3f6a6e1ebd
final_result,expected/scoreboard.csv.bak,140796,4d94045392c14277d84594d700e60ed4fb2883bcbde603df19037821d2afaf03
final_result,expected/scoreboard_3seed.csv,60287,eb499bf01c529d504c4cee1caaeacb095c86f828de0f2e0be5616b9e03151661
final_result,expected/snapshots/actor_encoder_comparison_K10_edge.csv,185,ea75ee6ab659e6e7dce778e0e026f6730682f5c6a6048b7bc57caa9e3ac67c89
final_result,expected/snapshots/actor_feature_ablation_K10.csv,1580,971f59378d6e071b86cfe6471d5fa3c48dbd0842d7bee59ff15f89419f43be4d
final_result,expected/snapshots/actor_variant_comparison_K10.csv,699,ef3c99028ff81e9dbad78a89cc6ca3000013f66112022ab934acfe7e4a816b2f
final_result,expected/snapshots/amazon_photo_variant_comparison_K10.csv,701,5a4e46f50e98ac0818af173fd2e26c30869013f73944525f08b3e87cbe6dc122
final_result,expected/snapshots/amazon_ratings_variant_comparison_K10.csv,699,0e07caf073b8ec0d6fcb5ff7d171142e76e000746ceb1c72ad3f9543d8bf0654
final_result,expected/snapshots/citeseer_linqs_encoder_comparison_K10_edge.csv,185,e9662fc0fcec62efdf3679d200294c166c9da165daaebbcd830d90ff58293790
final_result,expected/snapshots/citeseer_linqs_feature_ablation_K10.csv,1578,66cb97a95f8d4d15e15ed51b3eb54a3c04fe98bd30416c38d2eb1db655b1e49a
final_result,expected/snapshots/citeseer_linqs_variant_comparison_K10.csv,700,f6afc5f4d6f0b72c67079145bb88f88d69e530f5677bd85abf5c5f10503de31e
final_result,expected/snapshots/cora_encoder_comparison_K10_edge.csv,188,ac44e0f9cfbf0f8e9aaa841895aee5b49ee01a551eafeb2f2c3fc42e7313b08a
final_result,expected/snapshots/cora_feature_ablation_K10.csv,1242,b9eef63b33dc2086a42d47ce61c9d49c57f83dcbf73f8f79cbdc8a85e71699d6
final_result,expected/snapshots/cora_variant_comparison_K10.csv,694,5fa6fcbaba15febdbe6d9b0e88e5c24e46651f4d6aa41e253f5c2f4e516b9e32
final_result,expected/snapshots/enzymes_encoder_comparison_K10_edge.csv,189,f025ca75ec64df91863771e941173ef0a2545a54ba792c63a8451e6c306a1925
final_result,expected/snapshots/enzymes_feature_ablation_K10.csv,1245,175f807405d5d0f7ad637708ee414dae02814507a666fa050cbee281847fedfd
final_result,expected/snapshots/enzymes_variant_comparison_K10.csv,503,28b10fff450f42d05aca770e85ac832b26f862ff8a6473c4f6901432c37e1609
final_result,expected/snapshots/ogbl_ddi_decoder_prenegfix_2026-07-23.csv,4040,014a13684bc6c4289195533df61ebf962c386153e28a516ec7ac096129e7d955
final_result,expected/snapshots/proteins_encoder_comparison_K10_edge.csv,190,a7afeec2441a560a417d6977104ce8968a262fb62df1ea7a94dd8d4fd95654c4
final_result,expected/snapshots/proteins_feature_ablation_K10.csv,1248,92a693e922d427b04cc3c6b33909652b6b59c6744380c8132819b6aa01380956
final_result,expected/snapshots/proteins_variant_comparison_K10.csv,500,64298d9d1d638e9fd024b2481eddcbf395498d69e5ae5fb16c10449306be4b1a
final_result,expected/snapshots/pubmed_variant_comparison_K10.csv,697,7aa2048c02875daf0657db40fb2c5754388c10e8cfb7a547e3e0613fc11ff543
final_result,expected/snapshots/questions_variant_comparison_K10.csv,709,789f70334c115c11011d98c28306df252a6c5560ca1fcfe9643e9bc26ba1d5d0
final_result,expected/snapshots/roman_empire_variant_comparison_K10.csv,705,9079134a419e12b30331b5f4d0e8e8be6eb1591e3b61abd16258d6c88cf5c7f2
final_result,expected/snapshots/squirrel_filtered_variant_comparison_K10.csv,695,3adefc53091a71c1bb37797bde6c587d1db46261d26fb045943686174dfbb79e
final_result,expected/snapshots/tolokers_variant_comparison_K10.csv,702,4f0d766abb32d206c5104ce2c2c3773a5a9576a557f92770018fd3909573c115
final_result,expected/stage1_pair_cells.csv,4978,0b6a905aef96d125d04057a44b478fdeb23d5ee278669d8e8ef740309fad1f14
final_result,expected/stage1_pair_collinearity.csv,4009,d80774dcb360cd5d7c106a56e1095abe934da760da5811a1b3a8a776ecfacded
final_result,expected/stage1_pair_compound.csv,2035,32b0f84b0d919236662a2194acd84973a38e331f9ebc33baeea68a41e911711f
final_result,expected/stage1_pair_heldout.csv,2819,7f2c53fc57c46f225d802439f37cca1cd16f0f46f3d6be26a9ff3f19de6e4364
final_result,expected/stage1_pair_heldout_cells.csv,2596,a5ca765766f91f8a3427e2ae30f8d08a37248b81e70c7451bd9fe2e3df18cc55
final_result,expected/stage1_pair_rules.csv,7552,3f42faa59900ac1c45fe4f327f7e6ec0cc83e5b25ed516cbbf3ad3817288a739
final_result,expected/stage1_pair_two_condition.csv,14409,d8ddb8c2082b921d2a3053f81f808e90cb8818e8c2641b1cd21c541c98be1084
final_result,expected/strategy_patterns.csv,26826,21bac8b99fd7ae49effd0ccf1371fc35974aad0b4080dc71e743ae5db280d4fe
final_result,expected/strategy_winners.csv,3154,9f924e04ddbc191d64226ff510ced4683bb865a5ab6d1897125d3de0b8f52bec
final_result,expected/superseded_2026-07-18/graph_health.csv,4652,76063e8ed807c062a100aa0578c5450f5c2ee8ca32020a02fb2bb22d18cbd1d8
final_result,expected/superseded_2026-07-18/scoreboard.csv,9921,849ebcd81dd9c11570dc5d73d086452f7e5228644201bf2ebb5b5205ee8f2394
final_result,expected/superseded_2026-07-18/snapshots/cora_encoder_comparison_K10_edge.csv,190,25ed12d78b8b45e9992c58ec7a7bd8b033325600839045ec37db9c3658d2645b
final_result,expected/superseded_2026-07-18/snapshots/cora_variant_comparison_K10.csv,302,b99e3cb98b5d3898537c92c5478f3d05663af3b1d97f8f229fbfdf47c642b957
final_result,expected/superseded_2026-07-18/snapshots/cora_variant_comparison_K5-10-20.csv,1403,1fd45194ef5e8dfcb1af7c06308cbfb9ae50fbdc9967fa5aedd433448ec5246d
final_result,expected/superseded_2026-07-18/snapshots/enzymes_encoder_comparison_K10.csv,174,e02dfb328a4ad4451eb1420bdff19090a1a51a2ebf4a61dd8d9077c5d49d0c44
final_result,expected/superseded_2026-07-18/snapshots/enzymes_encoder_comparison_K10_edge.csv,189,842555255e97f46759b16f8c37d88f67748b452798d1e28db3fbb169b7839048
final_result,expected/superseded_2026-07-18/snapshots/enzymes_encoder_comparison_K10_edge_max.csv,201,b6bbd17318cafbadbba8ace4dc84668e7e2fe3dc23dc41dbdffc50a85d4230e5
final_result,expected/superseded_2026-07-18/snapshots/enzymes_encoder_comparison_K10_edge_sum.csv,192,404e27c7d1cfe15471f1c8d1c09fc07561cb82195d1b4268fa5216f9dc08aaee
final_result,expected/superseded_2026-07-18/snapshots/enzymes_encoder_comparison_K10_edge_weighted.csv,216,c836c90f5e452b9e0e3969cc36c69d76d05beb576f0889051bb87aebd719de1d
final_result,expected/superseded_2026-07-18/snapshots/enzymes_feature_ablation_K10.csv,1239,c36b92b8b994077e34da0d5043c6d8a72ee730e3f3cb796428af08730b8f0eae
final_result,expected/superseded_2026-07-18/snapshots/enzymes_sage_spine_K10.csv,93,5d8371867dbc3ebaa0f099d782e78944ae58796cd674b83b9b6361b8ee9f16b6
final_result,expected/superseded_2026-07-18/snapshots/enzymes_variant_comparison_K10.csv,491,017879aa62490731e16f23c5a733d5d43ae699b68cc9f4dbe305b2c7f185d1a0
final_result,expected/superseded_2026-07-18/table2_linkpred_auc_ORPHANED_by_scorer_rename.csv,43,067b99d06917f5256ff94ff4e17784a6cc540e5e5bd654574c244f22c2ddc263
final_result,expected/vg_characterization.csv,4404,8ded0a89fe065c70d2669a756ea37b732c93db31e155a38ad95e59bb07e4734b
final_result,expected/winner_stability.csv,865,ac75d7389753b3e4b79ddadb6c0bc5ab3b75586f0b01d8f580c3217c79ed80ee
