kind,file,bytes,sha256
large,output/cora_lp.emb,1802383,3a04d83a16fa3f9c6508bd87afe0c127fea176fa2d2a1ab00ce18f66281f8c84
large,output/degree_features.log,9432,b5d838e4f01e98c2064c1ac7aa23447c709b3e430d7ff62139c2d7fb2410ef35
large,output/notebook1_reproduce_i2v/citeseer/link_prediction/i2v_s42.emb,1538625,8858f687ba0b8bc70af05cb058331f81cec59b581ee6e1674c2ed8b1f7d18815
large,output/notebook1_reproduce_i2v/cora/link_prediction/i2v_s42.emb,1825539,5a1d85b3439ffad30198d47f98e71731dfff8ce9a12a15ee86687e14f81f27bd
large,output/notebook1_reproduce_i2v/cora/node_classification/i2v_s42.emb,1977664,f344ea700d5ee0b3cbaa6ab405ea0e4b9aa53f7c9a39f0d2705327e7f260f146
large,output/notebook2_create_vir_graph/link_prediction/actor/k10/centrality/deepwalk_s42.emb,5484905,331799d321f9ec8ce0003410e69c9714eb4e70f3411ffc53812ec835d107f7a4
large,output/notebook2_create_vir_graph/link_prediction/actor/k10/centrality/deepwalk_s43.emb,5491419,55c626d1d36ab9185efc1fc1675d6d7ee4997567170844e832e397a0785fafa8
large,output/notebook2_create_vir_graph/link_prediction/actor/k10/centrality/deepwalk_s44.emb,5476952,10fec94ad94a67c45c7148a87ff3094f035fd81d47ccde74cfec6a897fadf017
large,output/notebook2_create_vir_graph/link_prediction/actor/k10/degree/deepwalk_s42.emb,5518546,91111ed6cbd23180339ae6f5caf639109ea2a136a0f84c36ca0ae6a0bc694039
large,output/notebook2_create_vir_graph/link_prediction/actor/k10/degree/deepwalk_s43.emb,5552270,5930ea4cbbc5cca6038f03175df3c4195a716d10d49d169d278aa025f7398c92
large,output/notebook2_create_vir_graph/link_prediction/actor/k10/degree/deepwalk_s44.emb,5547646,5d34d42143965f6c5ce7e64a5f7c90a23e5373a3d22491b7ce9f41c54c7b3b45
large,output/notebook2_create_vir_graph/link_prediction/actor/k10/hybrid/deepwalk_s42.emb,5525113,79e0bc8ce45c9cb70dab5860f4d34c5d4e4e30cc77e81f26deb60ab48e8358ae
large,output/notebook2_create_vir_graph/link_prediction/actor/k10/hybrid/deepwalk_s43.emb,5530852,ea3c485a35859659953359807fd3827e82e59ab99ef3f9a4537c15fb9c39f4f5
large,output/notebook2_create_vir_graph/link_prediction/actor/k10/hybrid/deepwalk_s44.emb,5519152,4ac3bb33f12f5c7b9a08b040425573a472ec5f69b2c99e4d7638222475fdb8db
large,output/notebook2_create_vir_graph/link_prediction/actor/k10/hybrid_centrality/deepwalk_s42.emb,5519501,ed7284381b97c37af26a908810c9123dd6ae8d30c917990fce0d633f8b9f5de2
large,output/notebook2_create_vir_graph/link_prediction/actor/k10/hybrid_centrality/deepwalk_s43.emb,5538944,d40f4189e6a6fbb364bca7481df7b3777d3cab6276f3e6d6876991c24fd781f9
large,output/notebook2_create_vir_graph/link_prediction/actor/k10/hybrid_centrality/deepwalk_s44.emb,5528852,b55b60d3c9a16a34efde41a6b991295d490782d6c02ca06eb8ce527441cddf0e
large,output/notebook2_create_vir_graph/link_prediction/actor/k10/hybrid_degree/deepwalk_s42.emb,5588357,c5491eeba2799fae9f563051da2184b59eb9fddd0e1a49ae7768c7ee7bca3bae
large,output/notebook2_create_vir_graph/link_prediction/actor/k10/hybrid_degree/deepwalk_s43.emb,5599558,926b2b8bb3610ba5a94654a497e38febdccfe468c500d3f1f5cd11d12b683a2a
large,output/notebook2_create_vir_graph/link_prediction/actor/k10/hybrid_degree/deepwalk_s44.emb,5599638,b603ede0312d462a605a2c780cc62b2e91d324290a7b7e7a3d9c3052a736e389
large,output/notebook2_create_vir_graph/link_prediction/actor/k10/original/deepwalk_s42.emb,5547375,d0efc830c14d45628685b980bc1d31020280e968e128a068c5bd0f27efe4e803
large,output/notebook2_create_vir_graph/link_prediction/actor/k10/original/deepwalk_s43.emb,5523052,d95db60f9f61bc4c88f4acf1064d8ad6b5c8d118e27b40ad428223638805eea5
large,output/notebook2_create_vir_graph/link_prediction/actor/k10/original/deepwalk_s44.emb,5544012,000fbdfb8077509ea7ef53e25016d6602fadb600caf8c6fdb712848a01405b33
large,output/notebook2_create_vir_graph/link_prediction/actor/k10/psi/deepwalk_s42.emb,5479129,c0c859806cf343e5a7ad5b4d5c7a482417831c20b97bd2761d7a266644d69223
large,output/notebook2_create_vir_graph/link_prediction/actor/k10/psi/deepwalk_s43.emb,5477923,f2834e449fc45cc666fc73e965165d5b50585185ae8cf3dbd0021b70a4c7c0db
large,output/notebook2_create_vir_graph/link_prediction/actor/k10/psi/deepwalk_s44.emb,5480975,5775322746c3a42edb6e528b7ef729a0c7f6f9a41e24be8764d5033151750181
large,output/notebook2_create_vir_graph/link_prediction/amazon_photo/k10/centrality/deepwalk_s42.emb,5426342,328e0ff3725d533f8e72be2b1e08fb99238cbcae6726c34f88eb637db712c474
large,output/notebook2_create_vir_graph/link_prediction/amazon_photo/k10/centrality/deepwalk_s43.emb,5416181,d511bfbc310e52e274f6e4c1e7269f838c48be52c7e365e41393244dbb79491c
large,output/notebook2_create_vir_graph/link_prediction/amazon_photo/k10/centrality/deepwalk_s44.emb,5413542,d17dcb218077b5bd44797aada5ed92416d88e18cebba4cac3729e4df9e2ff166
large,output/notebook2_create_vir_graph/link_prediction/amazon_photo/k10/degree/deepwalk_s42.emb,5453853,fc232797a1b1fe6258a04c1ed7d56c8bceb69920097ee44140725a077ddf15de
large,output/notebook2_create_vir_graph/link_prediction/amazon_photo/k10/degree/deepwalk_s43.emb,5481800,e64e92dfe6e483e9041d3b893c8aed664c82f46327d1b8eb13b963b82c9f3145
large,output/notebook2_create_vir_graph/link_prediction/amazon_photo/k10/degree/deepwalk_s44.emb,5450435,b6a69330bc9e90665e49829b66bd6c5f4b024d153182312b7c6f14df43c704b1
large,output/notebook2_create_vir_graph/link_prediction/amazon_photo/k10/hybrid/deepwalk_s42.emb,5523109,264bf78e6bb26e76ead187bbb4d3db6de5c804a0fb5b5ecc5313393eb8a92d1a
large,output/notebook2_create_vir_graph/link_prediction/amazon_photo/k10/hybrid/deepwalk_s43.emb,5517457,db811f61edf65922bc25bcdea1aac4b12db2b59e5364ea8f734732c1c8dc300d
large,output/notebook2_create_vir_graph/link_prediction/amazon_photo/k10/hybrid/deepwalk_s44.emb,5515878,66fe6e2adab026162e127117626e656331222f2922687615a50101dc87265715
large,output/notebook2_create_vir_graph/link_prediction/amazon_photo/k10/hybrid_centrality/deepwalk_s42.emb,5514691,806b9cbc603fd7ea54f65e8cfa36671fcb3febd751fe10442a62f10a2e7ada64
large,output/notebook2_create_vir_graph/link_prediction/amazon_photo/k10/hybrid_centrality/deepwalk_s43.emb,5509582,c9ac1a3db15a25101e73bb8500683b2a81f317f886b6f6509c9381865ba31fed
large,output/notebook2_create_vir_graph/link_prediction/amazon_photo/k10/hybrid_centrality/deepwalk_s44.emb,5512818,0aab4a94e6850a7bd6b4597f04c4d584d3b5bbd437868484301282b50fe944c8
large,output/notebook2_create_vir_graph/link_prediction/amazon_photo/k10/hybrid_degree/deepwalk_s42.emb,5528553,6dee88eb5fead8b0adc60aa1c0b9f3bc6615819bfaac1ded9469f8a6b9dd2a64
large,output/notebook2_create_vir_graph/link_prediction/amazon_photo/k10/hybrid_degree/deepwalk_s43.emb,5529417,f18cffffcd489f96a8d290454117752d35635b9cdcba4cad5f941b51691eb689
large,output/notebook2_create_vir_graph/link_prediction/amazon_photo/k10/hybrid_degree/deepwalk_s44.emb,5524714,4b3cf696af9f8242c0d272e3abb72e701b319fbe2344e74e1011590493055aa3
large,output/notebook2_create_vir_graph/link_prediction/amazon_photo/k10/original/deepwalk_s42.emb,5483516,1687de64d9954aab7d07c2ed8a03869bf8b92f6bf853f79a9f86283515ab01fe
large,output/notebook2_create_vir_graph/link_prediction/amazon_photo/k10/original/deepwalk_s43.emb,5496157,21af67db794e5e677ac2277ccc99b666e9dca173d91c0173991b83553e445383
large,output/notebook2_create_vir_graph/link_prediction/amazon_photo/k10/original/deepwalk_s44.emb,5492946,60aa1618d42b13d966fc84de5e9c82b564549dac920c6d0190d7d6f3d39ce027
large,output/notebook2_create_vir_graph/link_prediction/amazon_photo/k10/psi/deepwalk_s42.emb,5433083,ab911213bd3792c2452c907d0ad895019b5bb991b4f417fd5eda7be79b22447c
large,output/notebook2_create_vir_graph/link_prediction/amazon_photo/k10/psi/deepwalk_s43.emb,5438523,06d53a18a3abb00a4d6c9a87f98e98d6252a4b610f609b18442dd884512e7c74
large,output/notebook2_create_vir_graph/link_prediction/amazon_photo/k10/psi/deepwalk_s44.emb,5420667,adcc694c663801cbf7047c0c6a64f6744e78cab632ff6be9eca1127850ba7ed8
large,output/notebook2_create_vir_graph/link_prediction/amazon_ratings/k10/centrality/deepwalk_s42.emb,17880606,bd3c19abd919f11c0e445ab9457de415e4be6f36724e3794762db2b2e0392bb0
large,output/notebook2_create_vir_graph/link_prediction/amazon_ratings/k10/centrality/deepwalk_s43.emb,17805579,be40022870e311bc07027d9e0b73c66fa0a6db77ce298d3671ab7efdba0f31fe
large,output/notebook2_create_vir_graph/link_prediction/amazon_ratings/k10/centrality/deepwalk_s44.emb,17706453,45dd6dfddedfb8459db38e30152dc00c05772dcaa8dd80eb85a7df6ecbc612a9
large,output/notebook2_create_vir_graph/link_prediction/amazon_ratings/k10/degree/deepwalk_s42.emb,17874088,a4ff1ad761456832b210bc97aca364d5428c5370b21393b429739d42ac72bf1a
large,output/notebook2_create_vir_graph/link_prediction/amazon_ratings/k10/degree/deepwalk_s43.emb,17901706,1b3dbd641a9aabe85cadbf1c6e648c43e56c12447381bcd726e7efbab3dd00f5
large,output/notebook2_create_vir_graph/link_prediction/amazon_ratings/k10/degree/deepwalk_s44.emb,17807993,3c15375887b7e28a27f7114534c666cd47996f7bad235436297a6ed5366150f4
large,output/notebook2_create_vir_graph/link_prediction/amazon_ratings/k10/hybrid/deepwalk_s42.emb,17837651,6803f0eba4299b75567d80aa564c48d9bc18f3b07175fe9b3b0295c344564e0d
large,output/notebook2_create_vir_graph/link_prediction/amazon_ratings/k10/hybrid/deepwalk_s43.emb,17783541,7d3ecfff2c224ed9a9b5cafed5b6cde1b61f1e0726969309b2900469450b269f
large,output/notebook2_create_vir_graph/link_prediction/amazon_ratings/k10/hybrid/deepwalk_s44.emb,17731140,fc87b2053f6473a5d24fd74fa0a24226ab3d4eb3c69110f4788a75f0de19208d
large,output/notebook2_create_vir_graph/link_prediction/amazon_ratings/k10/hybrid_centrality/deepwalk_s42.emb,17854145,4d21e328f09e58de231c391cfb80bcd15d326d72b5b7024c62d54e541c3cdb82
large,output/notebook2_create_vir_graph/link_prediction/amazon_ratings/k10/hybrid_centrality/deepwalk_s43.emb,17826882,315844168277688edf4abfdd33267665a21a21156c8a5a70b9504be08709df35
large,output/notebook2_create_vir_graph/link_prediction/amazon_ratings/k10/hybrid_centrality/deepwalk_s44.emb,17833690,8a454eb2cca350c25189848b3e2e40f20a140e0a3b4b4fbdb4e53b59a6b59dd8
large,output/notebook2_create_vir_graph/link_prediction/amazon_ratings/k10/hybrid_degree/deepwalk_s42.emb,18102656,73106572c1094453c89190060a6a0601079ae7f1ae9922259d0bba7d5b9e091e
large,output/notebook2_create_vir_graph/link_prediction/amazon_ratings/k10/hybrid_degree/deepwalk_s43.emb,17950657,0b7b71b26483e183cb90d3a562714af4b62973524d8aca91dbc98b619bdf27e9
large,output/notebook2_create_vir_graph/link_prediction/amazon_ratings/k10/hybrid_degree/deepwalk_s44.emb,17978419,583b37ccab843d254100fe4d161c13a1b5edaa30f159b7e035419447a6132488
large,output/notebook2_create_vir_graph/link_prediction/amazon_ratings/k10/original/deepwalk_s42.emb,17688176,adf24de3aaf4be0a9008edf8a029e06322546a76b67166ab053623d4d5bef20f
large,output/notebook2_create_vir_graph/link_prediction/amazon_ratings/k10/original/deepwalk_s43.emb,17602545,f52fc7d3b1f34d3174c32a294a534b368b6bf663233e9a87221bd1ba575e422b
large,output/notebook2_create_vir_graph/link_prediction/amazon_ratings/k10/original/deepwalk_s44.emb,17681871,36380d266d79798e9f3e2660f5df8fa66d35b41419eda98cc2648846f087b3e3
large,output/notebook2_create_vir_graph/link_prediction/amazon_ratings/k10/psi/deepwalk_s42.emb,17648857,0c8df0e8967a97a549b3a63d994b320dbaae680d31c6ef0bbb169a8f29b806fe
large,output/notebook2_create_vir_graph/link_prediction/amazon_ratings/k10/psi/deepwalk_s43.emb,17655987,8cb57806926174d5e2c3e1d78e14368ee6c7c3e7cfa3cca8f1bec347a7a009cd
large,output/notebook2_create_vir_graph/link_prediction/amazon_ratings/k10/psi/deepwalk_s44.emb,17584526,e99f7625b1a5d341b8b42b396e0a121c52d1948ba44d3651abb72574d887dd3c
large,output/notebook2_create_vir_graph/link_prediction/chameleon/k10/centrality/deepwalk_s42.emb,1645725,92226c5be75c46ee0b41ce6aeb9fd06ab5e2951f716760084e08ced773a3276b
large,output/notebook2_create_vir_graph/link_prediction/chameleon/k10/centrality/deepwalk_s43.emb,1645060,04652dd6b7507b4df116fee4a25155662aa04b1697bc329f52272fb2a4d09d4d
large,output/notebook2_create_vir_graph/link_prediction/chameleon/k10/centrality/deepwalk_s44.emb,1649373,021ecd7ebbc6e5981fd0bede45d629bb607e70483671fb859eb4a22601207e3c
large,output/notebook2_create_vir_graph/link_prediction/chameleon/k10/degree/deepwalk_s42.emb,1648419,f8012139c10fdaf2d33bcaa0743d9233c90b144500307fec43dc383f8106865e
large,output/notebook2_create_vir_graph/link_prediction/chameleon/k10/degree/deepwalk_s43.emb,1646935,8a849de3029c11866ee51eff6e6762f531105b796e78933cc4fc79553ed75486
large,output/notebook2_create_vir_graph/link_prediction/chameleon/k10/degree/deepwalk_s44.emb,1655307,e9bf9520c871472af9bfb828887c4dadca473e8e2c47f2a0643eec755033824a
large,output/notebook2_create_vir_graph/link_prediction/chameleon/k10/hybrid/deepwalk_s42.emb,1667913,2e7dc1dbaefa50dab6d1f0a04c1f216a438f8ccef503e85fb4ef27f12ed1ec0d
large,output/notebook2_create_vir_graph/link_prediction/chameleon/k10/hybrid/deepwalk_s43.emb,1659780,7585dbb91d77439bc2070a32012c424b6cd316070e3dc823abf2bb76bc727e11
large,output/notebook2_create_vir_graph/link_prediction/chameleon/k10/hybrid/deepwalk_s44.emb,1671281,d0fd61c2f9b0485647d8277ce9dfd23a009c32cb4f1c1572cc4068cad4f0a0c8
large,output/notebook2_create_vir_graph/link_prediction/chameleon/k10/hybrid_centrality/deepwalk_s42.emb,1661107,2e84e1566a966690a6227e1a99904301b2edbb155b7f3d13d269b8dbcf165902
large,output/notebook2_create_vir_graph/link_prediction/chameleon/k10/hybrid_centrality/deepwalk_s43.emb,1657617,8295630bc79afc2a83673e8716f6d1a1cabc1d9eeb6d91a5510fc85af6abffa5
large,output/notebook2_create_vir_graph/link_prediction/chameleon/k10/hybrid_centrality/deepwalk_s44.emb,1667292,aa26d3596916a14bb5a73704b247875916e76dac8a4c84003337b5c0e8cc1ad1
large,output/notebook2_create_vir_graph/link_prediction/chameleon/k10/hybrid_degree/deepwalk_s42.emb,1676689,e4d69432801e23c644e72cc91cc5be2c32ca2da49533d7ae6a8f61d5340b3012
large,output/notebook2_create_vir_graph/link_prediction/chameleon/k10/hybrid_degree/deepwalk_s43.emb,1667808,03b0aa87e2901b63a71b0ed51e6dbf2f8b81faccb8e7d77b9e0bbb91d11297cc
large,output/notebook2_create_vir_graph/link_prediction/chameleon/k10/hybrid_degree/deepwalk_s44.emb,1669286,c4d4e21a06f5e06f5a4a3f3b59f2ad0c4c19657a2852056cd5b6c0f2d43b5269
large,output/notebook2_create_vir_graph/link_prediction/chameleon/k10/original/deepwalk_s42.emb,1663483,63b3ef9ec47d6dd95401018c46d477b89e56183c91060b3f1ff0a71cc1614189
large,output/notebook2_create_vir_graph/link_prediction/chameleon/k10/original/deepwalk_s43.emb,1659152,b44494dc36498d6e48179af92eed6ca4f15aa5e37fd5ebc47083427e02ad7550
large,output/notebook2_create_vir_graph/link_prediction/chameleon/k10/original/deepwalk_s44.emb,1673294,07c77048514893b74e3fa9b37c9c67d75845eefb4c5f9c99d5d66884049a97c1
large,output/notebook2_create_vir_graph/link_prediction/chameleon/k10/psi/deepwalk_s42.emb,1644306,7824e61593d013a756a289cc05abc2cd220e80266be735deed1b32cf93f59b85
large,output/notebook2_create_vir_graph/link_prediction/chameleon/k10/psi/deepwalk_s43.emb,1640976,e262a44206beffcb703602e4c71682ae49bbb29c4c0314c8547d38f82037ba77
large,output/notebook2_create_vir_graph/link_prediction/chameleon/k10/psi/deepwalk_s44.emb,1642434,5630c31707e7b0dab1fc543e3897c9ec488982f03671658cb17435dc11909bb4
large,output/notebook2_create_vir_graph/link_prediction/citeseer_linqs/k10/centrality/deepwalk_s42.emb,2367969,d9becb4e48cb158b9f21d9b01775d93b789ab62d2877120309aac41dc999117c
large,output/notebook2_create_vir_graph/link_prediction/citeseer_linqs/k10/centrality/deepwalk_s43.emb,2375679,ee31906d9e112814405ff545bbc44a17ce059bbcbcaf464cbe5259bb790a5901
large,output/notebook2_create_vir_graph/link_prediction/citeseer_linqs/k10/centrality/deepwalk_s44.emb,2368451,6073ccb0cfab02ee470b8de97c288672f641761a20d461547c0ace6ae9e3960a
large,output/notebook2_create_vir_graph/link_prediction/citeseer_linqs/k10/degree/deepwalk_s42.emb,2394729,c1e356ba3043102905f197c3a2fc89a4a1e2d6c04d39057b899a188354d9b163
large,output/notebook2_create_vir_graph/link_prediction/citeseer_linqs/k10/degree/deepwalk_s43.emb,2379562,9bad6bdd710fb939187934b7b889b1d9933dfce75e1381297c80fa94b8b28262
large,output/notebook2_create_vir_graph/link_prediction/citeseer_linqs/k10/degree/deepwalk_s44.emb,2383715,91b3cdb5102a57157900eafacc9d6adc51a9665d4530c1a1c7e5fc06755e3a05
large,output/notebook2_create_vir_graph/link_prediction/citeseer_linqs/k10/hybrid/deepwalk_s42.emb,2370941,39c0edc33a102a41560fb17244ed41fbf8c7af4b7e29e1fd41f9aa8b78b88283
large,output/notebook2_create_vir_graph/link_prediction/citeseer_linqs/k10/hybrid/deepwalk_s43.emb,2372087,6f71894eaf1bee061fe6112b0d9ea1e60b376ebe8a65b4d657a07de3b74d16df
large,output/notebook2_create_vir_graph/link_prediction/citeseer_linqs/k10/hybrid/deepwalk_s44.emb,2379722,8bdaef415e64219b02869bccabf33c73f29e94b6d198ac82b87e1e88da946eaf
large,output/notebook2_create_vir_graph/link_prediction/citeseer_linqs/k10/hybrid_centrality/deepwalk_s42.emb,2372244,fca14faf7a7055eb795e7c8034645c4cfc5048dd1e4bfb34380dd8d9b8339a33
large,output/notebook2_create_vir_graph/link_prediction/citeseer_linqs/k10/hybrid_centrality/deepwalk_s43.emb,2369934,07a49ec58cf0ddf2a72af7480b949b34bfcf262c73bd11d076a334bc428c45d9
large,output/notebook2_create_vir_graph/link_prediction/citeseer_linqs/k10/hybrid_centrality/deepwalk_s44.emb,2377848,9a729ba0781890a9abd34e19a762f886d48e18b596e67a0aca0874e17eeb7a2c
large,output/notebook2_create_vir_graph/link_prediction/citeseer_linqs/k10/hybrid_degree/deepwalk_s42.emb,2401778,19f26ad4249a1a42ed6fa489dde96fb1900fa3131fdd040380d13064e7ab3c43
large,output/notebook2_create_vir_graph/link_prediction/citeseer_linqs/k10/hybrid_degree/deepwalk_s43.emb,2407321,8f6d955154c1c1e28932a130d2f556e97fa334062b598677f16032a01dfb5191
large,output/notebook2_create_vir_graph/link_prediction/citeseer_linqs/k10/hybrid_degree/deepwalk_s44.emb,2409839,08deaaf12ebeb2b9cafbbd30a4102cc54a126c1757014b1c86cd61ab61a939a9
large,output/notebook2_create_vir_graph/link_prediction/citeseer_linqs/k10/original/deepwalk_s42.emb,2360278,73784a6d2eab1b70fec4894bb9ba31c813e6817d576c19141c7ae4b2d0d7d2ed
large,output/notebook2_create_vir_graph/link_prediction/citeseer_linqs/k10/original/deepwalk_s43.emb,2351086,3bc545916a75db682327ab4372ad269fcbf266f307cd033fc125f7d720a18e6b
large,output/notebook2_create_vir_graph/link_prediction/citeseer_linqs/k10/original/deepwalk_s44.emb,2350966,1a54df03261bd71b21d0b4334696f245dbb569a6dca0bfc087925d73aae3d16a
large,output/notebook2_create_vir_graph/link_prediction/citeseer_linqs/k10/psi/deepwalk_s42.emb,2370580,b570f4ad9ce966d88916d6e83ec89d40014cf6a454c59d7bd1f686f9c7caf5a1
large,output/notebook2_create_vir_graph/link_prediction/citeseer_linqs/k10/psi/deepwalk_s43.emb,2360298,8d7b6560fc1631973e8936441bd7c249bbaaec236ad3457fed5bfbfe887ed530
large,output/notebook2_create_vir_graph/link_prediction/citeseer_linqs/k10/psi/deepwalk_s44.emb,2359792,f6728d2208e612b5377ea0d62d894813f7b318f5dc38e02ed7a28c92361027e5
large,output/notebook2_create_vir_graph/link_prediction/cora/k10/centrality/deepwalk_s42.emb,1959033,4c9ef6e3bae20cb2788e680f5cea414c2d3fcc993b3e764bc84d9e8c1ad13c56
large,output/notebook2_create_vir_graph/link_prediction/cora/k10/centrality/deepwalk_s43.emb,1950249,68df8d86ac7b94bb8525c8bac8c493ada1e3e0bb23437faa28fe43d00e6644b0
large,output/notebook2_create_vir_graph/link_prediction/cora/k10/centrality/deepwalk_s44.emb,1953812,8ec6728b9eb2b523801a676f1338e0121919c212bbd32572a9ff30a3eaed13d4
large,output/notebook2_create_vir_graph/link_prediction/cora/k10/degree/deepwalk_s42.emb,1970592,63cb69c9779714b1a3b2c540342148a0a19f2fc7ffeebe8c957b090afe27a6ff
large,output/notebook2_create_vir_graph/link_prediction/cora/k10/degree/deepwalk_s43.emb,1973340,8bcccb3c5cfe9f7238735501df2872bd65f47a59e06cd9a8f088df638c726323
large,output/notebook2_create_vir_graph/link_prediction/cora/k10/degree/deepwalk_s44.emb,1979723,3e048c495dcfca0c76d1f450b39882c937fd7af4ffd12e2a6c58c17e941f05f2
large,output/notebook2_create_vir_graph/link_prediction/cora/k10/hybrid/deepwalk_s42.emb,1969934,7a01deb983700c6d4a2e1086fee5a6ac479d0ccd0b14e6b050b4a8da9767e524
large,output/notebook2_create_vir_graph/link_prediction/cora/k10/hybrid/deepwalk_s43.emb,1968078,15e030bcaf63300b73de581346f9317b6a32a7116b2228662c64d678f06f7669
large,output/notebook2_create_vir_graph/link_prediction/cora/k10/hybrid/deepwalk_s44.emb,1969822,42060a75d5e08f7df1970f76376e7fec7e566ee059cacfc45bd298c3bd2ea413
large,output/notebook2_create_vir_graph/link_prediction/cora/k10/hybrid_centrality/deepwalk_s42.emb,1968753,ef3a7bbed55e7c5c3bee2db75e40346748e943cd017f522069e30cf800733697
large,output/notebook2_create_vir_graph/link_prediction/cora/k10/hybrid_centrality/deepwalk_s43.emb,1959511,e3356169857c33a2f82117ac4285621f646fed91109e8bff68e4435dbf7d2ee0
large,output/notebook2_create_vir_graph/link_prediction/cora/k10/hybrid_centrality/deepwalk_s44.emb,1965741,34926a402183c168cf1f39448fdba46f6a690cc4e396f9e12678acb21b207d0f
large,output/notebook2_create_vir_graph/link_prediction/cora/k10/hybrid_degree/deepwalk_s42.emb,1993909,26b79566f12bf3c86a974d43ab851a37894aab47f5ea93ef52f2a7ef5dece1c4
large,output/notebook2_create_vir_graph/link_prediction/cora/k10/hybrid_degree/deepwalk_s43.emb,1991863,4e6f24f6630883278f47f7682ae5f35f0304117df639e131450b418c2908a4d3
large,output/notebook2_create_vir_graph/link_prediction/cora/k10/hybrid_degree/deepwalk_s44.emb,1995834,be07ff819623f4334b47a180870d5fede1d00ca0d0deead64265f532bf110ccf
large,output/notebook2_create_vir_graph/link_prediction/cora/k10/original/deepwalk_s42.emb,1961118,5b86876384c64327033f09d637019ec0e8b37b126ac2c6e99c4c800748a436b2
large,output/notebook2_create_vir_graph/link_prediction/cora/k10/original/deepwalk_s43.emb,1952950,87d5d6a6cfe9afda750d46933a219dc7bd00c879c71dcef3446f5acdbb36bd13
large,output/notebook2_create_vir_graph/link_prediction/cora/k10/original/deepwalk_s44.emb,1965983,7c41673e6be3164b03202230595ab42b24bf963fb8d7295f6a9469ab56df431c
large,output/notebook2_create_vir_graph/link_prediction/cora/k10/psi/deepwalk_s42.emb,1958639,dffc4d57a9a15c33e16912bcb672333cc74b7917bae4bb45db409971559d7ece
large,output/notebook2_create_vir_graph/link_prediction/cora/k10/psi/deepwalk_s43.emb,1953814,f15ac4e9589ed1b658b560f7b7dbc53e4f76b8fe38f7cac9245d9a598d54e126
large,output/notebook2_create_vir_graph/link_prediction/cora/k10/psi/deepwalk_s44.emb,1961568,1f3ad2e32d03c8f501d243c9cc134e82b2e4903c121eeba93ec878dbafd0ed88
large,output/notebook2_create_vir_graph/link_prediction/cornell_webkb/k10/centrality/deepwalk_s42.emb,134022,1f087881f0a2acc838d4a4a6bae0ebf27058a81aa41deedbc0979f9213308cd8
large,output/notebook2_create_vir_graph/link_prediction/cornell_webkb/k10/centrality/deepwalk_s43.emb,133131,a8cf1f99908b8da4c1812acff7b49625450c3746e9a5103d6fab7b52699bf375
large,output/notebook2_create_vir_graph/link_prediction/cornell_webkb/k10/centrality/deepwalk_s44.emb,133056,5364fc0a9c763f21951dd4b683003b603ede033154a1272fd82736305d87b8c8
large,output/notebook2_create_vir_graph/link_prediction/cornell_webkb/k10/degree/deepwalk_s42.emb,134288,e49f1e9de57f6bdf412a81ce437eecf771c119d8f4101867b94338f106dab497
large,output/notebook2_create_vir_graph/link_prediction/cornell_webkb/k10/degree/deepwalk_s43.emb,134449,734dfe6a6de9096926338c303deb435b3205ffc8c98c598a375b829a2c9aac83
large,output/notebook2_create_vir_graph/link_prediction/cornell_webkb/k10/degree/deepwalk_s44.emb,133824,ee747a0a2127f7e24eea219e10d8bdbed1d00a76f63146ca0d1b9dcf81825d93
large,output/notebook2_create_vir_graph/link_prediction/cornell_webkb/k10/hybrid/deepwalk_s42.emb,135674,704dc60e95b8e463c6c1d5e29f711c1ec70f769343476e83c8551f6be14ca210
large,output/notebook2_create_vir_graph/link_prediction/cornell_webkb/k10/hybrid/deepwalk_s43.emb,135553,840410c11e10f4b7cbb3776e88a81076d805534548a8b3186e349aead5cbd464
large,output/notebook2_create_vir_graph/link_prediction/cornell_webkb/k10/hybrid/deepwalk_s44.emb,135364,9e6184980f9c0f4159191680e5d27c6d285c63814f4d91cb0d74aa87fc9c6f00
large,output/notebook2_create_vir_graph/link_prediction/cornell_webkb/k10/hybrid_centrality/deepwalk_s42.emb,135521,551fe04681aded01274a4172b3c3a5273b180e6bdf56b6f8d0bd4ac83fed6a3c
large,output/notebook2_create_vir_graph/link_prediction/cornell_webkb/k10/hybrid_centrality/deepwalk_s43.emb,134555,fcf4edbc8584fa89e29118874728ed8c2c32fddab921d68f813cf8c8aafc4b0f
large,output/notebook2_create_vir_graph/link_prediction/cornell_webkb/k10/hybrid_centrality/deepwalk_s44.emb,134500,cddd5e7f2d7d05b95d49edbb2da7eb45e2f1091103e6a66b4d7005bf7646ce23
large,output/notebook2_create_vir_graph/link_prediction/cornell_webkb/k10/hybrid_degree/deepwalk_s42.emb,137216,7ecbe44945ce55333e17357710f3000d4a6bc2f827f1f2cf6ce65f06d622c0a9
large,output/notebook2_create_vir_graph/link_prediction/cornell_webkb/k10/hybrid_degree/deepwalk_s43.emb,136413,b2f5c700e5010185197728a73ee47aa8a3bb91709f359e0602bee12ac54b73eb
large,output/notebook2_create_vir_graph/link_prediction/cornell_webkb/k10/hybrid_degree/deepwalk_s44.emb,135851,598f9bb1516b9bf447a1e03cc9bd255469c997c651eb2a227cbfbf33f2f65a64
large,output/notebook2_create_vir_graph/link_prediction/cornell_webkb/k10/original/deepwalk_s42.emb,135338,98dff8c524fef1957e31c74aa6a1cbb298f972d400f18ac18225b6325d04fc42
large,output/notebook2_create_vir_graph/link_prediction/cornell_webkb/k10/original/deepwalk_s43.emb,134446,a889abb10dff8ff8b1ea228b5868f0970738d4a227a3ebf35a24f6459f137f56
large,output/notebook2_create_vir_graph/link_prediction/cornell_webkb/k10/original/deepwalk_s44.emb,134412,1c7bade1ed3a4e2844ab1c46028d59c49ed49f13262c264591982f638adb397d
large,output/notebook2_create_vir_graph/link_prediction/cornell_webkb/k10/psi/deepwalk_s42.emb,134230,9bfdb7657283d99d25d4633e19ba9487bb08fd00cb82f46bf95e4ca6513ae389
large,output/notebook2_create_vir_graph/link_prediction/cornell_webkb/k10/psi/deepwalk_s43.emb,133619,15bea551d0ee0e3521ffe7f7d676899e62cff99fc207a0cfe5793bf11df50a06
large,output/notebook2_create_vir_graph/link_prediction/cornell_webkb/k10/psi/deepwalk_s44.emb,132782,76c6f605da556d25bdd0e50ab6e3b7b41e6e62f1d43e10fdba1a7343caf924cc
large,output/notebook2_create_vir_graph/link_prediction/deezer_europe/k10/centrality/deepwalk_s42.emb,20379135,a97a860fa9208b069f4117ef75c6a4e6aa3f19ec9a00ace064d9d61cea856820
large,output/notebook2_create_vir_graph/link_prediction/deezer_europe/k10/centrality/deepwalk_s43.emb,20401379,c8a12d1a5395ebd438eaed82c53682f482c8810b8872646f4e4425a518e1e3d9
large,output/notebook2_create_vir_graph/link_prediction/deezer_europe/k10/centrality/deepwalk_s44.emb,20388908,9b0425e2cf263b9c28699ec7e7ef9719e2e0b6e22933e967b3ea0849511ab28e
large,output/notebook2_create_vir_graph/link_prediction/deezer_europe/k10/degree/deepwalk_s42.emb,20673608,abf273acbc29d9552748dadf88c1502588c9012ae1481cd019baca927f846f2f
large,output/notebook2_create_vir_graph/link_prediction/deezer_europe/k10/degree/deepwalk_s43.emb,20586304,786b6f926aee202237f91dcf153b0027afd3d16927525e28bd42d4c0b0be13f9
large,output/notebook2_create_vir_graph/link_prediction/deezer_europe/k10/degree/deepwalk_s44.emb,20573739,f5997208a8174b7cbc3a1ed62f6d9d688a2da7b618834154e08817b9a8387037
large,output/notebook2_create_vir_graph/link_prediction/deezer_europe/k10/hybrid/deepwalk_s42.emb,20512424,62da3ad9e4a4d1ea310e297459f69274870df0c88f7884bcabe5859fb5a389e3
large,output/notebook2_create_vir_graph/link_prediction/deezer_europe/k10/hybrid/deepwalk_s43.emb,20497167,aa4637293d9dce00b0b28bfefac0fb60aa049fe32325df29f07b430107bec0f4
large,output/notebook2_create_vir_graph/link_prediction/deezer_europe/k10/hybrid/deepwalk_s44.emb,20534078,0dbf040d9d4531d39809c2493c5006f109fb55108eedb99bf8a29fdf671ac33d
large,output/notebook2_create_vir_graph/link_prediction/deezer_europe/k10/hybrid_centrality/deepwalk_s42.emb,20535838,d1a34b66ee80179e396303460a82978585f47d6c7dfbc3cc166afa2e69b09338
large,output/notebook2_create_vir_graph/link_prediction/deezer_europe/k10/hybrid_centrality/deepwalk_s43.emb,20524813,08c4bfbbbe5cabcc34e86c37209b4cb0a28105c1006d4ff607f7fca45601ece9
large,output/notebook2_create_vir_graph/link_prediction/deezer_europe/k10/hybrid_centrality/deepwalk_s44.emb,20497980,0945cbf204a3a0567688a4dba88e2c946c248a548afa284240dc8bc75e70c963
large,output/notebook2_create_vir_graph/link_prediction/deezer_europe/k10/hybrid_degree/deepwalk_s42.emb,20857324,c2c4281ddf648f4cbfc03a487b21051da80869fcd7688de44edc763681dbee10
large,output/notebook2_create_vir_graph/link_prediction/deezer_europe/k10/hybrid_degree/deepwalk_s43.emb,20820636,06d128fa41e0e5138bf83a95c71c5239c7a8ca1ad6159895b3e891405eeec2af
large,output/notebook2_create_vir_graph/link_prediction/deezer_europe/k10/hybrid_degree/deepwalk_s44.emb,20737485,21a5337bea419dac123d0da7ffd0e1084b61b710eef4553cc318cec5b4008951
large,output/notebook2_create_vir_graph/link_prediction/deezer_europe/k10/original/deepwalk_s42.emb,20524779,f8486e605eea002257b08e441ca2e5d18a2d243a838283003fd9814b41d6ae4a
large,output/notebook2_create_vir_graph/link_prediction/deezer_europe/k10/original/deepwalk_s43.emb,20403017,4ab1771eb8eca1e12372a6aed4288b396454cf528976a036ff1e112e9549c106
large,output/notebook2_create_vir_graph/link_prediction/deezer_europe/k10/original/deepwalk_s44.emb,20450259,ed67f5cb23047ded085602ecfbabc4b7c5d239a8adfbc9b62486e96dc78b2c54
large,output/notebook2_create_vir_graph/link_prediction/deezer_europe/k10/psi/deepwalk_s42.emb,20274915,a0fd14b3afc21ec455338f843490bff001829aca4f4291b9e06d075e685348cd
large,output/notebook2_create_vir_graph/link_prediction/deezer_europe/k10/psi/deepwalk_s43.emb,20382232,eb7f2bb96faa66887a7f713f1d22025ddea5738a9031300bcd7c40f03744794e
large,output/notebook2_create_vir_graph/link_prediction/deezer_europe/k10/psi/deepwalk_s44.emb,20372991,85b01e5bdf7345cecc1249771f74e8f2f69e38117ecb606b96c5e1c9c1da3012
large,output/notebook2_create_vir_graph/link_prediction/enzymes/k10/centrality/deepwalk_s42.emb,14077270,f5edb4ec8beb0c0429623f4d6c89db47c07d20e9667977db054c60c79c3e35df
large,output/notebook2_create_vir_graph/link_prediction/enzymes/k10/centrality/deepwalk_s43.emb,14028329,bf6d03140a492b2588dc78d5d1d61e78efdf06e261464254e36f378e517471e7
large,output/notebook2_create_vir_graph/link_prediction/enzymes/k10/centrality/deepwalk_s44.emb,14029206,5d6bfa1cd78da67c0e350084be51f06b40c7e47a4c39dba41cb20743bdaca7c8
large,output/notebook2_create_vir_graph/link_prediction/enzymes/k10/degree/deepwalk_s42.emb,14305996,e02d23e1b1764fabe7a6278ccc5239ca7d0d42a7bb3c23fd2038ae476155326d
large,output/notebook2_create_vir_graph/link_prediction/enzymes/k10/degree/deepwalk_s43.emb,14221380,f610acfcebc4c4a10b9429dfe1a71d90be21d41650342e8714528c2a5ede0e8b
large,output/notebook2_create_vir_graph/link_prediction/enzymes/k10/degree/deepwalk_s44.emb,14202465,9095a4af940b529380207d733bd58edd5fb0b988b2cd02f4daa4c92a170d5823
large,output/notebook2_create_vir_graph/link_prediction/enzymes/k10/hybrid/deepwalk_s42.emb,14186586,5362738c1a16bf2379bab47606db40269c7946f0bc64cfb472d899b4c0f31301
large,output/notebook2_create_vir_graph/link_prediction/enzymes/k10/hybrid/deepwalk_s43.emb,14163946,b9d819196e5dcfd89d9e85839500d983a847b9dbca373a56610b80fcc2687241
large,output/notebook2_create_vir_graph/link_prediction/enzymes/k10/hybrid/deepwalk_s44.emb,14106953,34a28fba2a217167dc4a9a466cf1b38bb82b5193083b0a48cab97f3da147238f
large,output/notebook2_create_vir_graph/link_prediction/enzymes/k10/hybrid_centrality/deepwalk_s42.emb,14104933,f9441a427d78acfa8827cb7b8c1d797ce68ce9673f89e0d4aa5a1fb70bdb2f23
large,output/notebook2_create_vir_graph/link_prediction/enzymes/k10/hybrid_centrality/deepwalk_s43.emb,14042203,2ac9b3e67e8d36430ee5000924aa6c6d1e0de563a8bab342846e0f56cbac9e78
large,output/notebook2_create_vir_graph/link_prediction/enzymes/k10/hybrid_centrality/deepwalk_s44.emb,14087553,57d8569d180aaba56bf6948a2f878b00cd1172dca446ed1708c45b218b2c7892
large,output/notebook2_create_vir_graph/link_prediction/enzymes/k10/hybrid_degree/deepwalk_s42.emb,14419708,50f97a26fe015f2e3083ad2b10270086d46fd0c352c2afac7d59fbc480e8581e
large,output/notebook2_create_vir_graph/link_prediction/enzymes/k10/hybrid_degree/deepwalk_s43.emb,14366734,38bde1454d2517fa53cd00d7786e3146e299ab7c1b68f4c474f254d5d38e1f91
large,output/notebook2_create_vir_graph/link_prediction/enzymes/k10/hybrid_degree/deepwalk_s44.emb,14358488,78f6ddd53e02573ee679b20a2895cdaef77e74bb867cbcc8be676f7211573d92
large,output/notebook2_create_vir_graph/link_prediction/enzymes/k10/original/deepwalk_s42.emb,14052888,f45134a658329343149dd8a84539f2a65e3506b935abec55fa6afcb01d14021f
large,output/notebook2_create_vir_graph/link_prediction/enzymes/k10/original/deepwalk_s43.emb,14060278,ebed95001eeab53dd3fa5ce6a2c3a425816a58ac2f9c497150676da76be1de84
large,output/notebook2_create_vir_graph/link_prediction/enzymes/k10/original/deepwalk_s44.emb,14087597,210c74b059e5e9347ba7f2f233bb99cdd0fc821c6f383256c25819245a4345a2
large,output/notebook2_create_vir_graph/link_prediction/enzymes/k10/psi/deepwalk_s42.emb,14139368,7df28970cb546db21054aa7c18eeb331548ef4f2170fd370410bde030f5c53a1
large,output/notebook2_create_vir_graph/link_prediction/enzymes/k10/psi/deepwalk_s43.emb,14134927,704926a4e3936079b366682e38a79b417dc3528c6da186414c1d3ae42b2b5596
large,output/notebook2_create_vir_graph/link_prediction/enzymes/k10/psi/deepwalk_s44.emb,14121112,7de952625317c6bc3b21177912e1d651bdb49f79fe9ca003e4df1c7b998d6dc9
large,output/notebook2_create_vir_graph/link_prediction/genetic_fission_yeast/k10/centrality/deepwalk_s42.emb,2574311,8204d57c102aae544384769f2eb483f35c2cb6e61955e0632c35ce3dc7524087
large,output/notebook2_create_vir_graph/link_prediction/genetic_fission_yeast/k10/centrality/deepwalk_s43.emb,2569766,11fe3713af4956e7b51db1d8000e7ea60e9720b7501a73c82b446c8721edc94a
large,output/notebook2_create_vir_graph/link_prediction/genetic_fission_yeast/k10/centrality/deepwalk_s44.emb,2571250,ad37f1d2779471f21e35f40299d80568d3469b1aac9a6bd4d75ff0b8718309e8
large,output/notebook2_create_vir_graph/link_prediction/genetic_fission_yeast/k10/degree/deepwalk_s42.emb,2581510,7907875da4f56ef165497e090ebf356e87fa9fb9060eb76827111a1e6aa9dcd8
large,output/notebook2_create_vir_graph/link_prediction/genetic_fission_yeast/k10/degree/deepwalk_s43.emb,2581666,fbb3f950c42e00d277db4642ff6eb63ec0036d7e23d15aee937a7b117c782712
large,output/notebook2_create_vir_graph/link_prediction/genetic_fission_yeast/k10/degree/deepwalk_s44.emb,2587859,c655477e6e9295f47f5c11f0756d4c4069ac460f92100b11c520a53f97ada1b4
large,output/notebook2_create_vir_graph/link_prediction/genetic_fission_yeast/k10/hybrid/deepwalk_s42.emb,2627400,3eed97b287940af982563ec00e82e8fe53dd812022e3ef74a3619b5635ead397
large,output/notebook2_create_vir_graph/link_prediction/genetic_fission_yeast/k10/hybrid/deepwalk_s43.emb,2605235,71bc56a687d85dbd6f132e4db7992670d415624410e148a88b07db1383c58938
large,output/notebook2_create_vir_graph/link_prediction/genetic_fission_yeast/k10/hybrid/deepwalk_s44.emb,2621868,fb2463f39cffe79f4ddf4e7d74bb2c01c29d2c09bdf084d43a2336e3939d9feb
large,output/notebook2_create_vir_graph/link_prediction/genetic_fission_yeast/k10/hybrid_centrality/deepwalk_s42.emb,2614048,0174c39d194f467679514638f4b6f6806c6d6b205a058b44fbc9b6cdf36362e7
large,output/notebook2_create_vir_graph/link_prediction/genetic_fission_yeast/k10/hybrid_centrality/deepwalk_s43.emb,2603936,bc10a2ae031621e3d5a6405d2f1c0acb1fe6780d31d117e48b4f095c4a5d068c
large,output/notebook2_create_vir_graph/link_prediction/genetic_fission_yeast/k10/hybrid_centrality/deepwalk_s44.emb,2609806,57fd6feb64012cf797dd684af8f17108c4aa938d9c8257ebf7cf681f1433c7bc
large,output/notebook2_create_vir_graph/link_prediction/genetic_fission_yeast/k10/hybrid_degree/deepwalk_s42.emb,2625332,80759e9c942ca5e4ff745c0d8b85e3aef764036098abdb1079249c7667069bcc
large,output/notebook2_create_vir_graph/link_prediction/genetic_fission_yeast/k10/hybrid_degree/deepwalk_s43.emb,2616106,3c3338082da8c98fa8e9325d947a07f5c803921bf0582ebd1f4f9d9f682f47b6
large,output/notebook2_create_vir_graph/link_prediction/genetic_fission_yeast/k10/hybrid_degree/deepwalk_s44.emb,2623580,c63a6ae1f09b9ec9ab56bfdc7fe54a6fb163cb76dffc056efd4354a057e89c55
large,output/notebook2_create_vir_graph/link_prediction/genetic_fission_yeast/k10/original/deepwalk_s42.emb,2641834,b9f14f6a3738738685e5537bcf367435643e750c13b75ec222a959849e246bc0
large,output/notebook2_create_vir_graph/link_prediction/genetic_fission_yeast/k10/original/deepwalk_s43.emb,2634232,fcf745dc408af8dba49ccf1ac95cc31fd4d83416e1e54544b645a33abedd6827
large,output/notebook2_create_vir_graph/link_prediction/genetic_fission_yeast/k10/original/deepwalk_s44.emb,2640586,5e4747b2b78857635b3d23bab558979ae18437a192f980e72d90ff36b61603e5
large,output/notebook2_create_vir_graph/link_prediction/genetic_fission_yeast/k10/psi/deepwalk_s42.emb,2580882,e77e525db97cdee732d2d3b7bfef173c0c816d8c2e737ed483e473a2670b7611
large,output/notebook2_create_vir_graph/link_prediction/genetic_fission_yeast/k10/psi/deepwalk_s43.emb,2582953,fc7b12c4ad9073a6d82091318efafdf4f0e36c2760b4a5c93ccb770d7f82582d
large,output/notebook2_create_vir_graph/link_prediction/genetic_fission_yeast/k10/psi/deepwalk_s44.emb,2581040,b12fcef5367469a28cfad9316d62ec64fcd56b880214862cb981a469840ffe55
large,output/notebook2_create_vir_graph/link_prediction/lastfm_asia/k10/centrality/deepwalk_s42.emb,5484070,4d55bb07ca1799ab2fc56d5033fddfdeb90b7086c5209e61090a3db40583d34f
large,output/notebook2_create_vir_graph/link_prediction/lastfm_asia/k10/centrality/deepwalk_s43.emb,5493418,57bccfae400e5d2f6d96ec937bf464eec8d028b7dbe4210e61474faf7055a635
large,output/notebook2_create_vir_graph/link_prediction/lastfm_asia/k10/centrality/deepwalk_s44.emb,5506649,40571a06f674b0d2f8409eb2658bbe43955e969e6081cc45dc870c3457d1a9e4
large,output/notebook2_create_vir_graph/link_prediction/lastfm_asia/k10/degree/deepwalk_s42.emb,5558635,715a4aef4615ae3705f99bf413ffcf3c5726c4903d056cd2628003602f94145f
large,output/notebook2_create_vir_graph/link_prediction/lastfm_asia/k10/degree/deepwalk_s43.emb,5568151,cc52b5bd9f267e49215b31e506dc5316c7019263df48d14928af1bdc424eb506
large,output/notebook2_create_vir_graph/link_prediction/lastfm_asia/k10/degree/deepwalk_s44.emb,5545587,c3066aadc229992c6b33cf334b25c654bdaebcd14e3de95b7a92ef0d60ab4ff3
large,output/notebook2_create_vir_graph/link_prediction/lastfm_asia/k10/hybrid/deepwalk_s42.emb,5550547,360569dd509a34fc59601fa3c423664cc7c97df8c1f0fbdc4ffbe3563bb72980
large,output/notebook2_create_vir_graph/link_prediction/lastfm_asia/k10/hybrid/deepwalk_s43.emb,5550070,42c2c217ad2d79c4f9bb5eea14d8976cdd30f8bd28bf00d4a0403ef905d8a394
large,output/notebook2_create_vir_graph/link_prediction/lastfm_asia/k10/hybrid/deepwalk_s44.emb,5533586,f077772462db07e69ceebeb311aba1ea2199784e8285d09cfaaf198e5d25ec56
large,output/notebook2_create_vir_graph/link_prediction/lastfm_asia/k10/hybrid_centrality/deepwalk_s42.emb,5558069,5554029f766351bf5d3ba4fa7cb3ef75622a00a582a44499b4bbff11c3d1b7dd
large,output/notebook2_create_vir_graph/link_prediction/lastfm_asia/k10/hybrid_centrality/deepwalk_s43.emb,5534324,e3877d8408453ba04e31fe18b5878a93000a09f8c72c888bcf0e6d945b45c981
large,output/notebook2_create_vir_graph/link_prediction/lastfm_asia/k10/hybrid_centrality/deepwalk_s44.emb,5521234,624ee6cba9e639c702924128ea5c53f315f365ba1fc2277703005971f91a4dc3
large,output/notebook2_create_vir_graph/link_prediction/lastfm_asia/k10/hybrid_degree/deepwalk_s42.emb,5606630,462a5597fc37d3720b11a40146ac49ceb53e6794fe56776df3bdfb4672a99697
large,output/notebook2_create_vir_graph/link_prediction/lastfm_asia/k10/hybrid_degree/deepwalk_s43.emb,5614513,9854679b4a69e4a86641561212414e558a03f943552cee18323f509621575343
large,output/notebook2_create_vir_graph/link_prediction/lastfm_asia/k10/hybrid_degree/deepwalk_s44.emb,5606391,e515699b764e5dd22a85326204ae8a4cee7960301ae2637047eb0e96ce93f619
large,output/notebook2_create_vir_graph/link_prediction/lastfm_asia/k10/original/deepwalk_s42.emb,5523153,1ccfd95114f20391aaae95d8e8c0b1ce241d8ed5fd554026f50dbc1582f0b9c2
large,output/notebook2_create_vir_graph/link_prediction/lastfm_asia/k10/original/deepwalk_s43.emb,5529211,841fcc33049ff2c3131e4cf9741d54ac58a5e3350ea201db90673c4dfc539242
large,output/notebook2_create_vir_graph/link_prediction/lastfm_asia/k10/original/deepwalk_s44.emb,5535886,613dc6f183bacd1618639ca7b67e348bfe67235578c82eac0872c0b2699a9bd2
large,output/notebook2_create_vir_graph/link_prediction/lastfm_asia/k10/psi/deepwalk_s42.emb,5509940,a56dd343867cee80c935f2ba8a90c6c1637aa92348f76f94711b0d348934db5b
large,output/notebook2_create_vir_graph/link_prediction/lastfm_asia/k10/psi/deepwalk_s43.emb,5514599,fe89b4e8f9ced89294f8330f08b5957817cbe1809aa1651232318ee9ee900b43
large,output/notebook2_create_vir_graph/link_prediction/lastfm_asia/k10/psi/deepwalk_s44.emb,5506972,8f7b9252658ff65ba3218a4477454039b1252561fb6c30d976aa5c7220ab4a21
large,output/notebook2_create_vir_graph/link_prediction/minesweeper/k10/centrality/deepwalk_s42.emb,7221592,6eb5ed35396d0bcd2608277b0ab0b25daf0b15112a6676783eae60dd27391e2f
large,output/notebook2_create_vir_graph/link_prediction/minesweeper/k10/centrality/deepwalk_s43.emb,7209789,cc455c60218fabfab003f3c55dbd23cbf2506b1882f9d5476713788638d787e6
large,output/notebook2_create_vir_graph/link_prediction/minesweeper/k10/centrality/deepwalk_s44.emb,7224836,d8eba973cbc52c6d4b3fc74c2ef3e68445d6cca47800f6393043c26f28c9dac9
large,output/notebook2_create_vir_graph/link_prediction/minesweeper/k10/degree/deepwalk_s42.emb,7314915,bb744c91826a687bbdaf9d119c382e6f57898ba054b735fc68b93b90cdac23f0
large,output/notebook2_create_vir_graph/link_prediction/minesweeper/k10/degree/deepwalk_s43.emb,7312283,72ef2cdd14f0c5f3934dc01017548f9293d23d962de80c4b8d18795d4f97a017
large,output/notebook2_create_vir_graph/link_prediction/minesweeper/k10/degree/deepwalk_s44.emb,7300805,b3171320e7aa5577d9cdc5911294ed398b2caeafbe75b79353eb1e5f6040ec8f
large,output/notebook2_create_vir_graph/link_prediction/minesweeper/k10/hybrid/deepwalk_s42.emb,7275463,8d94bab9e766e9a5a570c4f0773a60c4b6c6b1edd8a9828cb22d8fa1af42f9b0
large,output/notebook2_create_vir_graph/link_prediction/minesweeper/k10/hybrid/deepwalk_s43.emb,7279070,badc99130a49e40da78fde9aa3ba783c1109fb6a1be9f7822b7776ff9bf8ffc0
large,output/notebook2_create_vir_graph/link_prediction/minesweeper/k10/hybrid/deepwalk_s44.emb,7289743,d1f7be28dd0f63941228606f92b2f9f8710f422b7fd587788f4960e762bc8b18
large,output/notebook2_create_vir_graph/link_prediction/minesweeper/k10/hybrid_centrality/deepwalk_s42.emb,7265607,c6182946a54127de1ebe21e636c1ab6a98e7a417cefca1f92c800c9ed9bdf495
large,output/notebook2_create_vir_graph/link_prediction/minesweeper/k10/hybrid_centrality/deepwalk_s43.emb,7246290,55c49efb057591061e8fc8a22b81bdbb4e5f11519d527762cdf69aa5a613f39e
large,output/notebook2_create_vir_graph/link_prediction/minesweeper/k10/hybrid_centrality/deepwalk_s44.emb,7258642,c370ede32773b5dfe9bea6a579daddd032cb79ff11c00e5ee8528e1afeb3a21e
large,output/notebook2_create_vir_graph/link_prediction/minesweeper/k10/hybrid_degree/deepwalk_s42.emb,7399116,7352a28f6c06b048642808d85c8bec4aa4f550780959f61fe2c8b26264c694b9
large,output/notebook2_create_vir_graph/link_prediction/minesweeper/k10/hybrid_degree/deepwalk_s43.emb,7380560,a290e7883d8d539211f5a520b6d58da57043f1e7c7ed7d203a45fd2aed8e4a2c
large,output/notebook2_create_vir_graph/link_prediction/minesweeper/k10/hybrid_degree/deepwalk_s44.emb,7379666,7b05db67a46901703dd5705a678c31d8f8350ad2fe80845f0d71283098297849
large,output/notebook2_create_vir_graph/link_prediction/minesweeper/k10/original/deepwalk_s42.emb,7220077,a8ae669d1b9e506d7f8a7dee44c8cd51af17f614123b6a23e7bce8a87fd9e858
large,output/notebook2_create_vir_graph/link_prediction/minesweeper/k10/original/deepwalk_s43.emb,7203055,b1ff9ae862a4e2fc146253d6439ca4652c602cdc0dcaa5d5a4afadb52fcd6f30
large,output/notebook2_create_vir_graph/link_prediction/minesweeper/k10/original/deepwalk_s44.emb,7215641,b427e143cb4db28803eaab1119cf76bb11704f80955bc9bd79a7c490e055d39f
large,output/notebook2_create_vir_graph/link_prediction/minesweeper/k10/psi/deepwalk_s42.emb,7222246,ba4bc2c35b35906b48a8a2657fd26faeb3887bd3f0eab6cb0d9aa28397f41b97
large,output/notebook2_create_vir_graph/link_prediction/minesweeper/k10/psi/deepwalk_s43.emb,7158573,1eb574cac7f4550349634b3ea8ef87d08002db2813dc872ce3a197ef3f700127
large,output/notebook2_create_vir_graph/link_prediction/minesweeper/k10/psi/deepwalk_s44.emb,7206384,e0e4dbba9800bd3058c978b5dc939548d58ff2ed7b846490d0065369597caa77
large,output/notebook2_create_vir_graph/link_prediction/ogbl_ddi/k10/centrality/deepwalk_s42.emb,3080464,dfe1bab815eebe39ce10420632bdc33dbea3a7616e699a863b0d8f6955f9d118
large,output/notebook2_create_vir_graph/link_prediction/ogbl_ddi/k10/centrality/deepwalk_s43.emb,3086118,d9f497551186bfee6c22d36ef538023570750a6d722d86ede2a670a09f819278
large,output/notebook2_create_vir_graph/link_prediction/ogbl_ddi/k10/centrality/deepwalk_s44.emb,3082274,0de2ba8d94509da0de6c7aae35e389434fc47f8c4f88c84755b660271b70b995
large,output/notebook2_create_vir_graph/link_prediction/ogbl_ddi/k10/degree/deepwalk_s42.emb,3085624,675a94ab1a96af8ce8704853636b0d7d08c49f3d965e842601c202f0f4e51a44
large,output/notebook2_create_vir_graph/link_prediction/ogbl_ddi/k10/degree/deepwalk_s43.emb,3068131,12f11dd7d34e307516e02070a599b0373de3f0740e10b5b2294edced09c86e57
large,output/notebook2_create_vir_graph/link_prediction/ogbl_ddi/k10/degree/deepwalk_s44.emb,3078792,556160e465f30c1cf0f792cffe80ae58f375d07bf83258d917104c64f34dc788
large,output/notebook2_create_vir_graph/link_prediction/ogbl_ddi/k10/hybrid/deepwalk_s42.emb,3184605,d16386b5d7d89e2ee033c44050d3de4ce6e97dc615edb4f0a4c41500b076fdce
large,output/notebook2_create_vir_graph/link_prediction/ogbl_ddi/k10/hybrid/deepwalk_s43.emb,3176474,a19bdc046dec5e546c6753f6ff84c7d45c1cb9448061cd971974a901d911f84d
large,output/notebook2_create_vir_graph/link_prediction/ogbl_ddi/k10/hybrid/deepwalk_s44.emb,3189425,ce53059d0b03fdac2e464c4a0b4b15b74ccf4392bc6e1e75524475a7d330ee80
large,output/notebook2_create_vir_graph/link_prediction/ogbl_ddi/k10/hybrid_centrality/deepwalk_s42.emb,3173976,31344927579f793c78d4da9b366d7b446f0143a065ba0212319427d9626c7b35
large,output/notebook2_create_vir_graph/link_prediction/ogbl_ddi/k10/hybrid_centrality/deepwalk_s43.emb,3166669,e662e895d4b198764bb62e9441627be476eb1532cefd15010883b4f4dd1cfaab
large,output/notebook2_create_vir_graph/link_prediction/ogbl_ddi/k10/hybrid_centrality/deepwalk_s44.emb,3193716,9b04233f23906cf6c19f272d47e8087414ab3c0cc22c0222b0f578eb766d4493
large,output/notebook2_create_vir_graph/link_prediction/ogbl_ddi/k10/hybrid_degree/deepwalk_s42.emb,3188063,ef2083a5cf4dc67db03a82fe2bd98f40392674767aaa6671caf0660152c401a4
large,output/notebook2_create_vir_graph/link_prediction/ogbl_ddi/k10/hybrid_degree/deepwalk_s43.emb,3183151,8ec342c19c885650b51f1d7548801a323a087f3bce0634e925ee7f22314b7524
large,output/notebook2_create_vir_graph/link_prediction/ogbl_ddi/k10/hybrid_degree/deepwalk_s44.emb,3190791,46b382ead7c8a892c07114254f4d33acd2ef301715b9a4d60ad65b007949b260
large,output/notebook2_create_vir_graph/link_prediction/ogbl_ddi/k10/original/deepwalk_s42.emb,3191020,2ffd91b3ad8fe2c07f006ba69597c2daf298aa6387780cd7c92984a8171b31be
large,output/notebook2_create_vir_graph/link_prediction/ogbl_ddi/k10/original/deepwalk_s43.emb,3183983,45ea7f20bd64c0eebb6ebe60bb78986d0f1c8152f23244a8a9589dc875511e3f
large,output/notebook2_create_vir_graph/link_prediction/ogbl_ddi/k10/original/deepwalk_s44.emb,3205207,906e423188cfff40daab4eef2b84cb15974010c8df997f2cd671fd54e27872cc
large,output/notebook2_create_vir_graph/link_prediction/ogbl_ddi/k10/original_k/deepwalk_s42.emb,3129948,1a57134c929d50018cf19cbf89e0697b2fe0b0bb4ab0af8a5c51b932437fba62
large,output/notebook2_create_vir_graph/link_prediction/ogbl_ddi/k10/original_k/deepwalk_s43.emb,3124785,14bb653066d65327cb3dbafa1c91a25c5278abc4f83b0f7a20b8149079394fd6
large,output/notebook2_create_vir_graph/link_prediction/ogbl_ddi/k10/original_k/deepwalk_s44.emb,3138116,78b927d718ff9bf51511f031ae0a11f34169c710178abf365f041a310d218b72
large,output/notebook2_create_vir_graph/link_prediction/ogbl_ddi/k10/psi/deepwalk_s42.emb,3078082,aa15043ec0cba511b1d2010ebeda604b464fe4fabe3f881d8119f577e614af16
large,output/notebook2_create_vir_graph/link_prediction/ogbl_ddi/k10/psi/deepwalk_s43.emb,3076358,5228b70d35d5e31bb6d22a4dfb937e1003dc5da61cb3b0c9b8f90666db4201c5
large,output/notebook2_create_vir_graph/link_prediction/ogbl_ddi/k10/psi/deepwalk_s44.emb,3089481,d512724713474fa58b773c736c1e12806dd03ea07ff5965d064d57f9f9a076fb
large,output/notebook2_create_vir_graph/link_prediction/ogbl_ddi/k10/random_k/deepwalk_s42.emb,3145058,9c83c38e01590040e8d05b0cf54b44c5271ffae6d9aefed8e8d0bc587b032974
large,output/notebook2_create_vir_graph/link_prediction/ogbl_ddi/k10/random_k/deepwalk_s43.emb,3145506,cf07364ea307bc21b8860e48f47976d133d789809e9b99203e1f2f5cdc2665ec
large,output/notebook2_create_vir_graph/link_prediction/ogbl_ddi/k10/random_k/deepwalk_s44.emb,3147942,7e4f39eaf047dabfdb401ac1fe8a2e5d20c9c6d56cdcc1b78f0c05ebc050da2d
large,output/notebook2_create_vir_graph/link_prediction/ppi_fly/k10/centrality/deepwalk_s42.emb,8183699,3772fdd7f369200100bcdeef7fe78d9162476f3302b1ae41a9316cff2a110636
large,output/notebook2_create_vir_graph/link_prediction/ppi_fly/k10/centrality/deepwalk_s43.emb,8142369,801ea737fbeee3ecaa3206caf2fea9b6853f96df1a7f500ff35e25acfe8530fc
large,output/notebook2_create_vir_graph/link_prediction/ppi_fly/k10/centrality/deepwalk_s44.emb,8183337,114108001e0462c151b2ad930ffc52eca8b6e4e07bec30860b87db3e2db57e6b
large,output/notebook2_create_vir_graph/link_prediction/ppi_fly/k10/degree/deepwalk_s42.emb,8234504,759d96972112968cebbc931c88d6f59466cc6ee95abde65f040255c97865d5f5
large,output/notebook2_create_vir_graph/link_prediction/ppi_fly/k10/degree/deepwalk_s43.emb,8238011,454246962db270849f8f3f893314b15d60cb084c86c8ba5a1d5170833555bae9
large,output/notebook2_create_vir_graph/link_prediction/ppi_fly/k10/degree/deepwalk_s44.emb,8232429,55d2836a37c0deac6f4d0e5fb37fa1a3e602aeb33d222fbfdf8d5d872edc2423
large,output/notebook2_create_vir_graph/link_prediction/ppi_fly/k10/hybrid/deepwalk_s42.emb,8334631,1d2cca28974f5d15f761457602da25e2a1c95928d72abae3285f2de6ebcad2f6
large,output/notebook2_create_vir_graph/link_prediction/ppi_fly/k10/hybrid/deepwalk_s43.emb,8307982,d8200486b7bff54d3cb9753f73c3ab702528cc79d117fdc923fc5fad9523650b
large,output/notebook2_create_vir_graph/link_prediction/ppi_fly/k10/hybrid/deepwalk_s44.emb,8310641,fdc1595d74d4ddd6bddc2f5a026d3e78e11b1822e52349a2aee028e06d0193a7
large,output/notebook2_create_vir_graph/link_prediction/ppi_fly/k10/hybrid_centrality/deepwalk_s42.emb,8299213,2d0315048a77216b05bf456d145845f232dd5687ec13f83cb6753357e7c1e8b2
large,output/notebook2_create_vir_graph/link_prediction/ppi_fly/k10/hybrid_centrality/deepwalk_s43.emb,8279030,89d04789c6f0c8e064931b8d4365554885bca5587070fff459f6f3605da199db
large,output/notebook2_create_vir_graph/link_prediction/ppi_fly/k10/hybrid_centrality/deepwalk_s44.emb,8291225,a79358ce0f185810f3e4915cd2ca308673381d4fcf707f2d4ad2c7f833336785
large,output/notebook2_create_vir_graph/link_prediction/ppi_fly/k10/hybrid_degree/deepwalk_s42.emb,8336178,9e5db721bfe42d415bb68b5311f73b9b52d8f295eda5ad63edea2d6d3d9e0dbe
large,output/notebook2_create_vir_graph/link_prediction/ppi_fly/k10/hybrid_degree/deepwalk_s43.emb,8326095,6c33b069ed33f7783852de38f9c8ca7795299f30333cd4e57c834ca69694a0e4
large,output/notebook2_create_vir_graph/link_prediction/ppi_fly/k10/hybrid_degree/deepwalk_s44.emb,8346962,eba705244de89557c105311f1d3612b957fadba379c4572e7619594f1d1ac3fc
large,output/notebook2_create_vir_graph/link_prediction/ppi_fly/k10/original/deepwalk_s42.emb,8367843,9e195b43001760521b265af4eb779653466678d20789d21f85ab1b48213fbc9d
large,output/notebook2_create_vir_graph/link_prediction/ppi_fly/k10/original/deepwalk_s43.emb,8308697,17d616513dd644ae6fff704991f514132d6b5a53a3f085bf958cf786ad1d7be4
large,output/notebook2_create_vir_graph/link_prediction/ppi_fly/k10/original/deepwalk_s44.emb,8380657,b1e2e3458cf53fa8b0c7dca3fa6457778cef69a1280012bb35b20f8c2f5d8f9c
large,output/notebook2_create_vir_graph/link_prediction/ppi_fly/k10/psi/deepwalk_s42.emb,8207341,0a39f5402d0eab791232aef7e147c1203c7d7415673d1243dd20801869efa918
large,output/notebook2_create_vir_graph/link_prediction/ppi_fly/k10/psi/deepwalk_s43.emb,8213730,d3b5aa28f655cf8fdf87f128e7f1934597314b882d787139a060a9667aad2f0b
large,output/notebook2_create_vir_graph/link_prediction/ppi_fly/k10/psi/deepwalk_s44.emb,8198831,4cb3216878943fd19e798f0a74ff6c1ccf39428407474602a86f5e0c7dd3700b
large,output/notebook2_create_vir_graph/link_prediction/ppi_human/k10/centrality/deepwalk_s42.emb,19911350,12551dfb7ec36f44cad2c6f97f29ac9b974ae17afd3dec3a42b39bf4c66a9769
large,output/notebook2_create_vir_graph/link_prediction/ppi_human/k10/centrality/deepwalk_s43.emb,19867824,203834e5eda9d9a44db2fc7e2ea8435ba028869ec3bd0f01f5fdb7ed42ddef01
large,output/notebook2_create_vir_graph/link_prediction/ppi_human/k10/centrality/deepwalk_s44.emb,19801758,af1c8f68fde81b60fcb24f09231482a6272656fa3fa25775241c934f53b80075
large,output/notebook2_create_vir_graph/link_prediction/ppi_human/k10/degree/deepwalk_s42.emb,20114590,fc2bb76a8784579975c78dd7b40c11f124234cf728cf17ba679747430647a0e6
large,output/notebook2_create_vir_graph/link_prediction/ppi_human/k10/degree/deepwalk_s43.emb,20050916,06e0d01dd3bf2f770d587b68e334b5bbc8ae4379e89462a9d78cdb6640d495ff
large,output/notebook2_create_vir_graph/link_prediction/ppi_human/k10/degree/deepwalk_s44.emb,19953067,dffef7a3ac2d0e04c1d6f768af6fa1b898aabe41acfcf313cc3687559ada7955
large,output/notebook2_create_vir_graph/link_prediction/ppi_human/k10/hybrid/deepwalk_s42.emb,20337130,c7fbd394c1015f97ab7ab1b992218459029a8e313e9e21042319a071f604e3ac
large,output/notebook2_create_vir_graph/link_prediction/ppi_human/k10/hybrid/deepwalk_s43.emb,20223218,e7ce24eef57bba689e8d2f16416941b3c78e8e039a86c115aee1d84f59cc39ad
large,output/notebook2_create_vir_graph/link_prediction/ppi_human/k10/hybrid/deepwalk_s44.emb,20247479,ab4d4131316eb54e7e501a60a5d129fb38f3e437e20cc517f3b9574bb03932e6
large,output/notebook2_create_vir_graph/link_prediction/ppi_human/k10/hybrid_centrality/deepwalk_s42.emb,20240672,e48dac5a8b2eaa4b94dc83b76029e46b8e557dbeea50cbda0c6599c5e572abd6
large,output/notebook2_create_vir_graph/link_prediction/ppi_human/k10/hybrid_centrality/deepwalk_s43.emb,20140288,66f16af7271c95a11e9b1ba8be1ab473926ab9081ee41ca7c62d617ff469277d
large,output/notebook2_create_vir_graph/link_prediction/ppi_human/k10/hybrid_centrality/deepwalk_s44.emb,20157497,f9f596aec3efe2e0d8ae67ac691204e8c1d62a331112d4ecbe56c1ed4dc07c48
large,output/notebook2_create_vir_graph/link_prediction/ppi_human/k10/hybrid_degree/deepwalk_s42.emb,20365164,f1330db3008ddfdf2337b762ba985f718bb3750fd6ccac97311afc22c66d2e58
large,output/notebook2_create_vir_graph/link_prediction/ppi_human/k10/hybrid_degree/deepwalk_s43.emb,20235720,60568435e51627430f333bf86f3cbcce5522be187997f585d723f7de7a8c0db7
large,output/notebook2_create_vir_graph/link_prediction/ppi_human/k10/hybrid_degree/deepwalk_s44.emb,20272885,233e62616892fa47e9087602d5dc4d242cea42a808182505b22df64df2eb474e
large,output/notebook2_create_vir_graph/link_prediction/ppi_human/k10/original/deepwalk_s42.emb,20412352,1699fd75460be1af7975924062e9b9d77e10320393f8bd0f1a8b7c9ba77eef05
large,output/notebook2_create_vir_graph/link_prediction/ppi_human/k10/original/deepwalk_s43.emb,20366220,02c712236313dca81c22716f0681c26ebbb5fdb59ddc6dbe5c42beff338de682
large,output/notebook2_create_vir_graph/link_prediction/ppi_human/k10/original/deepwalk_s44.emb,20416939,199cacacde53fc88d146ce15e3fcef26c9953ca50b96b27cbfa304a90a3ed5f6
large,output/notebook2_create_vir_graph/link_prediction/ppi_human/k10/psi/deepwalk_s42.emb,20079547,6ccd7736412eae719446df95103b2ea284622b6860516f8feccfa122f3919892
large,output/notebook2_create_vir_graph/link_prediction/ppi_human/k10/psi/deepwalk_s43.emb,19992159,fd3c4df8c38f7b35cb6a11396aa6b55f079eb6583f8b0c2148617deab35ec8dc
large,output/notebook2_create_vir_graph/link_prediction/ppi_human/k10/psi/deepwalk_s44.emb,19892700,d3d9002569dc5e51984546392dbfc05a32d5faf0db7cd40251cf9f9393f75290
large,output/notebook2_create_vir_graph/link_prediction/ppi_yeast/k10/centrality/deepwalk_s42.emb,5246920,49a96decc5148820e4c060db1c3e4cc1416fe36d1e2500a75807a69d740672d5
large,output/notebook2_create_vir_graph/link_prediction/ppi_yeast/k10/centrality/deepwalk_s43.emb,5260174,3162f7c28a8ac1b481e8860f9b4199fea9d823307d107981ee2f06bee56ca83e
large,output/notebook2_create_vir_graph/link_prediction/ppi_yeast/k10/centrality/deepwalk_s44.emb,5236897,637267d91d890cabc5c66869ec5c2335dd5e290d620acd86ab389c1ef8501df0
large,output/notebook2_create_vir_graph/link_prediction/ppi_yeast/k10/degree/deepwalk_s42.emb,5259013,11ab57bd76d53287428460f28f4dc3f3cbafb3c0edca48f562becad3bf06db0b
large,output/notebook2_create_vir_graph/link_prediction/ppi_yeast/k10/degree/deepwalk_s43.emb,5281753,bdfaba9a656ab26dd0cc9fefca49cfe9c0235e0d9c5484e6b8e1b411ec7bf02f
large,output/notebook2_create_vir_graph/link_prediction/ppi_yeast/k10/degree/deepwalk_s44.emb,5265338,d3586b926a2277a2c4f8e618d4fe17e6c19b433e1aec7c22fc9017720d7d89f5
large,output/notebook2_create_vir_graph/link_prediction/ppi_yeast/k10/hybrid/deepwalk_s42.emb,5374320,6f55fcfb57ce757add5c6e367871066568bdc5494b013ab7d7c47d585b1efc55
large,output/notebook2_create_vir_graph/link_prediction/ppi_yeast/k10/hybrid/deepwalk_s43.emb,5342815,70f23f0cfa496d4922003ba53310cada03973ef279b1d757fc8e669842aefd5a
large,output/notebook2_create_vir_graph/link_prediction/ppi_yeast/k10/hybrid/deepwalk_s44.emb,5361130,6110902f3f83bcf2ec21face3b25d18adfa2aa8ab67fdc84c981ba514d85adc8
large,output/notebook2_create_vir_graph/link_prediction/ppi_yeast/k10/hybrid_centrality/deepwalk_s42.emb,5360152,82b7b042958a918825633384d17a864f07f001aca334ae6dfc2e86add562e3b0
large,output/notebook2_create_vir_graph/link_prediction/ppi_yeast/k10/hybrid_centrality/deepwalk_s43.emb,5336978,f90f45ba1124668065dc0f66ac520638246adc90a25ef04da125de4f772d3aa7
large,output/notebook2_create_vir_graph/link_prediction/ppi_yeast/k10/hybrid_centrality/deepwalk_s44.emb,5353463,0b93563042632d254d114193eba77356dfac89a277fde7c503602f0c5beb45fd
large,output/notebook2_create_vir_graph/link_prediction/ppi_yeast/k10/hybrid_degree/deepwalk_s42.emb,5362254,49e0280440b1a068a041965164a89cf8ab3e2d682ac039d263a89081d611232a
large,output/notebook2_create_vir_graph/link_prediction/ppi_yeast/k10/hybrid_degree/deepwalk_s43.emb,5355122,e81ee08f2e28f806cc9d7d908a52f4ef5f7c44ee65368539bdfa9f2125da3170
large,output/notebook2_create_vir_graph/link_prediction/ppi_yeast/k10/hybrid_degree/deepwalk_s44.emb,5354951,3f5499adafdc97cd232307eb8233f56c6dd2c21618e039cae5b2c831e99b5b1c
large,output/notebook2_create_vir_graph/link_prediction/ppi_yeast/k10/original/deepwalk_s42.emb,5399567,9f46d0cf1790e3dacd7932d59cca595d7073c6cd9501ffad3fbfc119091a4dae
large,output/notebook2_create_vir_graph/link_prediction/ppi_yeast/k10/original/deepwalk_s43.emb,5361765,5922bd19b6f059db83b8b948a01960e96972a8c0ed97996ed1198068b12fa4c1
large,output/notebook2_create_vir_graph/link_prediction/ppi_yeast/k10/original/deepwalk_s44.emb,5400916,a3d633d78f01dc8e87ed6a0ce7a112b0bb18bde7782000273bb0c97d43aad8ef
large,output/notebook2_create_vir_graph/link_prediction/ppi_yeast/k10/psi/deepwalk_s42.emb,5253532,d735bd0e1d6eecc5cfd41e68b5e2adc813a3f22655ae8dd1c5f23c92203e5213
large,output/notebook2_create_vir_graph/link_prediction/ppi_yeast/k10/psi/deepwalk_s43.emb,5252301,429127b3cefac9da766c154620a80c8ac5b6d82d15a61c27d50e04407089f45e
large,output/notebook2_create_vir_graph/link_prediction/ppi_yeast/k10/psi/deepwalk_s44.emb,5278486,4f3fc548a157628720125b3c9ca44dea79679533f3ed09a4745ce5849c3a245a
large,output/notebook2_create_vir_graph/link_prediction/proteins/k10/centrality/deepwalk_s42.emb,31354092,e591778fd96e65fc8bbaa243186c2c75e7be4d77d53b97dd0c76274698aebcd5
large,output/notebook2_create_vir_graph/link_prediction/proteins/k10/centrality/deepwalk_s43.emb,31185651,7a9c292343348eb89f76d9b29e06480ec1d718aa458c6c92b3406bbacaf79606
large,output/notebook2_create_vir_graph/link_prediction/proteins/k10/centrality/deepwalk_s44.emb,31228004,bf1e6609b68deab127d618a7f6555a353ef8869e3e71f059a96f479375bc8fa4
large,output/notebook2_create_vir_graph/link_prediction/proteins/k10/degree/deepwalk_s42.emb,31793137,d0234fbe8c181aa246726eef84d07e8ad629c77b459738a90ed3d69ef0219f96
large,output/notebook2_create_vir_graph/link_prediction/proteins/k10/degree/deepwalk_s43.emb,31835641,e63af832ee51f059643be8d2104f4029cdb50566bc46b406160dd8f9625eebe9
large,output/notebook2_create_vir_graph/link_prediction/proteins/k10/degree/deepwalk_s44.emb,31744622,ea04da3f51e87685279b0d955a8446422dc2618a9f671380fcf2e937445327a7
large,output/notebook2_create_vir_graph/link_prediction/proteins/k10/hybrid/deepwalk_s42.emb,31573726,ac1390b19fa01fa0fce3ab4a41649feb09a3360dafd5ffc265b332cefcf187b4
large,output/notebook2_create_vir_graph/link_prediction/proteins/k10/hybrid/deepwalk_s43.emb,31509649,cfa59ee28ec87410ec4a170554c6f4f26ab2abb3e20af8b60cb889de458423e7
large,output/notebook2_create_vir_graph/link_prediction/proteins/k10/hybrid/deepwalk_s44.emb,31561209,517218bff84537645386e54b0a8a9a2af1a0fd7017cba624045033a47575737d
large,output/notebook2_create_vir_graph/link_prediction/proteins/k10/hybrid_centrality/deepwalk_s42.emb,31452137,e69bd2021d5b20b943d81c056a2cdd7f1b8728d36cb79354e8b16ef3091442e8
large,output/notebook2_create_vir_graph/link_prediction/proteins/k10/hybrid_centrality/deepwalk_s43.emb,31308432,f8cfcff958699a491165b9929ed801dfecc971989e8b94a76b3896ee38cc370c
large,output/notebook2_create_vir_graph/link_prediction/proteins/k10/hybrid_centrality/deepwalk_s44.emb,31340188,a2c176c8d3371863d22029a7ffb3d319e2e151b71ef9b5f0c6735b2d009f1558
large,output/notebook2_create_vir_graph/link_prediction/proteins/k10/hybrid_degree/deepwalk_s42.emb,32105602,d626f2b037ae16e9e7c0248cae69d52999ab9f3ff0a9f140da1c58903648de05
large,output/notebook2_create_vir_graph/link_prediction/proteins/k10/hybrid_degree/deepwalk_s43.emb,32007185,c58d4c858b04e5439540753874c53086ad2a5f2867667431a02caba15fe14cf7
large,output/notebook2_create_vir_graph/link_prediction/proteins/k10/hybrid_degree/deepwalk_s44.emb,31991850,af0333caa0c448f8fe038c7daf1cdbc4556a1b65687e78f5a2200dcf0c07cc2a
large,output/notebook2_create_vir_graph/link_prediction/proteins/k10/original/deepwalk_s42.emb,31323117,1d26543716b2fe1ef410cf7c924c4c3f6944ffa67ea1eddc4fdaf23d4e3dfe30
large,output/notebook2_create_vir_graph/link_prediction/proteins/k10/original/deepwalk_s43.emb,31282028,eb08d672c139e82204a522a25b07511db3a93ed284f5503964a23e77d4445894
large,output/notebook2_create_vir_graph/link_prediction/proteins/k10/original/deepwalk_s44.emb,31280059,5b3e8b9aa796afbddba4b627959d2f94c084d4e189225e0bef4ddc2c1a0a3697
large,output/notebook2_create_vir_graph/link_prediction/proteins/k10/psi/deepwalk_s42.emb,31378538,f14277a4d6779e63db048878af7661cd35da2754d980cfd21dee33247d047c9f
large,output/notebook2_create_vir_graph/link_prediction/proteins/k10/psi/deepwalk_s43.emb,31450487,f4bbaea4b7cbd26e3472dff4b8f68473d21df985d4cfb9c81b2c13888a6e0a41
large,output/notebook2_create_vir_graph/link_prediction/proteins/k10/psi/deepwalk_s44.emb,31325736,573915d5308c996b81c7d400a6a814b0a8d438662d74a7d4ee703b5679f3ca6b
large,output/notebook2_create_vir_graph/link_prediction/pubmed/k10/centrality/deepwalk_s42.emb,14213810,58d728cc49eb5e6fcc98954383b5b4983e637a515b955e0be4957a2681a46ef5
large,output/notebook2_create_vir_graph/link_prediction/pubmed/k10/centrality/deepwalk_s43.emb,14163887,4c969d2986c3153e2caac9c29c6a14d3c0495349097fd2bd08b20be09e3f1003
large,output/notebook2_create_vir_graph/link_prediction/pubmed/k10/centrality/deepwalk_s44.emb,14126778,31cf5714c9226c78d2c759203190b7a4a4d86903f177878613df82da8f0ed223
large,output/notebook2_create_vir_graph/link_prediction/pubmed/k10/degree/deepwalk_s42.emb,14391604,41c7c670723905fccaee765fd896b63dccd234f2bbc299dca904dcc3e4c6a701
large,output/notebook2_create_vir_graph/link_prediction/pubmed/k10/degree/deepwalk_s43.emb,14374106,af261d2007e004a2ebe35fce2e41b4f0a405675acbfaad5594516fe91a33ea4d
large,output/notebook2_create_vir_graph/link_prediction/pubmed/k10/degree/deepwalk_s44.emb,14342992,97133f5f76d49fec3bcd3aaa74f4b3b283d97cd7468c0f93b597cb4ff01e0157
large,output/notebook2_create_vir_graph/link_prediction/pubmed/k10/hybrid/deepwalk_s42.emb,14291757,6615c739b75c2038896ca234d5b294ba080961f0daf2bce05931606d18100afa
large,output/notebook2_create_vir_graph/link_prediction/pubmed/k10/hybrid/deepwalk_s43.emb,14282812,dbd2d29dd09fb182192df6da0758425ac938cedb74d7ce50ac768c4021955fd9
large,output/notebook2_create_vir_graph/link_prediction/pubmed/k10/hybrid/deepwalk_s44.emb,14287131,b8290df67d032b8d70e1960d6c646ca391f1bddbb834fe2bfdb44ba90362d03c
large,output/notebook2_create_vir_graph/link_prediction/pubmed/k10/hybrid_centrality/deepwalk_s42.emb,14287442,59084a064aaaf4f71195e7800df036c9423193a7b70567dbfc59cd7fcdfd21ea
large,output/notebook2_create_vir_graph/link_prediction/pubmed/k10/hybrid_centrality/deepwalk_s43.emb,14222699,6d7167244c871d6c8e5d371f14b34a3e563fe54fbf47fa16a6bdf278f39df8eb
large,output/notebook2_create_vir_graph/link_prediction/pubmed/k10/hybrid_centrality/deepwalk_s44.emb,14284955,1f23616a0349e80822989f1071a3c433882b907ca61f446dbc48e204c95d383a
large,output/notebook2_create_vir_graph/link_prediction/pubmed/k10/hybrid_degree/deepwalk_s42.emb,14550637,ee1e3c100355c38a8cd1db48cb10194076f828d6515666ae2048982a97c67674
large,output/notebook2_create_vir_graph/link_prediction/pubmed/k10/hybrid_degree/deepwalk_s43.emb,14500648,c0d31924e5b763769adadb8a402431031f7b808e99a7332de01c32cd7cb3e31e
large,output/notebook2_create_vir_graph/link_prediction/pubmed/k10/hybrid_degree/deepwalk_s44.emb,14529017,f63b5425c933b5a6674b0a98201623a3757c9efbf650c222178e44a144dac1a0
large,output/notebook2_create_vir_graph/link_prediction/pubmed/k10/original/deepwalk_s42.emb,14286782,63d90037cc72694e33035116cb58587150e62bb0813e523d541e0881ca119bb6
large,output/notebook2_create_vir_graph/link_prediction/pubmed/k10/original/deepwalk_s43.emb,14254487,64eeb8118e4fa441eae189b7613d2a1ea3cd8727700505cc9b619f84e1a44fe0
large,output/notebook2_create_vir_graph/link_prediction/pubmed/k10/original/deepwalk_s44.emb,14247638,34a8998e885a34b4f922fc98e7ccf5d138ec7a4277bc5db01e7ca0850d419484
large,output/notebook2_create_vir_graph/link_prediction/pubmed/k10/psi/deepwalk_s42.emb,14255043,05b5e384b867dc89b2ac344be8d0ea42a66dc4b4e53c1d76d2564ea9047bfae5
large,output/notebook2_create_vir_graph/link_prediction/pubmed/k10/psi/deepwalk_s43.emb,14202803,dba4daa5ae6a5bf84eb0c4e5c683216e9bb93c3f03b3a7735086e7529a76c93b
large,output/notebook2_create_vir_graph/link_prediction/pubmed/k10/psi/deepwalk_s44.emb,14160856,8f314ede560e1d71becf20f8e544716062ab7f04ca55ad96307f9b3caa3885be
large,output/notebook2_create_vir_graph/link_prediction/questions/k10/centrality/deepwalk_s42.emb,35162072,2277276472c02003651fc9c8d2f4dc4154ced369b0aa1e1582174681e75f4f02
large,output/notebook2_create_vir_graph/link_prediction/questions/k10/centrality/deepwalk_s43.emb,35274035,4d24b84dfbad064a740773fcf3332e440c9706d48d89b00bac5c65b0946bfeef
large,output/notebook2_create_vir_graph/link_prediction/questions/k10/centrality/deepwalk_s44.emb,35138364,68538cddfb40b2a28f3b5386ec51806a574cdfd45af368a5f4ed4207f5347c8f
large,output/notebook2_create_vir_graph/link_prediction/questions/k10/degree/deepwalk_s42.emb,35743844,d0d505be5f44e195ebbd65b23ff85ce48625e3ef2525d0f0b2edea6689b6bdca
large,output/notebook2_create_vir_graph/link_prediction/questions/k10/degree/deepwalk_s43.emb,35807516,cefdd4c6a3ea79be83bea1df5b0961a810e2366aab120d09c873941e5424e297
large,output/notebook2_create_vir_graph/link_prediction/questions/k10/degree/deepwalk_s44.emb,35652207,e3b851c4b947b06d94d6ab995c74a976028b544a395c8bcee6e14eb04ca5b29d
large,output/notebook2_create_vir_graph/link_prediction/questions/k10/hybrid/deepwalk_s42.emb,35861836,efd86c213b0840d5f06ff29390c48ec389dba512a54c60190a8036231db44094
large,output/notebook2_create_vir_graph/link_prediction/questions/k10/hybrid/deepwalk_s43.emb,35754555,65d3de20adc874cfa79b63fed44b90cd7878a4c3b37bc08b676f671dfab9020a
large,output/notebook2_create_vir_graph/link_prediction/questions/k10/hybrid/deepwalk_s44.emb,35736967,8ea2d05405cd1031ee4d7a04534c62308451a168b9c84042df02d3cb5a06285e
large,output/notebook2_create_vir_graph/link_prediction/questions/k10/hybrid_centrality/deepwalk_s42.emb,35470155,f96caf0ca7e5bcd819f66074137a076a681a725c3e41240a3775d98c36a73bfc
large,output/notebook2_create_vir_graph/link_prediction/questions/k10/hybrid_centrality/deepwalk_s43.emb,35402132,1f2573aeb3933436041a9f00c7001acc209778f7e838b067c0436d3da1a7b480
large,output/notebook2_create_vir_graph/link_prediction/questions/k10/hybrid_centrality/deepwalk_s44.emb,35444997,c2e07f6c18af18da9b895131b90407030ae78670d3c783acf07a5703bead696b
large,output/notebook2_create_vir_graph/link_prediction/questions/k10/hybrid_degree/deepwalk_s42.emb,36052814,27e503541264d8f023199d4114f7356618a613b5e7b756fb82b1443d226ddedf
large,output/notebook2_create_vir_graph/link_prediction/questions/k10/hybrid_degree/deepwalk_s43.emb,36014982,988aee77c0b4db3d9d9b603cd2040b7cc18c8adad2b801225a8464efdb378f77
large,output/notebook2_create_vir_graph/link_prediction/questions/k10/hybrid_degree/deepwalk_s44.emb,35974872,33edf3adb04e9d6ae3c75b1d3eb469e2eee9be62fa43e721cc6f0849b725a28e
large,output/notebook2_create_vir_graph/link_prediction/questions/k10/original/deepwalk_s42.emb,35482056,8643a77428ed939d77f79c98f09d269bd4a8633e5670f8036a9ba50b515c3305
large,output/notebook2_create_vir_graph/link_prediction/questions/k10/original/deepwalk_s43.emb,35563382,d5516a8cb89207b790a84bb6da6858d3f0231def6ad8635480dc5d497a2804ae
large,output/notebook2_create_vir_graph/link_prediction/questions/k10/original/deepwalk_s44.emb,35592686,83b31284e63ea7c278d08b311982ead1e70779415389d1d736f8cbd15a336b9c
large,output/notebook2_create_vir_graph/link_prediction/questions/k10/psi/deepwalk_s42.emb,35623535,7ee269def62c8044de1af06192e89c5686b90a2559bbfacd4aa3e1a49c18fbcd
large,output/notebook2_create_vir_graph/link_prediction/questions/k10/psi/deepwalk_s43.emb,35597859,1821df298de087f18626c8e952ac862683facf715a90e3055fb0e44e908665ea
large,output/notebook2_create_vir_graph/link_prediction/questions/k10/psi/deepwalk_s44.emb,35545219,30c8369f367f357f5ea1b42c5d3ad368a754bcc84325fd7e76d7293fd4b8bc77
large,output/notebook2_create_vir_graph/link_prediction/roman_empire/k10/centrality/deepwalk_s42.emb,16607133,5c32607b73ece9b75bc56914c79f441ac8ac281772c03c21b8a2ba68370e527b
large,output/notebook2_create_vir_graph/link_prediction/roman_empire/k10/centrality/deepwalk_s43.emb,16493527,c26aea624eaa390e87eb3264d631f42363ca0df9bd016f5ab46338386e8b8dad
large,output/notebook2_create_vir_graph/link_prediction/roman_empire/k10/centrality/deepwalk_s44.emb,16525815,3b206350a95a48bd3c28aecdb7cf72e3e4650f517e38c7b222ed6a4d4c4269c0
large,output/notebook2_create_vir_graph/link_prediction/roman_empire/k10/degree/deepwalk_s42.emb,16677681,e362ef074fd271dd9eeb012b642c28af0f66dc009a5b76f358add00ceec2b575
large,output/notebook2_create_vir_graph/link_prediction/roman_empire/k10/degree/deepwalk_s43.emb,16581824,358d686e349bceace015cdef4ba7d5a69c55c7ffa300c79b67fa827e774cff38
large,output/notebook2_create_vir_graph/link_prediction/roman_empire/k10/degree/deepwalk_s44.emb,16558129,8bb50e3440fff6ab6570309e4ec2c254d3e82a21e23ceff7906bf3734b023e7c
large,output/notebook2_create_vir_graph/link_prediction/roman_empire/k10/hybrid/deepwalk_s42.emb,16404006,d5a1c635e1372b0805e09c6986865af201e86b9381a613c6b4f654da9c62d17f
large,output/notebook2_create_vir_graph/link_prediction/roman_empire/k10/hybrid/deepwalk_s43.emb,16348701,a0622c06c4a7f5c03c57ec636bc84d1835521483deba789750094cd6baf2733d
large,output/notebook2_create_vir_graph/link_prediction/roman_empire/k10/hybrid/deepwalk_s44.emb,16352528,10bf1c5ae89ab3efe8d83f9d7b0c8055f43ee345fbedcb700465728a6e0a17d7
large,output/notebook2_create_vir_graph/link_prediction/roman_empire/k10/hybrid_centrality/deepwalk_s42.emb,16626767,6e47b004f7fdadfd1de100d8d5277f4178560ee608c341e9d970d02ca2936428
large,output/notebook2_create_vir_graph/link_prediction/roman_empire/k10/hybrid_centrality/deepwalk_s43.emb,16554172,d74ead3f78e5b2697c643ba96a58ea63e242a90886df92153b82734bd1e9bfc9
large,output/notebook2_create_vir_graph/link_prediction/roman_empire/k10/hybrid_centrality/deepwalk_s44.emb,16547532,d7c1c0c848f517451f1f9fbd00464fcf5676e15c640bb33300aa119ed3419411
large,output/notebook2_create_vir_graph/link_prediction/roman_empire/k10/hybrid_degree/deepwalk_s42.emb,16793588,0a6d77c65a914ad5707f88aca186909133372b70259226b090766db23c9eab78
large,output/notebook2_create_vir_graph/link_prediction/roman_empire/k10/hybrid_degree/deepwalk_s43.emb,16713121,3c256bcc4b7aee8c4ac65b962a69e36f5c4e1f2fa41e412920d5961a65d11aae
large,output/notebook2_create_vir_graph/link_prediction/roman_empire/k10/hybrid_degree/deepwalk_s44.emb,16658634,314b40c4af63bc6f2601054d70dba1c0fb7e263882f9f7faf691f252a54fb28a
large,output/notebook2_create_vir_graph/link_prediction/roman_empire/k10/original/deepwalk_s42.emb,16392861,d72005a06855d11e7b9b0e6c6c897945b7aa07790049d0442d080a619ea2dfb2
large,output/notebook2_create_vir_graph/link_prediction/roman_empire/k10/original/deepwalk_s43.emb,16330466,500391914416942e42b2b9c495270faf0217101a681b1dc2c129352c746b639e
large,output/notebook2_create_vir_graph/link_prediction/roman_empire/k10/original/deepwalk_s44.emb,16313566,421e15f7c65da5786992767f3af135378608ec74d1920793288feeed84072955
large,output/notebook2_create_vir_graph/link_prediction/roman_empire/k10/psi/deepwalk_s42.emb,16385506,d67e145990955554bb8a0399d6cbd53b2faae23f43c0396c08cdd5d6e4a44cfe
large,output/notebook2_create_vir_graph/link_prediction/roman_empire/k10/psi/deepwalk_s43.emb,16320836,3755719deb5049fed8670a4c3b83640fa31b7d6559c82443b25485328b5a2e96
large,output/notebook2_create_vir_graph/link_prediction/roman_empire/k10/psi/deepwalk_s44.emb,16226437,bc5e68c7064b8a73604f306340994f52b95dad88100358997fd29c5a21655093
large,output/notebook2_create_vir_graph/link_prediction/spanish_highschool_6/k10/centrality/deepwalk_s42.emb,387355,005365ee17d55a0db3cd833681cb4e069889f6acbde602e12903a32ccf0cdc70
large,output/notebook2_create_vir_graph/link_prediction/spanish_highschool_6/k10/centrality/deepwalk_s43.emb,386580,6d868bd9552a02c458cb8cb5126cea18dd83bc0d073cfa133323a50a18cc3400
large,output/notebook2_create_vir_graph/link_prediction/spanish_highschool_6/k10/centrality/deepwalk_s44.emb,386987,47206d3fd97209e983fea6f8a660acaaeaf2cad516474c184a383e4c6d9309a7
large,output/notebook2_create_vir_graph/link_prediction/spanish_highschool_6/k10/degree/deepwalk_s42.emb,388067,7645d11514a9035ac549c773464c4bcf0f5fd9b8c64ddcbf16fb1834deeaea39
large,output/notebook2_create_vir_graph/link_prediction/spanish_highschool_6/k10/degree/deepwalk_s43.emb,385555,ee15350c1d82327995e2a804bd05306b81c699d24b08a115efab7a2132c01248
large,output/notebook2_create_vir_graph/link_prediction/spanish_highschool_6/k10/degree/deepwalk_s44.emb,386815,f900d33531c8f0ea3871cb465f08e6f0e358977745b41099da7bf2978493f376
large,output/notebook2_create_vir_graph/link_prediction/spanish_highschool_6/k10/hybrid/deepwalk_s42.emb,395268,9d95fb439ca139c50ef9e467f5d0a1c12c8506e5f4429eb3defe53c8ce43fa36
large,output/notebook2_create_vir_graph/link_prediction/spanish_highschool_6/k10/original/deepwalk_s42.emb,394033,53dab747b9e25cd2080cc92ee0368c96afaab7969801bbf7df300b54b0aeba68
large,output/notebook2_create_vir_graph/link_prediction/spanish_highschool_6/k10/original/deepwalk_s43.emb,390907,146b3e99067bbbecd315885ccaf3cb25bc2e60e0e2c29d30dc793b98791c36bf
large,output/notebook2_create_vir_graph/link_prediction/spanish_highschool_6/k10/original/deepwalk_s44.emb,393017,84f99cdf79c3d1babcf5acaf1d257e62dcb3833c6140cfdc55c86a3ae8b9610e
large,output/notebook2_create_vir_graph/link_prediction/spanish_highschool_6/k10/psi/deepwalk_s42.emb,387331,e60411dad076318a8a950797c53a6a7309a768c8acffb26cb0f35c1555ce602e
large,output/notebook2_create_vir_graph/link_prediction/spanish_highschool_6/k10/psi/deepwalk_s43.emb,384839,5596439ae6db23411e1cd75ab2bd57cc6685d2d2a8e21a375e5d636daf85ee87
large,output/notebook2_create_vir_graph/link_prediction/spanish_highschool_6/k10/psi/deepwalk_s44.emb,388380,629113ceec0f3514629cae941893dfb046fec5ca79a00fd713461ab80bdf7ea6
large,output/notebook2_create_vir_graph/link_prediction/squirrel_filtered/k10/centrality/deepwalk_s42.emb,1602031,13bca4fac0f3453bd69069e379eafb1732a81e1df92b045f8a9e183a4f8aecd6
large,output/notebook2_create_vir_graph/link_prediction/squirrel_filtered/k10/centrality/deepwalk_s43.emb,1600816,1da4d54015b1dc9e2f51dc613e7ab7f18e32e02d727d9c28c51665d7d40cc9c4
large,output/notebook2_create_vir_graph/link_prediction/squirrel_filtered/k10/centrality/deepwalk_s44.emb,1599503,949ff82d2e1af07c99bab2e2b1a19579cb064e4daa1324e808f505314f8acb3e
large,output/notebook2_create_vir_graph/link_prediction/squirrel_filtered/k10/degree/deepwalk_s42.emb,1609374,04a939d7b24791645af988376e25499e0d9b2d92fb14c51c2b14cd30108278f1
large,output/notebook2_create_vir_graph/link_prediction/squirrel_filtered/k10/degree/deepwalk_s43.emb,1604335,33a24030f6c2e9fe7d3c99faf2cdf28815449188fbe9b364b9c4deed4ffbd03b
large,output/notebook2_create_vir_graph/link_prediction/squirrel_filtered/k10/degree/deepwalk_s44.emb,1615305,a06aa4ddf7e6f21b13cd878a626dd63c2f379a738b41abbaefe287d42ee979ed
large,output/notebook2_create_vir_graph/link_prediction/squirrel_filtered/k10/hybrid/deepwalk_s42.emb,1634270,9efb2ed637d853a94cc7babdd98ccabecb73f7caf24f3eb38533353d9991c947
large,output/notebook2_create_vir_graph/link_prediction/squirrel_filtered/k10/hybrid/deepwalk_s43.emb,1623712,9e85c30e61d3ad08c9c5bc869a4ff2afda79c5a6c76e863844f0fd8a06771207
large,output/notebook2_create_vir_graph/link_prediction/squirrel_filtered/k10/hybrid/deepwalk_s44.emb,1633078,313dd1e8ff42d3869fcee73258499d2a2b29875998c31cfeba9d1fe5ced60a4e
large,output/notebook2_create_vir_graph/link_prediction/squirrel_filtered/k10/hybrid_centrality/deepwalk_s42.emb,1635726,825235333978f1cc78d7e6bfe6601cc4463c7c54f4e57c97f7e6b3cf4daf43ac
large,output/notebook2_create_vir_graph/link_prediction/squirrel_filtered/k10/hybrid_centrality/deepwalk_s43.emb,1625924,56d8a241a1ddc0a2aeb0df24d0569bbfceebabab011547ac76ff5fa7033b92fc
large,output/notebook2_create_vir_graph/link_prediction/squirrel_filtered/k10/hybrid_centrality/deepwalk_s44.emb,1631785,25ba503bad84806d1896bee1f32321ae295e7874c7a1c6911e6fa1ec483cc8b9
large,output/notebook2_create_vir_graph/link_prediction/squirrel_filtered/k10/hybrid_degree/deepwalk_s42.emb,1637023,1aae2c068aa1e1a6846121c9321fc8dd9f5869d67aa8a069861b5901bd9331ca
large,output/notebook2_create_vir_graph/link_prediction/squirrel_filtered/k10/hybrid_degree/deepwalk_s43.emb,1633225,c137d6f4df8dac233de50ae99638375fd592032a8fed3e03f5217c7ddfa8ced4
large,output/notebook2_create_vir_graph/link_prediction/squirrel_filtered/k10/hybrid_degree/deepwalk_s44.emb,1636926,d24936adde2ebcf57c4d692211dda4782c9b40cea299c7d846a488a24a016848
large,output/notebook2_create_vir_graph/link_prediction/squirrel_filtered/k10/original/deepwalk_s42.emb,1640038,c649b879576c8a1ed14db7372f668259e9d137d86e50df8642628761f6af7ef5
large,output/notebook2_create_vir_graph/link_prediction/squirrel_filtered/k10/original/deepwalk_s43.emb,1632394,2ad4fb6c3693afb6cedb7c638eaf783969ea34eb23de721b29886143b817d8fa
large,output/notebook2_create_vir_graph/link_prediction/squirrel_filtered/k10/original/deepwalk_s44.emb,1634544,9435641ba755f6d4afe1e7135fb3ec2484c0a8d8df053759fc016a037b52a303
large,output/notebook2_create_vir_graph/link_prediction/squirrel_filtered/k10/psi/deepwalk_s42.emb,1605031,4dfb2ff893c3e323ddc1e80c6bf850d67d93a38febbe8fb5bf15c0eeb1382f0e
large,output/notebook2_create_vir_graph/link_prediction/squirrel_filtered/k10/psi/deepwalk_s43.emb,1602617,9de63f417b6f8bb9fe345aa5b5da30f4c7baa308c2d0c2cf3fceb0771e45f1dc
large,output/notebook2_create_vir_graph/link_prediction/squirrel_filtered/k10/psi/deepwalk_s44.emb,1609116,7450c11b9deb476d9cd338e7f74aa3664a49b8b84077753a45babd55a63125c4
large,output/notebook2_create_vir_graph/link_prediction/tolokers/k10/centrality/deepwalk_s42.emb,8466182,8820e2a5b07099f07f5835d6918ba606a05fe253061947902559119bf1386566
large,output/notebook2_create_vir_graph/link_prediction/tolokers/k10/centrality/deepwalk_s43.emb,8492423,a693b9841bee2f2febb9b1eab93795c8dc80c4a12b665f49274f0eeac8d7fa98
large,output/notebook2_create_vir_graph/link_prediction/tolokers/k10/centrality/deepwalk_s44.emb,8469116,b811dcd25ae1f27e1c9f628597c4f89b28fc7ce93d65a25946c8f0f353bcd2a4
large,output/notebook2_create_vir_graph/link_prediction/tolokers/k10/degree/deepwalk_s42.emb,8508741,2317eb3462e7c6a1733b1e63f33f9fb848a30a193b108068bc40445f9a9a28bd
large,output/notebook2_create_vir_graph/link_prediction/tolokers/k10/degree/deepwalk_s43.emb,8523609,d316adcfc47bd62fa757755972106f702fe48c776fd478c48f6b203f0600ffd3
large,output/notebook2_create_vir_graph/link_prediction/tolokers/k10/degree/deepwalk_s44.emb,8479465,533f9c4b772d1908145fd5a417e7e73c5d5f8c0c29f0411f2e0917e709f00ff0
large,output/notebook2_create_vir_graph/link_prediction/tolokers/k10/hybrid/deepwalk_s42.emb,8698774,91844cb488aa9ee03f82044a520ce0daf7b68175d6b82fd7452d66bebc1e6e2f
large,output/notebook2_create_vir_graph/link_prediction/tolokers/k10/hybrid/deepwalk_s43.emb,8679088,528ddbeed1bdd22d85f5b32c624fa60dd082630a84d3590b93e94a7384bec3c5
large,output/notebook2_create_vir_graph/link_prediction/tolokers/k10/hybrid/deepwalk_s44.emb,8698536,461334d974f7d1e7dd0efb6df49110d364a2250af2c735b0e7f3c6dacd217130
large,output/notebook2_create_vir_graph/link_prediction/tolokers/k10/hybrid_centrality/deepwalk_s42.emb,8724449,de571708269fe9c639fb12e4d30f3205b08d0ef21cd6dbf0dbb8a0fc78595541
large,output/notebook2_create_vir_graph/link_prediction/tolokers/k10/hybrid_centrality/deepwalk_s43.emb,8675877,9c0fef15b07ab8337a6e5c790b7866b7f0801958c1dafab560ebf19e2abc61a9
large,output/notebook2_create_vir_graph/link_prediction/tolokers/k10/hybrid_centrality/deepwalk_s44.emb,8707983,a9ae19dcc7592318362b753ab17868bda0bcdc999d3867c060dbb7cc1aaa2870
large,output/notebook2_create_vir_graph/link_prediction/tolokers/k10/hybrid_degree/deepwalk_s42.emb,8721904,e3b122e97d2f569288352f7b961661ad8198654e816f82590f80236be9b1af34
large,output/notebook2_create_vir_graph/link_prediction/tolokers/k10/hybrid_degree/deepwalk_s43.emb,8668450,433ad83162b43b16ff915ab3b70abeaab79c3e770177f7efefd82b6fd8e5bc68
large,output/notebook2_create_vir_graph/link_prediction/tolokers/k10/hybrid_degree/deepwalk_s44.emb,8692398,82b11cf88a410cc9c9d4f3f5664357b8acb15940bf508f0ac2cfabe5f31c9b29
large,output/notebook2_create_vir_graph/link_prediction/tolokers/k10/original/deepwalk_s42.emb,8732409,299a6e915bd22bd9c4bb27d16bde8689294632d685e208bcad10150793e471be
large,output/notebook2_create_vir_graph/link_prediction/tolokers/k10/original/deepwalk_s43.emb,8692214,aa9350a2e94e1073b105285e84b961d7bc4fc788453a3571ad18a0f5a971c7ae
large,output/notebook2_create_vir_graph/link_prediction/tolokers/k10/original/deepwalk_s44.emb,8690057,8e25fff9871e3683a02a2639aacd49aceea2c4019e43c80a0c89824c518ae581
large,output/notebook2_create_vir_graph/link_prediction/tolokers/k10/psi/deepwalk_s42.emb,8472358,164a94e53ff53af5121510ec9feb408d0b27328fadd1a3e2668d7e11686adb39
large,output/notebook2_create_vir_graph/link_prediction/tolokers/k10/psi/deepwalk_s43.emb,8462923,bf1d680a9a3b94720f34f517f0f9a7562bae45b8fce28902d299555876d04843
large,output/notebook2_create_vir_graph/link_prediction/tolokers/k10/psi/deepwalk_s44.emb,8471890,a0404096ba42390f822fa4dbc9543baba1035565a2bc858ad54bb29202bf6d2d
large,output/notebook2_create_vir_graph/link_prediction/twitch_de/k10/centrality/deepwalk_s42.emb,6867085,b54aee22e558af6420a824fea2835317eecc47f6e798b17ea4e66e2dcf7b7453
large,output/notebook2_create_vir_graph/link_prediction/twitch_de/k10/centrality/deepwalk_s43.emb,6837497,0e7fe7a4c52658f09c30c39aefa4a428a53ff1a0ca1ec8948079f5fa303103e0
large,output/notebook2_create_vir_graph/link_prediction/twitch_de/k10/centrality/deepwalk_s44.emb,6843347,74fcee1308f8cdb6312ec223295f4590229cb779b8c4e317b68c7f2a3f1e0581
large,output/notebook2_create_vir_graph/link_prediction/twitch_de/k10/degree/deepwalk_s42.emb,6896047,8b58fb1296315e4e4f5f9c825ee728b88f3731e88dc78dc522cbfbad3515b024
large,output/notebook2_create_vir_graph/link_prediction/twitch_de/k10/degree/deepwalk_s43.emb,6891458,a348156d5dc765239fbac74a2bdad134101ee6788398c18a67070d6012f82e74
large,output/notebook2_create_vir_graph/link_prediction/twitch_de/k10/degree/deepwalk_s44.emb,6865658,e824817ff25b19e4c95120ff123da7379e7307b503832485ea31523c7ae24eeb
large,output/notebook2_create_vir_graph/link_prediction/twitch_de/k10/hybrid/deepwalk_s42.emb,6982396,8ec8bad4882ccf0875c8f843c73765034d4aa6e81d63638f419f8ac2d57c5a21
large,output/notebook2_create_vir_graph/link_prediction/twitch_de/k10/hybrid/deepwalk_s43.emb,6952381,2f846ca7c969fe176c8407e65990ec59f0a29f32f089561620af07d7b18438be
large,output/notebook2_create_vir_graph/link_prediction/twitch_de/k10/hybrid/deepwalk_s44.emb,6984205,efe7e96042ed5ac7e4d9f8a135e6d920c6e0f9b31682be26b13de054d292a07f
large,output/notebook2_create_vir_graph/link_prediction/twitch_de/k10/hybrid_centrality/deepwalk_s42.emb,6974992,d14d188d2b967dc848648248e459533ca448e896b25544a23feaeec7c8888f68
large,output/notebook2_create_vir_graph/link_prediction/twitch_de/k10/hybrid_centrality/deepwalk_s43.emb,6956927,c475b2e378b7691d218a062c122b4c5b0eb289b651154c253f644b2d91781637
large,output/notebook2_create_vir_graph/link_prediction/twitch_de/k10/hybrid_centrality/deepwalk_s44.emb,6967769,39a62363e018b8f248102f94e16db8c0bb7f25558659805327d8ebb97f6fa286
large,output/notebook2_create_vir_graph/link_prediction/twitch_de/k10/hybrid_degree/deepwalk_s42.emb,6990708,154271d1a773e0684378175c79fba5612b13f530cca61b13914676964cd6346e
large,output/notebook2_create_vir_graph/link_prediction/twitch_de/k10/hybrid_degree/deepwalk_s43.emb,6984220,9ba3719c20377f7bc9b476a3e74441a2b9f4d6671a1cbdc30d358da1536f59ad
large,output/notebook2_create_vir_graph/link_prediction/twitch_de/k10/hybrid_degree/deepwalk_s44.emb,6997294,d02000569be30122e35472bb4e60ad80ad8c64cdc10588b36993a2af52efcff4
large,output/notebook2_create_vir_graph/link_prediction/twitch_de/k10/original/deepwalk_s42.emb,7024826,bc0dece755fb6dde0e7ad6dbdc98afc295c93b85f1a95d3b0a915872db39fb66
large,output/notebook2_create_vir_graph/link_prediction/twitch_de/k10/original/deepwalk_s43.emb,7011553,a28a62e1e2cf636576585432ced663be92db38752e2e318ef7d62801b90378c8
large,output/notebook2_create_vir_graph/link_prediction/twitch_de/k10/original/deepwalk_s44.emb,7016215,ffa63f1eb150f215819cca2e5f68d10eec148a23281c556a3b3353087e7555b6
large,output/notebook2_create_vir_graph/link_prediction/twitch_de/k10/psi/deepwalk_s42.emb,6883076,fc9681c536e6232ce56f6cc98978a59a7886e88d7059c4832b9a66ce8bc12e99
large,output/notebook2_create_vir_graph/link_prediction/twitch_de/k10/psi/deepwalk_s43.emb,6852050,dc57b8df97571005f3ff8b1164515b0afe1f112d61e9e753572f470b1510ade1
large,output/notebook2_create_vir_graph/link_prediction/twitch_de/k10/psi/deepwalk_s44.emb,6857143,97373abcc728afdfcfed1a067c45d9688d8e966c9c5b85a43dbf016dc1bbee36
large,output/notebook2_create_vir_graph/link_prediction/wisconsin/k10/centrality/deepwalk_s42.emb,183273,e4eb5dc11c6b33a031de08df5b7f8d9f5fa63802224d0b0b8d437d8af5beea7d
large,output/notebook2_create_vir_graph/link_prediction/wisconsin/k10/centrality/deepwalk_s43.emb,181844,609eb129e167a792eea32923be7e93e00c020f70f8d335f92e3bbc643158a43c
large,output/notebook2_create_vir_graph/link_prediction/wisconsin/k10/centrality/deepwalk_s44.emb,182649,887226fc778a411ffccba7f804e64589aeefff0c2c7c6d924a56adba071293d2
large,output/notebook2_create_vir_graph/link_prediction/wisconsin/k10/degree/deepwalk_s42.emb,184595,c4dce0b6f447e97bcfafc173e52fb4a11e67a208725f69572297507254cbd166
large,output/notebook2_create_vir_graph/link_prediction/wisconsin/k10/degree/deepwalk_s43.emb,183133,5fe40c1fb090003455863a5200c1327ad4b7a1ca10a58b880437ec00f6002d6e
large,output/notebook2_create_vir_graph/link_prediction/wisconsin/k10/degree/deepwalk_s44.emb,184299,c780c6ce6c7d88a280599dbc8843d4c1e0b22e2070c1e6635f9d74a1f2fab1e7
large,output/notebook2_create_vir_graph/link_prediction/wisconsin/k10/hybrid/deepwalk_s42.emb,185627,dbffef79ea2316535353b7b30359a0a46c3123ac0991876bd3a2fc4829f6ec70
large,output/notebook2_create_vir_graph/link_prediction/wisconsin/k10/hybrid/deepwalk_s43.emb,184366,904c17d5712a0f9b1ddc818a785695122c1af90d06b5b9007681f1427ff01121
large,output/notebook2_create_vir_graph/link_prediction/wisconsin/k10/hybrid/deepwalk_s44.emb,184774,edc1fae599f44400957d24258f53d7d0c7f7fca34c600f3946e6b302c21a68d9
large,output/notebook2_create_vir_graph/link_prediction/wisconsin/k10/hybrid_centrality/deepwalk_s42.emb,185499,2adb41a2cfd2ae85bc298dd6c23546b84bfd65a1c467e18661481ee743dfea61
large,output/notebook2_create_vir_graph/link_prediction/wisconsin/k10/hybrid_centrality/deepwalk_s43.emb,183942,ddb4ee88b6f6d74951ab416e42115b5f71e303b217e024fe466a48f72e3e7417
large,output/notebook2_create_vir_graph/link_prediction/wisconsin/k10/hybrid_centrality/deepwalk_s44.emb,184588,600c4ba7d1e9bd4de6d3261c68188c524f04994f11158c74fee5f5b02a6a8dc5
large,output/notebook2_create_vir_graph/link_prediction/wisconsin/k10/hybrid_degree/deepwalk_s42.emb,187443,d555b3d64592d42c45975d6767f95d051aa3715a6429f77e36c66e3466579fff
large,output/notebook2_create_vir_graph/link_prediction/wisconsin/k10/hybrid_degree/deepwalk_s43.emb,186130,136f9d1d261bbff517e3e054d0fcb73f58d81c1885fb0ea0e85076478a3aff2c
large,output/notebook2_create_vir_graph/link_prediction/wisconsin/k10/hybrid_degree/deepwalk_s44.emb,186323,36120affff3d013161429c3598f2b387efd3577dc14b88f3fc595efd6f1c1b7a
large,output/notebook2_create_vir_graph/link_prediction/wisconsin/k10/original/deepwalk_s42.emb,185390,da1f3a0e6c5c6f744682f6d65db55c16b0735a24c6aa14c6ae31b8391be6ca3c
large,output/notebook2_create_vir_graph/link_prediction/wisconsin/k10/original/deepwalk_s43.emb,185247,5d6ec02d48139c99021c53c98c0c6f9f4bb107e81a8c70d855b0796977f126d3
large,output/notebook2_create_vir_graph/link_prediction/wisconsin/k10/original/deepwalk_s44.emb,185633,9549abfd3ebcbc210328ffe52383717ab65888c0aefca2b31294f63b72365c63
large,output/notebook2_create_vir_graph/link_prediction/wisconsin/k10/psi/deepwalk_s42.emb,183836,a6d0245957218ec092f9c22562c30f437c1de9ec891dd9f9805321622ad28619
large,output/notebook2_create_vir_graph/link_prediction/wisconsin/k10/psi/deepwalk_s43.emb,182148,a2c94d595dd8bb9d6d9c98d8c75573c6a1a04e1ad50d0938574a8a58614e0396
large,output/notebook2_create_vir_graph/link_prediction/wisconsin/k10/psi/deepwalk_s44.emb,183430,96779970f656d7448f6db79e6f1bcfec40a5761c3e0b10b83859a72b8c36c423
large,output/notebook2_create_vir_graph/node_classification/actor/k10/centrality/deepwalk_s42.emb,5486888,c00431ecba0eb87a3ca40dbd0a94caa822b9325cfe9e6f0f7d2469d511e6a85c
large,output/notebook2_create_vir_graph/node_classification/actor/k10/centrality/deepwalk_s43.emb,5485017,d2e2ddc382971603b97a54b14f397ad8a806c00b2aa9cc409238c07c67924a90
large,output/notebook2_create_vir_graph/node_classification/actor/k10/centrality/deepwalk_s44.emb,5473615,c66e939cecf67474fd6a731fb721c1e0b64ddfd82c61a3c37b4e815851f46365
large,output/notebook2_create_vir_graph/node_classification/actor/k10/degree/deepwalk_s42.emb,5519735,554d8fe42c0f254d5955627671db7b2262ed5571516f8400cd5024bf5bf37875
large,output/notebook2_create_vir_graph/node_classification/actor/k10/degree/deepwalk_s43.emb,5536380,9103b316a83aab1d6dc3fb87796b46e71d55dd7af4e65ebc7b5ce184fbce47ad
large,output/notebook2_create_vir_graph/node_classification/actor/k10/degree/deepwalk_s44.emb,5521188,bcadad7335069d66ede2d4d424ee7b3038933989f8de70219f836804b1ec406f
large,output/notebook2_create_vir_graph/node_classification/actor/k10/hybrid/deepwalk_s42.emb,5540180,22b1d0b50f7968dff3c506a6c3fa9058157323de23df48614aef7e2d3c7a151c
large,output/notebook2_create_vir_graph/node_classification/actor/k10/hybrid/deepwalk_s43.emb,5535706,41b2fd6a350f25260e5ec65f9c23b66eef04b1bf8a24dd445c2c71d79ee45b87
large,output/notebook2_create_vir_graph/node_classification/actor/k10/hybrid/deepwalk_s44.emb,5534340,524d3ac8570ee920b5cc6a6bc8d416d62f8bdfbc3b1bd302eb894499f8f04f13
large,output/notebook2_create_vir_graph/node_classification/actor/k10/hybrid_centrality/deepwalk_s42.emb,5532922,734cd8974e91eddf6a3b6669182260abb170af86c9b323d6e1394baaf7cbf02a
large,output/notebook2_create_vir_graph/node_classification/actor/k10/hybrid_centrality/deepwalk_s43.emb,5539600,6b349e081f9797092deee4ecd308d5ff7e27ed68920bc75b8a303021bb0d9946
large,output/notebook2_create_vir_graph/node_classification/actor/k10/hybrid_centrality/deepwalk_s44.emb,5534298,81326cab4f8a31c4f6544675c42f35cca8edda11c1d20573ca85a8cf0518f278
large,output/notebook2_create_vir_graph/node_classification/actor/k10/hybrid_degree/deepwalk_s42.emb,5600343,32047430ea607ac5222ab5fb9b5be0a8d38c4687cfc921076622b4a89329733d
large,output/notebook2_create_vir_graph/node_classification/actor/k10/hybrid_degree/deepwalk_s43.emb,5579872,1214d618eb1f274830c1c399eca91bb650eb99df173764e9a76804340138f046
large,output/notebook2_create_vir_graph/node_classification/actor/k10/hybrid_degree/deepwalk_s44.emb,5588586,277e7922d714eb6e23653d0ea4c5abf16cfee686f01b7d28adaf42b2f3e2e12a
large,output/notebook2_create_vir_graph/node_classification/actor/k10/original/deepwalk_s42.emb,5553233,17b62b9878b6d4d323673eaea403a832fc59d5dc14b669b8465b2539db594522
large,output/notebook2_create_vir_graph/node_classification/actor/k10/original/deepwalk_s43.emb,5547404,ce9ee91898fc827c1817f4693988b67a27811e89178fb8953befecfb09e4a34c
large,output/notebook2_create_vir_graph/node_classification/actor/k10/original/deepwalk_s44.emb,5553787,3c89a6e3f404a2233b266dacac8ccedd7d8529465943f9d7bcc7555507bab861
large,output/notebook2_create_vir_graph/node_classification/actor/k10/psi/deepwalk_s42.emb,5484026,b9172b28148f21d20cab34320ad4b87498b12149e0fa5df2b9f587e5fb8da288
large,output/notebook2_create_vir_graph/node_classification/actor/k10/psi/deepwalk_s43.emb,5496610,3f6a658b1205b430af93b3e8491b5ac207f8c4892652b329edec01cd0ed42880
large,output/notebook2_create_vir_graph/node_classification/actor/k10/psi/deepwalk_s44.emb,5469864,c702acfc8131332eeb3efef9fdbd8537cca4b0bd85434c379ec92f954f3e571d
large,output/notebook2_create_vir_graph/node_classification/amazon_photo/k10/centrality/deepwalk_s42.emb,5515498,8518b29400303842daeaaeac25e7f07ec75fcbc229e7ecd04c90a2e828cef63b
large,output/notebook2_create_vir_graph/node_classification/amazon_photo/k10/centrality/deepwalk_s43.emb,5527849,c57263a1519c7baadf28d8ff4ca8b0675bf9fbe8c07772903207057f15b25785
large,output/notebook2_create_vir_graph/node_classification/amazon_photo/k10/centrality/deepwalk_s44.emb,5496162,227c9e1bd39f0522e378e9bf72b5d09e7e3821f5b58a7091153301d10fcc63c0
large,output/notebook2_create_vir_graph/node_classification/amazon_photo/k10/degree/deepwalk_s42.emb,5530133,c204531da8931c51ff2df40a11bb179be3cc282aa424a5f304d78164c1f927b8
large,output/notebook2_create_vir_graph/node_classification/amazon_photo/k10/degree/deepwalk_s43.emb,5536118,d7ffe0df4713431f19284926b09857f3ad6c09efe42246f4a739beba37bbe9f1
large,output/notebook2_create_vir_graph/node_classification/amazon_photo/k10/degree/deepwalk_s44.emb,5551506,a14305224c0bcf6a6da645ad2ff8e28466bec831aa45769960fe07754d729813
large,output/notebook2_create_vir_graph/node_classification/amazon_photo/k10/hybrid/deepwalk_s42.emb,5616950,4d4c9b1a007c9c0297dc2500526705447e3452cbb57d42f73129395fe5a26ba0
large,output/notebook2_create_vir_graph/node_classification/amazon_photo/k10/hybrid/deepwalk_s43.emb,5605517,41e2209280233878f37f9cbbce5f52f095dc7a65b124e9b9c37087e1c4f68b87
large,output/notebook2_create_vir_graph/node_classification/amazon_photo/k10/hybrid/deepwalk_s44.emb,5617398,8f58a8024f881e39df1d6dc974bde29aea043d5d5f8ce31f02b4249304323553
large,output/notebook2_create_vir_graph/node_classification/amazon_photo/k10/hybrid_centrality/deepwalk_s42.emb,5615770,d1cb1a2c5354879687dad569d9d2f3905093dee50d55519b30fa50c74bfe9499
large,output/notebook2_create_vir_graph/node_classification/amazon_photo/k10/hybrid_centrality/deepwalk_s43.emb,5589090,fc325a08988aa0610e5f1d479151cfe8ceb58f61304cee8f2e10a631ba58e681
large,output/notebook2_create_vir_graph/node_classification/amazon_photo/k10/hybrid_centrality/deepwalk_s44.emb,5614074,4a53da8455d2a852c49a97c328d7d6157777d210304a0efbbae90de36ec3c8a7
large,output/notebook2_create_vir_graph/node_classification/amazon_photo/k10/hybrid_degree/deepwalk_s42.emb,5615782,d2bd55694a3474507ecbfef59cd7ea9bfacf3343942b2a436038b2dc49e8177d
large,output/notebook2_create_vir_graph/node_classification/amazon_photo/k10/hybrid_degree/deepwalk_s43.emb,5613433,273371663060ad878b8f82bfae6cb0858b19b6d33b4356ed6db420d6915f8c18
large,output/notebook2_create_vir_graph/node_classification/amazon_photo/k10/hybrid_degree/deepwalk_s44.emb,5618375,3d00ef3892aa39526323a572383540bc9e0925d4070c01bb363403a9f1ca4c30
large,output/notebook2_create_vir_graph/node_classification/amazon_photo/k10/original/deepwalk_s42.emb,5489547,65620209f0c1073d5f2c741a65e5b186a47ba29f881da318f1e48e2ca1265fb0
large,output/notebook2_create_vir_graph/node_classification/amazon_photo/k10/original/deepwalk_s43.emb,5503478,f4f0fb391f55208a6c893cb08dc495e8683cb9acb133526420f216104c6db8e6
large,output/notebook2_create_vir_graph/node_classification/amazon_photo/k10/original/deepwalk_s44.emb,5509196,9d9bd54216056ebe90a31de5dea0f54e09c568532b3654151593416d979efedb
large,output/notebook2_create_vir_graph/node_classification/amazon_photo/k10/psi/deepwalk_s42.emb,5511491,89a051bce23c5c76e80673c3985d9fc0c004c4b9584d760d86ed9a0f3bae6258
large,output/notebook2_create_vir_graph/node_classification/amazon_photo/k10/psi/deepwalk_s43.emb,5506263,b4f706a4f9820869dc2fb87c88d2d165d72451c4a27f326545e3bcbb60ae5263
large,output/notebook2_create_vir_graph/node_classification/amazon_photo/k10/psi/deepwalk_s44.emb,5527526,67b88433d9f998247f3c2728c47aa0bd92cefb4874e3777eb1fdff04489e12d4
large,output/notebook2_create_vir_graph/node_classification/amazon_ratings/k10/centrality/deepwalk_s42.emb,17843766,a9d42036ba793b42e7d766251e8514e76410c12f1b1bbbcea57d5a7fde89324c
large,output/notebook2_create_vir_graph/node_classification/amazon_ratings/k10/centrality/deepwalk_s43.emb,17783404,4dcee305e3dd36eb57a04f15e75a6ed3bfc8c3d3e6c1268ee6a696a1ec1d9303
large,output/notebook2_create_vir_graph/node_classification/amazon_ratings/k10/centrality/deepwalk_s44.emb,17728768,e11670f02c9b0fd777c5696902e1bfa860ee074ddbd47054a5778b4b296c3ed1
large,output/notebook2_create_vir_graph/node_classification/amazon_ratings/k10/degree/deepwalk_s42.emb,17904827,64e19ae7cd386bec3269d41ada4cf01c99a3ec14769595255a7fe279fb58f8ab
large,output/notebook2_create_vir_graph/node_classification/amazon_ratings/k10/degree/deepwalk_s43.emb,17856302,c3e2a5dc53081a7a28863a10414fa2f2cbacfb011ca631ba3e2d82db2c65a149
large,output/notebook2_create_vir_graph/node_classification/amazon_ratings/k10/degree/deepwalk_s44.emb,17847228,362de14b3861c0a8acf1396cd4ad09646ee23e0723020b1ad4747de314a2259a
large,output/notebook2_create_vir_graph/node_classification/amazon_ratings/k10/hybrid/deepwalk_s42.emb,17816185,4e42639eaf2f167d09afd2c79878a218b53b34fb3a0448140a2e35f3a5599947
large,output/notebook2_create_vir_graph/node_classification/amazon_ratings/k10/hybrid/deepwalk_s43.emb,17777703,bbd7bd19bf2167a393ea9073f4df8c590515c063f0c6d58e11f64a2c432a9135
large,output/notebook2_create_vir_graph/node_classification/amazon_ratings/k10/hybrid/deepwalk_s44.emb,17760237,bb351ad8ae8a7a2a01d396c595aa7ab84d856cd036c22ffcb353c60fb02a1f45
large,output/notebook2_create_vir_graph/node_classification/amazon_ratings/k10/hybrid_centrality/deepwalk_s42.emb,17856450,8be43c491574b2758136d2fcd1c17347c07a1ea6fb3a408995ba2d408dd51543
large,output/notebook2_create_vir_graph/node_classification/amazon_ratings/k10/hybrid_centrality/deepwalk_s43.emb,17831991,37725ff69f4f8b72c24a19591bfe40c1cc20f5217fd94a0f2fdb41ab450e8fa3
large,output/notebook2_create_vir_graph/node_classification/amazon_ratings/k10/hybrid_centrality/deepwalk_s44.emb,17794708,e0d817a54a6b8ffc315a120452f8f5e943528b2f72deaf7b7f5ddefc54374e78
large,output/notebook2_create_vir_graph/node_classification/amazon_ratings/k10/hybrid_degree/deepwalk_s42.emb,18045494,bac97d531a2907bb7c767c12959d5203a0bd4b99a875474cb8dd2d922f26cd09
large,output/notebook2_create_vir_graph/node_classification/amazon_ratings/k10/hybrid_degree/deepwalk_s43.emb,18070835,923776d6c115f18a0a6a4591996fb463dd991e91f847bab74a61a05837d16fff
large,output/notebook2_create_vir_graph/node_classification/amazon_ratings/k10/hybrid_degree/deepwalk_s44.emb,18052560,fee915b876c4072c9f3bf053f641667137ed9ac5ed58d38965d129270795aa46
large,output/notebook2_create_vir_graph/node_classification/amazon_ratings/k10/original/deepwalk_s42.emb,17675941,5ae781e7622bce17b0360aa27342aab39e868f4831adc44e965314fe388aabe3
large,output/notebook2_create_vir_graph/node_classification/amazon_ratings/k10/original/deepwalk_s43.emb,17662070,04184b4af19bb0022784e32c13354ba51f937e1dd9e67b9f04b2f3863a5116a5
large,output/notebook2_create_vir_graph/node_classification/amazon_ratings/k10/original/deepwalk_s44.emb,17630397,eb145bf21b179bb97b2adb7c1e9f9c89dc0ec924777e8c7941b46796c559a718
large,output/notebook2_create_vir_graph/node_classification/amazon_ratings/k10/psi/deepwalk_s42.emb,17711304,14527e27a1c2e16a2715e1ff39cc1c45b499336c0dfd7630f452336f0fbeef7f
large,output/notebook2_create_vir_graph/node_classification/amazon_ratings/k10/psi/deepwalk_s43.emb,17599865,497bbd8e4cf9b1ac51e2acbc22dd0cc40f34252f80c2ffb188b605bde968362e
large,output/notebook2_create_vir_graph/node_classification/amazon_ratings/k10/psi/deepwalk_s44.emb,17577124,885a9af86b6f267d55fb9ff67d8d00aecc4d62a6c976f12e37c275a8264345ca
large,output/notebook2_create_vir_graph/node_classification/citeseer_linqs/k10/centrality/deepwalk_s42.emb,2363171,7bc5f0a586e30c9acc94b80f9b9e5baf00d29d471dfd68e622d93987e4e52d8c
large,output/notebook2_create_vir_graph/node_classification/citeseer_linqs/k10/centrality/deepwalk_s43.emb,2360061,d380b9c8b3f1fa5860d5a36ceb586c858e5ceccb7206822c3409c77710b989c4
large,output/notebook2_create_vir_graph/node_classification/citeseer_linqs/k10/centrality/deepwalk_s44.emb,2362242,a412293b770592dfcc5157f36a42806db5c509b9961925de7cc3bdb3cae6f8c8
large,output/notebook2_create_vir_graph/node_classification/citeseer_linqs/k10/degree/deepwalk_s42.emb,2376581,fd84f8beba9dcbbb72a7afb6dc18cbc1adb5f3f3757504c73cb9b72c778eb1a0
large,output/notebook2_create_vir_graph/node_classification/citeseer_linqs/k10/degree/deepwalk_s43.emb,2378370,ea59ab8f812cc9f3b21a6897d563977b783159e758bdddfdb75f074fc3675a9a
large,output/notebook2_create_vir_graph/node_classification/citeseer_linqs/k10/degree/deepwalk_s44.emb,2390432,daf15721a4e64eb2b8c54eb5e7223bc76e09f030eb6fd47528d5aa330fb0ba54
large,output/notebook2_create_vir_graph/node_classification/citeseer_linqs/k10/hybrid/deepwalk_s42.emb,2377900,92f17c329f89ad9f27e2a9f592d93a794e5bfda2f351b005d8d1d411e5a13435
large,output/notebook2_create_vir_graph/node_classification/citeseer_linqs/k10/hybrid/deepwalk_s43.emb,2380299,d29326058b821691c3df8efc9f7f83e8435291c48a8c8b66bbc51e948e398e5d
large,output/notebook2_create_vir_graph/node_classification/citeseer_linqs/k10/hybrid/deepwalk_s44.emb,2380439,3a156f353fbdf897f3a9c6555d3cde06b094e8f0ff087c887a65c9991ad69882
large,output/notebook2_create_vir_graph/node_classification/citeseer_linqs/k10/hybrid_centrality/deepwalk_s42.emb,2377942,1bc7ba03899e2adfca1e056f442ab720aa3670184c543ad57c2dabd109aa3b90
large,output/notebook2_create_vir_graph/node_classification/citeseer_linqs/k10/hybrid_centrality/deepwalk_s43.emb,2370791,36561526b84e986ffcf16ab1c831f6941271a4d83ad1d5de59f0b50984f68660
large,output/notebook2_create_vir_graph/node_classification/citeseer_linqs/k10/hybrid_centrality/deepwalk_s44.emb,2377808,31c66d2ae4e93fa73256650127ea032b01754ef648acf8b5ed6e9095681de802
large,output/notebook2_create_vir_graph/node_classification/citeseer_linqs/k10/hybrid_degree/deepwalk_s42.emb,2400915,3bf35995ce4bed11d2a566c66677cb19c597e7a6dc0f28f1fa6929386d4ea576
large,output/notebook2_create_vir_graph/node_classification/citeseer_linqs/k10/hybrid_degree/deepwalk_s43.emb,2405385,faf16cdf81ae41289cf1f404e6dfb659cc022c61510c84bdc565dd1a5397ca48
large,output/notebook2_create_vir_graph/node_classification/citeseer_linqs/k10/hybrid_degree/deepwalk_s44.emb,2405975,6cb282dff91178f9bf461d6b5d48a9ea979aa165f410d1d4c382afd53acb9537
large,output/notebook2_create_vir_graph/node_classification/citeseer_linqs/k10/original/deepwalk_s42.emb,2361870,a6e113ff93fa75df052858251e0f5cd1a708e82b960fd1f58da09b96188bfabc
large,output/notebook2_create_vir_graph/node_classification/citeseer_linqs/k10/original/deepwalk_s43.emb,2365092,8387e94f394e672fe6a17bfd2bc67fabbb366cd00b8763e40e74bfdee7a25d52
large,output/notebook2_create_vir_graph/node_classification/citeseer_linqs/k10/original/deepwalk_s44.emb,2350469,704d8e435b28985751ff3d67b7d6c43fc187259d4db2768154aaf5b165f83cfe
large,output/notebook2_create_vir_graph/node_classification/citeseer_linqs/k10/psi/deepwalk_s42.emb,2364713,d02eb946997ed3332fdc0b286ad3a0530235190bb5f804972b071654292030d2
large,output/notebook2_create_vir_graph/node_classification/citeseer_linqs/k10/psi/deepwalk_s43.emb,2368361,02c63b5b6695b763e9cb533afb7694a512e75731b2cc061ce6f8ef504a113ec2
large,output/notebook2_create_vir_graph/node_classification/citeseer_linqs/k10/psi/deepwalk_s44.emb,2366562,81dfd691a8a82cecaaef0e14e1aef4da9a770a36dd35671c2e4442f6127fd8ad
large,output/notebook2_create_vir_graph/node_classification/cora/k10/centrality/deepwalk_s42.emb,1949863,32ebf29b96c1e77c097cd7ced325b7b3a342a295b5da6422c3dd9769919cfe1c
large,output/notebook2_create_vir_graph/node_classification/cora/k10/centrality/deepwalk_s43.emb,1951388,dccdbb128a6439f5a9e43e55df8dfb25f9eb3695ba4d87048b8495a606c8bde6
large,output/notebook2_create_vir_graph/node_classification/cora/k10/centrality/deepwalk_s44.emb,1957060,88ac9f17d64c995c8bb46a4329ede5d400b1af1be47b416ad60a826d410f3577
large,output/notebook2_create_vir_graph/node_classification/cora/k10/degree/deepwalk_s42.emb,1974218,38b673e882b4d73d922bf5770a2977e23168f0c3842f6a893f60893b84a93c39
large,output/notebook2_create_vir_graph/node_classification/cora/k10/degree/deepwalk_s43.emb,1974528,f4e5b39e9a1eeaaa532732b6b0be530df48e4f92bf7d60a97c0ac0d9cd752b7b
large,output/notebook2_create_vir_graph/node_classification/cora/k10/degree/deepwalk_s44.emb,1981486,6d5261794d7ba8513a44d394bf2c6b914bc7481368721ab0fe9dbcc00df9eb1f
large,output/notebook2_create_vir_graph/node_classification/cora/k10/hybrid/deepwalk_s42.emb,1972831,950185d4c305a37b9e0c99985ae9805534fdbeadd1d3d3513a79f1719540a4c6
large,output/notebook2_create_vir_graph/node_classification/cora/k10/hybrid/deepwalk_s43.emb,1965908,afad83bfeb607b6ede5a43468d8e36e137905f8f2a2d5a24f83232a718548426
large,output/notebook2_create_vir_graph/node_classification/cora/k10/hybrid/deepwalk_s44.emb,1972905,caf0e83f652c2cf0058debf9e1ea9676687955b96b3f93944ffd7805e4dffde2
large,output/notebook2_create_vir_graph/node_classification/cora/k10/hybrid_centrality/deepwalk_s42.emb,1971303,8c73532a0a8c85be6b9ba65833c8ea8102cd5b55ea6d071da368df87ed452111
large,output/notebook2_create_vir_graph/node_classification/cora/k10/hybrid_centrality/deepwalk_s43.emb,1961241,3a81bf522e1ae92877d83c6fbe48c52f38c28b68a50c25f0033daa9baae7d44d
large,output/notebook2_create_vir_graph/node_classification/cora/k10/hybrid_centrality/deepwalk_s44.emb,1966402,18117bae5818c46be5350941e04a56b87a5de3d7d54d76602f21d8664dce16ae
large,output/notebook2_create_vir_graph/node_classification/cora/k10/hybrid_degree/deepwalk_s42.emb,1998205,daf89b1a8eb53208462bcaea4d0efcfd71a95129a06498aab1f8b367bd8e4c05
large,output/notebook2_create_vir_graph/node_classification/cora/k10/hybrid_degree/deepwalk_s43.emb,1992238,b173f3c327aee82a43fdaf1dd0d526259887abc7ff55cc15da24090747fcf980
large,output/notebook2_create_vir_graph/node_classification/cora/k10/hybrid_degree/deepwalk_s44.emb,1995173,d307f25190831f6240e5a958db12cdc6a21ccb7cba227600557e74b97dc863e0
large,output/notebook2_create_vir_graph/node_classification/cora/k10/original/deepwalk_s42.emb,1953584,9d1c094d3f1f4cf4b4a4f3a85ea76246e3a1772ffe7d7f9dc326786e402ee363
large,output/notebook2_create_vir_graph/node_classification/cora/k10/original/deepwalk_s43.emb,1956813,d0e0cdcf95f8de5fb187982968a78cba8a9ebf65de4d632a5dc3d51a96811d85
large,output/notebook2_create_vir_graph/node_classification/cora/k10/original/deepwalk_s44.emb,1967289,3c4520334a553287d32ef2a1fcaffc9748d595602853c89d796a4006fbdd83c4
large,output/notebook2_create_vir_graph/node_classification/cora/k10/psi/deepwalk_s42.emb,1953027,467de9c38e7627175b20638c40dce177875c77d417fa9cf97f5d1581243aaa3c
large,output/notebook2_create_vir_graph/node_classification/cora/k10/psi/deepwalk_s43.emb,1955183,112eab7ae7388b70db74caa96ece870516181a1769ac6f77ff969e6faf7f4078
large,output/notebook2_create_vir_graph/node_classification/cora/k10/psi/deepwalk_s44.emb,1952331,d3489e9d241c3cc5049a500700b07d508c21277ec06d327fe88c96ad2e077a6a
large,output/notebook2_create_vir_graph/node_classification/enzymes/k10/centrality/deepwalk_s42.emb,14061529,4351a6878aeab44167eeb4d532dc49df534f6abd38f9073abd3ef29dd9132389
large,output/notebook2_create_vir_graph/node_classification/enzymes/k10/centrality/deepwalk_s43.emb,14016891,949755022aa1167bbc08a56314d23b46e363ea490d8c1eece5d798fa2fa9fe3f
large,output/notebook2_create_vir_graph/node_classification/enzymes/k10/centrality/deepwalk_s44.emb,14018176,4740af1ff28cdf3d3be37f7537f964fe4d185625427181f4ef1bd1d75287b906
large,output/notebook2_create_vir_graph/node_classification/enzymes/k10/degree/deepwalk_s42.emb,14329493,ee6caeed0c2d21aded48b0923305a7bc1699d07580830db01b1f26a5ea1f8d16
large,output/notebook2_create_vir_graph/node_classification/enzymes/k10/degree/deepwalk_s43.emb,14259818,ae6c64af90faf0ed853c1b99ae4c838ed41853cb922dca7794c6763250e5f0d8
large,output/notebook2_create_vir_graph/node_classification/enzymes/k10/degree/deepwalk_s44.emb,14204222,eb0e57ec9f96997375c09000e65aae4208b64b9a78896f2ef09512eee692d901
large,output/notebook2_create_vir_graph/node_classification/enzymes/k10/hybrid/deepwalk_s42.emb,14173911,7af5db2f989690df94c1a26454e98adf673d9500f9e737d63b9b4c9f22da9d46
large,output/notebook2_create_vir_graph/node_classification/enzymes/k10/hybrid/deepwalk_s43.emb,14169501,17e4ca802297061dc191098231956a3f3f40724739f11ca1416021ce3bdc5d4c
large,output/notebook2_create_vir_graph/node_classification/enzymes/k10/hybrid/deepwalk_s44.emb,14125069,473b6a4b3bb7e15f74b91d99c33589598b365d05bb7150eb783db39be6eecb64
large,output/notebook2_create_vir_graph/node_classification/enzymes/k10/hybrid_centrality/deepwalk_s42.emb,14116733,fd8b59ca16fcde9437e23e14bdfe1e6258bc88937a38671e1d82038a563acd1e
large,output/notebook2_create_vir_graph/node_classification/enzymes/k10/hybrid_centrality/deepwalk_s43.emb,14093291,7e5126d6f6cc27dd36aab56e7731fbd067283a1131a9652003ff99d980bdf40a
large,output/notebook2_create_vir_graph/node_classification/enzymes/k10/hybrid_centrality/deepwalk_s44.emb,14074778,11dfb0234259aa511d7670714527a3b4153152d08a6ed5d155b3d9de165eb615
large,output/notebook2_create_vir_graph/node_classification/enzymes/k10/hybrid_degree/deepwalk_s42.emb,14395289,898074483ba429ea4230713958c8cb64dff9ef595da7af673e6cc5f1a2e14d08
large,output/notebook2_create_vir_graph/node_classification/enzymes/k10/hybrid_degree/deepwalk_s43.emb,14378250,fc0c0a354b4aca01f37d559f5c94236e814484b94e5244864dcea920d18e7998
large,output/notebook2_create_vir_graph/node_classification/enzymes/k10/hybrid_degree/deepwalk_s44.emb,14337996,8bd95f784e47104a6060ba25462cb02429488978efb56b14fdab92ac23d8b912
large,output/notebook2_create_vir_graph/node_classification/enzymes/k10/original/deepwalk_s42.emb,14058517,dee1cf63c0a959596dfb5a8188f5d1dbcc25ee671424397d2d51e558cbc832f7
large,output/notebook2_create_vir_graph/node_classification/enzymes/k10/original/deepwalk_s43.emb,14004098,ef284e6c7d2ca13cf266d61d87510461252c7176f12946bc589636939e065354
large,output/notebook2_create_vir_graph/node_classification/enzymes/k10/original/deepwalk_s44.emb,14005053,d121ab0aab079080e8b521774caa8eaeaf822e0f4f288f6aed4b9059cd780a1f
large,output/notebook2_create_vir_graph/node_classification/enzymes/k10/psi/deepwalk_s42.emb,14164900,bbe7f2728ca7c52a5ee683b8240bf33ae4914fb967597185a76ffedc13b0b44c
large,output/notebook2_create_vir_graph/node_classification/enzymes/k10/psi/deepwalk_s43.emb,14153766,4377835d298bb80fe42f9485f7af928bbf122de5fb7d2f65893bc6d1dfa396f0
large,output/notebook2_create_vir_graph/node_classification/enzymes/k10/psi/deepwalk_s44.emb,14093562,cd0bc1fb7580e1cce8cb80005372c8045bcc271dd7483ef032dd1e4aeaaa20dd
large,output/notebook2_create_vir_graph/node_classification/genetic_fission_yeast/k10/centrality/deepwalk_s42.emb,2574888,bc90a3f17c46e7043b91a4d3ce538c278d6440b0cc1b912c5cb3a26255386e26
large,output/notebook2_create_vir_graph/node_classification/genetic_fission_yeast/k10/centrality/deepwalk_s43.emb,2577654,3794a8b5e1e160f9786fb6484362217a60ef4a27ad0edef2aa510fdef0915d57
large,output/notebook2_create_vir_graph/node_classification/genetic_fission_yeast/k10/centrality/deepwalk_s44.emb,2570138,da7f08aa4eb3f1c50fdd1f29eb09df3cb5acc45d7b9cc574d8d0314da2839b6d
large,output/notebook2_create_vir_graph/node_classification/genetic_fission_yeast/k10/degree/deepwalk_s42.emb,2579111,1dc3d5f20d182998c2f69157837957ca2a93f20cceec13a06647bf4b443cdb8b
large,output/notebook2_create_vir_graph/node_classification/genetic_fission_yeast/k10/degree/deepwalk_s43.emb,2565483,8091ff45a2c4288872e1a563dc3c11729a01c6aaa80ca78e2edfa785f13247a0
large,output/notebook2_create_vir_graph/node_classification/genetic_fission_yeast/k10/degree/deepwalk_s44.emb,2582268,db361299c31bf14e6c69ba9d7d0715d0a0c25b0113d1b5a34e34e80f471474f6
large,output/notebook2_create_vir_graph/node_classification/genetic_fission_yeast/k10/hybrid/deepwalk_s42.emb,2629382,2551e7796fce6095e7268ef29134a7b29c94916ce54eafa8c6aa4f42afaaf387
large,output/notebook2_create_vir_graph/node_classification/genetic_fission_yeast/k10/hybrid/deepwalk_s43.emb,2627713,3096688d6c066a2bf3af712f41dadc5c7e30f325910d2b07885c9364f2b17961
large,output/notebook2_create_vir_graph/node_classification/genetic_fission_yeast/k10/hybrid/deepwalk_s44.emb,2620881,8b1fbc3e8028db9e991cdb0be28531fef480babcd8e8bf39e44dd59187febc9b
large,output/notebook2_create_vir_graph/node_classification/genetic_fission_yeast/k10/hybrid_centrality/deepwalk_s42.emb,2622251,47c42d3f5164c7a078df7a00833f845c6fd317c4e3efdada67426269f7a020c1
large,output/notebook2_create_vir_graph/node_classification/genetic_fission_yeast/k10/hybrid_centrality/deepwalk_s43.emb,2605343,b0dc6843237016f31bb2b5716b056380d00be6c988c25938deaf1d4f76eec0d4
large,output/notebook2_create_vir_graph/node_classification/genetic_fission_yeast/k10/hybrid_centrality/deepwalk_s44.emb,2619352,a11c4da3628e1feca407e60c393c7058015e085bb0ecc100dbabe797dfdd6470
large,output/notebook2_create_vir_graph/node_classification/genetic_fission_yeast/k10/hybrid_degree/deepwalk_s42.emb,2629689,33075072346ea39679f9e236b085de7e78c28ea3de5f47785b23ac2ed6908ee0
large,output/notebook2_create_vir_graph/node_classification/genetic_fission_yeast/k10/hybrid_degree/deepwalk_s43.emb,2618754,cdc749df15d859d3f5b115d686f2814d7cd2907f8bdd42eeec265d3f2214ee82
large,output/notebook2_create_vir_graph/node_classification/genetic_fission_yeast/k10/hybrid_degree/deepwalk_s44.emb,2628361,6d60edbf7cddd037fff197e031d61f2d4547ad8da18ea0e75bc1815b7b590fc0
large,output/notebook2_create_vir_graph/node_classification/genetic_fission_yeast/k10/original/deepwalk_s42.emb,2650096,e05e74f320d9d276d47a896f3c1ff8f7702f337315319c02f2c427ec05524c82
large,output/notebook2_create_vir_graph/node_classification/genetic_fission_yeast/k10/original/deepwalk_s43.emb,2647563,580c75e90aba94920804ad3db87ebf6996eb4ef8c962e89a44babff1f2fd1019
large,output/notebook2_create_vir_graph/node_classification/genetic_fission_yeast/k10/original/deepwalk_s44.emb,2643033,1e8b7e4c18c2b034bf1c51ee1dac091f02ac767a96fee99d948c1e11d93c3414
large,output/notebook2_create_vir_graph/node_classification/genetic_fission_yeast/k10/psi/deepwalk_s42.emb,2569881,5d2e51b9fbeb4b6b3068984d08e1497afd9574f2cc7260c3fd84d08b8652f2cf
large,output/notebook2_create_vir_graph/node_classification/genetic_fission_yeast/k10/psi/deepwalk_s43.emb,2576966,b38511d6031308425d63dd27a8402d5b808e05058f798138596d26e957698aab
large,output/notebook2_create_vir_graph/node_classification/genetic_fission_yeast/k10/psi/deepwalk_s44.emb,2575512,2dc7cd941df4e4b23b31b9b73e0d242106a3aec60f96c6e45ed4a49910b40e0f
large,output/notebook2_create_vir_graph/node_classification/lastfm_asia/k10/centrality/deepwalk_s42.emb,5495748,267556c5b294bfe0155bd1cc79a2f73231f1a9a61e59a819812adfdae57965f2
large,output/notebook2_create_vir_graph/node_classification/lastfm_asia/k10/centrality/deepwalk_s43.emb,5492030,86a011a7843abb9314455fd5790e1e2fe7a4c39b5936c99b77054c0940c45f2d
large,output/notebook2_create_vir_graph/node_classification/lastfm_asia/k10/centrality/deepwalk_s44.emb,5466899,ac5b08da49ab75cd17902db498093e29517208e5d9392e69a06d7745c361e9f3
large,output/notebook2_create_vir_graph/node_classification/lastfm_asia/k10/degree/deepwalk_s42.emb,5541725,fbebfdffd0cb0ab09822f34b8609ddef9c7d21a959bfbd570b3d96489edbea0f
large,output/notebook2_create_vir_graph/node_classification/lastfm_asia/k10/degree/deepwalk_s43.emb,5565714,95adac06788b0d7947f8776bd76c36ff61d088a73e993c91e2359514c3369509
large,output/notebook2_create_vir_graph/node_classification/lastfm_asia/k10/degree/deepwalk_s44.emb,5539660,00fbe7b470e01014b02872d851beafff6c031ef0aaff82428ca731a30f15a773
large,output/notebook2_create_vir_graph/node_classification/lastfm_asia/k10/hybrid/deepwalk_s42.emb,5560831,e18d35bce500a58d2062e8f799abd289ccf46055e7131becb1b86fc4c337bab2
large,output/notebook2_create_vir_graph/node_classification/lastfm_asia/k10/hybrid/deepwalk_s43.emb,5546742,a1dca1db7d3d1a47c092d1ac933d16bbcf0761c5cc44bb18cd1b83e1d085c7ac
large,output/notebook2_create_vir_graph/node_classification/lastfm_asia/k10/hybrid/deepwalk_s44.emb,5546648,077915ba6c4212d1375b8f4fbfa65794f3016033ddd6e8d3300f8c60523c3f00
large,output/notebook2_create_vir_graph/node_classification/lastfm_asia/k10/original/deepwalk_s42.emb,5549245,8ac0fbc29887ba9e71fa032aa568e25aa72fe0fca218c55de140292f0eaa4ed9
large,output/notebook2_create_vir_graph/node_classification/lastfm_asia/k10/original/deepwalk_s43.emb,5515903,b11b2e60b7424636ad48eff3e0adcdcbe8867a2bfe7ed95273044383f3b1a2b8
large,output/notebook2_create_vir_graph/node_classification/lastfm_asia/k10/original/deepwalk_s44.emb,5541211,42dc51b6e2c008d1e9b31dd00f5ba98eb333544635dc3059bb0be9ffba6c053f
large,output/notebook2_create_vir_graph/node_classification/lastfm_asia/k10/psi/deepwalk_s42.emb,5506525,3695db732d664c5960462e6024482fd00fbe3c1caf99961962924a05cc0ac736
large,output/notebook2_create_vir_graph/node_classification/lastfm_asia/k10/psi/deepwalk_s43.emb,5508273,33223a9fcda88a8b7e341c350ba34b7e3dafb9323e36853552b4f305ed6b1282
large,output/notebook2_create_vir_graph/node_classification/lastfm_asia/k10/psi/deepwalk_s44.emb,5514265,f2c0d7a15350307c392d2e764cfa9be52859c0ebb703c66daf822eecfdb4859f
large,output/notebook2_create_vir_graph/node_classification/ogbn_arxiv/k10/centrality/deepwalk_s42.emb,122469694,c897fad582fed1e18cafc72d9c99b013cdf81e0f12e0fafcc348c7516d4b1716
large,output/notebook2_create_vir_graph/node_classification/ogbn_arxiv/k10/centrality/deepwalk_s43.emb,122589701,5a2f1f3a3cf7ba95e578806bb4033eb9fe2c49aaffbf120ce80d568485cc4bce
large,output/notebook2_create_vir_graph/node_classification/ogbn_arxiv/k10/centrality/deepwalk_s44.emb,122242960,d43c23fcd039dc3dfe96a5fcc678a8e9a5bab219a985569ac6b8748a6a377728
large,output/notebook2_create_vir_graph/node_classification/ogbn_arxiv/k10/degree/deepwalk_s42.emb,123640940,d07f3c22e8d3d58ea58eb7c48fd4a1ead46b4c6b82f37ab40c0c3145c00aeb6c
large,output/notebook2_create_vir_graph/node_classification/ogbn_arxiv/k10/degree/deepwalk_s43.emb,122914003,9044b62691c1805c0a7cdd744c82672282918599701a8c39985606bd055c055e
large,output/notebook2_create_vir_graph/node_classification/ogbn_arxiv/k10/degree/deepwalk_s44.emb,123353066,6c9e08471d3b25b54010e601bf11cdaeccf5c85d61823ba059d0859e79a209d0
large,output/notebook2_create_vir_graph/node_classification/ogbn_arxiv/k10/hybrid/deepwalk_s42.emb,123487977,8fd09d59a83a457ea4ad82046c5d5adffb153f1428eb08a920c4fc1b917a6553
large,output/notebook2_create_vir_graph/node_classification/ogbn_arxiv/k10/hybrid/deepwalk_s43.emb,123049269,b4f3e92a920197ccb4f2eb901032ce2df57e87c452818988b5775f52be3b1f44
large,output/notebook2_create_vir_graph/node_classification/ogbn_arxiv/k10/hybrid/deepwalk_s44.emb,123235374,841f6346dfb5872b2d245482671a4e61783e1e05f18324eda320a4c5654e719b
large,output/notebook2_create_vir_graph/node_classification/ogbn_arxiv/k10/hybrid_centrality/deepwalk_s42.emb,123689025,9ec68f91fbef3617bd964707527ac22b2f75ad3657a0bbc45b256cac15b7a6e9
large,output/notebook2_create_vir_graph/node_classification/ogbn_arxiv/k10/hybrid_centrality/deepwalk_s43.emb,123280049,fba67ce346d1f8f9abc55f168a161619c650102225ff08e868babb22b86eb7ce
large,output/notebook2_create_vir_graph/node_classification/ogbn_arxiv/k10/hybrid_centrality/deepwalk_s44.emb,123419238,5c29be7dbd7bf5ce541bfd5e6e8ead70d81b01711fced8f8ab41f9380c6a533a
large,output/notebook2_create_vir_graph/node_classification/ogbn_arxiv/k10/hybrid_degree/deepwalk_s42.emb,124861751,9e937c232bb98bc9f89c063b0b4542e6c93d25e4b721e9da530b8b0785affeb5
large,output/notebook2_create_vir_graph/node_classification/ogbn_arxiv/k10/hybrid_degree/deepwalk_s43.emb,124316830,c3d5d91823e5c214463f1a60d07cbd8ec6c5100238cf68a021f22b435841bd42
large,output/notebook2_create_vir_graph/node_classification/ogbn_arxiv/k10/hybrid_degree/deepwalk_s44.emb,124432504,08060a2e9e54b07487120b63bf3d491cf432bb6d7c5b36a5033d6980182daa4c
large,output/notebook2_create_vir_graph/node_classification/ogbn_arxiv/k10/original/deepwalk_s42.emb,123116516,cb7e8b2eaefca473962a89b94da1957a922ca5605e7a12df706349f203ca1dd7
large,output/notebook2_create_vir_graph/node_classification/ogbn_arxiv/k10/original/deepwalk_s43.emb,122698287,c466dd64d414e3d40ee3df1e25480c7f8356312236001466d9f16c8d2e9cdd0a
large,output/notebook2_create_vir_graph/node_classification/ogbn_arxiv/k10/original/deepwalk_s44.emb,123056829,dfc3359da43136eef4e5e8f40593ef58c3651837e076c67af5cd7e6f63388c60
large,output/notebook2_create_vir_graph/node_classification/ogbn_arxiv/k10/psi/deepwalk_s42.emb,122227133,39847599f91e28d63bfc5696f3137252db82e22cc071d5fb6f50f1961ae8328f
large,output/notebook2_create_vir_graph/node_classification/ogbn_arxiv/k10/psi/deepwalk_s43.emb,121695998,2ac7246d190091b57d1c2b1cf356d428394b7f64d7612964dc4ecac2a1e4e962
large,output/notebook2_create_vir_graph/node_classification/ogbn_arxiv/k10/psi/deepwalk_s44.emb,122081844,3341324796b46bdd91d145aa603e569aee9c3ae9d2479049062323e8d8426677
large,output/notebook2_create_vir_graph/node_classification/ppi_fly/k10/centrality/deepwalk_s42.emb,8190533,0124a9cf3a03bd36ba3c23c59eec695ba69486afea8f67498e915b6fb87dfa81
large,output/notebook2_create_vir_graph/node_classification/ppi_fly/k10/centrality/deepwalk_s43.emb,8167896,b36e42bcae400b8fb9eadea780089e97990dc18f82e1d9710e26d4e0fbd9dafe
large,output/notebook2_create_vir_graph/node_classification/ppi_fly/k10/centrality/deepwalk_s44.emb,8144400,a24ea89cede250579e85ec548d44b15bfc723e257a315bb88a83aa3e3ab8b076
large,output/notebook2_create_vir_graph/node_classification/ppi_fly/k10/degree/deepwalk_s42.emb,8255317,057422ae9f49a81b69f80df16032d60f5986b82226b81c80d8be68f1926bf2da
large,output/notebook2_create_vir_graph/node_classification/ppi_fly/k10/degree/deepwalk_s43.emb,8256177,7fe27191b07bf54a676c48eb359240d35896df0e95aae08f97c22ab853886d1d
large,output/notebook2_create_vir_graph/node_classification/ppi_fly/k10/degree/deepwalk_s44.emb,8180591,9f652d58aa6b4ca6916332e52a7b5585d0aabeab25be9475d9e495b98d74bfe6
large,output/notebook2_create_vir_graph/node_classification/ppi_fly/k10/hybrid/deepwalk_s42.emb,8338331,d3beaa623a2f7e81687a7c3a955b0177bbcea1f95740a1dbf107adc5498ad0c7
large,output/notebook2_create_vir_graph/node_classification/ppi_fly/k10/hybrid/deepwalk_s43.emb,8320749,5297f31eb0e3190d4bdf80330e9d021f63c213ca4e80b414a64251039d59e6de
large,output/notebook2_create_vir_graph/node_classification/ppi_fly/k10/hybrid/deepwalk_s44.emb,8316491,b19262a911f9ba1da2222e8c1c460c998e9d5520279f62f246c4de1f7a195c85
large,output/notebook2_create_vir_graph/node_classification/ppi_fly/k10/hybrid_centrality/deepwalk_s42.emb,8318093,49eba611144298b1696ec2727f3db85020b46b6bd8f512a26eaa8e0645a42d4c
large,output/notebook2_create_vir_graph/node_classification/ppi_fly/k10/hybrid_centrality/deepwalk_s43.emb,8308293,0b250a2f017ba624c2f331618688e512399ef3d3d4b243fe5a2189a0590cbe23
large,output/notebook2_create_vir_graph/node_classification/ppi_fly/k10/hybrid_centrality/deepwalk_s44.emb,8307182,d87bdb8cf53428064fae46bf575efc2f685b928fb1478fc6926f1cb5497668b3
large,output/notebook2_create_vir_graph/node_classification/ppi_fly/k10/hybrid_degree/deepwalk_s42.emb,8387036,837e6067cd17ad5e2f5346bc1a59af07b147947265bf5267672b3148590ebd92
large,output/notebook2_create_vir_graph/node_classification/ppi_fly/k10/hybrid_degree/deepwalk_s43.emb,8352834,4a2a8a951c81ec7df728622969eb56970d78a7e36f4e9df43931afd31798476b
large,output/notebook2_create_vir_graph/node_classification/ppi_fly/k10/hybrid_degree/deepwalk_s44.emb,8345434,fdd2bedf0dd00abee8145c789d98fe6c6f530797712c2448235a183321ff12fd
large,output/notebook2_create_vir_graph/node_classification/ppi_fly/k10/original/deepwalk_s42.emb,8392172,30585ec8b1d74eff616170ed37d6f203761e9da858677787e47c0b6037651634
large,output/notebook2_create_vir_graph/node_classification/ppi_fly/k10/original/deepwalk_s43.emb,8344426,592aa9596960d5f8ef25bec95ad2750ac4eeb2cbca40c30e1bb26cba90f1caf1
large,output/notebook2_create_vir_graph/node_classification/ppi_fly/k10/original/deepwalk_s44.emb,8387371,9d015f5edef8de1f1ed78e80f91c1e0e15b1b573258942243d769bc7dc67cb3b
large,output/notebook2_create_vir_graph/node_classification/ppi_fly/k10/psi/deepwalk_s42.emb,8212456,25770e744aec9b9d3edf16a17e6bbe2f82baf5745da3e2857e29a9ce3f043d7e
large,output/notebook2_create_vir_graph/node_classification/ppi_fly/k10/psi/deepwalk_s43.emb,8225643,0161a6842e88803be5896e488d8dece8b18992c1ca19194d53e4fd91cb1af2c2
large,output/notebook2_create_vir_graph/node_classification/ppi_fly/k10/psi/deepwalk_s44.emb,8185541,296a09e4e5eaf9878fd30a95565f55ceb263307ee592da2c7df90769e46c9da4
large,output/notebook2_create_vir_graph/node_classification/ppi_human/k10/centrality/deepwalk_s42.emb,19934154,636c912fa150931ef43c996967d2885532760de4b1f4012238ee5bfe7677af05
large,output/notebook2_create_vir_graph/node_classification/ppi_human/k10/centrality/deepwalk_s43.emb,19893934,3082bc67398146f8fb80b8c82556a2663209bb8a046e504fcf8bfb457c60bafd
large,output/notebook2_create_vir_graph/node_classification/ppi_human/k10/centrality/deepwalk_s44.emb,19794471,c56c9a53f8b945f60725955a67957b2390863cc2df44c91dff08bbb8ebf55063
large,output/notebook2_create_vir_graph/node_classification/ppi_human/k10/degree/deepwalk_s42.emb,20097533,285391d09375b5a370f6383be7035ba3c5b620b05576a7ec598a87f5c7ffc22f
large,output/notebook2_create_vir_graph/node_classification/ppi_human/k10/degree/deepwalk_s43.emb,19981137,ea99f56890cbca02c3bc5785e20f552c34217e49d1b1752e1cb156c0c36111bb
large,output/notebook2_create_vir_graph/node_classification/ppi_human/k10/degree/deepwalk_s44.emb,19886185,15939d298e711faa4fb4780489db7c4d4cdd6826aa4da32e7b92c525ff41e00b
large,output/notebook2_create_vir_graph/node_classification/ppi_human/k10/hybrid/deepwalk_s42.emb,20357921,a954269742dd316bb773c23da58ff7563a0c5179a4f6ed9c6b00644c8520cd36
large,output/notebook2_create_vir_graph/node_classification/ppi_human/k10/hybrid/deepwalk_s43.emb,20336557,4054d9f8f2fb0793abe46e39a395019d55db408a3a03cd5075b033f7fbba1def
large,output/notebook2_create_vir_graph/node_classification/ppi_human/k10/hybrid/deepwalk_s44.emb,20324121,ef93fbf4e81bed9eba94a2bfd474f608c3b827777c0a09a018db357ec27f36ee
large,output/notebook2_create_vir_graph/node_classification/ppi_human/k10/hybrid_centrality/deepwalk_s42.emb,20327048,d90775c40f0d91b7d7470dacba4e62724afda58c4769f697142268c49dc6534b
large,output/notebook2_create_vir_graph/node_classification/ppi_human/k10/hybrid_centrality/deepwalk_s43.emb,20181712,ddef4742e01f454088de8d06868b476433016a57f1ee3e777deb9319c1586d0f
large,output/notebook2_create_vir_graph/node_classification/ppi_human/k10/hybrid_centrality/deepwalk_s44.emb,20212358,8e605fa0279863b4216a6582ba38f8b622d7eef386eb039d94d1ba1de0419a2d
large,output/notebook2_create_vir_graph/node_classification/ppi_human/k10/hybrid_degree/deepwalk_s42.emb,20396805,9dd5dfa004f9cba490a1608164bb128e06ab155980f3b035d08e1fac19e7e59a
large,output/notebook2_create_vir_graph/node_classification/ppi_human/k10/hybrid_degree/deepwalk_s43.emb,20336420,62ae558a990da524a8bd82598ee21e3fe458c7776120500098d6dac3dc2250aa
large,output/notebook2_create_vir_graph/node_classification/ppi_human/k10/hybrid_degree/deepwalk_s44.emb,20324641,53a7abac42786fb6a768a3e47d38f40bda979bfe58b8aee519c059f2e08c3854
large,output/notebook2_create_vir_graph/node_classification/ppi_human/k10/original/deepwalk_s42.emb,20537336,39365e5dbdd925cd3aef555c1f992f559a6a8fd133fb0b78006b308a476820d1
large,output/notebook2_create_vir_graph/node_classification/ppi_human/k10/original/deepwalk_s43.emb,20376694,6c3b60f72d1e418b7f86b9d86bb0a3622de36f34a00196b58e2e1bb11c97e229
large,output/notebook2_create_vir_graph/node_classification/ppi_human/k10/original/deepwalk_s44.emb,20488509,2cb719f1ac6a3e62bd93ff22a642683a8660b9b246b78aa186b72029aaddcb7b
large,output/notebook2_create_vir_graph/node_classification/ppi_human/k10/psi/deepwalk_s42.emb,20017084,a55ec974528fcd8e4cf053521352adca0c4b7ba5f4046897654135134cdfeaf8
large,output/notebook2_create_vir_graph/node_classification/ppi_human/k10/psi/deepwalk_s43.emb,20007352,5610ce536310f7b50a1cc7a26398d2caa5378b156a372fc1b7e7e696a9d5120d
large,output/notebook2_create_vir_graph/node_classification/ppi_human/k10/psi/deepwalk_s44.emb,19958092,5d0a8a9e9e84bc0f6409d81fcf09ee8d2e269dfefc7dad41633a01c6e30427c1
large,output/notebook2_create_vir_graph/node_classification/ppi_yeast/k10/centrality/deepwalk_s42.emb,5220440,bf809ab3daa2efa85dfc520464ce53f3ff678e1d826f1bc40da63c7fbe7e55a6
large,output/notebook2_create_vir_graph/node_classification/ppi_yeast/k10/centrality/deepwalk_s43.emb,5255553,075c226c705ad14be892fd1b24359a1c39ce1cd9114fbfe84d156fbfdb93156b
large,output/notebook2_create_vir_graph/node_classification/ppi_yeast/k10/centrality/deepwalk_s44.emb,5254032,9ba6c3121e9f8d231bae7451470548f5cdc85f3fecee68f48cf46e812b3444c1
large,output/notebook2_create_vir_graph/node_classification/ppi_yeast/k10/degree/deepwalk_s42.emb,5247756,fa79ae2a3a187575fa1730c665fde619564a4b7ecbb0f7744cd4641f8169e13c
large,output/notebook2_create_vir_graph/node_classification/ppi_yeast/k10/degree/deepwalk_s43.emb,5270388,a8b0b4ee3e41e149ed3432293ed17c8634beef5b96e01e1aaeeaefe922ae2a11
large,output/notebook2_create_vir_graph/node_classification/ppi_yeast/k10/degree/deepwalk_s44.emb,5269800,4713ba75c3e755842e801df061cad3028f9e508ebb7c89ae1fb4343993e2e766
large,output/notebook2_create_vir_graph/node_classification/ppi_yeast/k10/hybrid/deepwalk_s42.emb,5377889,db45a11b7208ff10706d4d95b80dd3e80bb30ef7a4757ce1667ba32b3c4c007b
large,output/notebook2_create_vir_graph/node_classification/ppi_yeast/k10/hybrid/deepwalk_s43.emb,5348435,88d7158532cdf569b066bc280360fe9b0cd3703fcca642143ceff5522ac1857e
large,output/notebook2_create_vir_graph/node_classification/ppi_yeast/k10/hybrid/deepwalk_s44.emb,5371954,c8b2142329a3496b877079c93165199a577775489445ce444da57ad367ab2220
large,output/notebook2_create_vir_graph/node_classification/ppi_yeast/k10/hybrid_centrality/deepwalk_s42.emb,5376953,3d3ffc13fe113b909b3cdc6e34270e4bc637849d92f99945b868872d1b00eaa3
large,output/notebook2_create_vir_graph/node_classification/ppi_yeast/k10/hybrid_centrality/deepwalk_s43.emb,5354155,39b12ab6850c1dc5ecff4b3d089870e98ce73f78f3fe866841c28a2996bce552
large,output/notebook2_create_vir_graph/node_classification/ppi_yeast/k10/hybrid_centrality/deepwalk_s44.emb,5373097,3191e63cc37a6c565e181fa60e45af2666b6d88eee23c174829ac3f1bdf24f1d
large,output/notebook2_create_vir_graph/node_classification/ppi_yeast/k10/hybrid_degree/deepwalk_s42.emb,5383505,7903ec862e7c87b6617ea497a984839c26081773de24b053020b1d59b4adb36c
large,output/notebook2_create_vir_graph/node_classification/ppi_yeast/k10/hybrid_degree/deepwalk_s43.emb,5364047,4ae8df7f65d1ceed0bd08071f0398bd87e72158d368b695777a9ab8e3dcd8f1c
large,output/notebook2_create_vir_graph/node_classification/ppi_yeast/k10/hybrid_degree/deepwalk_s44.emb,5368289,1d58788221007e95ada6961968550b9bc3d443fcf192a573224d91ba528ec726
large,output/notebook2_create_vir_graph/node_classification/ppi_yeast/k10/original/deepwalk_s42.emb,5442857,a31d117e360754d646c74e82209f7003a2be68ac96022451b4925affddc3e9e9
large,output/notebook2_create_vir_graph/node_classification/ppi_yeast/k10/original/deepwalk_s43.emb,5396218,9b05688e0ddfecf5d7d1c0f9552a63dc826d1c8f5a3e52e929ac93691af75146
large,output/notebook2_create_vir_graph/node_classification/ppi_yeast/k10/original/deepwalk_s44.emb,5411247,0b4799eeb918965fc9dfa37cbec0eed8b47e55fba47da28f0a3e46958c0166b7
large,output/notebook2_create_vir_graph/node_classification/ppi_yeast/k10/psi/deepwalk_s42.emb,5275407,dbf6b22f2459fe78d7f95676f0f9c680a5d3c6cf07c826687fd00d0eb5aa314d
large,output/notebook2_create_vir_graph/node_classification/ppi_yeast/k10/psi/deepwalk_s43.emb,5256050,436a41562c5451beb3da33356df89bd1afb77a93f7b0b941c0ebf50ff89ada9e
large,output/notebook2_create_vir_graph/node_classification/ppi_yeast/k10/psi/deepwalk_s44.emb,5257049,738d44d642c04cdfa4c72d05e4c8dc8ecf0f252bb9ab3ccd7822fc5df82fa97a
large,output/notebook2_create_vir_graph/node_classification/proteins/k10/centrality/deepwalk_s42.emb,31358175,ca0ab4db959c0ea01eafcbf78ab6782bac1956f9ac530389ff0d58e2034456c2
large,output/notebook2_create_vir_graph/node_classification/proteins/k10/centrality/deepwalk_s43.emb,31249987,5564db2cd0100369a553297e3d3eaca4c629eafe5152653bcce3c690693ee50b
large,output/notebook2_create_vir_graph/node_classification/proteins/k10/centrality/deepwalk_s44.emb,31263721,e99cd5cdc309f0b1e8211b757a9cc52f819619926c56d5fdb1cfd054f0312754
large,output/notebook2_create_vir_graph/node_classification/proteins/k10/degree/deepwalk_s42.emb,31834398,1e554da7119201d2c5cb963f90a6a7d7391740b95ff857dd6b0602cf8632767e
large,output/notebook2_create_vir_graph/node_classification/proteins/k10/degree/deepwalk_s43.emb,31734379,b96969167d2f56c1f04cd1d0e6046ff258f8087649f10da2de0d39f93b3c8dc5
large,output/notebook2_create_vir_graph/node_classification/proteins/k10/degree/deepwalk_s44.emb,31636888,6bda746a20180ffcb956e9a28950d4625903c1828fd671d69de71480d118d5f2
large,output/notebook2_create_vir_graph/node_classification/proteins/k10/hybrid/deepwalk_s42.emb,31519984,da1a9d64a538ec8746a4a28c9f12c0170808d4c3b370935122ed184656c316c7
large,output/notebook2_create_vir_graph/node_classification/proteins/k10/hybrid/deepwalk_s43.emb,31607224,73dbd88696300a03cba290832322fa05cae3699e71185796432a1a7a121bb638
large,output/notebook2_create_vir_graph/node_classification/proteins/k10/hybrid/deepwalk_s44.emb,31504436,dc1c10d37f50c763e5c8f5ee6f4e00981087f584062207941cfd834ca550c086
large,output/notebook2_create_vir_graph/node_classification/proteins/k10/original/deepwalk_s42.emb,31287790,029fb73f219b1434b8d00dc0726ed9ff1b780245ce0f1a144fe1a448658e4a2f
large,output/notebook2_create_vir_graph/node_classification/proteins/k10/original/deepwalk_s43.emb,31375930,283f5cc5a33564f6a2a59ef57b635a8c85879ededdc49f1199c57d1f3430bf39
large,output/notebook2_create_vir_graph/node_classification/proteins/k10/original/deepwalk_s44.emb,31231249,821954b869ec6730843bffe83d443ed9e7f8926e910940235c37741540946679
large,output/notebook2_create_vir_graph/node_classification/proteins/k10/psi/deepwalk_s42.emb,31456660,fe745c9b499748be6b75769936670f26b7061e0705534621501506c10750203d
large,output/notebook2_create_vir_graph/node_classification/proteins/k10/psi/deepwalk_s43.emb,31456686,19aee2b05824613c42b0a9fde7c625041a5d6bb1d6f860b240f4bb0e3a243664
large,output/notebook2_create_vir_graph/node_classification/proteins/k10/psi/deepwalk_s44.emb,31460625,81b4dfbe48eec78e5257e194652d32969e3b3c3f7d08e77430d4a299829e1839
large,output/notebook2_create_vir_graph/node_classification/pubmed/k10/centrality/deepwalk_s42.emb,14241140,dd4fdc209d7119d7eec0f249c86ea57fe4c0bbfb153ad7447f4a640a636c15da
large,output/notebook2_create_vir_graph/node_classification/pubmed/k10/centrality/deepwalk_s43.emb,14199492,d36ce880ea9bca980c69a3c86e4b1332d51f6618a0dc13f0906608968103b9b9
large,output/notebook2_create_vir_graph/node_classification/pubmed/k10/centrality/deepwalk_s44.emb,14166239,c293d231f9a2771c758f7cf244e65372612628ff0d806889fb753d7c1f82ed4d
large,output/notebook2_create_vir_graph/node_classification/pubmed/k10/degree/deepwalk_s42.emb,14444466,019c055deb1cff63b2865c1061be7b255eb749aad81fe070c2077eb25ab16ea3
large,output/notebook2_create_vir_graph/node_classification/pubmed/k10/degree/deepwalk_s43.emb,14349032,23199e6be9cb421e2ed0abdc3f3c18ea9755a2d955874c514af4430f4c87a46a
large,output/notebook2_create_vir_graph/node_classification/pubmed/k10/degree/deepwalk_s44.emb,14353430,3a1bce56b3accff39f1a1f3e78509feb4df4c595ca470d3d8ef279b80dd20c4a
large,output/notebook2_create_vir_graph/node_classification/pubmed/k10/hybrid/deepwalk_s42.emb,14330501,a646cdc3c2b4f3601a6d64d90b446552ba470425b34e9b05dec4f25af858537e
large,output/notebook2_create_vir_graph/node_classification/pubmed/k10/hybrid/deepwalk_s43.emb,14278895,628d1e20d4aec9d3b3870116c7313c716d482ef04450d8ed6ddc2b1b1c9ddb95
large,output/notebook2_create_vir_graph/node_classification/pubmed/k10/hybrid/deepwalk_s44.emb,14304591,201e12fdf2f004fd8642bc1aaa6a95e1ca13c18392b2b5b3351aebe7d142b925
large,output/notebook2_create_vir_graph/node_classification/pubmed/k10/hybrid_centrality/deepwalk_s42.emb,14311022,bac5b047c3427523bc4ce2656bfdc5ae1f82631f669107d053a326c17b1bfe21
large,output/notebook2_create_vir_graph/node_classification/pubmed/k10/hybrid_centrality/deepwalk_s43.emb,14284851,2a27aa0b5490316b6c53c95a5604a3d4a434da5526da0dd67636ec951f88ca70
large,output/notebook2_create_vir_graph/node_classification/pubmed/k10/hybrid_centrality/deepwalk_s44.emb,14280719,6a6cbff2bcf05bc783165eb8e7a4afd009fb7b57f9e03c5303c9c6722b9cd3ed
large,output/notebook2_create_vir_graph/node_classification/pubmed/k10/hybrid_degree/deepwalk_s42.emb,14584925,21b07c8e95a3ddfed0ae98cc46d97e40dbff08ff2c8a78c1a8d9fb9c1268d919
large,output/notebook2_create_vir_graph/node_classification/pubmed/k10/hybrid_degree/deepwalk_s43.emb,14506914,cc6ecbe69a869c5416c669640a6b1be0e9e59ebeb3864a78a3b5460d79366ff4
large,output/notebook2_create_vir_graph/node_classification/pubmed/k10/hybrid_degree/deepwalk_s44.emb,14495117,f7566f9794b93247969ad1df61d9eebac56e161a7dd1c4546e3899567ed159e7
large,output/notebook2_create_vir_graph/node_classification/pubmed/k10/original/deepwalk_s42.emb,14264818,cb6b64ffc63cb25d2101647b039c3117763624f818e940b0ba9d0b9a8f5e45d3
large,output/notebook2_create_vir_graph/node_classification/pubmed/k10/original/deepwalk_s43.emb,14251000,c9235d38b3daa5b5f44fa518a345f7b9dee99d83ab635182991fc0e0b60bdecc
large,output/notebook2_create_vir_graph/node_classification/pubmed/k10/original/deepwalk_s44.emb,14288281,ed4e0f66ab67a7b7ce6415d63939a380321da57e5fc8f64e3c7f2ea7f344ef84
large,output/notebook2_create_vir_graph/node_classification/pubmed/k10/psi/deepwalk_s42.emb,14253617,696d13f051a0857189ce32041fe45df1b25960d57d5655f364b0d7bcd5e87ce2
large,output/notebook2_create_vir_graph/node_classification/pubmed/k10/psi/deepwalk_s43.emb,14231785,85cc1958daa35d4afc8ef3d6fd69f9270d44e967118c3332f4b2f90d93b9e88f
large,output/notebook2_create_vir_graph/node_classification/pubmed/k10/psi/deepwalk_s44.emb,14208061,8cd6cf9c1b2b3fd86e9ce59e0f43c78978fcf2cbfc0ac103bb665c3f1425749a
large,output/notebook2_create_vir_graph/node_classification/questions/k10/centrality/deepwalk_s42.emb,35274780,fc4aafc486a3f542c01714a2a14d174741da1455218b35f19bd6a5b328713868
large,output/notebook2_create_vir_graph/node_classification/questions/k10/centrality/deepwalk_s43.emb,35232017,fb3ca358e9a2920140cb21ffa848162034be190afa7e0dc75b0f7041bca7978a
large,output/notebook2_create_vir_graph/node_classification/questions/k10/centrality/deepwalk_s44.emb,35238944,500cb15617d48fa6cce6ff3b571a1c46a9b1957a4f8db2074c907174a467755d
large,output/notebook2_create_vir_graph/node_classification/questions/k10/degree/deepwalk_s42.emb,35695926,1b5c1f84e2f94542d606481c43ad75318f1a2c69e2d5963211992c7a592cb74c
large,output/notebook2_create_vir_graph/node_classification/questions/k10/degree/deepwalk_s43.emb,35797050,c7739aefff703fe2f998c6497726a591e4195997d8d1ffc632a32ccc42c58826
large,output/notebook2_create_vir_graph/node_classification/questions/k10/degree/deepwalk_s44.emb,35589250,6a7078e607778a63962398ef337701a0875c3a084b4263eeeaa5f51224fa98fe
large,output/notebook2_create_vir_graph/node_classification/questions/k10/hybrid/deepwalk_s42.emb,35771043,7d52685976860c014cc89e4c71fe5edbc9821fb44b426fcebcfca77a0eb3df5c
large,output/notebook2_create_vir_graph/node_classification/questions/k10/hybrid/deepwalk_s43.emb,35711012,720b1dd17b7951c24a4ef0ca56f5da854a643de3477aa83f97611ac79ef0fe16
large,output/notebook2_create_vir_graph/node_classification/questions/k10/hybrid/deepwalk_s44.emb,35721492,a38f754430f879785259996af4d9f28f564d0b71e624cfa00d63afd0efdae911
large,output/notebook2_create_vir_graph/node_classification/questions/k10/hybrid_centrality/deepwalk_s42.emb,35562244,f8359e452714b702fc45a6140f9ebbc643af04c28b10c8b911cc363aec28476b
large,output/notebook2_create_vir_graph/node_classification/questions/k10/hybrid_centrality/deepwalk_s43.emb,35398324,002ccda729460f08413b441c9fd8b999134c5a83cf5cb0494c70dc4b188f6c20
large,output/notebook2_create_vir_graph/node_classification/questions/k10/hybrid_centrality/deepwalk_s44.emb,35427177,21989272a39f8d7496942e2accf16c8eafc8a1a475aec7b4f703b63cb576ad77
large,output/notebook2_create_vir_graph/node_classification/questions/k10/hybrid_degree/deepwalk_s42.emb,36161648,683c5762089777b5505e213bf1054c0e4e165ab7725d1e1daa2c4864ed1af815
large,output/notebook2_create_vir_graph/node_classification/questions/k10/hybrid_degree/deepwalk_s43.emb,35967222,8d5b5551269f1150a1f9b85bae3a3a78ab7d5e86797b5f102d8018f20863f95b
large,output/notebook2_create_vir_graph/node_classification/questions/k10/hybrid_degree/deepwalk_s44.emb,35975084,9087c2b88104daeb267b7f5e8776d9ba7676fd17abe48215f1b7b790c4f51d5b
large,output/notebook2_create_vir_graph/node_classification/questions/k10/original/deepwalk_s42.emb,35844784,c0283a6dedc678f2e9c1cce89f2654db13c0c5354cb293cf2df0a290e5e4dbb5
large,output/notebook2_create_vir_graph/node_classification/questions/k10/original/deepwalk_s43.emb,35704259,9aba437ded81a63d29fdad178ebadc2c17898bb0e5bda062276102a2f91a0aff
large,output/notebook2_create_vir_graph/node_classification/questions/k10/original/deepwalk_s44.emb,35799636,8caaa097700236fd51799a33c79263d9c0c9c25eb1cf698fd34600e5aa5a4882
large,output/notebook2_create_vir_graph/node_classification/questions/k10/psi/deepwalk_s42.emb,35492577,e0c097fe7cc35fdd907cd01d396c0aa8609918cdccdbeabdc28944c4dab08d42
large,output/notebook2_create_vir_graph/node_classification/questions/k10/psi/deepwalk_s43.emb,35672712,c5837c6f3a7f6e356ef6a393e10f964efcad00b449da7d89146ecdfe95522b30
large,output/notebook2_create_vir_graph/node_classification/questions/k10/psi/deepwalk_s44.emb,35365355,85fb28388a9749ab11d8e94d719db53712df4a91c3360f493a1ffd584babb748
large,output/notebook2_create_vir_graph/node_classification/roman_empire/k10/centrality/deepwalk_s42.emb,16432266,66adb5a7e2565a2d5382fdcb87fa556e329610dc8bdd78e8d14438f538b25b3e
large,output/notebook2_create_vir_graph/node_classification/roman_empire/k10/centrality/deepwalk_s43.emb,16377751,eaf9b1f3c87fcd8caaf68d70711e9006255f2108349caa82bebc2e3b54a5a42a
large,output/notebook2_create_vir_graph/node_classification/roman_empire/k10/centrality/deepwalk_s44.emb,16394789,e3b467f26faf30900b93409349f26918fbc3b5154f30020704ae3c7e4cf6e123
large,output/notebook2_create_vir_graph/node_classification/roman_empire/k10/degree/deepwalk_s42.emb,16623072,5a1ec9ddd042a2ad7c7ba5fe0ab50c88b463a08a62f85f51894ecbed23418f77
large,output/notebook2_create_vir_graph/node_classification/roman_empire/k10/degree/deepwalk_s43.emb,16597928,6c0fa5db40ab01c18c89b780180dcee38f7e61726199d386e07b96331285897c
large,output/notebook2_create_vir_graph/node_classification/roman_empire/k10/degree/deepwalk_s44.emb,16517273,09bd91f410aa7aba757c1312352f7f9a220b9ccf22ba1592c33031c444a87047
large,output/notebook2_create_vir_graph/node_classification/roman_empire/k10/hybrid/deepwalk_s42.emb,16436383,43a60c41a19f32a41a642e783bb771674c6d83314c45baff7c05aca53a8bcb1e
large,output/notebook2_create_vir_graph/node_classification/roman_empire/k10/hybrid/deepwalk_s43.emb,16433162,ed75eefbb65319a1e70257ac7da2b2bd1d40a6bf34599e59574b1d7024c76222
large,output/notebook2_create_vir_graph/node_classification/roman_empire/k10/hybrid/deepwalk_s44.emb,16387776,811c38efd8a25fd9b1cd0bbeddfec1244d723d1bcc755d01012d003e98f958cd
large,output/notebook2_create_vir_graph/node_classification/roman_empire/k10/hybrid_centrality/deepwalk_s42.emb,16480054,2a325b9df59765ace8029e1f1782dcd4638315006fa3aea755e24b67cacc83a4
large,output/notebook2_create_vir_graph/node_classification/roman_empire/k10/hybrid_centrality/deepwalk_s43.emb,16449054,a26b00f364b553afde385018b950d471137e683a31213f0a2de21d6cfd32a63c
large,output/notebook2_create_vir_graph/node_classification/roman_empire/k10/hybrid_centrality/deepwalk_s44.emb,16400564,279ef0dfa9dfa8bd14f6e3fcea99f4f6eeb389e8cf7a3499e5ba205d9425a193
large,output/notebook2_create_vir_graph/node_classification/roman_empire/k10/hybrid_degree/deepwalk_s42.emb,16745898,29ea73ed626f67f931d674ddd913974bb74566606d522de3469946089d0db06e
large,output/notebook2_create_vir_graph/node_classification/roman_empire/k10/hybrid_degree/deepwalk_s43.emb,16734256,10f149f88c4fc7daf86e1be9a2a14582c388609f49f4db96469aabe8c282f949
large,output/notebook2_create_vir_graph/node_classification/roman_empire/k10/hybrid_degree/deepwalk_s44.emb,16681907,5987df9e1df070cd40eb3d169333970c3ffea31a19aa6a54d938084266b0caf1
large,output/notebook2_create_vir_graph/node_classification/roman_empire/k10/original/deepwalk_s42.emb,16366101,044560764c6282772e2e422d9b9717e7dc61360ca9b4b09c99efd0dd926e5a4a
large,output/notebook2_create_vir_graph/node_classification/roman_empire/k10/original/deepwalk_s43.emb,16338440,e929f0a096ba65e0c146639dedc14a1180a5d53516e52a5597a2c43d721d40d3
large,output/notebook2_create_vir_graph/node_classification/roman_empire/k10/original/deepwalk_s44.emb,16267656,87ebf69070d77711bcdfe1b869dd0d2159f9485d20bcb24f389965531c55f482
large,output/notebook2_create_vir_graph/node_classification/roman_empire/k10/psi/deepwalk_s42.emb,16353219,2879ce29f1f0c1a665fb61af21dbf3dcc35f810adb5f8bab2064254faf09bece
large,output/notebook2_create_vir_graph/node_classification/roman_empire/k10/psi/deepwalk_s43.emb,16297032,21c3790fc12463a73b6f65f332675e7a47b92bbac6228e68d0ee1c7fbc1faab0
large,output/notebook2_create_vir_graph/node_classification/roman_empire/k10/psi/deepwalk_s44.emb,16206313,8611ce420afffa4175de6db36dac0cb2cb1f7086d6ea4facdeb1a518f419a74c
large,output/notebook2_create_vir_graph/node_classification/spanish_highschool_6/k10/centrality/deepwalk_s42.emb,387069,6f0ce3028d2fc76714a53c14c06b11bef472fb6c153390c95e4e518f33fb9fb2
large,output/notebook2_create_vir_graph/node_classification/spanish_highschool_6/k10/centrality/deepwalk_s43.emb,385094,a913f94dc6c0600b4d3615028982a9827e9b47b344420b3534a5842b72260bc5
large,output/notebook2_create_vir_graph/node_classification/spanish_highschool_6/k10/centrality/deepwalk_s44.emb,386916,f9f951ec7d09ec272eaf0ba1a52dbb910f4ab2f6783cbc62af2096f944affad5
large,output/notebook2_create_vir_graph/node_classification/spanish_highschool_6/k10/degree/deepwalk_s42.emb,387408,ec818d60739b3b330615fc7247aaaab47170478628ed14a3c7549e142cf43662
large,output/notebook2_create_vir_graph/node_classification/spanish_highschool_6/k10/degree/deepwalk_s43.emb,384543,b63e93bb82034b0d21a67f2536a6e6257146b223d2f31cb4b5ffdcddaec66183
large,output/notebook2_create_vir_graph/node_classification/spanish_highschool_6/k10/degree/deepwalk_s44.emb,387416,3b420c5573fb07ac14869314d4956efec5159b1f90b345023db714f5d5131288
large,output/notebook2_create_vir_graph/node_classification/spanish_highschool_6/k10/hybrid/deepwalk_s42.emb,397369,cb25ef0b969d77cc71b0b8cd4c9715c743e9a7090c661aa30fd7174a01063b44
large,output/notebook2_create_vir_graph/node_classification/spanish_highschool_6/k10/hybrid/deepwalk_s43.emb,392910,a223687ee4fcfbf58c97a87a9f71356fd5d18b7dda367a653d5ebcd506580093
large,output/notebook2_create_vir_graph/node_classification/spanish_highschool_6/k10/hybrid/deepwalk_s44.emb,396165,776bfda2b8330d0f0b5a5aaef725bf504bbd6ab801b1131c24368466b5e2c54c
large,output/notebook2_create_vir_graph/node_classification/spanish_highschool_6/k10/hybrid_centrality/deepwalk_s42.emb,396498,4a34a2107ab81abd9d7c4bf4d3781876f61cc9845cfe281363cdf4a6190dbae0
large,output/notebook2_create_vir_graph/node_classification/spanish_highschool_6/k10/hybrid_centrality/deepwalk_s43.emb,391913,d022fafd217ec048b8f0e4dbb7264288508160c78833b6b772f7f3e205e7b91d
large,output/notebook2_create_vir_graph/node_classification/spanish_highschool_6/k10/hybrid_centrality/deepwalk_s44.emb,396716,9424878a5f6e032dadb6e1e0a4db94b5e6761a23d41bf00b6cac278f2d903652
large,output/notebook2_create_vir_graph/node_classification/spanish_highschool_6/k10/hybrid_degree/deepwalk_s42.emb,398242,f0532f4c095a4e457c270fa9fb7137f03c2d3155ca81969af999b041c57e2708
large,output/notebook2_create_vir_graph/node_classification/spanish_highschool_6/k10/hybrid_degree/deepwalk_s43.emb,394260,1daf08d3d188feb592416ef0c7a18fd081779830da8163755d9220afc6fefe1c
large,output/notebook2_create_vir_graph/node_classification/spanish_highschool_6/k10/hybrid_degree/deepwalk_s44.emb,397298,9458bc670b5e9487515a09e520701dbfd290663ece05fd32ba984b3181a6ed49
large,output/notebook2_create_vir_graph/node_classification/spanish_highschool_6/k10/original/deepwalk_s42.emb,394022,3763527243b251189ace31f7bdcfdcc71b0300d7234cc89e809283489c1b9414
large,output/notebook2_create_vir_graph/node_classification/spanish_highschool_6/k10/original/deepwalk_s43.emb,388994,4b21da237d6e56a47c6d54277523c4787a1001255cd4a34c747a4961f2168b93
large,output/notebook2_create_vir_graph/node_classification/spanish_highschool_6/k10/original/deepwalk_s44.emb,394115,5a50ea646efcd881e7fd0cbe8bf47e4300e42a319ecee44fd403cc2d0819d427
large,output/notebook2_create_vir_graph/node_classification/spanish_highschool_6/k10/psi/deepwalk_s42.emb,386905,3f7fec1c8b8917d724971c9eef52442cd0452dff83b115b404eeab57ab6ff810
large,output/notebook2_create_vir_graph/node_classification/spanish_highschool_6/k10/psi/deepwalk_s43.emb,384285,cd849edbc72060ca774ad6dfd0311bd1374eaa0f5bd2281a29933bec5bb68227
large,output/notebook2_create_vir_graph/node_classification/spanish_highschool_6/k10/psi/deepwalk_s44.emb,388128,05e2a0d67d15643e52a6b62d7354d5d6d9a9a0f8b96ede8a08271999b71077bc
large,output/notebook2_create_vir_graph/node_classification/squirrel_filtered/k10/centrality/deepwalk_s42.emb,1602426,e9d4befb147e78eb57fe14a47ea73170e55c975b638a70b98e5f7e18f2c82de9
large,output/notebook2_create_vir_graph/node_classification/squirrel_filtered/k10/centrality/deepwalk_s43.emb,1603908,5c9895db1494e63b6c51c91d224b8d520ecaddecd724c9143360fbff6f467344
large,output/notebook2_create_vir_graph/node_classification/squirrel_filtered/k10/centrality/deepwalk_s44.emb,1609979,2150d4c9393ecd884515ceb0e13aab1a4f2b959a6aa902c8a7dcc660bda9c8bf
large,output/notebook2_create_vir_graph/node_classification/squirrel_filtered/k10/degree/deepwalk_s42.emb,1605244,48ba469b5e70e8cf9f34a4bb6a36a297787d6b73ab4b6f7d9c98d30a313f7acf
large,output/notebook2_create_vir_graph/node_classification/squirrel_filtered/k10/degree/deepwalk_s43.emb,1603150,7a57be808f1d7c502fb57f215a39b91be2cbe5c4e408d9b5a3ef2862f4403825
large,output/notebook2_create_vir_graph/node_classification/squirrel_filtered/k10/degree/deepwalk_s44.emb,1611676,ce8729acea090aa561581f499efd23f426b35dfd6d7defa99a211527fa98ae7b
large,output/notebook2_create_vir_graph/node_classification/squirrel_filtered/k10/hybrid/deepwalk_s42.emb,1636602,53fdfeb1a9b4c032874df84589273813c15ec9bf3bd1a910c6e86021929780a3
large,output/notebook2_create_vir_graph/node_classification/squirrel_filtered/k10/hybrid/deepwalk_s43.emb,1627907,61511f231231c4bfc263e25ac188f555f44d962f77d02c2d4ec01e745f8bf04e
large,output/notebook2_create_vir_graph/node_classification/squirrel_filtered/k10/hybrid/deepwalk_s44.emb,1636397,cce4f08134a2219fd188112ec2c4e0ba07c985f82f8f276c3a73f278bdc61979
large,output/notebook2_create_vir_graph/node_classification/squirrel_filtered/k10/hybrid_centrality/deepwalk_s42.emb,1638770,a976a6ec7f21743f10a2e737fad81c859f57fa9bcf5d04f378c118161abd5f5c
large,output/notebook2_create_vir_graph/node_classification/squirrel_filtered/k10/hybrid_centrality/deepwalk_s43.emb,1626208,80440b832aea358c5b26ae311f989556cefc1d6fe6182b6ee46b98bc074e4671
large,output/notebook2_create_vir_graph/node_classification/squirrel_filtered/k10/hybrid_centrality/deepwalk_s44.emb,1634012,e5a027e30587d5f67cb5494ea7e3eb30b641de45f7047e64ec8b980ab109f387
large,output/notebook2_create_vir_graph/node_classification/squirrel_filtered/k10/hybrid_degree/deepwalk_s42.emb,1640454,f996fbeaf90432920edde65d33a9fa3d610e39ed3d2b64bf480fd102e45aabeb
large,output/notebook2_create_vir_graph/node_classification/squirrel_filtered/k10/hybrid_degree/deepwalk_s43.emb,1632777,bd2083014e285dc4bbb6f7f19f347141ec0865fbcde643104cd2f4a6d954a17e
large,output/notebook2_create_vir_graph/node_classification/squirrel_filtered/k10/hybrid_degree/deepwalk_s44.emb,1634499,1ee9663d7bad695d9199562914ffd18b05d9567e0bd68db53f83e61ce36ccd4a
large,output/notebook2_create_vir_graph/node_classification/squirrel_filtered/k10/original/deepwalk_s42.emb,1643191,12b151a70c57da6557d739e8fa172dc0f8d2b916f1902d14a63e4a7ad65b15a5
large,output/notebook2_create_vir_graph/node_classification/squirrel_filtered/k10/original/deepwalk_s43.emb,1630519,840048dc5a76b7c01147e70312098bb00606c6e1746dc4314e5f7a7fe122071c
large,output/notebook2_create_vir_graph/node_classification/squirrel_filtered/k10/original/deepwalk_s44.emb,1641681,a88a76db71ec89dae0dbc0eea69feae5556f43b8fc4c405209c5369cb9d9f35f
large,output/notebook2_create_vir_graph/node_classification/squirrel_filtered/k10/psi/deepwalk_s42.emb,1604276,7fd507e7f9a55241ae2b41162c3b67c3b5e3376ac9d820937b6b48ecd968ae4d
large,output/notebook2_create_vir_graph/node_classification/squirrel_filtered/k10/psi/deepwalk_s43.emb,1598460,a9b0cc905f37aa3a9e083ba9bed33891e3651c9976460863c220373725101f5f
large,output/notebook2_create_vir_graph/node_classification/squirrel_filtered/k10/psi/deepwalk_s44.emb,1606600,d1b898153f1550848eaf51de43768c8e42d3ad1ca7b9b3185e1cd2fe4dbf4ac0
large,output/notebook2_create_vir_graph/node_classification/tolokers/k10/centrality/deepwalk_s42.emb,8475408,64bf59d4e91f0a4b87c23616ee896aec7fd92f67a34b689f5171b234dbbdb0e2
large,output/notebook2_create_vir_graph/node_classification/tolokers/k10/centrality/deepwalk_s43.emb,8471256,bd9cebe4740313f063ae5b8bbf4506a2d4d06165bc37ed1dd599c098add30362
large,output/notebook2_create_vir_graph/node_classification/tolokers/k10/centrality/deepwalk_s44.emb,8452366,631744c6601c144ed01cd215834bb32df3140a096890a7be261273fb9544c919
large,output/notebook2_create_vir_graph/node_classification/tolokers/k10/degree/deepwalk_s42.emb,8490463,719fad054e930f97e21eb38cd5801a1ba19e8d19d3d4e497b1a3c7509dff311e
large,output/notebook2_create_vir_graph/node_classification/tolokers/k10/degree/deepwalk_s43.emb,8506243,24db0d9694b68fc764cd906c8ab5cb9363453f6990ed277ee479d3dd72c5bc51
large,output/notebook2_create_vir_graph/node_classification/tolokers/k10/degree/deepwalk_s44.emb,8475620,7399711448686173574bf7e7b04e236ca6e9a1a9c58bd513c5d8d8d76d4d5ee0
large,output/notebook2_create_vir_graph/node_classification/tolokers/k10/hybrid/deepwalk_s42.emb,8729795,32f8d158d05b66079f69e41dd2ad97217407696c002a85a7cbcd26ad0fe13b3e
large,output/notebook2_create_vir_graph/node_classification/tolokers/k10/hybrid/deepwalk_s43.emb,8652984,1103761ff43a87b3e30ac26d690403b1ddda66543ae9aeb99cff03b988afbf5e
large,output/notebook2_create_vir_graph/node_classification/tolokers/k10/hybrid/deepwalk_s44.emb,8715005,ad74ca998b358039952dc9ffa4d69528c694a63c0123ffacd8edc30f5d01be9b
large,output/notebook2_create_vir_graph/node_classification/tolokers/k10/hybrid_centrality/deepwalk_s42.emb,8737105,601f816cf3c336d70e5f14925c4a4fae17f3518bcee57762cf75fdba581bb523
large,output/notebook2_create_vir_graph/node_classification/tolokers/k10/hybrid_centrality/deepwalk_s43.emb,8699325,211b5a84eb2cddabf85acad891712955469f0acffa04316d8ce36cd061651ee4
large,output/notebook2_create_vir_graph/node_classification/tolokers/k10/hybrid_centrality/deepwalk_s44.emb,8707921,0874e1ca29af3a2f53bc1ae46753d030ed95c947160d40aa017b2da7e54ce7d6
large,output/notebook2_create_vir_graph/node_classification/tolokers/k10/hybrid_degree/deepwalk_s42.emb,8742607,c536eb092f43ca4e8e29601292421e31fe0b3bccb1513d61c030851385a13cf5
large,output/notebook2_create_vir_graph/node_classification/tolokers/k10/hybrid_degree/deepwalk_s43.emb,8689337,d33f181083d59e784f00bf3e783754bf191a25c5e697063c6a528a0de52c0818
large,output/notebook2_create_vir_graph/node_classification/tolokers/k10/hybrid_degree/deepwalk_s44.emb,8705016,f4b4acc2e2e7511a2f3a3c7cd12c6ada429a64f3c794643d1905b8b14bd54866
large,output/notebook2_create_vir_graph/node_classification/tolokers/k10/original/deepwalk_s42.emb,8737093,c1bb5d2ba5709effc3e82e854ddcf8c6c726423d4f5e07047349a9dba8f3df0b
large,output/notebook2_create_vir_graph/node_classification/tolokers/k10/original/deepwalk_s43.emb,8697257,e1e689b93011d6e517e3f00597d5c4dfc239925874e3627d2e7ad67c7de9d032
large,output/notebook2_create_vir_graph/node_classification/tolokers/k10/original/deepwalk_s44.emb,8741204,e8dddbbb3f5ab2010afee70b2c4ece0c2130000542cddb9f14928737d582bb73
large,output/notebook2_create_vir_graph/node_classification/tolokers/k10/psi/deepwalk_s42.emb,8483664,23adaec2707321eee612b4d4a46d3ea20f0d37e089c4c81f6844d4f93aeea94f
large,output/notebook2_create_vir_graph/node_classification/tolokers/k10/psi/deepwalk_s43.emb,8484742,de22a805e0e462afea7726545e67370a8be9b734b217e62a586b2dee4614235b
large,output/notebook2_create_vir_graph/node_classification/tolokers/k10/psi/deepwalk_s44.emb,8490947,f9781581d87d88be1ad6b9ad934e16bdd68c03b0af3c3fb2c67fa6874e1d997e
large,output/notebook3_gnn_encoder/link_prediction/actor/k10/centrality/gatv2_edge_s42.emb,4654920,21f6610f565d8862f1db2758f76ffb13b51c7bc95d57af8a79c02b9c76eec3c4
large,output/notebook3_gnn_encoder/link_prediction/actor/k10/centrality/gatv2_edge_s43.emb,4663086,838fdc6dc85dd2630b8d54d45417b07a312b530e85c35922c175408a5615e010
large,output/notebook3_gnn_encoder/link_prediction/actor/k10/centrality/gatv2_edge_s44.emb,4665539,beac6958a9106a133c00289aaad32184127b4911bea8588ec9a09114212460f0
large,output/notebook3_gnn_encoder/link_prediction/actor/k10/centrality/graphsage_edge_s42.emb,4653462,ac68fd8c8d0be401dfdb82174e9915274e7b6cf7f9db67760e253c4418425e34
large,output/notebook3_gnn_encoder/link_prediction/actor/k10/centrality/graphsage_edge_s43.emb,4638467,f9cccc4ffa91722a95309d3daeb3124dd31afdb4d8810d779c8a6581e05e5d22
large,output/notebook3_gnn_encoder/link_prediction/actor/k10/centrality/graphsage_edge_s44.emb,4663560,7a2d37cbaa90958a5c3e41f4dd4e99d2b324f20f7c46828157907bb0d0ca5984
large,output/notebook3_gnn_encoder/link_prediction/actor/k10/centrality/graphsage_edge_s45.emb,4631146,f09219c2abf63d826996efc16e49955fe42168d6f815b3c7ac68bdbfbffc5812
large,output/notebook3_gnn_encoder/link_prediction/actor/k10/centrality/graphsage_edge_s46.emb,4666415,76db2e52e55b3768edbdbb1cefca0068da3d4a563e32b52fe8df36eb2f084654
large,output/notebook3_gnn_encoder/link_prediction/actor/k10/centrality/graphsage_edge_s47.emb,4661679,4fb82b3352095d1d574b768732ae441f00db89b025e025ccb3fc7a5e3d7d3a98
large,output/notebook3_gnn_encoder/link_prediction/actor/k10/centrality/graphsage_edge_s48.emb,4662734,ae2d9296c2bf91104c103748e2304cd8ef2e67994cb4e0ef464ffebea919c9b6
large,output/notebook3_gnn_encoder/link_prediction/actor/k10/centrality/graphsage_edge_s49.emb,4660163,90074338cf2d22076097d06804929008401423181253c2a1e7828aa711a9303a
large,output/notebook3_gnn_encoder/link_prediction/actor/k10/centrality/graphsage_edge_s50.emb,4637932,b80fbd2024ad0cf6eb3e5f05f72048176b3092a3bbf10a52ab4e5425fd9a66a8
large,output/notebook3_gnn_encoder/link_prediction/actor/k10/centrality/graphsage_edge_s51.emb,4670435,7e34d58d96b72b8c762147e7b6534d308992c72cc7ef400d96f27ca961d7aa5d
large,output/notebook3_gnn_encoder/link_prediction/actor/k10/degree/gatv2_edge_s42.emb,4663452,fe35b51324f73458839c3506f0f4728935f37667814d591c5c2065d70d187ced
large,output/notebook3_gnn_encoder/link_prediction/actor/k10/degree/gatv2_edge_s43.emb,4673531,e8b9e8b298c13afec39dece3a68e09a547bc3e809c55a95cdeff3623cdec1f5d
large,output/notebook3_gnn_encoder/link_prediction/actor/k10/degree/gatv2_edge_s44.emb,4657456,9abbd29935ea7d5ff482cfc4a29407207fc14b4722316e4257f92ce991f967e7
large,output/notebook3_gnn_encoder/link_prediction/actor/k10/degree/graphsage_edge_s42.emb,4653951,cd99b319727b91f1253d1949bc38d56bb089012dd50e38203dc4c5ab184a3068
large,output/notebook3_gnn_encoder/link_prediction/actor/k10/degree/graphsage_edge_s43.emb,4661069,1614f68c889d4c3f8af7af1d1de056dc53139d9387085f44d812066ab3087da3
large,output/notebook3_gnn_encoder/link_prediction/actor/k10/degree/graphsage_edge_s44.emb,4660065,01b9a0d5c70f57f0f6a89d76356bceada36ceaca1e29811a73f8eff6843b664f
large,output/notebook3_gnn_encoder/link_prediction/actor/k10/degree/graphsage_edge_s45.emb,4648403,4fe4d2460f23efd2f5f9f21807eea830337a31302627ffea158cdd0ee38a3b1a
large,output/notebook3_gnn_encoder/link_prediction/actor/k10/degree/graphsage_edge_s46.emb,4663432,d18625d9b4686a051d8782119bf2d2c5381d693c1e5453e06fd18b1e466117a6
large,output/notebook3_gnn_encoder/link_prediction/actor/k10/degree/graphsage_edge_s47.emb,4662556,5faf74908f71345a64a55e07b8df21f5173121c076319fb28fe257753c51c2b6
large,output/notebook3_gnn_encoder/link_prediction/actor/k10/degree/graphsage_edge_s48.emb,4659547,d4adf40088e719db6b4124abf5039d56d5498256c200c1274be31a2dbe57be77
large,output/notebook3_gnn_encoder/link_prediction/actor/k10/degree/graphsage_edge_s49.emb,4654335,74da00e9a37d97e0c93ae8318cd62a943eac4e0957bafb2f61b05bca25032d83
large,output/notebook3_gnn_encoder/link_prediction/actor/k10/degree/graphsage_edge_s50.emb,4645577,8c706f3d2d454703a3487daadd774795e1c8cc335b557b77eda0ec7e0c8257ce
large,output/notebook3_gnn_encoder/link_prediction/actor/k10/degree/graphsage_edge_s51.emb,4656542,efcd7ecac3b796d8eb20a3e89300ec9c2dd163a815323e713072baf2582fb921
large,output/notebook3_gnn_encoder/link_prediction/actor/k10/hybrid/gatv2_edge_s42.emb,4680953,c92a8623b42e64f5a73243ed06591c3130ff591aedbe04f9d89e77668bb2a840
large,output/notebook3_gnn_encoder/link_prediction/actor/k10/hybrid/gatv2_edge_s43.emb,4662325,a3e442b9c670ad019ea19c11de92f2ea18ff3f007d0390f0f8cc7a7ae5cd3cd4
large,output/notebook3_gnn_encoder/link_prediction/actor/k10/hybrid/gatv2_edge_s44.emb,4674719,39a0efc2bcc4758e4f5e060138e550e5a16747d3d7d42d3bce2acd8d52af84ab
large,output/notebook3_gnn_encoder/link_prediction/actor/k10/hybrid/graphsage_edge_s42.emb,4672952,ff3829becf5cf6af404e53fae676d27a396231bfed0bc0f1995d866d9c9720ce
large,output/notebook3_gnn_encoder/link_prediction/actor/k10/hybrid/graphsage_edge_s43.emb,4663107,7274daf74977420d9522144afd4af2f51a25e9d6ceceaa84f414e95d76bbd8dd
large,output/notebook3_gnn_encoder/link_prediction/actor/k10/hybrid/graphsage_edge_s44.emb,4655738,120ce583a43e98a268b8e006bfb5764c71c6b851b923e007b87c9e1686e22d85
large,output/notebook3_gnn_encoder/link_prediction/actor/k10/hybrid/graphsage_edge_s45.emb,4650768,bdea0ce1bee8ce56a53cdf7c24c771933b7a26e1c638c670f92df8acaa79c4aa
large,output/notebook3_gnn_encoder/link_prediction/actor/k10/hybrid/graphsage_edge_s46.emb,4656902,b81a46a99e6f8f4edf1b976db01b2a3c918c3edbace421de7a56ee8089b86be8
large,output/notebook3_gnn_encoder/link_prediction/actor/k10/hybrid/graphsage_edge_s47.emb,4647333,6c9e25aefdf20bcb4f42c6e31912f9e1748dd29b8768307352b23a58849680e4
large,output/notebook3_gnn_encoder/link_prediction/actor/k10/hybrid/graphsage_edge_s48.emb,4660197,233e37701cae9ac9c9b767042a25940e4a10f6e1c3006fab63263604d6e5896f
large,output/notebook3_gnn_encoder/link_prediction/actor/k10/hybrid/graphsage_edge_s49.emb,4657293,1d6d449f05ad7493a5637c232789e36ade073a530cd765ea1e9d05559e939b78
large,output/notebook3_gnn_encoder/link_prediction/actor/k10/hybrid/graphsage_edge_s50.emb,4653262,a5cc2672fb0b17f35f83dea2d086c1c3613537f4a2a92e12758e852c505f3880
large,output/notebook3_gnn_encoder/link_prediction/actor/k10/hybrid/graphsage_edge_s51.emb,4651776,0e7e9f549e7e4de689e1592094a3f1ef4f9382937ed5a240adfa6d024c8038b6
large,output/notebook3_gnn_encoder/link_prediction/actor/k10/hybrid_centrality/gatv2_edge_s42.emb,4659389,7fd6ae5dfbfc5144ed1d7a6c8e06b48bb99d74b294930250811ae7723b6d972b
large,output/notebook3_gnn_encoder/link_prediction/actor/k10/hybrid_centrality/gatv2_edge_s43.emb,4654375,caa0781de3a1ecd34df747cb1024b4350a1414ce9ad2bf6288f2c61e11aaf7ac
large,output/notebook3_gnn_encoder/link_prediction/actor/k10/hybrid_centrality/gatv2_edge_s44.emb,4659360,db4cc8b683de8a912d2f135fab6e27ab6016aa4d8bfa2a44c200587eebb4d58b
large,output/notebook3_gnn_encoder/link_prediction/actor/k10/hybrid_centrality/graphsage_edge_s42.emb,4674824,66c26909ee92b4894075b69ac60e38e5fa7b7e49d5fda2835103e6ac69c45146
large,output/notebook3_gnn_encoder/link_prediction/actor/k10/hybrid_centrality/graphsage_edge_s43.emb,4673687,33fe84316800fbe70006d89b76f56227eb446f4b21748286286b905bb4334a9e
large,output/notebook3_gnn_encoder/link_prediction/actor/k10/hybrid_centrality/graphsage_edge_s44.emb,4658387,debfd048870852682dc2d4b67092a535815d6d77b57185240285f4d736c0a52a
large,output/notebook3_gnn_encoder/link_prediction/actor/k10/hybrid_centrality/graphsage_edge_s45.emb,4649607,6361232a4f10eb9bd69443a02a226a3b7a1a275a05e4c0d63facbe367564c8d7
large,output/notebook3_gnn_encoder/link_prediction/actor/k10/hybrid_centrality/graphsage_edge_s46.emb,4660321,77d1c1bc18689fd4c9022a927ea1480d8ff68642ac3c44d0ce0b95511d1358b1
large,output/notebook3_gnn_encoder/link_prediction/actor/k10/hybrid_centrality/graphsage_edge_s47.emb,4647480,f6841fc99c5485b9c63ab7dad21418d181e8e39111e95adc2ec12f18869444c6
large,output/notebook3_gnn_encoder/link_prediction/actor/k10/hybrid_centrality/graphsage_edge_s48.emb,4661947,9cbbecffda99d8128d712822e731dba049fdafc3db2930c64ab546ea700e71ea
large,output/notebook3_gnn_encoder/link_prediction/actor/k10/hybrid_centrality/graphsage_edge_s49.emb,4653105,6dc50b03a344f0ecc56b13967d34b47fc1774fead9b0ac1647c7ce6f7401fb48
large,output/notebook3_gnn_encoder/link_prediction/actor/k10/hybrid_centrality/graphsage_edge_s50.emb,4660062,80b6c4e344079b9da29e58c744f716a475eaf3ed5a965ef3b36e4cd83772162b
large,output/notebook3_gnn_encoder/link_prediction/actor/k10/hybrid_centrality/graphsage_edge_s51.emb,4653548,8db6d88607e1867aef1d65f98f3df2ef3748779424f062abdbdcc9738b6c2bc8
large,output/notebook3_gnn_encoder/link_prediction/actor/k10/hybrid_degree/gatv2_edge_s42.emb,4678086,294a5f1eec35c87579c90cccfe8d1ea27d5906209dbd7ab837cd7427e76f4405
large,output/notebook3_gnn_encoder/link_prediction/actor/k10/hybrid_degree/gatv2_edge_s43.emb,4666858,7fa2864d8a194c9e948e23b11eb6009a0ba30a97bfdaaa0321380ed4381e66f3
large,output/notebook3_gnn_encoder/link_prediction/actor/k10/hybrid_degree/gatv2_edge_s44.emb,4653329,4bce4a66d806d4f56ce99319e01510a43b681dcbc97c1d4def183d57d7e2c74d
large,output/notebook3_gnn_encoder/link_prediction/actor/k10/hybrid_degree/graphsage_edge_s42.emb,4665435,688e0fb99f276540f75d4b168c7ea084a0123958122bd4fc157c30bdf4950fbc
large,output/notebook3_gnn_encoder/link_prediction/actor/k10/hybrid_degree/graphsage_edge_s43.emb,4660711,d358c63db7072b38ee45526d4604f18d61ec694975fb4504e5e3403b80a33c21
large,output/notebook3_gnn_encoder/link_prediction/actor/k10/hybrid_degree/graphsage_edge_s44.emb,4659614,8ca182c186ed6f6fc6b121b1c409340ec1bd35551f82d3bc1489aefbc2beeac6
large,output/notebook3_gnn_encoder/link_prediction/actor/k10/hybrid_degree/graphsage_edge_s45.emb,4659958,660353fb591e69eb6b881b19c6bd424b31222abff28498a8e1224669d9cb3c69
large,output/notebook3_gnn_encoder/link_prediction/actor/k10/hybrid_degree/graphsage_edge_s46.emb,4662900,1ec52b42f4345222cd8561ab9e8b468bd35b4aee3bc402d7596dd764ada9b6a7
large,output/notebook3_gnn_encoder/link_prediction/actor/k10/hybrid_degree/graphsage_edge_s47.emb,4665138,00943a1d1fbc4b48b9a19ad319cb578c43ac397452e727520e54ac397bbc3426
large,output/notebook3_gnn_encoder/link_prediction/actor/k10/hybrid_degree/graphsage_edge_s48.emb,4658783,619b8b1dc990cde9223a31c25e37a2962fe7f0214b4e128a8d6c096df2ebc160
large,output/notebook3_gnn_encoder/link_prediction/actor/k10/hybrid_degree/graphsage_edge_s49.emb,4663296,2a0620dd0e1c1480669ceac3289506095f784ab60d11d484c6bbb291cdc19eeb
large,output/notebook3_gnn_encoder/link_prediction/actor/k10/hybrid_degree/graphsage_edge_s50.emb,4654235,ab7a665c82f5dac28e6c9683bf6640babdc77c4b48875d6ba6ccce0df81be200
large,output/notebook3_gnn_encoder/link_prediction/actor/k10/hybrid_degree/graphsage_edge_s51.emb,4658440,f8289fd5382adf63f4e2e810cfaba7db88c1b357f429d8d3fbbfd6e24fb16e6a
large,output/notebook3_gnn_encoder/link_prediction/actor/k10/original/gatv2_edge_s42.emb,4673308,be4835f823165157f3799d9f10c3231e9ca01169cd077764aa8823c8a36beba4
large,output/notebook3_gnn_encoder/link_prediction/actor/k10/original/gatv2_edge_s43.emb,4667494,534ebda76862a72770ea5e19fbc93576194a481838c15fc96bccfe71d04ff45d
large,output/notebook3_gnn_encoder/link_prediction/actor/k10/original/gatv2_edge_s44.emb,4673220,3d8cfa64dade9e1a31ec62baeabb3c53c33c9aeb03fee5234086b813c8f4a7b9
large,output/notebook3_gnn_encoder/link_prediction/actor/k10/original/graphsage_edge_s42.emb,4676233,72401fc4f4e2d4eaabe9b470019f26c93dd424d7036e76ca40529c6be9b82bd5
large,output/notebook3_gnn_encoder/link_prediction/actor/k10/original/graphsage_edge_s43.emb,4661710,707ed3536e4f8f5a14750131d9910b199e7c8b6259f167d6d5835913d970aea8
large,output/notebook3_gnn_encoder/link_prediction/actor/k10/original/graphsage_edge_s44.emb,4667586,9fe0dc83eb446e8f4d1bfd9354388e09ac6e58e92cdc51c0f3e6a8eee62ab0bb
large,output/notebook3_gnn_encoder/link_prediction/actor/k10/original/graphsage_edge_s45.emb,4641646,c46924381cf4aca48166e58e4f9818986796bff6613abd14c37019f507f660b6
large,output/notebook3_gnn_encoder/link_prediction/actor/k10/original/graphsage_edge_s46.emb,4656238,4dbaaae7f5df5b67b1e85941e7c9752aa5fb64b235828390fc45f1337103e1d6
large,output/notebook3_gnn_encoder/link_prediction/actor/k10/original/graphsage_edge_s47.emb,4642640,a338cd474479e8f6636c056790100439681bdbf082539b25a918ddf230e1e810
large,output/notebook3_gnn_encoder/link_prediction/actor/k10/original/graphsage_edge_s48.emb,4675636,52b6efecb1f514c8797b8660f33919fc91f9ea33ba8ea49310c6c2d1899513a4
large,output/notebook3_gnn_encoder/link_prediction/actor/k10/original/graphsage_edge_s49.emb,4660954,fa003cd26d5aff975b88b76452ff5cea26c9ea95d11c33f0902225acb6004520
large,output/notebook3_gnn_encoder/link_prediction/actor/k10/original/graphsage_edge_s50.emb,4656543,ef22f19e8b95066250b8a1ca23b8094e339f15907149c1e823f8b2cead255143
large,output/notebook3_gnn_encoder/link_prediction/actor/k10/original/graphsage_edge_s51.emb,4639492,1a97805c871d12fce58a2f255f2db029852663ff301f6185f2a86e1a282ac03d
large,output/notebook3_gnn_encoder/link_prediction/actor/k10/psi/features_only_s42.emb,4710711,9e0a20b8f355bf5ccb667c5edfcca307c605998b9550459b35a3d4177529d8ea
large,output/notebook3_gnn_encoder/link_prediction/actor/k10/psi/features_only_s43.emb,4661772,5e7072b2a81d99a07e423adae940a4ab96e4c33b0ab84162efe869d4183e8711
large,output/notebook3_gnn_encoder/link_prediction/actor/k10/psi/features_only_s44.emb,4692102,2dbf41ba28af3a369db82ec801503576420290b60137350256beb69d2c798094
large,output/notebook3_gnn_encoder/link_prediction/actor/k10/psi/gatv2_edge_s42.emb,4670880,38184d204a2326f9961fd7c0b4eb7febabeddb0afa1e79a1c5c00d6fcd8459d5
large,output/notebook3_gnn_encoder/link_prediction/actor/k10/psi/gatv2_edge_s43.emb,4662205,6c334f3cc0e977488b212b62999e41f9d534cb4fd1c238e979d97f9cc398227b
large,output/notebook3_gnn_encoder/link_prediction/actor/k10/psi/gatv2_edge_s44.emb,4661316,4deb348edf54fcc18e11e4ff49c13be1b97a458b2411947552168932dbc20324
large,output/notebook3_gnn_encoder/link_prediction/actor/k10/psi/graphsage_edge_feat_centrality_s42.emb,4687028,6dc4f723ca9db2ce0e08203e63cfb07f08caded4af994c4deeb94243c8a93b60
large,output/notebook3_gnn_encoder/link_prediction/actor/k10/psi/graphsage_edge_feat_centrality_s43.emb,4655086,5f0196fb36cef3eb613a15772d83b5f49d4cb1982ed4e70bb74e78a48bb44b44
large,output/notebook3_gnn_encoder/link_prediction/actor/k10/psi/graphsage_edge_feat_centrality_s44.emb,4664195,4685b390bca5f9060a8b8ba4d03147315d949e59193482e12879d08e4d5a311b
large,output/notebook3_gnn_encoder/link_prediction/actor/k10/psi/graphsage_edge_feat_clustering_s42.emb,4682095,269f8db684da3fe31f350c5d0d3b34284bf710cba9ccc90bc4674fdcd4c1506e
large,output/notebook3_gnn_encoder/link_prediction/actor/k10/psi/graphsage_edge_feat_clustering_s43.emb,4667683,706cfbbd705d49100b1c7bfeba98ad5be77c2c8e5bbf5fdd41b32a76b7bbbb51
large,output/notebook3_gnn_encoder/link_prediction/actor/k10/psi/graphsage_edge_feat_clustering_s44.emb,4663310,d8d0f655a23d8a732917ad608e77267024326b646b6c16d149c91c1265124aca
large,output/notebook3_gnn_encoder/link_prediction/actor/k10/psi/graphsage_edge_feat_const_s42.emb,4627298,8f05861ce7d1575628baec0079f7a3401f0846fdd0aeb2dc8af64e61b4b5e709
large,output/notebook3_gnn_encoder/link_prediction/actor/k10/psi/graphsage_edge_feat_const_s43.emb,4627298,aeeb3609fc12f19f8b593504132ee43db52c121ef2cdc5c3b11bc5bf8ec7533e
large,output/notebook3_gnn_encoder/link_prediction/actor/k10/psi/graphsage_edge_feat_const_s44.emb,4695698,a8a1784e80951f93501549cf5a1fdee3832568bbc534d0107ed800760b1126f1
large,output/notebook3_gnn_encoder/link_prediction/actor/k10/psi/graphsage_edge_feat_deg_cent_s42.emb,4673201,7fdc0af65c210386af70de9cca113282c4d642a1fa7707a1a7ca3323b23de418
large,output/notebook3_gnn_encoder/link_prediction/actor/k10/psi/graphsage_edge_feat_deg_cent_s43.emb,4657784,bb2672e3f223eaab53284ccb0d347e1849b6cbfe85d33e9e99d578680d491d65
large,output/notebook3_gnn_encoder/link_prediction/actor/k10/psi/graphsage_edge_feat_deg_cent_s44.emb,4630765,94e287c31bb105d0bf2704343fb3b584ec389cb1b4e8ba5f7ebba0bb8441a807
large,output/notebook3_gnn_encoder/link_prediction/actor/k10/psi/graphsage_edge_feat_degree_s42.emb,4672977,a3924936297667e5202b274d12ff1b3ee99ab17e1c34b92b8c9cb9d9e854bd1c
large,output/notebook3_gnn_encoder/link_prediction/actor/k10/psi/graphsage_edge_feat_degree_s43.emb,4645194,a0aa16947cb57af2652ead37783daecc4b26960d136ffd58dcd738cc0d2f69ee
large,output/notebook3_gnn_encoder/link_prediction/actor/k10/psi/graphsage_edge_feat_degree_s44.emb,4684310,2b5434c53853a047cdacf2e948489414d982f9e9969fa9051d35328eb6dd574b
large,output/notebook3_gnn_encoder/link_prediction/actor/k10/psi/graphsage_edge_feat_psi_s42.emb,4649085,f221f29682d75ea862bb389b3cc06568d8ede9f6da62d445b5221b1b5b97a015
large,output/notebook3_gnn_encoder/link_prediction/actor/k10/psi/graphsage_edge_feat_psi_s43.emb,4626000,bc97684f4a3362ec871257ad1a0eb51d03c93313a06fe5b069a945e9a2c72150
large,output/notebook3_gnn_encoder/link_prediction/actor/k10/psi/graphsage_edge_feat_psi_s44.emb,4668971,92442cf70808fe38048ea50a44ba853122049f33a39361ceb10490220394c73a
large,output/notebook3_gnn_encoder/link_prediction/actor/k10/psi/graphsage_edge_feat_random_s42.emb,4655550,e16a6b95c77c556712f6f9ff1341dd0fdcbc0d7c2b88c1a15d3452b6b817adb6
large,output/notebook3_gnn_encoder/link_prediction/actor/k10/psi/graphsage_edge_feat_random_s43.emb,4654899,c041823f4d3d1e97dbbd4d8d3229afa7c06fdca83f3283e2f9266b7e706eba41
large,output/notebook3_gnn_encoder/link_prediction/actor/k10/psi/graphsage_edge_feat_random_s44.emb,4657668,ff6ef56490f5cb5ebb4ba5775147c24de8ff879d7927e0873c3cb6118d010cfb
large,output/notebook3_gnn_encoder/link_prediction/actor/k10/psi/graphsage_edge_s42.emb,4662919,27f94791b2153ea035c59be1786f9f88c2b04cf049f5a25edb03457768764857
large,output/notebook3_gnn_encoder/link_prediction/actor/k10/psi/graphsage_edge_s43.emb,4656629,bde7d5382333ca69dd886a3aa3792131d27e8fb09481e72b95c2dc19df368bb7
large,output/notebook3_gnn_encoder/link_prediction/actor/k10/psi/graphsage_edge_s44.emb,4660182,68e68c60927a1c4f65014fce71ff41c91f0fa0698a1fdb5adbbc579dfc81349a
large,output/notebook3_gnn_encoder/link_prediction/actor/k10/psi/graphsage_edge_s45.emb,4650684,04a6120107926edf16325f45268ab5586212d565ba0a590bd4df420cbd38f448
large,output/notebook3_gnn_encoder/link_prediction/actor/k10/psi/graphsage_edge_s46.emb,4664819,84356e10e2f745a6a7b95a6dcf738f31aae4cff36d776de0babf496c537f7164
large,output/notebook3_gnn_encoder/link_prediction/actor/k10/psi/graphsage_edge_s47.emb,4666299,da1abadbd8d2bde2d37ecf233ff889aaf79ba17ea2ad0cf148455a6e86f43a63
large,output/notebook3_gnn_encoder/link_prediction/actor/k10/psi/graphsage_edge_s48.emb,4665640,08092b912fc0c3c4a3d2e7a10b38b57d9414f766f1768d3d081812274e1b1343
large,output/notebook3_gnn_encoder/link_prediction/actor/k10/psi/graphsage_edge_s49.emb,4655851,da1fe134c32c2631bf87707847894b43e902f8361abbc188750e0989a9f7567d
large,output/notebook3_gnn_encoder/link_prediction/actor/k10/psi/graphsage_edge_s50.emb,4647283,62efc5aa4b2b9c8de8ac9903d6c73f85ee5dd099046796121bd87aca72739103
large,output/notebook3_gnn_encoder/link_prediction/actor/k10/psi/graphsage_edge_s51.emb,4653816,50df155d1c8b85921de5aa65ee66f0db0d850b0d3095e02fa2175d5fc46d69e9
large,output/notebook3_gnn_encoder/link_prediction/actor/k10/psi_pqnorm/graphsage_edge_s42.emb,4653420,1cc90a45b0a8ef1822f535ec91c4b784879d6e18b9c9885adacb1accdb115a9c
large,output/notebook3_gnn_encoder/link_prediction/actor/k10/psi_pqnorm/graphsage_edge_s43.emb,4649992,2ffb9405705d6d1a43a9951ce6ae43256ec00700ad13fb625441df00da1f3e9a
large,output/notebook3_gnn_encoder/link_prediction/actor/k10/psi_pqnorm/graphsage_edge_s44.emb,4662801,e3eb5f3d7b3a02be18fa0aa7ae02adbb8e1b123401276b2de33accd03298a096
large,output/notebook3_gnn_encoder/link_prediction/actor/k10/psi_shift/graphsage_edge_s42.emb,4656271,17ee1479ec61320614e93693cfec51dd2331ba2b2e91d103b4cc4a838eb22a28
large,output/notebook3_gnn_encoder/link_prediction/actor/k10/psi_shift/graphsage_edge_s43.emb,4656678,43826998147d5bfadc28068be1ae12d73d04f118b08a0828b2647fec397f9627
large,output/notebook3_gnn_encoder/link_prediction/actor/k10/psi_shift/graphsage_edge_s44.emb,4660604,e97ae494c7a354a654a06f599b66fff2301a3df874360164350a68e83f7baf96
large,output/notebook3_gnn_encoder/link_prediction/airports_brazil/k10/centrality/gatv2_edge_s42.emb,79935,e709f253f5d543683f90da4c7ecd1893c7f27a38cd72d15e7fef127ed84e5eb0
large,output/notebook3_gnn_encoder/link_prediction/airports_brazil/k10/centrality/gatv2_edge_s43.emb,80089,ca98e07306e5079aa71b3504ebc921d92e9154e9947fc2f5ce545895069dbc23
large,output/notebook3_gnn_encoder/link_prediction/airports_brazil/k10/centrality/gatv2_edge_s44.emb,80186,ee87a8ce0b67ce12e9922e07f2a4611a68748c402252795dc2c92be4cfddf591
large,output/notebook3_gnn_encoder/link_prediction/airports_brazil/k10/centrality/graphsage_edge_s42.emb,80015,b3f98ca032e17ceccffcf5b869b3004009039a873d0b156f16d755ce1f8f8448
large,output/notebook3_gnn_encoder/link_prediction/airports_brazil/k10/centrality/graphsage_edge_s43.emb,80000,a735549fc29465b50540104f7d1619826dd9bafd10338a348c5ecfb671cbf2fd
large,output/notebook3_gnn_encoder/link_prediction/airports_brazil/k10/centrality/graphsage_edge_s44.emb,80057,7a828c2f3a25cb57dcd045d7ac42f6670a637a70de98f9c80647efc03f2a9761
large,output/notebook3_gnn_encoder/link_prediction/airports_brazil/k10/centrality/graphsage_edge_s45.emb,79884,4fc15303a7df1b6b5093393d3ec8ba82e85cbe27582868a8f6d4a0fcafb86c5e
large,output/notebook3_gnn_encoder/link_prediction/airports_brazil/k10/centrality/graphsage_edge_s46.emb,80302,9f9952c64c342bec0a72d063f12791a2fba419f4a16541b10895717eb139a3e9
large,output/notebook3_gnn_encoder/link_prediction/airports_brazil/k10/centrality/graphsage_edge_s47.emb,80059,6889508b0841b40b9767708f7a07deb0d9464de337793bd29dda7d663eb8b56b
large,output/notebook3_gnn_encoder/link_prediction/airports_brazil/k10/degree/gatv2_edge_s42.emb,79921,3c6bd58bc924d8e0510a9ee006820ff7ba997985ba4132db47fc1cc1bf5804e8
large,output/notebook3_gnn_encoder/link_prediction/airports_brazil/k10/degree/gatv2_edge_s43.emb,80427,8c29765f689578077458197f4c9587ae25a5b1c6ec8a7cf8522ac6f08d402cb2
large,output/notebook3_gnn_encoder/link_prediction/airports_brazil/k10/degree/gatv2_edge_s44.emb,79926,ad505337fea7e96c34c95e7d24febe921c164b741e4255149b5251fe076f9acf
large,output/notebook3_gnn_encoder/link_prediction/airports_brazil/k10/degree/graphsage_edge_s42.emb,79943,18bd45ec0c71b16cf0a69bfbff401b269c7add7bcb580a1a2fb043c63be3983b
large,output/notebook3_gnn_encoder/link_prediction/airports_brazil/k10/degree/graphsage_edge_s43.emb,79919,e5fd197a5ffa9877e1de469f49c8ae91bc5b97d20c5f41c7dac07e4d9bf8ed08
large,output/notebook3_gnn_encoder/link_prediction/airports_brazil/k10/degree/graphsage_edge_s44.emb,80173,f28138b8a30db12c644f4e7280db359d4ee00b6d6b7c877b6a846bffb61e9591
large,output/notebook3_gnn_encoder/link_prediction/airports_brazil/k10/degree/graphsage_edge_s45.emb,79961,6abb5ddb39d9988d7420ef0a701085e1fb94ddcb3d8377495ec871f05be5e69f
large,output/notebook3_gnn_encoder/link_prediction/airports_brazil/k10/degree/graphsage_edge_s46.emb,80100,5273d85e673b54c63db65914c0b035bbcbf98a7b718b0b270d9bf95f604b30c7
large,output/notebook3_gnn_encoder/link_prediction/airports_brazil/k10/degree/graphsage_edge_s47.emb,80112,735ef9705df482946856d597d8d013555a1b0dcc75c649acfd82291bfab50a79
large,output/notebook3_gnn_encoder/link_prediction/airports_brazil/k10/hybrid/gatv2_edge_s42.emb,80194,3062462867aa0146a158bc198bd4c189c86322e65f901020f0586156769c7d77
large,output/notebook3_gnn_encoder/link_prediction/airports_brazil/k10/hybrid/gatv2_edge_s43.emb,80208,5a80d7ed5650e4ad34adc30cc9ed1ab0b2d3f5bcef9ace85e581842a0f4941e0
large,output/notebook3_gnn_encoder/link_prediction/airports_brazil/k10/hybrid/gatv2_edge_s44.emb,80104,eb969b6fce9a7da616070d32a48256b7b7b4766d68c1e3de67be60fa99ecf6a7
large,output/notebook3_gnn_encoder/link_prediction/airports_brazil/k10/hybrid/graphsage_edge_s42.emb,80250,21be2431e6f370376644641f5073a2a7b65b306b583871ab97fa4d6aa1ee461d
large,output/notebook3_gnn_encoder/link_prediction/airports_brazil/k10/hybrid/graphsage_edge_s43.emb,80044,7576b12feffc5f7032f8a0794cf3a4967cd7e33a14378a831b027e5c18ca28cd
large,output/notebook3_gnn_encoder/link_prediction/airports_brazil/k10/hybrid/graphsage_edge_s44.emb,80103,da126b2a4ab3bf4ed03c9c2a21c1a6e13652346a01b9f6c7499551b648ab3a21
large,output/notebook3_gnn_encoder/link_prediction/airports_brazil/k10/hybrid/graphsage_edge_s45.emb,80054,ea3474f05c771057e2efb9e30e0cbb99091c1479abbcfaf63edf75837526b111
large,output/notebook3_gnn_encoder/link_prediction/airports_brazil/k10/hybrid/graphsage_edge_s46.emb,80042,4860ab6587ffd5a7b741fddd76357b15f128a96e3436e766698e805ac3e6ec3e
large,output/notebook3_gnn_encoder/link_prediction/airports_brazil/k10/hybrid/graphsage_edge_s47.emb,79909,4c9db205b0d198db4c1f857943d28ae10a9d4b1cb9c91a6214a623bcbbcf4d29
large,output/notebook3_gnn_encoder/link_prediction/airports_brazil/k10/hybrid_centrality/gatv2_edge_s42.emb,80124,4d9c05a2c8a1001642ffdc6d2f19479fa9c6a7bd46a41b834e1d84e69b0781d0
large,output/notebook3_gnn_encoder/link_prediction/airports_brazil/k10/hybrid_centrality/gatv2_edge_s43.emb,80116,f52d81589c9c9c0fa643b46a9901487b7d1cc6e0d82a2373c586bde2b2c1e6dc
large,output/notebook3_gnn_encoder/link_prediction/airports_brazil/k10/hybrid_centrality/gatv2_edge_s44.emb,80067,b005922b94cefe3ff9bb69bedbf6a16bea2d8243934a10f617ce61a0234ff97d
large,output/notebook3_gnn_encoder/link_prediction/airports_brazil/k10/hybrid_centrality/graphsage_edge_s42.emb,80154,8d95f23261305c42871659e5020a8bbb00c061ae91c5d89c1f5b6348e0d5e43d
large,output/notebook3_gnn_encoder/link_prediction/airports_brazil/k10/hybrid_centrality/graphsage_edge_s43.emb,80029,04f4d3ddd18ce78cb52c6b30968fc0751e55aee7350ae8646faac0e4eabc622a
large,output/notebook3_gnn_encoder/link_prediction/airports_brazil/k10/hybrid_centrality/graphsage_edge_s44.emb,80039,594181096ede48d839c88c3413c29fb35f387a2f5e4713118c89d8695d132b92
large,output/notebook3_gnn_encoder/link_prediction/airports_brazil/k10/hybrid_centrality/graphsage_edge_s45.emb,80058,a5f43020117f200f8b8e5e056c1f9d88acdd9713b047c47286093699ca7d8e52
large,output/notebook3_gnn_encoder/link_prediction/airports_brazil/k10/hybrid_centrality/graphsage_edge_s46.emb,80016,c50ff97423c6fe9af99976aef1a7e7c6e214333a281ad694c5d94b12f968fe74
large,output/notebook3_gnn_encoder/link_prediction/airports_brazil/k10/hybrid_centrality/graphsage_edge_s47.emb,80069,4c6e155db9a7ac6b9a187b2b8d954c81b4c1743f2e45df2cd8606bb6a618cacc
large,output/notebook3_gnn_encoder/link_prediction/airports_brazil/k10/hybrid_degree/gatv2_edge_s42.emb,80027,c25b6af592f907bf47d2e94480e4f595dc1d2e10ca7a69594752da4f75d91d17
large,output/notebook3_gnn_encoder/link_prediction/airports_brazil/k10/hybrid_degree/gatv2_edge_s43.emb,80393,c197f6c106d2b3ab5676e895e57911194dcb62798a2216a5aa92a6cd8fdc8de4
large,output/notebook3_gnn_encoder/link_prediction/airports_brazil/k10/hybrid_degree/gatv2_edge_s44.emb,80010,09b1ed299ebef24a55227fdacebd247b1bde23617212c2067295d7345e143795
large,output/notebook3_gnn_encoder/link_prediction/airports_brazil/k10/hybrid_degree/graphsage_edge_s42.emb,80231,740f5c289ca4af649ca6229f689d5f81582998db69d51babcf54c6e2e11aeeab
large,output/notebook3_gnn_encoder/link_prediction/airports_brazil/k10/hybrid_degree/graphsage_edge_s43.emb,80038,ee2fbc6430d1e37409cbeadb8eb87c8f7a11b391e9ae4f2fd23ff89a5a81d795
large,output/notebook3_gnn_encoder/link_prediction/airports_brazil/k10/hybrid_degree/graphsage_edge_s44.emb,80028,bd5704c27b3a82f9494415c421d5283c25372a017179b8c18fedc5a323adcb6c
large,output/notebook3_gnn_encoder/link_prediction/airports_brazil/k10/hybrid_degree/graphsage_edge_s45.emb,80102,35ecdfe609772dcd5ba40fa1277225b43884d19e33925df2801a00e6a227634e
large,output/notebook3_gnn_encoder/link_prediction/airports_brazil/k10/hybrid_degree/graphsage_edge_s46.emb,79985,5882daf650adedeef43d33aa7d45d3dde1c513cb4983b8727e0babe0696da3c4
large,output/notebook3_gnn_encoder/link_prediction/airports_brazil/k10/hybrid_degree/graphsage_edge_s47.emb,79942,f6420a9e9a206ac16a200a67667d43c7042fdeb42f293a84a86f38346c233755
large,output/notebook3_gnn_encoder/link_prediction/airports_brazil/k10/original/gatv2_edge_s42.emb,80444,d5de1d3d3297fee082ff182047af2fdd825db05f658031049d3aedc5a8e199a9
large,output/notebook3_gnn_encoder/link_prediction/airports_brazil/k10/original/gatv2_edge_s43.emb,80208,bab04d1ebf0e056971a01142b547615f508592ba47b7e4b89e6a3bed5ac6603b
large,output/notebook3_gnn_encoder/link_prediction/airports_brazil/k10/original/gatv2_edge_s44.emb,80138,6a8ffb50d9a3e1f30d81bcf9b073f17977c3fcbafeb8df1ffce338e21a1ac8e7
large,output/notebook3_gnn_encoder/link_prediction/airports_brazil/k10/original/graphsage_edge_s42.emb,79933,95019d8fac423293f0719fcd4c9f1de03915af97672b0b63fb037ed3a73708f3
large,output/notebook3_gnn_encoder/link_prediction/airports_brazil/k10/original/graphsage_edge_s43.emb,80179,4be3ef3f6f6dbe1cd0274f027f331abeb188a9018357066a5477af1fb3d3c817
large,output/notebook3_gnn_encoder/link_prediction/airports_brazil/k10/original/graphsage_edge_s44.emb,80013,0eb195439104a4cbd60420bb66cf51e78638b956ea9d8304b5c46d8fea641f54
large,output/notebook3_gnn_encoder/link_prediction/airports_brazil/k10/original/graphsage_edge_s45.emb,80117,648de0b4b44721af50b1bed35d81566bf784ca003aa35ff80dae756c3dd40834
large,output/notebook3_gnn_encoder/link_prediction/airports_brazil/k10/original/graphsage_edge_s46.emb,80110,48d193ab61e15b90d52f6e205947dcdde3014a44b4475f8f3d883dbd4eb01461
large,output/notebook3_gnn_encoder/link_prediction/airports_brazil/k10/original/graphsage_edge_s47.emb,79979,5a59c33d3a40cf780777d626844db0a97ae414c8eee96ffec7be5dc5a9b29487
large,output/notebook3_gnn_encoder/link_prediction/airports_brazil/k10/psi/gatv2_edge_s42.emb,79884,a71cb1e2dd7a7b6cd2beb90f8a5749d2eff9f7a2ce04d761716cfa08539a0dd4
large,output/notebook3_gnn_encoder/link_prediction/airports_brazil/k10/psi/gatv2_edge_s43.emb,80362,5d62a623e17d275783c588eab90384e72d34921d1ec89d556f00b9397693569f
large,output/notebook3_gnn_encoder/link_prediction/airports_brazil/k10/psi/gatv2_edge_s44.emb,79964,45bb0423dea97c485ac4bb9d0fe388c4cbfa27cd2eb3f8d45bef069de5b0c8b2
large,output/notebook3_gnn_encoder/link_prediction/airports_brazil/k10/psi/graphsage_edge_s42.emb,79937,981a6b9f2a43ee0293130ce02b86cde59851d0be39cf48764327f85f471879fd
large,output/notebook3_gnn_encoder/link_prediction/airports_brazil/k10/psi/graphsage_edge_s43.emb,79923,496cb37f8e9714c9fabc99c6496b41111306d510f2ee06b8c2449ea60c1f93c1
large,output/notebook3_gnn_encoder/link_prediction/airports_brazil/k10/psi/graphsage_edge_s44.emb,80162,e8831d5ba03b738711f7afef6a99b73d4c02071564c57e3d92c7b37fb5ccc3b9
large,output/notebook3_gnn_encoder/link_prediction/airports_brazil/k10/psi/graphsage_edge_s45.emb,79980,8ad08d02690036c35c509077d1d53a89c77d0dcaaa767929efb094215cb92117
large,output/notebook3_gnn_encoder/link_prediction/airports_brazil/k10/psi/graphsage_edge_s46.emb,80251,f5d22795f67dbcd33fc1b217ebb1c53200842cee301f97a0d4cae440d95d9e64
large,output/notebook3_gnn_encoder/link_prediction/airports_brazil/k10/psi/graphsage_edge_s47.emb,80093,195ddaf4b0271cb512a0aa37e8aacc303996e4f6eb1872f75399dcd1ecbb4b6a
large,output/notebook3_gnn_encoder/link_prediction/airports_europe/k10/centrality/gatv2_edge_s42.emb,244049,4fd5a3b3ca752eaa775cefbc73ead7ff08502846555018e3732cbedd21a2be49
large,output/notebook3_gnn_encoder/link_prediction/airports_europe/k10/centrality/gatv2_edge_s43.emb,244385,40470fea85571dbde700ed14f3dd304f3f5e9e4106591cb02755ab4e294ecfaf
large,output/notebook3_gnn_encoder/link_prediction/airports_europe/k10/centrality/gatv2_edge_s44.emb,243946,938051f839b3454c57b6cdb2218c1fa299548048d7f4061e73f4b4000fc1fc71
large,output/notebook3_gnn_encoder/link_prediction/airports_europe/k10/centrality/graphsage_edge_s42.emb,244299,e28feab55de2a6d62e4bf8d4771089c261467352aa4013466c42f86941233f8d
large,output/notebook3_gnn_encoder/link_prediction/airports_europe/k10/centrality/graphsage_edge_s43.emb,244010,e13ff9cac237261aacddef763a32bb486c8bff2939a6d2d4429d9aac8124986d
large,output/notebook3_gnn_encoder/link_prediction/airports_europe/k10/centrality/graphsage_edge_s44.emb,244066,abc15f9b483231655b8962fe3f2eaa09ac4953d57073c690cd3fdab5b1d39f0a
large,output/notebook3_gnn_encoder/link_prediction/airports_europe/k10/centrality/graphsage_edge_s45.emb,243809,d48af7d74ebf76a63634b4263b1371438476e2f40ecc1557d3b399b504945d56
large,output/notebook3_gnn_encoder/link_prediction/airports_europe/k10/centrality/graphsage_edge_s46.emb,244619,9541141be3a6d387ec15d9c47a424763008dfe919896820a1a295fa75a8ea4d8
large,output/notebook3_gnn_encoder/link_prediction/airports_europe/k10/centrality/graphsage_edge_s47.emb,244123,1a1e1513b5f97fbcdb6a373f2cd37c9d232b604b433ccead0e94e6193307f1b2
large,output/notebook3_gnn_encoder/link_prediction/airports_europe/k10/degree/gatv2_edge_s42.emb,244704,0c6cff8d279282993ee96e71f7f8b3d47204bee9cb0f4cc7ba3b996ecb22c2eb
large,output/notebook3_gnn_encoder/link_prediction/airports_europe/k10/degree/gatv2_edge_s43.emb,244548,573029b0845a464b6ea7b95965f5829380e9536f08fa62a69990d741513a5199
large,output/notebook3_gnn_encoder/link_prediction/airports_europe/k10/degree/gatv2_edge_s44.emb,243844,333f5cee27b4352750468071bcb243e38718b7df0590142fa7ce615f209df79f
large,output/notebook3_gnn_encoder/link_prediction/airports_europe/k10/degree/graphsage_edge_s42.emb,243662,b5b24cc6f133226415b6c6fe8d253396247fe1e25c9e5626c21ae0cad532c6df
large,output/notebook3_gnn_encoder/link_prediction/airports_europe/k10/degree/graphsage_edge_s43.emb,244394,803bf366a8b10e65285cb9c31d9b0d74240f1a66068c53fc364f2705de5c93de
large,output/notebook3_gnn_encoder/link_prediction/airports_europe/k10/degree/graphsage_edge_s44.emb,244382,8f2f45f72daf880cfedd18d4271b4f8cf06ff0f0e0b3852a59ff38044f06eb86
large,output/notebook3_gnn_encoder/link_prediction/airports_europe/k10/degree/graphsage_edge_s45.emb,244020,c746bc64c422937c885fd279ab46e99cf3d01c9ef941d6014caac1f2c5bd12c3
large,output/notebook3_gnn_encoder/link_prediction/airports_europe/k10/degree/graphsage_edge_s46.emb,244799,db881bca153151e82bfaa49edbc008e2a654e4737bc0c17dc4457a3ac055d401
large,output/notebook3_gnn_encoder/link_prediction/airports_europe/k10/degree/graphsage_edge_s47.emb,243948,93df18fa41875f480855898a7a7238586f525c8a81ca5196b05423ceb259dea5
large,output/notebook3_gnn_encoder/link_prediction/airports_europe/k10/hybrid/gatv2_edge_s42.emb,244165,fc042963b75cc7356c0612abbe2633b1b2e558cf7428710db1e37c8d30d4897b
large,output/notebook3_gnn_encoder/link_prediction/airports_europe/k10/hybrid/gatv2_edge_s43.emb,244026,fa872af7da531c5747b6b070ee842c3d503f8c54bb83356aedf02ca303ef13d7
large,output/notebook3_gnn_encoder/link_prediction/airports_europe/k10/hybrid/gatv2_edge_s44.emb,244085,1001b402e093eaddf05c755cd359f65cb88a8cea52d2e5301c55de1d323f7179
large,output/notebook3_gnn_encoder/link_prediction/airports_europe/k10/hybrid/graphsage_edge_s42.emb,244153,8a438904dd2068de862dbb895fad8a630627dbeb7e67f3b5fb9266a3ca02cfe8
large,output/notebook3_gnn_encoder/link_prediction/airports_europe/k10/hybrid/graphsage_edge_s43.emb,244061,3a487ac0bd40c51a746c9cf49cc79ff9bd81bcea2d8706c418bcfbab5acecf7a
large,output/notebook3_gnn_encoder/link_prediction/airports_europe/k10/hybrid/graphsage_edge_s44.emb,244200,f68558bbe3ee3a0695a94bc349419d53bf54982dd5e889d6e71136ffab297013
large,output/notebook3_gnn_encoder/link_prediction/airports_europe/k10/hybrid/graphsage_edge_s45.emb,244195,bd4060246bc10b4bb84f1f345e00ea9c34364e89d6de4b64c031c7d5e5b01698
large,output/notebook3_gnn_encoder/link_prediction/airports_europe/k10/hybrid/graphsage_edge_s46.emb,243639,17339a05051ba0090a65003c9101eab3c0df2676b9ee684d669a2d9d4c03c4d9
large,output/notebook3_gnn_encoder/link_prediction/airports_europe/k10/hybrid/graphsage_edge_s47.emb,243998,89143b95905824cf0c2fe4505846a83d7239d75a9411975db0b1ac22331192ff
large,output/notebook3_gnn_encoder/link_prediction/airports_europe/k10/hybrid_centrality/gatv2_edge_s42.emb,244357,20dd3003884358c1d41b75d28c56e9e173e0ea26337d4dd5b0cf2a6c9cf7072c
large,output/notebook3_gnn_encoder/link_prediction/airports_europe/k10/hybrid_centrality/gatv2_edge_s43.emb,243920,2f7aad21910251a39a6bd9531b7d541a16fc4722ce75b4a295250076ff3eb63d
large,output/notebook3_gnn_encoder/link_prediction/airports_europe/k10/hybrid_centrality/gatv2_edge_s44.emb,243837,39fcf95472bb7bfbb9c7c0d3f4ddc73411242732d6f9a5975bd2baf3e3d78a00
large,output/notebook3_gnn_encoder/link_prediction/airports_europe/k10/hybrid_centrality/graphsage_edge_s42.emb,244451,dc537c3524430df8efb7c6215c7e58eb4cba515c619575029e69455c59861e78
large,output/notebook3_gnn_encoder/link_prediction/airports_europe/k10/hybrid_centrality/graphsage_edge_s43.emb,244052,535a44f9865a67ef86190271da892288ef8711354516f4e1d77c7b5dc9a8dc49
large,output/notebook3_gnn_encoder/link_prediction/airports_europe/k10/hybrid_centrality/graphsage_edge_s44.emb,244108,555754b81cb468393d70aa7b60620068a3f0228970ab6cd7a090f81c608eb859
large,output/notebook3_gnn_encoder/link_prediction/airports_europe/k10/hybrid_centrality/graphsage_edge_s45.emb,244418,f67230b1c30b48172f32bc6280c7c05bfc47a3d95fe2237292a130b1f27a8e53
large,output/notebook3_gnn_encoder/link_prediction/airports_europe/k10/hybrid_centrality/graphsage_edge_s46.emb,243652,a8da57ce06a74bf1b69fb825cf0cb4dc59d1d422852932478021e81cf85b5020
large,output/notebook3_gnn_encoder/link_prediction/airports_europe/k10/hybrid_centrality/graphsage_edge_s47.emb,243921,ae02581b14d199cd0fc410f339da1c1715b9241f30566bd9dc6dbc3fe2d7c9d6
large,output/notebook3_gnn_encoder/link_prediction/airports_europe/k10/hybrid_degree/gatv2_edge_s42.emb,244267,bf674ef3bd83b95dfd6c7fee33d4af96c9a36d80a8e0d853e642da5a27060b80
large,output/notebook3_gnn_encoder/link_prediction/airports_europe/k10/hybrid_degree/gatv2_edge_s43.emb,243834,b631f95cbdd0565a69378f7a1c5e543611cdb607d721e14542e194947dc414de
large,output/notebook3_gnn_encoder/link_prediction/airports_europe/k10/hybrid_degree/gatv2_edge_s44.emb,244017,1a44da5ffff4d2eb07a9e47d52213f20e4617d7110f4f858c8dc6363daa3a27a
large,output/notebook3_gnn_encoder/link_prediction/airports_europe/k10/hybrid_degree/graphsage_edge_s42.emb,244329,f8495db411f2b91fea28f3398c5ec797dfe015f449b55092136f1d225ba64c8e
large,output/notebook3_gnn_encoder/link_prediction/airports_europe/k10/hybrid_degree/graphsage_edge_s43.emb,244114,3ee6763b6065a92b07a44f69055bd4b76cd129dedd378e591d6a5aa54cc8c1c4
large,output/notebook3_gnn_encoder/link_prediction/airports_europe/k10/hybrid_degree/graphsage_edge_s44.emb,244164,23e865e4d93f6c0d51da0ab15192ccbad813275f78716d5d57555d979b1dcef2
large,output/notebook3_gnn_encoder/link_prediction/airports_europe/k10/hybrid_degree/graphsage_edge_s45.emb,244223,4061882d85f02b36b0171e6f7da6ae32d8903db6662a93a00e54ddcf249ea1ad
large,output/notebook3_gnn_encoder/link_prediction/airports_europe/k10/hybrid_degree/graphsage_edge_s46.emb,243582,0594e5971d1cba98ce6f062ab8b8bdd4a494b220b7a30c2aa8820027463d0c7d
large,output/notebook3_gnn_encoder/link_prediction/airports_europe/k10/hybrid_degree/graphsage_edge_s47.emb,243977,19fc24697cf7c9edd3b84acb2a6e36d751d1560d222c62dc187a55e88d714117
large,output/notebook3_gnn_encoder/link_prediction/airports_europe/k10/original/gatv2_edge_s42.emb,245524,7cab94ee99bf7aae406a79e9d3391e2d9de03c61027d656033b496d7e8847273
large,output/notebook3_gnn_encoder/link_prediction/airports_europe/k10/original/gatv2_edge_s43.emb,244409,9dd1848731b712901fbb5e897bf48cb90a962ab2246c000594fa7dfefde82225
large,output/notebook3_gnn_encoder/link_prediction/airports_europe/k10/original/gatv2_edge_s44.emb,244176,6764e30bba5bf3c0a2df64ebefc66fbe897b1874470d4906d1ef0479d67143c8
large,output/notebook3_gnn_encoder/link_prediction/airports_europe/k10/original/graphsage_edge_s42.emb,244145,6947045eb0a34c2ebd7a4eec770bb31c157c69a699776693debd33232fbe6072
large,output/notebook3_gnn_encoder/link_prediction/airports_europe/k10/original/graphsage_edge_s43.emb,244672,0d2fafcb5409111365b031576749cf7e57508328976bd96c62bebc3b19f91162
large,output/notebook3_gnn_encoder/link_prediction/airports_europe/k10/original/graphsage_edge_s44.emb,244254,c226c549b4e94ee822d434db0c8484710119cd274d77b92bd6b53183201ff1aa
large,output/notebook3_gnn_encoder/link_prediction/airports_europe/k10/original/graphsage_edge_s45.emb,244506,d3a034de8f6c267f13510f1219185071a5fc4ababf6ca3775d3a87af29fe457c
large,output/notebook3_gnn_encoder/link_prediction/airports_europe/k10/original/graphsage_edge_s46.emb,244173,fe9d4eee102a850a8a235dbf7422396bfe0f83dd82dfc4b3848287849dc32ff8
large,output/notebook3_gnn_encoder/link_prediction/airports_europe/k10/original/graphsage_edge_s47.emb,244111,668a1b0b5af45bd44d7993e5cb36bc192101dd1c0b2431f8539d95b369a90d21
large,output/notebook3_gnn_encoder/link_prediction/airports_europe/k10/psi/gatv2_edge_s42.emb,244068,4db9d4cf18ff8b70c998cbe9476642f19b564d3f8383d5762759d3a279bc6fb8
large,output/notebook3_gnn_encoder/link_prediction/airports_europe/k10/psi/gatv2_edge_s43.emb,244429,45aa8c26334263eafe84a26a266ae804f9bdcba6b753045094a92722a295f7e6
large,output/notebook3_gnn_encoder/link_prediction/airports_europe/k10/psi/gatv2_edge_s44.emb,243609,26065e5fbb3aff2d2983a01c585fb6e2c30527a187c593200ed86a02e5c05659
large,output/notebook3_gnn_encoder/link_prediction/airports_europe/k10/psi/graphsage_edge_s42.emb,243790,b39fd37b4126d7865aa5e9269dc084d182af7adfb580a88561fc3c2407046b39
large,output/notebook3_gnn_encoder/link_prediction/airports_europe/k10/psi/graphsage_edge_s43.emb,244385,b28a2930b502e743ec45cb093f9c5cedd5af44aac53a2222fe8d55a58f9e83df
large,output/notebook3_gnn_encoder/link_prediction/airports_europe/k10/psi/graphsage_edge_s44.emb,244553,1e88d6f2e4fcbdf68907ccbd22f33ed1e71ee4be953c475ed580d5344cda5d31
large,output/notebook3_gnn_encoder/link_prediction/airports_europe/k10/psi/graphsage_edge_s45.emb,243703,f997f963c983ed1644a018b7d58c28ea7e0b38d31e2be8852132a5164e4d8617
large,output/notebook3_gnn_encoder/link_prediction/airports_europe/k10/psi/graphsage_edge_s46.emb,244650,4f983d8e9e17fbc7c7d377bf78f91fea58fea53cc00f0056f1bf95fb1f0248fe
large,output/notebook3_gnn_encoder/link_prediction/airports_europe/k10/psi/graphsage_edge_s47.emb,244130,ae7bff284a2d92c93539235f0acef9cf102c485761dd8fde2931c2a67d65cb1e
large,output/notebook3_gnn_encoder/link_prediction/airports_usa/k10/centrality/gatv2_edge_s42.emb,727672,ebe46423991261f004280ae03dd64b3199a720211e8d2ac15aa85c15e8579adb
large,output/notebook3_gnn_encoder/link_prediction/airports_usa/k10/centrality/gatv2_edge_s43.emb,729455,f602db2cb0ce649144a3bc3f2a103247ec055ff2d1b4c21f054787500ddf0750
large,output/notebook3_gnn_encoder/link_prediction/airports_usa/k10/centrality/gatv2_edge_s44.emb,729862,ae10a301cb2df7e04c923205575d4909a5859f7273aa73eda72c81a882dfdb42
large,output/notebook3_gnn_encoder/link_prediction/airports_usa/k10/centrality/graphsage_edge_s42.emb,726954,690bc5360ab0857a40dfd60c33fcb778fe344f22942a23e73abe48dc3e4d00f5
large,output/notebook3_gnn_encoder/link_prediction/airports_usa/k10/centrality/graphsage_edge_s43.emb,727511,c51d1243e9467bc17749db0026302fe745a4b4d0feb20e3b10cc0dc99c163f45
large,output/notebook3_gnn_encoder/link_prediction/airports_usa/k10/centrality/graphsage_edge_s44.emb,728698,8d82d152f968c0373da9f0a000e4d7ee87e8ea8207043c569f4b82d7bdcba381
large,output/notebook3_gnn_encoder/link_prediction/airports_usa/k10/centrality/graphsage_edge_s45.emb,727824,44b23ab190c7fe86f7554a28687ae6c1b2ada7ea544e83e1a25199ade6986e27
large,output/notebook3_gnn_encoder/link_prediction/airports_usa/k10/centrality/graphsage_edge_s46.emb,728100,d10dc36725fba3ad3c339b89b1a2da54fbc56d3de206f2836b750ea722953a95
large,output/notebook3_gnn_encoder/link_prediction/airports_usa/k10/centrality/graphsage_edge_s47.emb,730363,9ee2f5cf7e129ddeea48e94e6f468ef1858761ab21ae3bd0f50a3dd78d93836b
large,output/notebook3_gnn_encoder/link_prediction/airports_usa/k10/degree/gatv2_edge_s42.emb,726047,6291526db7d786a1f512b074d2ff454d132f4a26568bbdb9457671dc532ff4a7
large,output/notebook3_gnn_encoder/link_prediction/airports_usa/k10/degree/gatv2_edge_s43.emb,731492,0fa24195f105eaf5a434a14e967d17b73f57c4fe636017dfc7127867fc833e24
large,output/notebook3_gnn_encoder/link_prediction/airports_usa/k10/degree/gatv2_edge_s44.emb,728887,693e950cfce3295a797a8c4720bcb52409d7d86cbbbdc627c72807fdcd1caf49
large,output/notebook3_gnn_encoder/link_prediction/airports_usa/k10/degree/graphsage_edge_s42.emb,728196,bacde1fee08c38d054c0edf3c04cd72d2cc5440d51de7b63ab70a3851f61d41f
large,output/notebook3_gnn_encoder/link_prediction/airports_usa/k10/degree/graphsage_edge_s43.emb,726960,f36f9bda5b85ed5b9b76227ff8ce955af35c7720bbcb820f7cacb7afeff04395
large,output/notebook3_gnn_encoder/link_prediction/airports_usa/k10/degree/graphsage_edge_s44.emb,730523,904ff10c1557f20c8d5141bde1a375958a351ba0050e0efa0bd2c059d91e1bac
large,output/notebook3_gnn_encoder/link_prediction/airports_usa/k10/degree/graphsage_edge_s45.emb,727386,a8a5e6bd5d621b68c4532467a022ce8d578039aafb38e5b8857ac3e7c65514fb
large,output/notebook3_gnn_encoder/link_prediction/airports_usa/k10/degree/graphsage_edge_s46.emb,729434,b71f349c2311f93a6ec5196b5dbc593b9cd0c8e3d7df73597b873dad65aa0598
large,output/notebook3_gnn_encoder/link_prediction/airports_usa/k10/degree/graphsage_edge_s47.emb,728488,763058ac64347eca8d3c30202b6fc394dd19b638d5dbccfc04833ad0f426c28d
large,output/notebook3_gnn_encoder/link_prediction/airports_usa/k10/hybrid/gatv2_edge_s42.emb,731451,d542e27b1d35f763273a4f3571382d289b8e3c1c75510114a59dad8226865146
large,output/notebook3_gnn_encoder/link_prediction/airports_usa/k10/hybrid/gatv2_edge_s43.emb,731006,a40b03390786adc61b714937dccbca267d23687272d373f3bc2f6a7ba501decc
large,output/notebook3_gnn_encoder/link_prediction/airports_usa/k10/hybrid/gatv2_edge_s44.emb,728248,68793b2bbaa4cb8d83b5c224cfb4362f77f6e8ecc0003abcca0cc5849be2bc90
large,output/notebook3_gnn_encoder/link_prediction/airports_usa/k10/hybrid/graphsage_edge_s42.emb,731792,92aed2558d45a83c0d55504481fa80c7793c0eccba68b524ca5801973dbdf51c
large,output/notebook3_gnn_encoder/link_prediction/airports_usa/k10/hybrid/graphsage_edge_s43.emb,729121,861c6e5bc391235ce7fa9ef64b6c828e6d865def1b157e8e8479f5ed98e8312a
large,output/notebook3_gnn_encoder/link_prediction/airports_usa/k10/hybrid/graphsage_edge_s44.emb,729993,0d11a073ac56a78f0a6468727dfa3265ba7a6caaeb0cd7df246e6d25138aab7c
large,output/notebook3_gnn_encoder/link_prediction/airports_usa/k10/hybrid/graphsage_edge_s45.emb,729970,7aae0dd22fe40b71e63cc3f4becaa50010f8e54c98e669e89e72114a407bc402
large,output/notebook3_gnn_encoder/link_prediction/airports_usa/k10/hybrid/graphsage_edge_s46.emb,726937,a58c08e714edbb7160d6cbd3a324c9ed0e3d8e565a73b5d2abf40a07573af252
large,output/notebook3_gnn_encoder/link_prediction/airports_usa/k10/hybrid/graphsage_edge_s47.emb,727880,868fa91c849965c0b178baf774e7c4c7eed2423566d85f6e31962dc00e026c85
large,output/notebook3_gnn_encoder/link_prediction/airports_usa/k10/hybrid_centrality/gatv2_edge_s42.emb,730441,d19bb30490bfdcd5f0a358fd0aed827f6d1fbe06d30f5366e44a6ba47243b67a
large,output/notebook3_gnn_encoder/link_prediction/airports_usa/k10/hybrid_centrality/gatv2_edge_s43.emb,731009,31e069b1a31c8ce48551866a9f6cbc7be3793053592e40f43d2c2c6d91b19c12
large,output/notebook3_gnn_encoder/link_prediction/airports_usa/k10/hybrid_centrality/gatv2_edge_s44.emb,727511,ad8b078204a9b331522e3bd973e89769ef8f1bc93157d2b3ddab4b5a34c0835d
large,output/notebook3_gnn_encoder/link_prediction/airports_usa/k10/hybrid_centrality/graphsage_edge_s42.emb,731398,24070c23a36a2bd2e0defb450d857d6bb2136800fc2e50bf186c011116d52c7f
large,output/notebook3_gnn_encoder/link_prediction/airports_usa/k10/hybrid_centrality/graphsage_edge_s43.emb,728401,12a41e24bfe4a7e4ec52dfa95e392bc7cf0e14888b6b5da1cde1669483268a03
large,output/notebook3_gnn_encoder/link_prediction/airports_usa/k10/hybrid_centrality/graphsage_edge_s44.emb,729127,a88a8d6d2f90f172c608ed080e121e53a553414396adf7b5dd9200c84dc448ee
large,output/notebook3_gnn_encoder/link_prediction/airports_usa/k10/hybrid_centrality/graphsage_edge_s45.emb,730676,2966bdf3a6a0bee1341e1cc3e8608a742a44c975cbd9c2ab87390917e8c68009
large,output/notebook3_gnn_encoder/link_prediction/airports_usa/k10/hybrid_centrality/graphsage_edge_s46.emb,726157,5d1d9304fea0a8fb51de8671bc0146fed5377585d0d22509ca42f942fe6a2a16
large,output/notebook3_gnn_encoder/link_prediction/airports_usa/k10/hybrid_centrality/graphsage_edge_s47.emb,727716,b87f5ee47cb7c9d32473631b56840a4e085d500f68883a5b5bef4392bdee9c41
large,output/notebook3_gnn_encoder/link_prediction/airports_usa/k10/hybrid_degree/gatv2_edge_s42.emb,730929,fa92070fcaa566653d9ce8b1734ab70a8d4215f5793464ebcab0fe975591e64c
large,output/notebook3_gnn_encoder/link_prediction/airports_usa/k10/hybrid_degree/gatv2_edge_s43.emb,731971,4122be138f5abdeb6865173e363230d3d1daf5bf94b3adc57b246582242ed2eb
large,output/notebook3_gnn_encoder/link_prediction/airports_usa/k10/hybrid_degree/gatv2_edge_s44.emb,727986,cf55661ab2aca05de4826ec41dba3562ea7443c4d7180b0e70d224a70a051cb7
large,output/notebook3_gnn_encoder/link_prediction/airports_usa/k10/hybrid_degree/graphsage_edge_s42.emb,731119,a26013b42d9b1ac1b25e39fcfb8d7f3186b44fe9ae6000e6a113b2d9ad6557f2
large,output/notebook3_gnn_encoder/link_prediction/airports_usa/k10/hybrid_degree/graphsage_edge_s43.emb,728433,bf421d42a188d315a1b3315939b39783d7f9a6d686fdb54d1fa8da711a4f8596
large,output/notebook3_gnn_encoder/link_prediction/airports_usa/k10/hybrid_degree/graphsage_edge_s44.emb,730043,2a24fc0dfa6dd4da80c0b11f9af711edf10cb362af4cf69c80a32d9bbdca4719
large,output/notebook3_gnn_encoder/link_prediction/airports_usa/k10/hybrid_degree/graphsage_edge_s45.emb,729882,84bca651d87194f71c1d85bc7ea0ffdad41408166f2712c3d1a706a190ffd22f
large,output/notebook3_gnn_encoder/link_prediction/airports_usa/k10/hybrid_degree/graphsage_edge_s46.emb,728633,cb23e90947bf0b0bddbb80504726e4cabd206e1da58c45273a62a939b582ae2c
large,output/notebook3_gnn_encoder/link_prediction/airports_usa/k10/hybrid_degree/graphsage_edge_s47.emb,727221,faf118b78cc19f90617d3e72d3fbfe0bafe29f2dad6054cf47b0eb28329746f7
large,output/notebook3_gnn_encoder/link_prediction/airports_usa/k10/original/gatv2_edge_s42.emb,728886,81796a0ca8c98189e3e913fb2e706e9b0582b218e4df44e77f78294f87f769c9
large,output/notebook3_gnn_encoder/link_prediction/airports_usa/k10/original/gatv2_edge_s43.emb,729323,700540b0217e926452b0ded691bac0597327eac4316a9123789411446f54e12c
large,output/notebook3_gnn_encoder/link_prediction/airports_usa/k10/original/gatv2_edge_s44.emb,727575,d22bd7ec78de5b6cc23916eb091949149cd5039173733d5b22c28d739cef5214
large,output/notebook3_gnn_encoder/link_prediction/airports_usa/k10/original/graphsage_edge_s42.emb,729291,5b6ef029c968052389b3db9375df1b472293adba4da2a3d002a25afcc9e27462
large,output/notebook3_gnn_encoder/link_prediction/airports_usa/k10/original/graphsage_edge_s43.emb,732594,2a2aff81c164dd99a1052db2a3993e6f80dc7fcb96714681bda8f98256f066ce
large,output/notebook3_gnn_encoder/link_prediction/airports_usa/k10/original/graphsage_edge_s44.emb,728472,02140f82ec74ece18af3b275358c89c4dd2df2fa44eb2c618a35ee8a422bbf91
large,output/notebook3_gnn_encoder/link_prediction/airports_usa/k10/original/graphsage_edge_s45.emb,730641,68c8c0a638623d95f73ad641986107d47d945db1744603663192e634a12bbb25
large,output/notebook3_gnn_encoder/link_prediction/airports_usa/k10/original/graphsage_edge_s46.emb,726399,4434659f4b8b764100f7fabe87e6e4ddddd00afd2b9a78426cbcb4364336247b
large,output/notebook3_gnn_encoder/link_prediction/airports_usa/k10/original/graphsage_edge_s47.emb,727830,eacf1288e7d7afbae570da8b1454e94072502e72d0a8b9430d613422d32b6889
large,output/notebook3_gnn_encoder/link_prediction/airports_usa/k10/psi/gatv2_edge_s42.emb,726063,73d718a1d9cc9ed676a51675b699692e0805509f7d7cef2c551389bfb51119d2
large,output/notebook3_gnn_encoder/link_prediction/airports_usa/k10/psi/gatv2_edge_s43.emb,730455,2c6cd74cc22d58127c052d70c1d997e14e8ccc2dbbdea6fc32860ba2b3d033c2
large,output/notebook3_gnn_encoder/link_prediction/airports_usa/k10/psi/gatv2_edge_s44.emb,727211,0b75db71869c15b55c88e7bb384bc311dbbf481cb83ca841d380e99fbcfcff54
large,output/notebook3_gnn_encoder/link_prediction/airports_usa/k10/psi/graphsage_edge_s42.emb,727582,016b931ad38c3cbdb5d8c02c1a43ddce437efa8f987afdedbf60ea5e915cad43
large,output/notebook3_gnn_encoder/link_prediction/airports_usa/k10/psi/graphsage_edge_s43.emb,727766,15bc8544df54a3efac4db236cc6b3479351e9ae2449017984c71ecd323a4d118
large,output/notebook3_gnn_encoder/link_prediction/airports_usa/k10/psi/graphsage_edge_s44.emb,729782,dd505873f2a34f3c36276dbc597040f3ce508bb57445f6ccbfaf353de690ffa4
large,output/notebook3_gnn_encoder/link_prediction/airports_usa/k10/psi/graphsage_edge_s45.emb,729660,6fb555d03a63a77bfa390c31f07f60456207ad80ea04ac33cb38778577aff851
large,output/notebook3_gnn_encoder/link_prediction/airports_usa/k10/psi/graphsage_edge_s46.emb,729580,38ff5516819dbaf59911e93a32d7d85afe1de4c36fdeaf7c617d07842b8f0431
large,output/notebook3_gnn_encoder/link_prediction/airports_usa/k10/psi/graphsage_edge_s47.emb,728483,5434d7be363dd8a242c43a093787a9a6e8fd7e21d0bd6668d1eb10de02c35f31
large,output/notebook3_gnn_encoder/link_prediction/amazon_computers/k10/centrality/gatv2_edge_s42.emb,8293473,cea6c05b928294c2cb949d3b466ace0511182e38d922b3f3a2b8a2eaf4bf57ba
large,output/notebook3_gnn_encoder/link_prediction/amazon_computers/k10/centrality/gatv2_edge_s43.emb,8286911,d874aea49533a3807ba3107bbc3f832ee49b3dd14f46dea9e276ecfea11cf20d
large,output/notebook3_gnn_encoder/link_prediction/amazon_computers/k10/centrality/gatv2_edge_s44.emb,8234727,ed6e70ea0d3d06a497c2e88929ac677341162bb102018e8b55efaa8fef048d9e
large,output/notebook3_gnn_encoder/link_prediction/amazon_computers/k10/centrality/graphsage_edge_s42.emb,8261308,65c87be712179752dc12fe216e91be7d76458144f435881e8266afbdf33a4455
large,output/notebook3_gnn_encoder/link_prediction/amazon_computers/k10/centrality/graphsage_edge_s43.emb,8257089,31eac228c43dd8374672579fcd9a0fdecee26c0881d23ef07e4688e6d3b4a543
large,output/notebook3_gnn_encoder/link_prediction/amazon_computers/k10/centrality/graphsage_edge_s44.emb,8260312,2beae80384619efa1838e87f231aa8965fc6ab1f6edbd8b04141378e52dadb28
large,output/notebook3_gnn_encoder/link_prediction/amazon_computers/k10/centrality/graphsage_edge_s45.emb,8233338,be485dd46d3286d2a7e67abb27e90abff91b0c4eb1d98c96309429ca50db7c98
large,output/notebook3_gnn_encoder/link_prediction/amazon_computers/k10/centrality/graphsage_edge_s46.emb,8253469,d01a4ea138fa9628e39fee6f52fddee83309b60d34ef7132b5aed203861cbd16
large,output/notebook3_gnn_encoder/link_prediction/amazon_computers/k10/centrality/graphsage_edge_s47.emb,8280478,d9f3a0a7abcdd196f8095eaf256229b3c5ef8a05b8b0c2eb01afb6ca94780f36
large,output/notebook3_gnn_encoder/link_prediction/amazon_computers/k10/degree/gatv2_edge_s42.emb,8288823,2be55fee533d3b89fa30a2d8f8a9678999b592602ae0738c8b07376469f1b794
large,output/notebook3_gnn_encoder/link_prediction/amazon_computers/k10/degree/gatv2_edge_s43.emb,8252936,44959e047c19c9d09f055bb2abf484c70ea3bd626a8cb62a97329cddd50da294
large,output/notebook3_gnn_encoder/link_prediction/amazon_computers/k10/degree/gatv2_edge_s44.emb,8255411,726fac5eb166634da769908c78120d1e564d7ecc7f05c17de8f9c91aa1a49d9d
large,output/notebook3_gnn_encoder/link_prediction/amazon_computers/k10/degree/graphsage_edge_s42.emb,8262423,8e2195ecb6f0e163da33c91b6ad685cff712eac4204fb0124996b37bc3517b89
large,output/notebook3_gnn_encoder/link_prediction/amazon_computers/k10/degree/graphsage_edge_s43.emb,8246054,f059d4dfd133fa5289bcf6880e3195dbc30444e0b33692dbe23d070ee73d404b
large,output/notebook3_gnn_encoder/link_prediction/amazon_computers/k10/degree/graphsage_edge_s44.emb,8256315,5958ea4b1a7813528b3676733f3fc0153c81b53b531a838eabc945bc677c11e6
large,output/notebook3_gnn_encoder/link_prediction/amazon_computers/k10/degree/graphsage_edge_s45.emb,8224894,7c769b1d9c4c9c1feaa0b6c267e1251e23daa0cf46d33cffba065ba39c1ff55b
large,output/notebook3_gnn_encoder/link_prediction/amazon_computers/k10/degree/graphsage_edge_s46.emb,8267192,7015206bb9e55d244ff91ce20851470aa316262ef8a9031cbf038f851e3e38e1
large,output/notebook3_gnn_encoder/link_prediction/amazon_computers/k10/degree/graphsage_edge_s47.emb,8260561,8fb38cedccb2c050ab441f3835c2c38525078c0db4bb2550f5a605310c3d4b54
large,output/notebook3_gnn_encoder/link_prediction/amazon_computers/k10/hybrid/gatv2_edge_s42.emb,8304055,7bec1b964c4b157f47e3471010a7497ba227380a241716a4cecc9ded657d4254
large,output/notebook3_gnn_encoder/link_prediction/amazon_computers/k10/hybrid/gatv2_edge_s43.emb,8301979,33e2f88d9e41ae4592ae842490abd55030e1bc978c19f9cb32636d3b04c53d9d
large,output/notebook3_gnn_encoder/link_prediction/amazon_computers/k10/hybrid/gatv2_edge_s44.emb,8244081,4be415362c6ec20a100c8b0d1462d86fcc21e87038cb83c36c83597e051ea7c6
large,output/notebook3_gnn_encoder/link_prediction/amazon_computers/k10/hybrid/graphsage_edge_s42.emb,8281322,2ee8ed72d4eff5cf08e9d45ed9f4b9513850318b960ed8795cb3e3ae0aaaa14b
large,output/notebook3_gnn_encoder/link_prediction/amazon_computers/k10/hybrid/graphsage_edge_s43.emb,8243017,bcbcd6f342ddde4fce914820551d99342cd2f2de9f27fd141c03e15239223abc
large,output/notebook3_gnn_encoder/link_prediction/amazon_computers/k10/hybrid/graphsage_edge_s44.emb,8270917,1ae6f39c4794e98fe98ed465a9c94065f04502de1fff3adae57dd8595df971cf
large,output/notebook3_gnn_encoder/link_prediction/amazon_computers/k10/hybrid/graphsage_edge_s45.emb,8268391,ca6e9a2509441f20e65434087a551a981da9a497ef9d677f3093cde43e2e1303
large,output/notebook3_gnn_encoder/link_prediction/amazon_computers/k10/hybrid/graphsage_edge_s46.emb,8244517,712b5763fb8e2ffeedd63fd8b34fb297ded09bbbfb40c48c9007bad6777e0e4a
large,output/notebook3_gnn_encoder/link_prediction/amazon_computers/k10/hybrid/graphsage_edge_s47.emb,8267026,4f51a85a6b15dee8a597ecf9d27b6c78f0014d2db8b1bd79b3d7e96978b4eddf
large,output/notebook3_gnn_encoder/link_prediction/amazon_computers/k10/hybrid_centrality/gatv2_edge_s42.emb,8280469,475e98f62a3e2a4145466035692c3f5322cf59993c8d1ea45764668de822c6ee
large,output/notebook3_gnn_encoder/link_prediction/amazon_computers/k10/hybrid_centrality/gatv2_edge_s43.emb,8287868,72ce2b7a4a9e02d6e2c1bee226064040efaa1e9facd75b5ab0f77f15e6fdb610
large,output/notebook3_gnn_encoder/link_prediction/amazon_computers/k10/hybrid_centrality/gatv2_edge_s44.emb,8280498,0a7f777f387be7593c2b85b2bfc3ac6950890649c40519e16a66bb01906b29e0
large,output/notebook3_gnn_encoder/link_prediction/amazon_computers/k10/hybrid_centrality/graphsage_edge_s42.emb,8287149,49d798007ecba545b2d135322b6dd4b510645fe1ac5ab55d9fce9b0254fbd80a
large,output/notebook3_gnn_encoder/link_prediction/amazon_computers/k10/hybrid_centrality/graphsage_edge_s43.emb,8248053,8702f69e4e421aa091c1c3bdb76cbfab0e132fc2bf1eb16812ce58e8752f4b73
large,output/notebook3_gnn_encoder/link_prediction/amazon_computers/k10/hybrid_centrality/graphsage_edge_s44.emb,8269944,d378c2736c10f6fddf879e8f83cc8fdf5232ec6071e4cf838d3737b1d5c30a7f
large,output/notebook3_gnn_encoder/link_prediction/amazon_computers/k10/hybrid_centrality/graphsage_edge_s45.emb,8274361,e2ebaf4ddbb16ad71b7fa84a9d963f001566521f40ad2b49d3135399842f8f84
large,output/notebook3_gnn_encoder/link_prediction/amazon_computers/k10/hybrid_centrality/graphsage_edge_s46.emb,8254346,ad892d5bb980dc83cb7be79da3afad4a9e7718cc6a845419a6927990a5252ca2
large,output/notebook3_gnn_encoder/link_prediction/amazon_computers/k10/hybrid_centrality/graphsage_edge_s47.emb,8269899,77b9310451f70f875316357b373bdcf9b1d88033b4a89d74577b75a1ec75dcb8
large,output/notebook3_gnn_encoder/link_prediction/amazon_computers/k10/hybrid_degree/gatv2_edge_s42.emb,8320009,76a27c95d9259a8849a5f7327c1a398450a1ed1fb5476008d95b3c0a5a16f8d9
large,output/notebook3_gnn_encoder/link_prediction/amazon_computers/k10/hybrid_degree/gatv2_edge_s43.emb,8333905,2624dd6d6a9a5dcdb90c6415b181ffecf51039133dc5656f093ecaa138755bae
large,output/notebook3_gnn_encoder/link_prediction/amazon_computers/k10/hybrid_degree/gatv2_edge_s44.emb,8262872,1d226bd2a2d28f6b72ff14e879b3ea59bf017eadbe25cf552d10565e4947fc16
large,output/notebook3_gnn_encoder/link_prediction/amazon_computers/k10/hybrid_degree/graphsage_edge_s42.emb,8272060,d19271e56267cabda9fe1f5b471f07f8608aebfeada8ef47b59862b825f6aa2d
large,output/notebook3_gnn_encoder/link_prediction/amazon_computers/k10/hybrid_degree/graphsage_edge_s43.emb,8249304,27cebb962d5ecb867aedab045abf9a5b1fdc86ff00d52681a2fb420b5a176cb4
large,output/notebook3_gnn_encoder/link_prediction/amazon_computers/k10/hybrid_degree/graphsage_edge_s44.emb,8270814,da49bbe3450a0b444b04189183c3e54378765ff37763cbcc76db6119c0f11b76
large,output/notebook3_gnn_encoder/link_prediction/amazon_computers/k10/hybrid_degree/graphsage_edge_s45.emb,8262582,1b8430c571a629a0c1d059fc1e65558b44aa5b7e74acd6223b16d032cd2a2a83
large,output/notebook3_gnn_encoder/link_prediction/amazon_computers/k10/hybrid_degree/graphsage_edge_s46.emb,8243366,899cf54ec5b2bd37431fad8661021ac1a9c78ece0d640fc87ee4a7d407b62b8e
large,output/notebook3_gnn_encoder/link_prediction/amazon_computers/k10/hybrid_degree/graphsage_edge_s47.emb,8261218,e60af1a7c90ebe3915e4459a822cc415b5e678f8d7e0867c84c8828a2e9f753d
large,output/notebook3_gnn_encoder/link_prediction/amazon_computers/k10/original/gatv2_edge_s42.emb,8287292,3a2b8b98db1cd2b316d61c4ac25d2a3012a6b30aa06c7afa441c9a4307d085a2
large,output/notebook3_gnn_encoder/link_prediction/amazon_computers/k10/original/gatv2_edge_s43.emb,8290536,ca4387043ba02fd05d6923bd1e65168d9fe49c1000245a4bf3772bcd7f0e7920
large,output/notebook3_gnn_encoder/link_prediction/amazon_computers/k10/original/gatv2_edge_s44.emb,8267605,2ffdd61e3fc896c5f13d756ebc601e855e31adb78fcfdde786547cd456e6a509
large,output/notebook3_gnn_encoder/link_prediction/amazon_computers/k10/original/graphsage_edge_s42.emb,8268810,9f484b80caf5e4aaa50e32794184455fb8d89b06389425e468e766b77aee2049
large,output/notebook3_gnn_encoder/link_prediction/amazon_computers/k10/original/graphsage_edge_s43.emb,8254199,84db660d90106d3d8d3e46286fe753d342d93053db898f455a35da495831fa32
large,output/notebook3_gnn_encoder/link_prediction/amazon_computers/k10/original/graphsage_edge_s44.emb,8266741,946d3de9756da7f245e16d1745cceb2a0175e0d46e358e817c1b5ec8558da172
large,output/notebook3_gnn_encoder/link_prediction/amazon_computers/k10/original/graphsage_edge_s45.emb,8260689,51e4d9dbb4f362609a118998c15d2c7d214932cba942388fe5e0a37b4e91ba4e
large,output/notebook3_gnn_encoder/link_prediction/amazon_computers/k10/original/graphsage_edge_s46.emb,8262210,0f883bb07185407f55a002f91c4ce5034aa7d020d521794d3c0e797c1937eb39
large,output/notebook3_gnn_encoder/link_prediction/amazon_computers/k10/original/graphsage_edge_s47.emb,8289906,72d72c8e35b73d8fb29d0dc612acb8c8dedcff77bc197407ccfbcf70a426790b
large,output/notebook3_gnn_encoder/link_prediction/amazon_computers/k10/psi/gatv2_edge_s42.emb,8254082,0af9641c32418910f59b78d9aadfa35e3e978fc99794713dd6236a29e8b35f92
large,output/notebook3_gnn_encoder/link_prediction/amazon_computers/k10/psi/gatv2_edge_s43.emb,8281875,d8dcc28e23b5dbe8cea181b616b70355ff07bd08461dc71c16e50744eb17dc1e
large,output/notebook3_gnn_encoder/link_prediction/amazon_computers/k10/psi/gatv2_edge_s44.emb,8257116,325f9a24eba819d6c4592d688c4387f1490e666d5991b485d144b717bb829787
large,output/notebook3_gnn_encoder/link_prediction/amazon_computers/k10/psi/graphsage_edge_s42.emb,8253968,3d5f01f0717b8a4d49cbc6999187aa1f05c0fd6580c30d56b93ae7152c6f09db
large,output/notebook3_gnn_encoder/link_prediction/amazon_computers/k10/psi/graphsage_edge_s43.emb,8241610,ac517f2156428e93705bfd3b1149ecb01ecb9056e63982f9086852c8e2a373e3
large,output/notebook3_gnn_encoder/link_prediction/amazon_computers/k10/psi/graphsage_edge_s44.emb,8249036,88ee20de80965874e0a7a482eee40ae62d52ad4a9d0f39e67774373bc855e6dd
large,output/notebook3_gnn_encoder/link_prediction/amazon_computers/k10/psi/graphsage_edge_s45.emb,8223039,e5102fccf126e8606fc69e6671e04954c0cfb63c1cd2a590d34926a2559067de
large,output/notebook3_gnn_encoder/link_prediction/amazon_computers/k10/psi/graphsage_edge_s46.emb,8244802,3cbcd6fbe9481de2401801d6ff8c28254a9f9712d4bb888c44931f3747b4739e
large,output/notebook3_gnn_encoder/link_prediction/amazon_computers/k10/psi/graphsage_edge_s47.emb,8274838,fdd28a50f1841dfa4350ffc57e4c9ada6e9fdd776e5caa4359785a624060b537
large,output/notebook3_gnn_encoder/link_prediction/amazon_photo/k10/centrality/graphsage_edge_s42.emb,4620544,a294bf71c4ed4aa17ab87387e1b693ba0c384bc03afea2040f24f66e46fc27da
large,output/notebook3_gnn_encoder/link_prediction/amazon_photo/k10/centrality/graphsage_edge_s43.emb,4616319,feb6cb3b9e261178d99c58977e633ec6f00f4df3bcfdacf1dfc0fe9400b8e8e3
large,output/notebook3_gnn_encoder/link_prediction/amazon_photo/k10/centrality/graphsage_edge_s44.emb,4620779,ba8c542c77ad3e5947e0e5e04ec03fd10ae0838af33b57f283ff1ce29d230644
large,output/notebook3_gnn_encoder/link_prediction/amazon_photo/k10/centrality/graphsage_edge_s45.emb,4607536,89cdd08b7e54b7805883823349ab2dc3becf2d55aee0b2765d7ca0be559bca55
large,output/notebook3_gnn_encoder/link_prediction/amazon_photo/k10/centrality/graphsage_edge_s46.emb,4614264,25c6b284ae3bba86970d2bdc0e43c827b3e8c4ac3d629345bf09494287395b27
large,output/notebook3_gnn_encoder/link_prediction/amazon_photo/k10/centrality/graphsage_edge_s47.emb,4624720,c7abc211d4ced89bd65e7e77aa24e5628df13cf14677eba8da520da34d7db46d
large,output/notebook3_gnn_encoder/link_prediction/amazon_photo/k10/centrality/graphsage_edge_s48.emb,4624314,5c5110f8cd7946d6fa19a2a3841286ffddb16c799b984a37948f8b1d0cb6ca03
large,output/notebook3_gnn_encoder/link_prediction/amazon_photo/k10/centrality/graphsage_edge_s49.emb,4620035,0d705c2417cc7e952744801c120c9210d4d5aac198e21e3f08ddd87964d242cc
large,output/notebook3_gnn_encoder/link_prediction/amazon_photo/k10/centrality/graphsage_edge_s50.emb,4616730,65e1fef7238ffe5f94c279e3c3b760cf4344716dc6b0034ba5126b8e3b553b2b
large,output/notebook3_gnn_encoder/link_prediction/amazon_photo/k10/centrality/graphsage_edge_s51.emb,4615508,d92f4a13a1712898ffdac7fd038a255e9c385038333a75832fcb0f6bd226e588
large,output/notebook3_gnn_encoder/link_prediction/amazon_photo/k10/degree/graphsage_edge_s42.emb,4621426,2be7b0296fb34ae41e5bfd5fada7112477253d80da59e6260b2c04f61f52f38a
large,output/notebook3_gnn_encoder/link_prediction/amazon_photo/k10/degree/graphsage_edge_s43.emb,4606798,7afbcd46b078546197e52ebdfaca64dcc982cd4b8869a891cb9f4527eac2439f
large,output/notebook3_gnn_encoder/link_prediction/amazon_photo/k10/degree/graphsage_edge_s44.emb,4614406,e88f117aa8af68786095b8b56142d71ef2e658fac11b03b2f90a0ca84fba6484
large,output/notebook3_gnn_encoder/link_prediction/amazon_photo/k10/degree/graphsage_edge_s45.emb,4601919,584fc7f19af8ca6af581c080eedc4579fb0f9442c1ee74ddfa5c8bd384f17816
large,output/notebook3_gnn_encoder/link_prediction/amazon_photo/k10/degree/graphsage_edge_s46.emb,4617311,4740c9c5748ab3e9e2e48012e7454c3b1a89c10d37d9ba42a6b882da0ba03063
large,output/notebook3_gnn_encoder/link_prediction/amazon_photo/k10/degree/graphsage_edge_s47.emb,4617149,435b4b937c05095d9c7d8ff8946d8612527fbf3865367dea4e9328a1fd040c06
large,output/notebook3_gnn_encoder/link_prediction/amazon_photo/k10/degree/graphsage_edge_s48.emb,4623460,f6d507d5d197db2ad864331ac30fcc3f13d1c63b6eee5d049d1a66bc1e8458e4
large,output/notebook3_gnn_encoder/link_prediction/amazon_photo/k10/degree/graphsage_edge_s49.emb,4617268,c66b18cc683f69643ecb6734622005bb42e4347e76d179e8b5a3f773d6def45a
large,output/notebook3_gnn_encoder/link_prediction/amazon_photo/k10/degree/graphsage_edge_s50.emb,4601955,173f2f395e07c9b0016edb730bb9f05ab4227358952aa735a71985401e001c8f
large,output/notebook3_gnn_encoder/link_prediction/amazon_photo/k10/degree/graphsage_edge_s51.emb,4605900,43feb0c2dd2f2a693692d6fac0b929f7221729310829492dddc92d4eede576b2
large,output/notebook3_gnn_encoder/link_prediction/amazon_photo/k10/hybrid/graphsage_edge_s42.emb,4625032,7175c382679f6cfa897d78891df4150c5774a6b04130d7e5e1059aa3b888f578
large,output/notebook3_gnn_encoder/link_prediction/amazon_photo/k10/hybrid/graphsage_edge_s43.emb,4620559,45d97c36070530f538fb5ed0cdb4262f9a6e84e3b1edcb5fcc62779116dd4ea3
large,output/notebook3_gnn_encoder/link_prediction/amazon_photo/k10/hybrid/graphsage_edge_s44.emb,4619751,ae0b56ec2600128546038c400eca7776ae6d98ad3cc9ab148c4f43f937ce475f
large,output/notebook3_gnn_encoder/link_prediction/amazon_photo/k10/hybrid/graphsage_edge_s45.emb,4615952,1bdf09779f4ac5ecd99ff3773a041095558344f6067ab39f331af58170c5087e
large,output/notebook3_gnn_encoder/link_prediction/amazon_photo/k10/hybrid/graphsage_edge_s46.emb,4610874,f11545d4906be42517285b00afac46d980826218ae5cd0d1ecd527862e28d6d8
large,output/notebook3_gnn_encoder/link_prediction/amazon_photo/k10/hybrid/graphsage_edge_s47.emb,4614152,556f8c3e50dd2d3dc6c002d069bc803deba9fceb31f487accce0eca201038967
large,output/notebook3_gnn_encoder/link_prediction/amazon_photo/k10/hybrid/graphsage_edge_s48.emb,4621040,9136f51d967a3d1eb8841b7d90ded198bc087285f43498e76f38471c4c7e6253
large,output/notebook3_gnn_encoder/link_prediction/amazon_photo/k10/hybrid/graphsage_edge_s49.emb,4625574,9091f7d16eb7f981a24512627a52e39d9702696f1ca041ec81770aa6ff6c3386
large,output/notebook3_gnn_encoder/link_prediction/amazon_photo/k10/hybrid/graphsage_edge_s50.emb,4594454,90483d7d262f829af28e9f63407425d971e510d6f888d3a150f2e5fbe2afa067
large,output/notebook3_gnn_encoder/link_prediction/amazon_photo/k10/hybrid/graphsage_edge_s51.emb,4619721,5b5ff892caab46fe11b7edcaac6cac95a907928120da884c5b7ea904027b7e61
large,output/notebook3_gnn_encoder/link_prediction/amazon_photo/k10/hybrid_centrality/graphsage_edge_s42.emb,4628478,37d3a4f17255fc9461678dedd1499a9d8b4855c74926e85a623c93a705f3630b
large,output/notebook3_gnn_encoder/link_prediction/amazon_photo/k10/hybrid_centrality/graphsage_edge_s43.emb,4619194,b8df28a2b5b81df9c9345c840b4d7d7647df63c49e1cc15dd0dd9e7b54b9894f
large,output/notebook3_gnn_encoder/link_prediction/amazon_photo/k10/hybrid_centrality/graphsage_edge_s44.emb,4616887,f21dbcd2b576103509bc82919c8598af057e17a7da59fd3ec18138c82750400b
large,output/notebook3_gnn_encoder/link_prediction/amazon_photo/k10/hybrid_centrality/graphsage_edge_s45.emb,4620545,d43354b8f8502b6549a3e6ba9eccf04cc0b19c85b08d2bb3b568b07f408ab207
large,output/notebook3_gnn_encoder/link_prediction/amazon_photo/k10/hybrid_centrality/graphsage_edge_s46.emb,4615884,cb3e21416d844ed6d62033e4338abdfe44a1628f0c3bf5ce07ea2a217691f118
large,output/notebook3_gnn_encoder/link_prediction/amazon_photo/k10/hybrid_centrality/graphsage_edge_s47.emb,4615862,24ae770d572ecda6b278974f3bfba59c8de03191615766b3ed32b17bf6d16a87
large,output/notebook3_gnn_encoder/link_prediction/amazon_photo/k10/hybrid_centrality/graphsage_edge_s48.emb,4623748,d586c74a06ec016ce4ba11def28425738075ac59c0f2a93c1d48cef579480b8e
large,output/notebook3_gnn_encoder/link_prediction/amazon_photo/k10/hybrid_centrality/graphsage_edge_s49.emb,4623625,e73ddf15ad3722ffcf66fa6c0d7ebd14b9d0549985a8e259b3f8782b62f39cd0
large,output/notebook3_gnn_encoder/link_prediction/amazon_photo/k10/hybrid_centrality/graphsage_edge_s50.emb,4594251,85271f198b6e98a4a7b3f98e4fb732f3399778e66147109fb97c3128e63a1e56
large,output/notebook3_gnn_encoder/link_prediction/amazon_photo/k10/hybrid_centrality/graphsage_edge_s51.emb,4621356,97494a94987aa96962e1c842bd3cddcb7fe48b9326bcd9b6175665b40e1ba94c
large,output/notebook3_gnn_encoder/link_prediction/amazon_photo/k10/hybrid_degree/graphsage_edge_s42.emb,4626511,c925b3452cceb484f5af2bc717a69861884b9e5707f15d49a260c53d6ff21b82
large,output/notebook3_gnn_encoder/link_prediction/amazon_photo/k10/hybrid_degree/graphsage_edge_s43.emb,4617648,87ff9508e3449c7e4224d835409569f25b1fb5791510979541718580d63b1153
large,output/notebook3_gnn_encoder/link_prediction/amazon_photo/k10/hybrid_degree/graphsage_edge_s44.emb,4623914,c89e79d18268f43988fa51e8158da007e4861ed5437ee895540f3804289664d6
large,output/notebook3_gnn_encoder/link_prediction/amazon_photo/k10/hybrid_degree/graphsage_edge_s45.emb,4615815,cdff6ea0d36ee9dabf20261c96c99e673ccab8e2b46e80f3956c01abc93925fd
large,output/notebook3_gnn_encoder/link_prediction/amazon_photo/k10/hybrid_degree/graphsage_edge_s46.emb,4612998,5ea581e8edb2aaa3ffccedc965cea4d23dc8a8e149a9d7e629e18d6875b6d103
large,output/notebook3_gnn_encoder/link_prediction/amazon_photo/k10/hybrid_degree/graphsage_edge_s47.emb,4612645,8aac5420e8d4fac7a993b366e4188cae62fc9c471888194d53cf87c30383f6a8
large,output/notebook3_gnn_encoder/link_prediction/amazon_photo/k10/hybrid_degree/graphsage_edge_s48.emb,4622847,7c404088d9dec5e45f7938c2e6a46b95ffce3c167fb2ad3aa9b0398cc897195e
large,output/notebook3_gnn_encoder/link_prediction/amazon_photo/k10/hybrid_degree/graphsage_edge_s49.emb,4623936,729278d1939013b0607252ac4641cd4e46a60baa1597a1a0dead6f6f2e524a5b
large,output/notebook3_gnn_encoder/link_prediction/amazon_photo/k10/hybrid_degree/graphsage_edge_s50.emb,4601326,855835165f2b5603fe3fd8522d72a2e8066edfd719b1d2825742b421e55411c8
large,output/notebook3_gnn_encoder/link_prediction/amazon_photo/k10/hybrid_degree/graphsage_edge_s51.emb,4615488,54e768a77a1226d639dd92933174707781c320d6281df788d9f014450d756a01
large,output/notebook3_gnn_encoder/link_prediction/amazon_photo/k10/original/graphsage_edge_s42.emb,4620397,3539f7fc84e50b9c542cf2144b338a6b192cd078a27982c338daee9a50f2f4c4
large,output/notebook3_gnn_encoder/link_prediction/amazon_photo/k10/original/graphsage_edge_s43.emb,4619186,93869f76d927c7aa46bba885be73e82d2b77d7844257572d618d8e7bc1a7a1ee
large,output/notebook3_gnn_encoder/link_prediction/amazon_photo/k10/original/graphsage_edge_s44.emb,4623946,8c3c21e1ce2bc9c7e9fac3155fc89f45562c385762c20ebba7555e42c6f7c195
large,output/notebook3_gnn_encoder/link_prediction/amazon_photo/k10/original/graphsage_edge_s45.emb,4617336,c65c12364f1ab64376638e6e4ed54960fd85f0d1af704a655992b6bbeed40483
large,output/notebook3_gnn_encoder/link_prediction/amazon_photo/k10/original/graphsage_edge_s46.emb,4622051,132a858c8b58efa823f16511c0ecd3ec5194d4c71ea549ccaac5d9a995f2794e
large,output/notebook3_gnn_encoder/link_prediction/amazon_photo/k10/original/graphsage_edge_s47.emb,4631923,d84b22b078b450434aaf9ce0a4276e38478b7f09d3a9f910ed4f7253cc236233
large,output/notebook3_gnn_encoder/link_prediction/amazon_photo/k10/original/graphsage_edge_s48.emb,4620818,b613c777786636065f9cdd1f82def5bacd2f093bfb73e77bd543dd3f0464b2e5
large,output/notebook3_gnn_encoder/link_prediction/amazon_photo/k10/original/graphsage_edge_s49.emb,4621010,2ad95fc7bb03b333814f0e9fb21764a7476a81b6a030199c4dd4384aed9dc3bb
large,output/notebook3_gnn_encoder/link_prediction/amazon_photo/k10/original/graphsage_edge_s50.emb,4610118,533e41bf38c126bdbcb4c7da12792058c5f4178b7b5ce7ae07ad2f12e14f161c
large,output/notebook3_gnn_encoder/link_prediction/amazon_photo/k10/original/graphsage_edge_s51.emb,4618116,0b269a05bc0126221a2234ff2a6f03c76a6252f4b3322e8b0612a71ef5ca1e14
large,output/notebook3_gnn_encoder/link_prediction/amazon_photo/k10/psi/graphsage_edge_s42.emb,4618809,b2fc942ba1c80be717bd7e910cc35e8a7b19106596a50723da894513648dac84
large,output/notebook3_gnn_encoder/link_prediction/amazon_photo/k10/psi/graphsage_edge_s43.emb,4609849,3a4e832584bbe059df98a3b6de84ef15b5a805dd846bb96bb97bf3e249c291b7
large,output/notebook3_gnn_encoder/link_prediction/amazon_photo/k10/psi/graphsage_edge_s44.emb,4616301,f7c4806d437d82e3534b36ba485622daeb5cfc05751770827e08ecbd033b8b83
large,output/notebook3_gnn_encoder/link_prediction/amazon_photo/k10/psi/graphsage_edge_s45.emb,4600946,9f48a81e4865e1b00d996d8cdcbb433bbaabbd536df9f68709838cce810a492c
large,output/notebook3_gnn_encoder/link_prediction/amazon_photo/k10/psi/graphsage_edge_s46.emb,4606307,e2196d2776f136abb9caf5818fa1f430e910d4997c1cc295919e8ec92c863ed4
large,output/notebook3_gnn_encoder/link_prediction/amazon_photo/k10/psi/graphsage_edge_s47.emb,4627809,cc0c62ffe224955857b4f7f10733a54c5268249b5d2ce224c28049c9308ec4e2
large,output/notebook3_gnn_encoder/link_prediction/amazon_photo/k10/psi/graphsage_edge_s48.emb,4621012,4149c555caa5c933348585ceea4595aff0bed3059ff6e66f240c3f46f53c778f
large,output/notebook3_gnn_encoder/link_prediction/amazon_photo/k10/psi/graphsage_edge_s49.emb,4615640,d8dfdb38ba0bf3939d5605fea85411f899672962c91c67eccfbf7fafe476c84f
large,output/notebook3_gnn_encoder/link_prediction/amazon_photo/k10/psi/graphsage_edge_s50.emb,4607862,bc55e41cac8b122cb202f1353d4d6e60123467a58024087ab1384d66d997dbc4
large,output/notebook3_gnn_encoder/link_prediction/amazon_photo/k10/psi/graphsage_edge_s51.emb,4623351,04950306a0cb0bba246b02e3a8843851eac4dfc6d7e5ab7227ecaddfcd2c22f9
large,output/notebook3_gnn_encoder/link_prediction/amazon_photo/k10/psi_pqnorm/graphsage_edge_s42.emb,4616941,ec6f331d19bc3a9a91784f91b5fe604a938c772332d209006a05b65a4380ca8b
large,output/notebook3_gnn_encoder/link_prediction/amazon_photo/k10/psi_pqnorm/graphsage_edge_s43.emb,4612414,55d591376f964771760ca0f067922416ac0414d9a40a3c53e63c6f25dfcbea8a
large,output/notebook3_gnn_encoder/link_prediction/amazon_photo/k10/psi_pqnorm/graphsage_edge_s44.emb,4620982,360d67b006e5e69238bbdd663f82e4c059360db22f1d9f7da61f5b7def522ed0
large,output/notebook3_gnn_encoder/link_prediction/amazon_photo/k10/psi_shift/graphsage_edge_s42.emb,4620438,e182313a516b4021fa8b165e132da3b5af2f952e512570746db68fcd1300e31b
large,output/notebook3_gnn_encoder/link_prediction/amazon_photo/k10/psi_shift/graphsage_edge_s43.emb,4614728,b2c13911b1ffcba38d3cf9fff732b962628ccb3424b3de24927dae4d5a22e98e
large,output/notebook3_gnn_encoder/link_prediction/amazon_photo/k10/psi_shift/graphsage_edge_s44.emb,4618914,d85ee4a55fdc79e7f4f76887898eb8924eb02e7074b9c6a706a6b2a096369b2a
large,output/notebook3_gnn_encoder/link_prediction/amazon_ratings/k10/centrality/graphsage_edge_s42.emb,15020985,77cabc11b8fc52f6fa39c4d646a5ab60c78cf7614470189c90aed0524981b266
large,output/notebook3_gnn_encoder/link_prediction/amazon_ratings/k10/centrality/graphsage_edge_s43.emb,15018928,95012b42b4426ad1987c308487520ab84071726e03adc06d1069ce78134d8875
large,output/notebook3_gnn_encoder/link_prediction/amazon_ratings/k10/centrality/graphsage_edge_s44.emb,15009128,ecb4d3988148aa9b6fa44aa5e5e66e338cf2afaaaad34ab0095177702166502f
large,output/notebook3_gnn_encoder/link_prediction/amazon_ratings/k10/centrality/graphsage_edge_s45.emb,14968651,cc79a4ceaf47f7c2f3f8d11731d464ba4ef697807ef404cda1f7e69a0180a495
large,output/notebook3_gnn_encoder/link_prediction/amazon_ratings/k10/centrality/graphsage_edge_s46.emb,15010950,79e607ff3ecf9bf205037af52f9df2222f5cae6c9ba446ce1dfd208f2dfde59d
large,output/notebook3_gnn_encoder/link_prediction/amazon_ratings/k10/centrality/graphsage_edge_s47.emb,15065656,70894bd4580a12b01949c2b0183c3b8983f90c7344833faefbaa34b31129af68
large,output/notebook3_gnn_encoder/link_prediction/amazon_ratings/k10/centrality/graphsage_edge_s48.emb,15066939,5570ae605a822c3206b27be033c40db4b9d483ec01a9d49c20feb3662751fa57
large,output/notebook3_gnn_encoder/link_prediction/amazon_ratings/k10/centrality/graphsage_edge_s49.emb,15004184,8f065a6de5670624bef426267f4736cb8b4fc75667a997299f42a2eea70f56e0
large,output/notebook3_gnn_encoder/link_prediction/amazon_ratings/k10/centrality/graphsage_edge_s50.emb,14996922,b1423f385d6e7ece5b5eac233dc46fb2965fc48216293638e95314a23055a54a
large,output/notebook3_gnn_encoder/link_prediction/amazon_ratings/k10/centrality/graphsage_edge_s51.emb,14997092,b19d8b8f8e42caf5b257c59e87c0fea4d77b428c1ed02c22eb03e94dad4f4895
large,output/notebook3_gnn_encoder/link_prediction/amazon_ratings/k10/degree/graphsage_edge_s42.emb,15017443,83624d0f47510291e5bef19cea0f315e234205fa4e16291ad54626fe882d7d69
large,output/notebook3_gnn_encoder/link_prediction/amazon_ratings/k10/degree/graphsage_edge_s43.emb,15005731,f160894fc0afa4835797366cfab5695f2c7735e4646a21eda09614ee9e8f5378
large,output/notebook3_gnn_encoder/link_prediction/amazon_ratings/k10/degree/graphsage_edge_s44.emb,15024435,1d46cf462bc6cabc3c8887014d373756bfb5517ec8afa0467845648e1e2ea68a
large,output/notebook3_gnn_encoder/link_prediction/amazon_ratings/k10/degree/graphsage_edge_s45.emb,15000110,cb7bd0b3d92c816bb07e33e2173a2404dd79c75378ac74310501a6556a419027
large,output/notebook3_gnn_encoder/link_prediction/amazon_ratings/k10/degree/graphsage_edge_s46.emb,15050060,9a412c19bf5b54dd5f6d2fdda3a01928ee6687d791f85f1d560a7ad51b52f835
large,output/notebook3_gnn_encoder/link_prediction/amazon_ratings/k10/degree/graphsage_edge_s47.emb,15048527,59d53c600575e7721ec3842a76e29660f3e8efd8407c731b2390fd916fd6a8d6
large,output/notebook3_gnn_encoder/link_prediction/amazon_ratings/k10/degree/graphsage_edge_s48.emb,15047220,c9bd44fe4c43fe4a8ac74b008e40a3d28472a909ceee733bbd555662f4c5c3bf
large,output/notebook3_gnn_encoder/link_prediction/amazon_ratings/k10/degree/graphsage_edge_s49.emb,15013568,3457f40998da24eb8082b1665fdcd020266c5303831a5c11fde389aca60d9b77
large,output/notebook3_gnn_encoder/link_prediction/amazon_ratings/k10/degree/graphsage_edge_s50.emb,14965598,afae69042ded04b248053d1c278121ae2a0d36374adb77b429b7615dd40d4c7a
large,output/notebook3_gnn_encoder/link_prediction/amazon_ratings/k10/degree/graphsage_edge_s51.emb,14987405,ae618a7a4911f5ffba09dc3a24ec683974e7a3ff81f8c6ae4c446bc9d8a25262
large,output/notebook3_gnn_encoder/link_prediction/amazon_ratings/k10/hybrid/graphsage_edge_s42.emb,15012403,49a5e4a234e8928a58516eba11c6851322b167aa0a8953387dfcbcc5cc1d0186
large,output/notebook3_gnn_encoder/link_prediction/amazon_ratings/k10/hybrid/graphsage_edge_s43.emb,15063913,8f74cb96f8f5c06b471295f092d82bb0daf0f5bbbde8cfd671e32b57aa579ffe
large,output/notebook3_gnn_encoder/link_prediction/amazon_ratings/k10/hybrid/graphsage_edge_s44.emb,15012706,9fda1148f0be8920795eec1f997c637108ebacd25b39292bff7c4c961d08fcd4
large,output/notebook3_gnn_encoder/link_prediction/amazon_ratings/k10/hybrid/graphsage_edge_s45.emb,15007777,1e8ab598d82ba5e1ec1acc4d9fb60f47bbca902e020341fe5e72cf8b4ff64d8d
large,output/notebook3_gnn_encoder/link_prediction/amazon_ratings/k10/hybrid/graphsage_edge_s46.emb,15032939,30b4e6cfa346e24e592cdf9ce445721c3429882c1b20285c88787ebf78088f0d
large,output/notebook3_gnn_encoder/link_prediction/amazon_ratings/k10/hybrid/graphsage_edge_s47.emb,15065771,2eba77d338cfdaca86e4ef23d0b6420f5dde7b6453de36813e194ba4a98df23c
large,output/notebook3_gnn_encoder/link_prediction/amazon_ratings/k10/hybrid/graphsage_edge_s48.emb,15032079,7bf876bdb988c85f5a2dd7626a893a16d23ed51217575f0058d693ef1bf7e7b8
large,output/notebook3_gnn_encoder/link_prediction/amazon_ratings/k10/hybrid/graphsage_edge_s49.emb,15011806,b0e898efa07a6c2485cb1400905cca15a68e7ac9e2f5ff85977721e8340a78fd
large,output/notebook3_gnn_encoder/link_prediction/amazon_ratings/k10/hybrid/graphsage_edge_s50.emb,15021359,8ae7290e2f3139e95491702e3796c01b69a117d2e46b140f738d543b94eb52be
large,output/notebook3_gnn_encoder/link_prediction/amazon_ratings/k10/hybrid/graphsage_edge_s51.emb,15025265,082c290d10ae0bc92f158e6ed9e1211a2257f6a237f6331aa30e6242774fb9a7
large,output/notebook3_gnn_encoder/link_prediction/amazon_ratings/k10/hybrid_centrality/graphsage_edge_s42.emb,14998398,bb5b67433660db8a63ffeff585ed9c815fcd357dc15ea0c2a2e576a1e41860f2
large,output/notebook3_gnn_encoder/link_prediction/amazon_ratings/k10/hybrid_centrality/graphsage_edge_s43.emb,15073904,8056e058c41a95a697e564607dfe95fc5f160711b3929852f9bf9b4a14dbb0c7
large,output/notebook3_gnn_encoder/link_prediction/amazon_ratings/k10/hybrid_centrality/graphsage_edge_s44.emb,15028461,4ac9ece37b96c5f7ddf91e5c491af23c9914f85cf1b4d3f67b7a16eda84b8a42
large,output/notebook3_gnn_encoder/link_prediction/amazon_ratings/k10/hybrid_centrality/graphsage_edge_s45.emb,14993556,515f34b4e6b71be318bab6ee4e7ea392e70af6daed670e69f7909bf10c494979
large,output/notebook3_gnn_encoder/link_prediction/amazon_ratings/k10/hybrid_centrality/graphsage_edge_s46.emb,15023715,2667d4895d8ef42128e1e1a678357d8137367eb816cf39f7ca81615c16cf291b
large,output/notebook3_gnn_encoder/link_prediction/amazon_ratings/k10/hybrid_centrality/graphsage_edge_s47.emb,15032602,eaafcb9e620ffec11a3ad884ca8ecc3f62a7d5e3ce8938ebbf217cc79b654a2e
large,output/notebook3_gnn_encoder/link_prediction/amazon_ratings/k10/hybrid_centrality/graphsage_edge_s48.emb,15039429,1541a7830b6612ef851ba3c2b05f4d1db8f418742884e366f4521daeaf025b38
large,output/notebook3_gnn_encoder/link_prediction/amazon_ratings/k10/hybrid_centrality/graphsage_edge_s49.emb,15016020,efe6419bc03d49be2fc99bc3d305622602f76a01007ab999594ac8c5edf459fe
large,output/notebook3_gnn_encoder/link_prediction/amazon_ratings/k10/hybrid_centrality/graphsage_edge_s50.emb,15036272,fd13160c6347e68e90c722ae606952a8f8fb2a1e4b377f8be7e7e09bf51d0157
large,output/notebook3_gnn_encoder/link_prediction/amazon_ratings/k10/hybrid_centrality/graphsage_edge_s51.emb,15013566,7862164734cc23e1729a7464b02beb18350d51aa09ac0de87a3594ffb05c02ac
large,output/notebook3_gnn_encoder/link_prediction/amazon_ratings/k10/hybrid_degree/graphsage_edge_s42.emb,15023679,c43558acbefe13a05c42d6914ee25182181212d7b097ef56427863e5a43c1b8b
large,output/notebook3_gnn_encoder/link_prediction/amazon_ratings/k10/hybrid_degree/graphsage_edge_s43.emb,15044924,f2746a1d3f7f11ba9c6945c33c34fe727d4328b91a427cc3c56d62020bc53603
large,output/notebook3_gnn_encoder/link_prediction/amazon_ratings/k10/hybrid_degree/graphsage_edge_s44.emb,15053406,793f21b00ee770eb70827184eec88a57bed6a5728d4b8033297622446d86cc95
large,output/notebook3_gnn_encoder/link_prediction/amazon_ratings/k10/hybrid_degree/graphsage_edge_s45.emb,15005648,46b648345c89e612e7de3696e9d516789d21c974adbc76ed5771c8dfdaf23909
large,output/notebook3_gnn_encoder/link_prediction/amazon_ratings/k10/hybrid_degree/graphsage_edge_s46.emb,15054733,eb63698e05c452a161de8c68849e7064d9ff2b7ec2b66b9d592896ddab76d69c
large,output/notebook3_gnn_encoder/link_prediction/amazon_ratings/k10/hybrid_degree/graphsage_edge_s47.emb,15007381,e8ef7a44cbfb5af1368e551850110df1481df09bf072ddb5cdc41964e711d91a
large,output/notebook3_gnn_encoder/link_prediction/amazon_ratings/k10/hybrid_degree/graphsage_edge_s48.emb,15046025,18be3690a231dfea8e4175002de4875b79dc0c5ead5796421db4935471bed0dd
large,output/notebook3_gnn_encoder/link_prediction/amazon_ratings/k10/hybrid_degree/graphsage_edge_s49.emb,15013670,066d52dfe576ce6f33d3589e440621bc29fd8f3ad7f243dff9991beb52762e85
large,output/notebook3_gnn_encoder/link_prediction/amazon_ratings/k10/hybrid_degree/graphsage_edge_s50.emb,14988965,be971e35a661d0ffd102cd5b739da5152ce7468c34a8c81bc9261cd0b05f59c9
large,output/notebook3_gnn_encoder/link_prediction/amazon_ratings/k10/hybrid_degree/graphsage_edge_s51.emb,15008129,32edc06f3b1fdf43592a4f001ec16c6ab021400625dc069ceaa3ccf7489408bf
large,output/notebook3_gnn_encoder/link_prediction/amazon_ratings/k10/original/graphsage_edge_s42.emb,15057752,76bd3e819fa91418d7efe6534217660242ac38d77db417706cbcc0cc7419e25b
large,output/notebook3_gnn_encoder/link_prediction/amazon_ratings/k10/original/graphsage_edge_s43.emb,15034767,ac532e1434e70e2acd120b0bf04d44e9abe6f9775ff5219f99bb07285dbd6fe3
large,output/notebook3_gnn_encoder/link_prediction/amazon_ratings/k10/original/graphsage_edge_s44.emb,15046287,fce8136dc60d251a5f4737ce16957ab89c21a4e9337c92b7355677c1738af654
large,output/notebook3_gnn_encoder/link_prediction/amazon_ratings/k10/original/graphsage_edge_s45.emb,15024785,802af81908828598bde4b0ecea7119303c30d0d9b76cf30922e2869f12aae031
large,output/notebook3_gnn_encoder/link_prediction/amazon_ratings/k10/original/graphsage_edge_s46.emb,15034697,843549584af7b7ee3a7e47067b9625965da0ef3cfb0613a49bc2b5357b40b389
large,output/notebook3_gnn_encoder/link_prediction/amazon_ratings/k10/original/graphsage_edge_s47.emb,15028654,5117d47fce642ecc2ab1fddf1578a5ae9bf76a21f40b9a157ebfbfb8e096d027
large,output/notebook3_gnn_encoder/link_prediction/amazon_ratings/k10/original/graphsage_edge_s48.emb,15059135,8e37f5670aca514546fffcdc31dd9de50a86b45c277a9a190e9f38cadea66d54
large,output/notebook3_gnn_encoder/link_prediction/amazon_ratings/k10/original/graphsage_edge_s49.emb,15042100,c672c90d9e5e41029529b1fc5a2969d26d611e8d282ad9f5216fe11945ab2438
large,output/notebook3_gnn_encoder/link_prediction/amazon_ratings/k10/original/graphsage_edge_s50.emb,15029848,ce8707d44dbeec36583baee0f37644d383f58d4be13bd5e42251a9a0e5d58e04
large,output/notebook3_gnn_encoder/link_prediction/amazon_ratings/k10/original/graphsage_edge_s51.emb,15001316,ada05f902f2234de791e58440b5daee0ced8c06dc08c1786aea5c5528fa9fee7
large,output/notebook3_gnn_encoder/link_prediction/amazon_ratings/k10/psi/graphsage_edge_s42.emb,15016565,ac1b11b55c0c2c4fd8b4ee97e520ffc1fc17fe5f3df9784e8d13a20813a1df69
large,output/notebook3_gnn_encoder/link_prediction/amazon_ratings/k10/psi/graphsage_edge_s43.emb,15060613,9ffe79e3bd8aec8144599a70bca23f57aea775111d36db9e330a822b0e3e4604
large,output/notebook3_gnn_encoder/link_prediction/amazon_ratings/k10/psi/graphsage_edge_s44.emb,15014671,93c3030fed57b69e7a0fc5939a7c265d920ffb77846d21aa67cd0c2a948ceabf
large,output/notebook3_gnn_encoder/link_prediction/amazon_ratings/k10/psi/graphsage_edge_s45.emb,14997076,46518f76054937886b056e41e82c6a400fc7c2b0b1be12342464a699a1df267e
large,output/notebook3_gnn_encoder/link_prediction/amazon_ratings/k10/psi/graphsage_edge_s46.emb,15035419,a92bd7cf9b08340f988235dd6fb10b1420e1046ee577d2e96bcecb49f9fd9c88
large,output/notebook3_gnn_encoder/link_prediction/amazon_ratings/k10/psi/graphsage_edge_s47.emb,15065811,a72e09fb2934822e7ea91c56949497e0e8143eb39838e9e27b92cf582c2f29ba
large,output/notebook3_gnn_encoder/link_prediction/amazon_ratings/k10/psi/graphsage_edge_s48.emb,15037150,76e03f9c86fda28a23b3cb3bff4ec417a817781dec4991fda1f75c3cba3e8016
large,output/notebook3_gnn_encoder/link_prediction/amazon_ratings/k10/psi/graphsage_edge_s49.emb,15010066,914b3082aae44e266b5143ff944a211c01fdd0b9f8a435e521f0e2e7da618f6b
large,output/notebook3_gnn_encoder/link_prediction/amazon_ratings/k10/psi/graphsage_edge_s50.emb,15030130,826b10159e103e0f69e86923d08a3309839665a106fa4517f470050c9073d800
large,output/notebook3_gnn_encoder/link_prediction/amazon_ratings/k10/psi/graphsage_edge_s51.emb,15040214,b16d1cd259d2c8a31b58617068d3e58cbba044a2df18c4a9b47ef925b40f48b3
large,output/notebook3_gnn_encoder/link_prediction/amazon_ratings/k10/psi_pqnorm/graphsage_edge_s42.emb,15019176,a2c527fccee36c94844263ffdc0e421dfc3b5ead8e3aaa9c564ae3bf1d99925d
large,output/notebook3_gnn_encoder/link_prediction/amazon_ratings/k10/psi_pqnorm/graphsage_edge_s43.emb,15029642,03c7497d2df5a21b8953415edee679a4c6e29359c558ca8b170afb0637f224f7
large,output/notebook3_gnn_encoder/link_prediction/amazon_ratings/k10/psi_pqnorm/graphsage_edge_s44.emb,15029972,8396c97df1f5fbeded673cad9982ceee2c0af34611127f26467bdc59c23f56b8
large,output/notebook3_gnn_encoder/link_prediction/amazon_ratings/k10/psi_shift/graphsage_edge_s42.emb,15015420,09516a7d479dbf0396a5690336cbbe54dae0f9f9173bb44af2d285d977656875
large,output/notebook3_gnn_encoder/link_prediction/amazon_ratings/k10/psi_shift/graphsage_edge_s43.emb,15060829,627363c9c5b4d3f9c1a45875e1cf66af8336ac83965c7aa1d79abf6cdb1e2e3b
large,output/notebook3_gnn_encoder/link_prediction/amazon_ratings/k10/psi_shift/graphsage_edge_s44.emb,15012632,5d9271ea526c6c86929f24dcdce7f0c1c2488941d3fa30af957e8ede9371b309
large,output/notebook3_gnn_encoder/link_prediction/amherst41/k10/centrality/gatv2_edge_s42.emb,1371908,323aa5b7a7b73c62b5ae3c5ee3acfa2b731af46949d5b062cd2db4aae105481a
large,output/notebook3_gnn_encoder/link_prediction/amherst41/k10/centrality/gatv2_edge_s43.emb,1366934,719f3d421283143f05ab8bcbfdb45d354152680746a852cf040c86626c50f243
large,output/notebook3_gnn_encoder/link_prediction/amherst41/k10/centrality/gatv2_edge_s44.emb,1373381,35593e4c04c6640ccde9986b71d25fe8b581e2f8e61903671ef2be7c056755c1
large,output/notebook3_gnn_encoder/link_prediction/amherst41/k10/centrality/graphsage_edge_s42.emb,1369462,1ad036fe10726a8f396dfa605b1fdf21328900b46da1184ed8aee2f905a93370
large,output/notebook3_gnn_encoder/link_prediction/amherst41/k10/centrality/graphsage_edge_s43.emb,1369614,5becbd4ebfa92798cb88b7814fb9259ea7763200ba65426c7ab2d04f7aeda639
large,output/notebook3_gnn_encoder/link_prediction/amherst41/k10/centrality/graphsage_edge_s44.emb,1369203,3c2388459828b637f6960c8fc1990d3b25719ee7683fd672ce7cbf9e0a6b4f01
large,output/notebook3_gnn_encoder/link_prediction/amherst41/k10/centrality/graphsage_edge_s45.emb,1366788,80c122f9320ab20f79abb6155c998d4a9e17b02cecef866c65dee8dc47984f23
large,output/notebook3_gnn_encoder/link_prediction/amherst41/k10/centrality/graphsage_edge_s46.emb,1371771,33a9b68e80eb5209e86003996908af071cae66dda9c17fcf1f47925a28e8faf6
large,output/notebook3_gnn_encoder/link_prediction/amherst41/k10/centrality/graphsage_edge_s47.emb,1368628,4a6b0f7dbff1aaef19ef4ec989c1d98cf3df6164d37d54ef8c352e374b53fcb2
large,output/notebook3_gnn_encoder/link_prediction/amherst41/k10/centrality/graphsage_edge_s48.emb,1369656,ae04624e8268a57e9b4040a27bd7986cabd409823e31552ec6c970a39128ff30
large,output/notebook3_gnn_encoder/link_prediction/amherst41/k10/centrality/graphsage_edge_s49.emb,1370092,57e6d953dba563872f01d864fb695aab8f520fd2f0fea72178987b4196095345
large,output/notebook3_gnn_encoder/link_prediction/amherst41/k10/centrality/graphsage_edge_s50.emb,1369578,c20052895e80b93295c0a29e9b9208d5822307357ff0ce05114a37d097fb7ebf
large,output/notebook3_gnn_encoder/link_prediction/amherst41/k10/centrality/graphsage_edge_s51.emb,1366343,bd1e51d8a211472764de421ef45644c9667c7b092275d1c1e86254c28ed818c3
large,output/notebook3_gnn_encoder/link_prediction/amherst41/k10/degree/gatv2_edge_s42.emb,1371680,e2c5a26c56f52bcd48f66691a65286f00a6e2e71072759453f8394495cf6cf31
large,output/notebook3_gnn_encoder/link_prediction/amherst41/k10/degree/gatv2_edge_s43.emb,1373856,0ff74418f81b63b9e9e1c32773441b03b7528f6061812968823c0c8e4b974069
large,output/notebook3_gnn_encoder/link_prediction/amherst41/k10/degree/gatv2_edge_s44.emb,1367472,3f25bb54077479c24f34d86e93a8b3dcc0ec100a5652b5f280bb6bafcb1c6470
large,output/notebook3_gnn_encoder/link_prediction/amherst41/k10/degree/graphsage_edge_s42.emb,1369036,30886bbd18aeb5d4cd5147e25b2a8f898dbb836ea9dd7df4c798ff2e8fcc72fd
large,output/notebook3_gnn_encoder/link_prediction/amherst41/k10/degree/graphsage_edge_s43.emb,1370323,e5187cbf291af6eebe4d1949a144dc05332482291da6d51b22bbda4c5ca9f227
large,output/notebook3_gnn_encoder/link_prediction/amherst41/k10/degree/graphsage_edge_s44.emb,1369800,a934880ef8c5b28cdd239ff1c815f279e52efc30cb61edaff7bff71a463b1e98
large,output/notebook3_gnn_encoder/link_prediction/amherst41/k10/degree/graphsage_edge_s45.emb,1365279,1f6633d8e66d99c290ca182856661239261818abccdf8ab22ad75309af4cacab
large,output/notebook3_gnn_encoder/link_prediction/amherst41/k10/degree/graphsage_edge_s46.emb,1371410,bbe5abc51d636426d23523c034cd19a29e9e3d5ca061f9b2770adea1ab4f5dad
large,output/notebook3_gnn_encoder/link_prediction/amherst41/k10/degree/graphsage_edge_s47.emb,1369352,0bcbd50778a1cb9434ea5336114296f8bafffe11cfa5fb237dbf60d4bdd39124
large,output/notebook3_gnn_encoder/link_prediction/amherst41/k10/degree/graphsage_edge_s48.emb,1370131,4191a7e4627a4a54a33a21c50e82ad598e5199bebe1b7af6ae56ffdc3162cf1a
large,output/notebook3_gnn_encoder/link_prediction/amherst41/k10/degree/graphsage_edge_s49.emb,1369014,cc8aa76d3e3525c92ae660603d0c542da2e4e5548058d4c68387a041d88f03fc
large,output/notebook3_gnn_encoder/link_prediction/amherst41/k10/degree/graphsage_edge_s50.emb,1368957,f77110039be0c615608fc39e2ae0e5030d29d76581400455243d70ad2cc43449
large,output/notebook3_gnn_encoder/link_prediction/amherst41/k10/degree/graphsage_edge_s51.emb,1366298,264e2ad55d1123a159591c664c2c100c7ec40be7d5c7eebcd13ac9afe96c913e
large,output/notebook3_gnn_encoder/link_prediction/amherst41/k10/hybrid/gatv2_edge_s42.emb,1371448,c7fca651348a3f363c0d12bc2d978812e719a7b11f77c988bbf0ecb078d6ae53
large,output/notebook3_gnn_encoder/link_prediction/amherst41/k10/hybrid/gatv2_edge_s43.emb,1367568,a23817f2cb748ee258b70a363a5cc7b33639b747e7c128d0a55817a0462e6058
large,output/notebook3_gnn_encoder/link_prediction/amherst41/k10/hybrid/gatv2_edge_s44.emb,1369271,ae775a3cf8efda40588a64fbb5597e109844c8b1fc93c7e7e4aed185858d807e
large,output/notebook3_gnn_encoder/link_prediction/amherst41/k10/hybrid/graphsage_edge_s42.emb,1371321,e2f2973cb2a79de3c36a008f26bf2ddc99592a59dadb60c8d129b23f09640f25
large,output/notebook3_gnn_encoder/link_prediction/amherst41/k10/hybrid/graphsage_edge_s43.emb,1368761,97b5c67bc1f2a045d6a3abbb7c257744794eb6df81a994f8e5afb4b288524617
large,output/notebook3_gnn_encoder/link_prediction/amherst41/k10/hybrid/graphsage_edge_s44.emb,1369233,5d44c31c2435c27c76407518a7b62bd7ab848c4d98c6dba98f6d3a2b31015ec1
large,output/notebook3_gnn_encoder/link_prediction/amherst41/k10/hybrid/graphsage_edge_s45.emb,1369654,51244561dad9442a32c705e6c71c858e975ffec183d777d7bcd9f8c239949878
large,output/notebook3_gnn_encoder/link_prediction/amherst41/k10/hybrid/graphsage_edge_s46.emb,1367497,f5379b60b0e93b65c3facca86cd89ea5019335f38c69f22249f75db1402f3ad9
large,output/notebook3_gnn_encoder/link_prediction/amherst41/k10/hybrid/graphsage_edge_s47.emb,1367443,94c0defffcb9b297ab1e48e554a39b47369199fed7fd768a654447727d299d89
large,output/notebook3_gnn_encoder/link_prediction/amherst41/k10/hybrid/graphsage_edge_s48.emb,1371950,501936d525d6983c31d3077829188c49c16b2049166116af0808c4d56671c862
large,output/notebook3_gnn_encoder/link_prediction/amherst41/k10/hybrid/graphsage_edge_s49.emb,1370076,2c30e72f1fd9970ef891818d58c453c1523de3bbd3b8f65094186eba8e3af36e
large,output/notebook3_gnn_encoder/link_prediction/amherst41/k10/hybrid/graphsage_edge_s50.emb,1367385,ae3037db60bed7b815837b54fe1f2cbf80f8b9fd202800c6d229a83558c6743b
large,output/notebook3_gnn_encoder/link_prediction/amherst41/k10/hybrid/graphsage_edge_s51.emb,1370090,5c9ea4695fa4e5af4eb9edb7a9186dd830c4283bc52d72f68da175269a444069
large,output/notebook3_gnn_encoder/link_prediction/amherst41/k10/hybrid_centrality/gatv2_edge_s42.emb,1372871,8697947524405666dce2004da1f59e2d488a0dc17d0cb77b1b4c5163b4ddc51f
large,output/notebook3_gnn_encoder/link_prediction/amherst41/k10/hybrid_centrality/gatv2_edge_s43.emb,1368569,5075f4c884cbf663b928344dcf8486a230b97e118fabfd086242666c1a8db111
large,output/notebook3_gnn_encoder/link_prediction/amherst41/k10/hybrid_centrality/gatv2_edge_s44.emb,1368970,0ed3289805c88fcd253c5171674c9d64a4b298e56c9ae14e5c308b5d370b7dee
large,output/notebook3_gnn_encoder/link_prediction/amherst41/k10/hybrid_centrality/graphsage_edge_s42.emb,1369794,06f2a2ea33ba763b8ec62a16aabf95d0c72a4dab6a6de4743ae35c5c037e751a
large,output/notebook3_gnn_encoder/link_prediction/amherst41/k10/hybrid_centrality/graphsage_edge_s43.emb,1370122,0eb1432f3561c75f13efaca7d652180816ca615c481570a5ad658c2957273117
large,output/notebook3_gnn_encoder/link_prediction/amherst41/k10/hybrid_centrality/graphsage_edge_s44.emb,1368494,9d08a3147694c91aacbecb1128e4241dc96ee5e95e7edfbd15728c598d6346c7
large,output/notebook3_gnn_encoder/link_prediction/amherst41/k10/hybrid_centrality/graphsage_edge_s45.emb,1369694,dd47724a8e60ae7dea79a8ae8f77d5dedcbb85bf5e6f42919a466bbe3ec7aea6
large,output/notebook3_gnn_encoder/link_prediction/amherst41/k10/hybrid_centrality/graphsage_edge_s46.emb,1366880,4311bab38dbabbbf646ee00c23188f5b15552ed527d6042e78a24a85511a9975
large,output/notebook3_gnn_encoder/link_prediction/amherst41/k10/hybrid_centrality/graphsage_edge_s47.emb,1369474,4bd93014f044a254bc3ca20464ca16869d973193ef734598308696b0321c0a33
large,output/notebook3_gnn_encoder/link_prediction/amherst41/k10/hybrid_centrality/graphsage_edge_s48.emb,1371659,3d578f623b1ee7a9334edee54f8e67c9d507be3fc3a43f2f85db2431ec6bf428
large,output/notebook3_gnn_encoder/link_prediction/amherst41/k10/hybrid_centrality/graphsage_edge_s49.emb,1371093,dc9f7dc9417816e384ccbb1c0a0644d3545f8f8da7581ece2800c3e57f1481ae
large,output/notebook3_gnn_encoder/link_prediction/amherst41/k10/hybrid_centrality/graphsage_edge_s50.emb,1367440,65619e856fdb3be495c4a97ee0594f99d890766ffda8f0dde1fdca08cc4bd71a
large,output/notebook3_gnn_encoder/link_prediction/amherst41/k10/hybrid_centrality/graphsage_edge_s51.emb,1370299,862bf7f3563173bda22bbaf08e4e2cf2343f4caf6f4dc0b152be536160e89a08
large,output/notebook3_gnn_encoder/link_prediction/amherst41/k10/hybrid_degree/gatv2_edge_s42.emb,1371124,2a2347d4bb06d60b4d5781911592f806933dd52ad84d8b480e27c62aa235a6ff
large,output/notebook3_gnn_encoder/link_prediction/amherst41/k10/hybrid_degree/gatv2_edge_s43.emb,1367917,f3066ae025a5c57dc707cdb155a1f4978efd298b4685effa7cfc6481e80a0adf
large,output/notebook3_gnn_encoder/link_prediction/amherst41/k10/hybrid_degree/gatv2_edge_s44.emb,1368812,e67b7a5ccb7ad7c8fb01f74f5b87eb5e334b47b0819d723679147ced4a8b76b7
large,output/notebook3_gnn_encoder/link_prediction/amherst41/k10/hybrid_degree/graphsage_edge_s42.emb,1371187,69a182dee3dfb01277c20ec5572eb9f9c34089b24f2db8bd3d64c232c09a7dc4
large,output/notebook3_gnn_encoder/link_prediction/amherst41/k10/hybrid_degree/graphsage_edge_s43.emb,1368810,7aa6224e84d24ad3e2e75e4e2e84d5a4113db169aab29d7e6910de9b475fa8c8
large,output/notebook3_gnn_encoder/link_prediction/amherst41/k10/hybrid_degree/graphsage_edge_s44.emb,1369220,aac5bb4da7fba386dd06ab4f73314f52224087fa0f976d9892fc921eecebc9d1
large,output/notebook3_gnn_encoder/link_prediction/amherst41/k10/hybrid_degree/graphsage_edge_s45.emb,1369662,2ee14abf83df350f96f3fa51dc08c21352a64a86ca1ed806f72c5920bb51876d
large,output/notebook3_gnn_encoder/link_prediction/amherst41/k10/hybrid_degree/graphsage_edge_s46.emb,1367324,2d9cfd086e1250b886e14242badfa05a61bcaf7dde202f638c89fa28d5f5f23a
large,output/notebook3_gnn_encoder/link_prediction/amherst41/k10/hybrid_degree/graphsage_edge_s47.emb,1367524,c01f7501e5674f4d574af392b12f501730b7556ad3419d4f7f1b1f2ade29fb31
large,output/notebook3_gnn_encoder/link_prediction/amherst41/k10/hybrid_degree/graphsage_edge_s48.emb,1371975,894b93d51b3ce47bf56ade1a9b45922028e29fc325f6827a3a4bd7313c0dcb27
large,output/notebook3_gnn_encoder/link_prediction/amherst41/k10/hybrid_degree/graphsage_edge_s49.emb,1370155,bd12e5ab485908394ab2aefba0e0d0112fa078ce87440d50127cdf6e2fcbe970
large,output/notebook3_gnn_encoder/link_prediction/amherst41/k10/hybrid_degree/graphsage_edge_s50.emb,1366965,36128a896b430cecf62d0b6577490e7c4463f3142d61f801b384166535a57b8e
large,output/notebook3_gnn_encoder/link_prediction/amherst41/k10/hybrid_degree/graphsage_edge_s51.emb,1370173,b20811d9a902eebee46e6018b5ebe00ba61caa57baff9c3cf2dd60cc4749879e
large,output/notebook3_gnn_encoder/link_prediction/amherst41/k10/original/gatv2_edge_s42.emb,1370072,0623700ab722781dd7b2a39f4618d5490575155c1c9ac820b5af4e7af22f378f
large,output/notebook3_gnn_encoder/link_prediction/amherst41/k10/original/gatv2_edge_s43.emb,1369656,2e6686c4e53b8b47fdb354d690c24a146011e82502b9ba9e6b6b3d1e2882dc2e
large,output/notebook3_gnn_encoder/link_prediction/amherst41/k10/original/gatv2_edge_s44.emb,1372707,272ef0a4ee9c4704ba08f2fda7e237f5e77f69965a55c098a01441acc10efcb5
large,output/notebook3_gnn_encoder/link_prediction/amherst41/k10/original/graphsage_edge_s42.emb,1368111,e746148654147b5b4717225c8fbbd0b432828da04c6e7f432d1ace6a8f1da52c
large,output/notebook3_gnn_encoder/link_prediction/amherst41/k10/original/graphsage_edge_s43.emb,1372336,a74ab40e184cef66363c18f22407797d47cc5cebce8770cc7b681462797a6e0a
large,output/notebook3_gnn_encoder/link_prediction/amherst41/k10/original/graphsage_edge_s44.emb,1369545,7b203774ffd4fbdc6eff30b27aed1435d617e8ab0baa66b93c946eab726ce73e
large,output/notebook3_gnn_encoder/link_prediction/amherst41/k10/original/graphsage_edge_s45.emb,1370679,4565b84a9e7d48ff34df1813487cd53b1ae9a58507fb96c6cd10956035946101
large,output/notebook3_gnn_encoder/link_prediction/amherst41/k10/original/graphsage_edge_s46.emb,1367258,8db749578d5f3991af06be16e86ac1081917fd121169eaac76ad9194564d5e19
large,output/notebook3_gnn_encoder/link_prediction/amherst41/k10/original/graphsage_edge_s47.emb,1368964,22e74dd095c804d0fb6188ee020ea0b55e6077009414b660dc0139b19c4b3346
large,output/notebook3_gnn_encoder/link_prediction/amherst41/k10/original/graphsage_edge_s48.emb,1369419,8755848d3188b6a6d927437c9e12c25a2b828cf3d18409c09bd4220e7f175fe7
large,output/notebook3_gnn_encoder/link_prediction/amherst41/k10/original/graphsage_edge_s49.emb,1371455,7458522654d5d328c357f65cb68982149ab3ba68182128a18a1b6ff836bfb9fa
large,output/notebook3_gnn_encoder/link_prediction/amherst41/k10/original/graphsage_edge_s50.emb,1369000,a2ac0e76b93a8668505dc51f8104e176cabd1d2a00ca6cd974320fd187f2ebf3
large,output/notebook3_gnn_encoder/link_prediction/amherst41/k10/original/graphsage_edge_s51.emb,1370366,96332bd925cd883cafe8b320a49f826bae9544b01d875f6a9cd97b1bd2498cb3
large,output/notebook3_gnn_encoder/link_prediction/amherst41/k10/psi/gatv2_edge_s42.emb,1371031,8f9657811576c4c102f75838ee1f66224b17a180c9c9cb10d75174522821f0c2
large,output/notebook3_gnn_encoder/link_prediction/amherst41/k10/psi/gatv2_edge_s43.emb,1373079,3b48895b501e0f760022daa7e5e956e532a55bf937a91c90217e9b3c9e747233
large,output/notebook3_gnn_encoder/link_prediction/amherst41/k10/psi/gatv2_edge_s44.emb,1369166,33a535fb6e355a3dd09e598e937d4e3f94381d275cc7749de1154fbd5ffdd1c1
large,output/notebook3_gnn_encoder/link_prediction/amherst41/k10/psi/graphsage_edge_s42.emb,1368924,c482e8fac083ae7f4266898741643e7308585a7f608bdf0ec4e6bb68e5581977
large,output/notebook3_gnn_encoder/link_prediction/amherst41/k10/psi/graphsage_edge_s43.emb,1370045,6a9ea9957d8b491a5f11599be50e0c56ef1e622df70336eb80127b00a742eafe
large,output/notebook3_gnn_encoder/link_prediction/amherst41/k10/psi/graphsage_edge_s44.emb,1369442,28652f9352efc9c39730f8d810b02d45a8b700dcac4c9c8fbf2b37487a23031d
large,output/notebook3_gnn_encoder/link_prediction/amherst41/k10/psi/graphsage_edge_s45.emb,1365587,dc152f25ab883c80406759ccb3556896d71a50267d804377106939a3c6f898c2
large,output/notebook3_gnn_encoder/link_prediction/amherst41/k10/psi/graphsage_edge_s46.emb,1370731,89b9c99f541313c8fcb37b290a33587a51634c36b1c91fc16ef13aaff0c46608
large,output/notebook3_gnn_encoder/link_prediction/amherst41/k10/psi/graphsage_edge_s47.emb,1369464,2ce063ddeac49f2b763f032b956cd1afb07056468e70529d1ad61e705ba6994b
large,output/notebook3_gnn_encoder/link_prediction/amherst41/k10/psi/graphsage_edge_s48.emb,1370015,eaf35c67a79f5b0421753fbbc8388e8a333d474602d1fcd5bfc23bf1018551e3
large,output/notebook3_gnn_encoder/link_prediction/amherst41/k10/psi/graphsage_edge_s49.emb,1369185,a956ad1fbc6091e468327967898e257f5cabf689073626465fbcaed95819af81
large,output/notebook3_gnn_encoder/link_prediction/amherst41/k10/psi/graphsage_edge_s50.emb,1369185,33437684557bc00268e210f52dd792deb58634e62f99a7242700d9dda9f50e6c
large,output/notebook3_gnn_encoder/link_prediction/amherst41/k10/psi/graphsage_edge_s51.emb,1366467,7c54da1f461709045138e4ed758f2471f1c061737a264ac2895ba0c42f9ce1dc
large,output/notebook3_gnn_encoder/link_prediction/amherst41/k10/psi_pqnorm/graphsage_edge_s42.emb,1369190,9db110aa170bbe27f632ee8d25556a160a1817fda3f005ee1843d01377d7515a
large,output/notebook3_gnn_encoder/link_prediction/amherst41/k10/psi_pqnorm/graphsage_edge_s43.emb,1369553,e42e56c0818ee685e599377e322c332a70e17bd793a5c7ff249af045f723d372
large,output/notebook3_gnn_encoder/link_prediction/amherst41/k10/psi_pqnorm/graphsage_edge_s44.emb,1370488,ca4b2d711cf595be1c367aa07cb9b57914b57002729801b7567a4184c0345e35
large,output/notebook3_gnn_encoder/link_prediction/amherst41/k10/psi_qnorm/graphsage_edge_s42.emb,1368704,b35625409096c2094ce21d95bde2570a10c05581bad4a984323741bd0022f284
large,output/notebook3_gnn_encoder/link_prediction/amherst41/k10/psi_qnorm/graphsage_edge_s43.emb,1368514,51f8062e9ebf7a102cd8da0849dfb26755b3e9e62aec616df5b29799f3a95a99
large,output/notebook3_gnn_encoder/link_prediction/amherst41/k10/psi_qnorm/graphsage_edge_s44.emb,1370505,dc613f5815c16b0387cb89ef409cb0bec3862014c9e03cf25d58bc5dd38a920e
large,output/notebook3_gnn_encoder/link_prediction/amherst41/k10/psi_shift/graphsage_edge_s42.emb,1369425,7b85ffad17858d0701533a1a560d0cf3095a5b663bad2688d4e5a55ee0d12e07
large,output/notebook3_gnn_encoder/link_prediction/amherst41/k10/psi_shift/graphsage_edge_s43.emb,1370220,6ae2f2cf452816ef4b2d30b5ffccbe4f59c5bc06892fe2ed4faae64db0781ac4
large,output/notebook3_gnn_encoder/link_prediction/amherst41/k10/psi_shift/graphsage_edge_s44.emb,1369812,d78c6b61dd0fd9cf19e118d8dbff88e0e12abfaf102d24522797760e78c3fe63
large,output/notebook3_gnn_encoder/link_prediction/artnet_exp/k10/centrality/graphsage_edge_s42.emb,30933529,382a45c2a19c085c370bf5634e5317425e6fed57f9970310cd80928cf141abb1
large,output/notebook3_gnn_encoder/link_prediction/artnet_exp/k10/centrality/graphsage_edge_s43.emb,30932529,d45a4ba32614b1f8af5ad858cf01f2a8c2cfda610f37f336d9085db623c4d5b6
large,output/notebook3_gnn_encoder/link_prediction/artnet_exp/k10/centrality/graphsage_edge_s44.emb,30908870,ba87afce78d2f1d350a8e2a6b9e4e6b8e2c64e9712cd67fe8ab7103693af5976
large,output/notebook3_gnn_encoder/link_prediction/artnet_exp/k10/centrality/graphsage_edge_s45.emb,30919409,cc6c9cdbe0404fff64e2d1e74d3c667560876ad70744e1bbdbd4dd3885b4eb28
large,output/notebook3_gnn_encoder/link_prediction/artnet_exp/k10/centrality/graphsage_edge_s46.emb,30956515,b1f8913c01f4993998d6164faf6cd4b494a641823c4e9dbebddc7c591c407f08
large,output/notebook3_gnn_encoder/link_prediction/artnet_exp/k10/centrality/graphsage_edge_s47.emb,31076936,af2823c1e20fa9c8389715b506a62fcae1e1d28395dca4071d9cdb024b104546
large,output/notebook3_gnn_encoder/link_prediction/artnet_exp/k10/centrality/graphsage_edge_s48.emb,31024922,5711142e231999da2241a56798c841cc42999040554e24a94a086b3d1d04baf3
large,output/notebook3_gnn_encoder/link_prediction/artnet_exp/k10/centrality/graphsage_edge_s49.emb,30910882,c1088b8d06893361d23301b11d41f58a17b3e0143435bdcc3ca4cd5966c3b4d5
large,output/notebook3_gnn_encoder/link_prediction/artnet_exp/k10/centrality/graphsage_edge_s50.emb,30874990,253cf577a72280918dc0bdfa916edeb5c821285267cba6eba60a534c2013d03a
large,output/notebook3_gnn_encoder/link_prediction/artnet_exp/k10/centrality/graphsage_edge_s51.emb,30914143,8fb2bd3356f43623df581f5a1e636f51dee17a9ef5e8b9834b1b2919a7972d38
large,output/notebook3_gnn_encoder/link_prediction/artnet_exp/k10/degree/graphsage_edge_s42.emb,30919285,89bb8c40e0cb6186b779c3bfb2ad03868f0bbecd3b7802401593b34e7c280864
large,output/notebook3_gnn_encoder/link_prediction/artnet_exp/k10/degree/graphsage_edge_s43.emb,30925309,de0f541f4ad0b147f643bcf5d12cce23c413bd57dc40296d66f0bcbf84817e22
large,output/notebook3_gnn_encoder/link_prediction/artnet_exp/k10/degree/graphsage_edge_s44.emb,30909286,3db747fba2bc6d6a63306bbea14d068287a708eb486a3be3a1815710b726de08
large,output/notebook3_gnn_encoder/link_prediction/artnet_exp/k10/degree/graphsage_edge_s45.emb,30922329,c7e5ff5b555c81cd696c1f9a9338e2ab72bd8775358225efbdb3a9e0bdb1f74f
large,output/notebook3_gnn_encoder/link_prediction/artnet_exp/k10/degree/graphsage_edge_s46.emb,30916887,2b4fbf39825cf65e300ea543a93a4acf24d314f0a1b6102058442d466dea1c00
large,output/notebook3_gnn_encoder/link_prediction/artnet_exp/k10/degree/graphsage_edge_s47.emb,31005570,48094ebb68e915efe5d7dccb89d62ab53d413e31d055f00392702fc0b8499cfe
large,output/notebook3_gnn_encoder/link_prediction/artnet_exp/k10/degree/graphsage_edge_s48.emb,30972416,077348de8a395cb1648379cbf7d659ca981dd057806b71e86109104cc40e8fcc
large,output/notebook3_gnn_encoder/link_prediction/artnet_exp/k10/degree/graphsage_edge_s49.emb,30885462,0d6b193eee2bed898d8905be0351cb96bb62fd04e1990864a8324e676b435ada
large,output/notebook3_gnn_encoder/link_prediction/artnet_exp/k10/degree/graphsage_edge_s50.emb,30923980,5c6b087cc0d8e88170bcfa6de0533be2ff4cb0bdc69dbea9ab9f72912a44a89a
large,output/notebook3_gnn_encoder/link_prediction/artnet_exp/k10/degree/graphsage_edge_s51.emb,30898471,4ba1dedc79987e3eddb1169e154cea152a862e049b7d11ded681ee06695e2580
large,output/notebook3_gnn_encoder/link_prediction/artnet_exp/k10/hybrid/graphsage_edge_s42.emb,30974014,43dc08bb689d031106edd1ccc90462c617001be3f6580ad71f1360374beef4ea
large,output/notebook3_gnn_encoder/link_prediction/artnet_exp/k10/hybrid/graphsage_edge_s43.emb,31029420,358c4aabfd9bcda4cde7f534f47a5d3b32a2262978587c1ef9fcce83e2c00073
large,output/notebook3_gnn_encoder/link_prediction/artnet_exp/k10/hybrid/graphsage_edge_s44.emb,30869573,7d2ce536250c043f38db931fa48556a62876ea6bc86eb2b1be2650cdcb4fc4b6
large,output/notebook3_gnn_encoder/link_prediction/artnet_exp/k10/hybrid/graphsage_edge_s45.emb,31047870,cd077d33a334570275b7b36d3820fd8f3193cdb93262b87f3f1e6474729fddec
large,output/notebook3_gnn_encoder/link_prediction/artnet_exp/k10/hybrid/graphsage_edge_s46.emb,30878971,cd58a0be201b8e5bbca9bef63e6d92d4021a7d825fe032d2d8600b2f962dd3fa
large,output/notebook3_gnn_encoder/link_prediction/artnet_exp/k10/hybrid/graphsage_edge_s47.emb,30970537,2eb1f9415ccfd329f51998caa7496739ff480d0484306edbd6e164c98dc913a5
large,output/notebook3_gnn_encoder/link_prediction/artnet_exp/k10/hybrid/graphsage_edge_s48.emb,30931963,14e46ae9e744f557a9ed4e310d0e2254b45075523d38cb0f1bc7aed088ab372f
large,output/notebook3_gnn_encoder/link_prediction/artnet_exp/k10/hybrid/graphsage_edge_s49.emb,30849670,1e6fda77368f5eb6407e955df92c6737489cf5407e06eb26c7a9c16b9241a5bf
large,output/notebook3_gnn_encoder/link_prediction/artnet_exp/k10/hybrid/graphsage_edge_s50.emb,30802406,bb999f8124a12e0fdd76ee6ac0f8647d6b1ce63a5292a9d501e04367936f18cf
large,output/notebook3_gnn_encoder/link_prediction/artnet_exp/k10/hybrid/graphsage_edge_s51.emb,30988341,b20d7d0c2ad86ebbd78d07661143fb24b99f34f74890b8a8df788cc045069101
large,output/notebook3_gnn_encoder/link_prediction/artnet_exp/k10/hybrid_centrality/graphsage_edge_s42.emb,30994793,4a671d4e0ff635946689b5c3b0716673d40f41161ac36197e4709181f595660b
large,output/notebook3_gnn_encoder/link_prediction/artnet_exp/k10/hybrid_centrality/graphsage_edge_s43.emb,30984619,336a8414e0699c5b93e11d022dbee6bd3a33d353ea8ee74c018dc39a2fbe6f96
large,output/notebook3_gnn_encoder/link_prediction/artnet_exp/k10/hybrid_centrality/graphsage_edge_s44.emb,30956156,2729a3692af87f9f4236542642e9381476615c93cde7a7431874820564515b44
large,output/notebook3_gnn_encoder/link_prediction/artnet_exp/k10/hybrid_centrality/graphsage_edge_s45.emb,30927493,9d369a2d7e308d21bd44d5af31142390ebd845356f1dad187b4fba74d13bd569
large,output/notebook3_gnn_encoder/link_prediction/artnet_exp/k10/hybrid_centrality/graphsage_edge_s46.emb,30873267,50444237f9dd1d36d7146441d61303a69d65517f02fcc3e6f5333631985447b3
large,output/notebook3_gnn_encoder/link_prediction/artnet_exp/k10/hybrid_centrality/graphsage_edge_s47.emb,30930645,1bc5cf5b2de517ae9d4bd57b1dc55e8a5dfea583bdf4f06e1afee191dda2c666
large,output/notebook3_gnn_encoder/link_prediction/artnet_exp/k10/hybrid_centrality/graphsage_edge_s48.emb,30940116,9db075ef0718bd006bf2318d8ae67937d282c9f29ef440e750f918dba19d873e
large,output/notebook3_gnn_encoder/link_prediction/artnet_exp/k10/hybrid_centrality/graphsage_edge_s49.emb,30923149,0b2c7475a4f2ce5da35595dc9cb7a744d8294adb1c48dcafffd88721a54e9091
large,output/notebook3_gnn_encoder/link_prediction/artnet_exp/k10/hybrid_centrality/graphsage_edge_s50.emb,30823642,677571b8c88d1991c2873f714c95ca7c6d98cbd141c4f131176ffb5b6904f239
large,output/notebook3_gnn_encoder/link_prediction/artnet_exp/k10/hybrid_centrality/graphsage_edge_s51.emb,31008655,c3518b24df979355c2280e75b926ea742fc9e51592bef921eef5c7bfd9f9fadb
large,output/notebook3_gnn_encoder/link_prediction/artnet_exp/k10/hybrid_degree/graphsage_edge_s42.emb,31014091,bbfda8bba8aa0efae8391e1c29a5bb02a07acea3cb3e7ae708840066465cb58a
large,output/notebook3_gnn_encoder/link_prediction/artnet_exp/k10/hybrid_degree/graphsage_edge_s43.emb,31042268,63dbf7ce6a21e7fea82b65efc33cf92068849307a450d556c572637de0c88e4d
large,output/notebook3_gnn_encoder/link_prediction/artnet_exp/k10/hybrid_degree/graphsage_edge_s44.emb,30855556,41ba8d9b6bf2f9656a0d825669f7297409d1631e404526e25a13f6edf585efb5
large,output/notebook3_gnn_encoder/link_prediction/artnet_exp/k10/hybrid_degree/graphsage_edge_s45.emb,30944258,ad9a4e3797d53f674a4af6068f003aeb8f8b6a840162a6cfdc66aab6036d30a1
large,output/notebook3_gnn_encoder/link_prediction/artnet_exp/k10/hybrid_degree/graphsage_edge_s46.emb,30980599,184305305641e3f4ee065e132a974da62a6a689021c5be7faaa1ca7e01e2b01a
large,output/notebook3_gnn_encoder/link_prediction/artnet_exp/k10/hybrid_degree/graphsage_edge_s47.emb,30934656,523f5d595665d1bf8e61b7f17859668845eec3dce03694403d6c85f23344f66d
large,output/notebook3_gnn_encoder/link_prediction/artnet_exp/k10/hybrid_degree/graphsage_edge_s48.emb,30961153,31e43b96902826190bdcdc5f6cd05b18511659e465453508d4e188b01b4f98e6
large,output/notebook3_gnn_encoder/link_prediction/artnet_exp/k10/hybrid_degree/graphsage_edge_s49.emb,30843010,3d7799d34ca8d2d833cf0a3766b2f0e703301afdba1152fde12bcf23dca7db1d
large,output/notebook3_gnn_encoder/link_prediction/artnet_exp/k10/hybrid_degree/graphsage_edge_s50.emb,30869295,55ec4475ea04c52e8609ef72ccea5fbed033e8685fbbc4739c58f9255cd0291e
large,output/notebook3_gnn_encoder/link_prediction/artnet_exp/k10/hybrid_degree/graphsage_edge_s51.emb,31007326,8c3dd6797dd6012a44d7c4d6cd559724876d5afc499bf471d39073ae3532299b
large,output/notebook3_gnn_encoder/link_prediction/artnet_exp/k10/original/graphsage_edge_s42.emb,30946332,5e05561daac1ef973ee867684d364670c319187ada3df2a71b3b8283cdafb2fc
large,output/notebook3_gnn_encoder/link_prediction/artnet_exp/k10/original/graphsage_edge_s43.emb,31099999,16d79763f4f0191fb7a9b7446ab7548b3dbabf715318ad7d9e17f79566dafc1d
large,output/notebook3_gnn_encoder/link_prediction/artnet_exp/k10/original/graphsage_edge_s44.emb,30938184,1e005ffb7730daa15441a5b1811752a5402e624d9a2ea0a62b85d1388dd45537
large,output/notebook3_gnn_encoder/link_prediction/artnet_exp/k10/original/graphsage_edge_s45.emb,31011428,383090614ed4eac35fe7dc0e25f189943b1aa9d10a1a857d3eaf101e7c139cfa
large,output/notebook3_gnn_encoder/link_prediction/artnet_exp/k10/original/graphsage_edge_s46.emb,30988127,df70229fa802121e967b4140ee73918cb6adf9614e1f65bd15720f6a4bbbeead
large,output/notebook3_gnn_encoder/link_prediction/artnet_exp/k10/original/graphsage_edge_s47.emb,30895794,8f3ecff40edc08d008f0608e137d11d9e1d1ba59363bb3d9668e99d65f17fe83
large,output/notebook3_gnn_encoder/link_prediction/artnet_exp/k10/original/graphsage_edge_s48.emb,30975512,ea134b27ca2526da212114557582e36944dcbe32740329d9252df9214d21a73b
large,output/notebook3_gnn_encoder/link_prediction/artnet_exp/k10/original/graphsage_edge_s49.emb,30986927,7332c2fd082a9df16ecf337fb74b85a2c049d6d6a1e848084c99120cbb495664
large,output/notebook3_gnn_encoder/link_prediction/artnet_exp/k10/original/graphsage_edge_s50.emb,30972658,4e480dca71bc4fb20d6549afd790d45aeca093c4433a5c17c4c0f4f05f9b2dc2
large,output/notebook3_gnn_encoder/link_prediction/artnet_exp/k10/original/graphsage_edge_s51.emb,30956445,318f608be85e3e1508a3c0cb8e8c1272c18171382319b771a336f8f5c46443b5
large,output/notebook3_gnn_encoder/link_prediction/artnet_exp/k10/psi/graphsage_edge_s42.emb,30938998,7e85cea26826d3b854d172c270f3d6e27947699736937525abcde1ccb3232889
large,output/notebook3_gnn_encoder/link_prediction/artnet_exp/k10/psi/graphsage_edge_s43.emb,31002804,a622eb2e0ee612c501398d00322e5824a971d9f12a9403d20a2215b305bb0c83
large,output/notebook3_gnn_encoder/link_prediction/artnet_exp/k10/psi/graphsage_edge_s44.emb,30943529,2b8899f2eb3ca124996f147b7030fd0feac34e6d6c6420c61c7297ee1fa4eed6
large,output/notebook3_gnn_encoder/link_prediction/artnet_exp/k10/psi/graphsage_edge_s45.emb,30919019,6db9b30f614bedcee4fcdbac5fbcc09d215422c4522d4c62fd62e3f60b184a70
large,output/notebook3_gnn_encoder/link_prediction/artnet_exp/k10/psi/graphsage_edge_s46.emb,30952536,8bf59d566fa15965aa1e2721717efe413e4e8e34ae3ab190424d343c7ebf907d
large,output/notebook3_gnn_encoder/link_prediction/artnet_exp/k10/psi/graphsage_edge_s47.emb,31046160,393ea4d4d910d841aa10d208a0feb8dd141c02b3708e8b8f90c0df3fe73079ad
large,output/notebook3_gnn_encoder/link_prediction/artnet_exp/k10/psi/graphsage_edge_s48.emb,31025114,b90203dd8c30f32562d28fa7caa4e1f9add45e4bcbe9bd82564bb3b4e7825c54
large,output/notebook3_gnn_encoder/link_prediction/artnet_exp/k10/psi/graphsage_edge_s49.emb,30902246,b1931ab3540ee7d697387dc4e9b5081979e16e12e5ca01e73ed68ecbec81e4c0
large,output/notebook3_gnn_encoder/link_prediction/artnet_exp/k10/psi/graphsage_edge_s50.emb,30931779,f514abc26075b528d8e9676f4bb7e2b74c3f0b87457fe3d6dfaa215458ee2ccd
large,output/notebook3_gnn_encoder/link_prediction/artnet_exp/k10/psi/graphsage_edge_s51.emb,30863766,fb47781f38cce9bbb024db318ccb20580617ae75b8d812e50d8bed7af3aca69a
large,output/notebook3_gnn_encoder/link_prediction/bag_of_words_kos/k10/centrality/graphsage_edge_s42.emb,6340910,95bc06531e77176de184f86b9fa02350122087238dbc798eb36bf7572481e221
large,output/notebook3_gnn_encoder/link_prediction/bag_of_words_kos/k10/centrality/graphsage_edge_s43.emb,6316890,1a4184bbbea4af1df83bd45eaf309539e695fb611810f9c616881f6393782566
large,output/notebook3_gnn_encoder/link_prediction/bag_of_words_kos/k10/centrality/graphsage_edge_s44.emb,6344781,f243182e69dba49c2cb5e7ca6ed5290202ee4f0df5938bf5d9b57cddc68fe07c
large,output/notebook3_gnn_encoder/link_prediction/bag_of_words_kos/k10/centrality/graphsage_edge_s45.emb,6348083,6c039c54d937653e04d557b3a72b7c72ce33dae39fd9979c7adb077fce88eda8
large,output/notebook3_gnn_encoder/link_prediction/bag_of_words_kos/k10/centrality/graphsage_edge_s46.emb,6340873,29dce2fa26a05c5af6299136dfed24d326486bd16304d6563d07928e5ed52329
large,output/notebook3_gnn_encoder/link_prediction/bag_of_words_kos/k10/centrality/graphsage_edge_s47.emb,6345235,4568ddcf84821901ab174a4664bc396c59ddc11c1f4e2f626dde8409eea79037
large,output/notebook3_gnn_encoder/link_prediction/bag_of_words_kos/k10/centrality/graphsage_edge_s48.emb,6338639,91ceb1ec4367f1c36517e2b837abd5fc2d3a4ab97cb5aaa59a826d0b7cee96f3
large,output/notebook3_gnn_encoder/link_prediction/bag_of_words_kos/k10/centrality/graphsage_edge_s49.emb,6344400,05163c59cc61e29b96503da27e0c9d35ec6bf7e0ba6f7cd7be9acd2fd1a42cc3
large,output/notebook3_gnn_encoder/link_prediction/bag_of_words_kos/k10/centrality/graphsage_edge_s50.emb,6324085,85b3cd8bab5a567248a5582c4eee621f70eb77bed6c58353ad9efdceccee385e
large,output/notebook3_gnn_encoder/link_prediction/bag_of_words_kos/k10/centrality/graphsage_edge_s51.emb,6337085,cd1f3f70a576a8c6b0795ff41642c115a54bb09aa2d50f1f966cf934f71e0ea0
large,output/notebook3_gnn_encoder/link_prediction/bag_of_words_kos/k10/degree/graphsage_edge_s42.emb,6338762,93049be2a8d12c5cf106dd7a7e66e2377c77425c5558ac2fe99cabdd94788871
large,output/notebook3_gnn_encoder/link_prediction/bag_of_words_kos/k10/degree/graphsage_edge_s43.emb,6312231,3aefbbcfce32d48c4e1dbfa771ed35002392552f6e3558da3dfbbfcb3d1a31bb
large,output/notebook3_gnn_encoder/link_prediction/bag_of_words_kos/k10/degree/graphsage_edge_s44.emb,6334442,45fbb55397ef9f1cbe221333bcef4f38ad5f7f19d7634c1a5e086f2675dca88f
large,output/notebook3_gnn_encoder/link_prediction/bag_of_words_kos/k10/degree/graphsage_edge_s45.emb,6333250,4caaa81d66c37372e27e4999bc8e0b1dd5441a421627eac37c9ccae9a8e9062e
large,output/notebook3_gnn_encoder/link_prediction/bag_of_words_kos/k10/degree/graphsage_edge_s46.emb,6332696,122292fd43dd2cc78f4a020140460357d140718248a6fff0332e488109c0d413
large,output/notebook3_gnn_encoder/link_prediction/bag_of_words_kos/k10/degree/graphsage_edge_s47.emb,6341895,94e2ad491b69f71e0c233671a9ab78182f8da33f3437047c1a51b5a5e3a32132
large,output/notebook3_gnn_encoder/link_prediction/bag_of_words_kos/k10/degree/graphsage_edge_s48.emb,6340177,65ed9100fd3d595e6fdf22e882faa68ec283f9a9dfe7f9e34b706644a6c72037
large,output/notebook3_gnn_encoder/link_prediction/bag_of_words_kos/k10/degree/graphsage_edge_s49.emb,6327887,08214e26e9e865fcfc1adf9fd7148e4c8b8e466b2051115a153b13271dcce08d
large,output/notebook3_gnn_encoder/link_prediction/bag_of_words_kos/k10/degree/graphsage_edge_s50.emb,6320503,3f8d27c4ef278df98cf97d64af6d4fc005cdc76a69b2174f46125b63037cf6be
large,output/notebook3_gnn_encoder/link_prediction/bag_of_words_kos/k10/degree/graphsage_edge_s51.emb,6320669,c6ee0f503d5195da21e52b905edf4e7067a9c656e84a0d56fbf18e93e613ce1e
large,output/notebook3_gnn_encoder/link_prediction/bag_of_words_kos/k10/hybrid/graphsage_edge_s42.emb,6363750,3f6ae5a176b73a4e2f1f6cd12553edcbc4a605ede7a6126ecaad0b206bd1e938
large,output/notebook3_gnn_encoder/link_prediction/bag_of_words_kos/k10/hybrid/graphsage_edge_s43.emb,6333727,25a1b83696cb79d005ae18a4e78f55153c0fdccfabf3493d44fbb43cbd57891f
large,output/notebook3_gnn_encoder/link_prediction/bag_of_words_kos/k10/hybrid/graphsage_edge_s44.emb,6347723,a91347a07ab55abc7b22f3b2b96420e481f0a59b53b556a2d01a3bf0cfc067e9
large,output/notebook3_gnn_encoder/link_prediction/bag_of_words_kos/k10/hybrid/graphsage_edge_s45.emb,6325588,2d8dbf07e063ff4b42332c69bc612972745c6d0b59a3e07e250e5bca1adaedf5
large,output/notebook3_gnn_encoder/link_prediction/bag_of_words_kos/k10/hybrid/graphsage_edge_s46.emb,6332627,1954e0b27136481b5c693677a18b5c8e3c8e994b671cf7a19bf7f005a58b7e83
large,output/notebook3_gnn_encoder/link_prediction/bag_of_words_kos/k10/hybrid/graphsage_edge_s47.emb,6345121,d2f883cf61dd059c9c4914232fd36cde5f83a1b351971539bb4926d16b669d44
large,output/notebook3_gnn_encoder/link_prediction/bag_of_words_kos/k10/hybrid/graphsage_edge_s48.emb,6356381,cf0989166f030151dc34d2590b4ee746ac69b0d4a15e9fe8cc46ba31c54139bc
large,output/notebook3_gnn_encoder/link_prediction/bag_of_words_kos/k10/hybrid/graphsage_edge_s49.emb,6341218,6f82a0c4c264b3fca4611f76dbc878c1cbccfc16b2a4ef5522206771e9a45d30
large,output/notebook3_gnn_encoder/link_prediction/bag_of_words_kos/k10/hybrid/graphsage_edge_s50.emb,6348676,9a68837eb4e91398987b0c36cbb68f92bfeb93aa4cd39e3584c43b75fcfa7e4e
large,output/notebook3_gnn_encoder/link_prediction/bag_of_words_kos/k10/hybrid/graphsage_edge_s51.emb,6353976,a24211849d6a0d8fe9a8da85ad7e41f08735d7003852de85ecb535b57e682d38
large,output/notebook3_gnn_encoder/link_prediction/bag_of_words_kos/k10/hybrid_centrality/graphsage_edge_s42.emb,6355872,67ecd1b93f8f8d449dea180af3e8d5142a6e7b648126babe463fe32e877b4dde
large,output/notebook3_gnn_encoder/link_prediction/bag_of_words_kos/k10/hybrid_centrality/graphsage_edge_s43.emb,6340196,6eedef5ccff788ebb05e40d5cc78951b5091eb2293072bc7bae1f48d23206ce2
large,output/notebook3_gnn_encoder/link_prediction/bag_of_words_kos/k10/hybrid_centrality/graphsage_edge_s44.emb,6348808,c277dcc089e0d545c48fedd0d9cd343961a96f97532bb6ee96be6de4ed36b420
large,output/notebook3_gnn_encoder/link_prediction/bag_of_words_kos/k10/hybrid_centrality/graphsage_edge_s45.emb,6319849,808e5fcd078a8dbeb2b5d5b49b91f871e9566d43047427f3ed297bdc688495aa
large,output/notebook3_gnn_encoder/link_prediction/bag_of_words_kos/k10/hybrid_centrality/graphsage_edge_s46.emb,6337632,231aa4fb62484108f95ab09ccf1319388a3a1678542d5ff1f559d4bc64abe146
large,output/notebook3_gnn_encoder/link_prediction/bag_of_words_kos/k10/hybrid_centrality/graphsage_edge_s47.emb,6342759,6f2226175e910b52bc10d0a512b2c44c9bc0cb0a79f330919f38ac89a9b87abf
large,output/notebook3_gnn_encoder/link_prediction/bag_of_words_kos/k10/hybrid_centrality/graphsage_edge_s48.emb,6352099,a794c0745e12edf98abd80860d94a440d67598cfa68f04118942649be616f7d7
large,output/notebook3_gnn_encoder/link_prediction/bag_of_words_kos/k10/hybrid_centrality/graphsage_edge_s49.emb,6340776,4514e9866adab422290f0f5c30bb7c11c84173d9fb82e09f2e12f3fd27e5559c
large,output/notebook3_gnn_encoder/link_prediction/bag_of_words_kos/k10/hybrid_centrality/graphsage_edge_s50.emb,6344895,b9dde355843352815f23db44577a1f134eacd72f8f2d046d8afd97a92895101e
large,output/notebook3_gnn_encoder/link_prediction/bag_of_words_kos/k10/hybrid_centrality/graphsage_edge_s51.emb,6340623,e8450bb7be5dbed3a9c73f34be84da61f5dfb8be46f8dba412c869d3e9a4e690
large,output/notebook3_gnn_encoder/link_prediction/bag_of_words_kos/k10/hybrid_degree/graphsage_edge_s42.emb,6362409,3a1befd7711bf6157692658a6f61dd01c819112bc27cc8c485829913a67703d1
large,output/notebook3_gnn_encoder/link_prediction/bag_of_words_kos/k10/hybrid_degree/graphsage_edge_s43.emb,6333064,d88683e747d4fc822fbbf2998e64a441a53536a50068e21b0dc908ed751307f3
large,output/notebook3_gnn_encoder/link_prediction/bag_of_words_kos/k10/hybrid_degree/graphsage_edge_s44.emb,6347969,a5623231aedb6dc85cd66663c8dc7b51c5da8646fb303bd0cc1de11804cc8c1a
large,output/notebook3_gnn_encoder/link_prediction/bag_of_words_kos/k10/hybrid_degree/graphsage_edge_s45.emb,6326033,5966286cde31635d38bbb376b4b307ec723c24779289ec8b54487931830b4b8d
large,output/notebook3_gnn_encoder/link_prediction/bag_of_words_kos/k10/hybrid_degree/graphsage_edge_s46.emb,6333834,3934b10c520cd235e150a40691acad617a0df19f91454aac57d1b2ae721e899c
large,output/notebook3_gnn_encoder/link_prediction/bag_of_words_kos/k10/hybrid_degree/graphsage_edge_s47.emb,6346842,f033a463871a60fa526af878680407fcd1c5294a0ab76a580fbc8078e5bd8a3c
large,output/notebook3_gnn_encoder/link_prediction/bag_of_words_kos/k10/hybrid_degree/graphsage_edge_s48.emb,6354119,b25f25355a368e2261c733bf0e2765b25dbd324c5c5512145c9279909cafd8cc
large,output/notebook3_gnn_encoder/link_prediction/bag_of_words_kos/k10/hybrid_degree/graphsage_edge_s49.emb,6340817,0235e9408537f1f97ee687235dcbbc2925f8dae9e715b66e6d52eb9f3567a6df
large,output/notebook3_gnn_encoder/link_prediction/bag_of_words_kos/k10/hybrid_degree/graphsage_edge_s50.emb,6347580,a02fa63e440c6164ad383a19b41a94a6dbc2701d0192e6fe1f47152eae919f08
large,output/notebook3_gnn_encoder/link_prediction/bag_of_words_kos/k10/hybrid_degree/graphsage_edge_s51.emb,6353922,75092040287abe20d505cea51ccd3ecd1503555fa3fc639b182634078487e24f
large,output/notebook3_gnn_encoder/link_prediction/bag_of_words_kos/k10/original/graphsage_edge_s42.emb,6330495,9ce21f7a7dc842fb9235bc7e5d49f07b42fa19356ed8694665ae102f5df9bceb
large,output/notebook3_gnn_encoder/link_prediction/bag_of_words_kos/k10/original/graphsage_edge_s43.emb,6354348,abd3afc271a7d1fdcafb17a3973af6cd8be061419b841e42fda05c96283166f6
large,output/notebook3_gnn_encoder/link_prediction/bag_of_words_kos/k10/original/graphsage_edge_s44.emb,6337798,f8cae904929d46a7f36772554eaa56a3e2019293f8f1ec853b6ca2a487c6bbef
large,output/notebook3_gnn_encoder/link_prediction/bag_of_words_kos/k10/original/graphsage_edge_s45.emb,6324120,f75718e3e01bf31fdbdc8e4814bcf4213fb2154f2cd2f95ccc7604f45288741d
large,output/notebook3_gnn_encoder/link_prediction/bag_of_words_kos/k10/original/graphsage_edge_s46.emb,6326141,bb9fdc9f3339027851d286e54a6b514722c362956e7564a27c72143fbc31d902
large,output/notebook3_gnn_encoder/link_prediction/bag_of_words_kos/k10/original/graphsage_edge_s47.emb,6332230,5fbbdd19e944e6a93deb75f68a92d387582cb6d12fe782c1b784238b80f1f696
large,output/notebook3_gnn_encoder/link_prediction/bag_of_words_kos/k10/original/graphsage_edge_s48.emb,6337736,609a8a6df63546aaa94934d97ddf8bc645cbf0514e302ca445200194b3f25c41
large,output/notebook3_gnn_encoder/link_prediction/bag_of_words_kos/k10/original/graphsage_edge_s49.emb,6354532,525c9b1c72fea6d80360e6e78e60643aed0578b17ffa764822517f2a9307c35c
large,output/notebook3_gnn_encoder/link_prediction/bag_of_words_kos/k10/original/graphsage_edge_s50.emb,6342542,d6f24218c885a4364ba5baf5b32b5124050c44546231c199f57e3621a7aeeaac
large,output/notebook3_gnn_encoder/link_prediction/bag_of_words_kos/k10/original/graphsage_edge_s51.emb,6343717,8961df43c3ad73211f0d9cb66d56460b7a1f2d9b08ab8752693594aed316ff06
large,output/notebook3_gnn_encoder/link_prediction/bag_of_words_kos/k10/psi/graphsage_edge_s42.emb,6337384,a5ad415ecc533aac438d34e82f0868afda32a72df789e229aa5867c5d27a96e4
large,output/notebook3_gnn_encoder/link_prediction/bag_of_words_kos/k10/psi/graphsage_edge_s43.emb,6319317,d789877156988f713274d660b1cc23048970b8662907eaea848e059e98853db0
large,output/notebook3_gnn_encoder/link_prediction/bag_of_words_kos/k10/psi/graphsage_edge_s44.emb,6327752,8c8d9080da1ccef4cd3039a0fedaa7cb44f8749567d38d4a43cfa0050e903ab4
large,output/notebook3_gnn_encoder/link_prediction/bag_of_words_kos/k10/psi/graphsage_edge_s45.emb,6355094,2ecdf5cb9fd925f3e30e304c4df37e7867e5ec409d34aa409bda0662ad60cd84
large,output/notebook3_gnn_encoder/link_prediction/bag_of_words_kos/k10/psi/graphsage_edge_s46.emb,6328596,5035cb5df7696ffe8ecbe37bd57ee31687706095849c8f604906d0c1675c757c
large,output/notebook3_gnn_encoder/link_prediction/bag_of_words_kos/k10/psi/graphsage_edge_s47.emb,6343663,242f0fbece27035924de1efaf5cda67fbd34fa97fa0e01bdebd877fb80a0d3e0
large,output/notebook3_gnn_encoder/link_prediction/bag_of_words_kos/k10/psi/graphsage_edge_s48.emb,6350485,43cdd316d14ca4b6bedafab60667e392f15afda4f908439a545d1031a3538311
large,output/notebook3_gnn_encoder/link_prediction/bag_of_words_kos/k10/psi/graphsage_edge_s49.emb,6330378,f00eb4a750409ea70b6787b6a308ca27459fee8a5303dfb50abc4d1f8002cf92
large,output/notebook3_gnn_encoder/link_prediction/bag_of_words_kos/k10/psi/graphsage_edge_s50.emb,6333793,1d74b6b59fc3dd6088631524fbf7b4f5295815b7a5b3bfaf7adfa494d54f429b
large,output/notebook3_gnn_encoder/link_prediction/bag_of_words_kos/k10/psi/graphsage_edge_s51.emb,6333706,7f4c0b9a71950f5fe23507931514b463c71d5615ab4b4ff2076342f7a203dc47
large,output/notebook3_gnn_encoder/link_prediction/bag_of_words_nips/k10/centrality/graphsage_edge_s42.emb,8493035,1ded012852f5e16da07aa6cbafbfaff5ee6eb09692c79a622d991af2428fcd06
large,output/notebook3_gnn_encoder/link_prediction/bag_of_words_nips/k10/centrality/graphsage_edge_s43.emb,8486407,ef9efd6f553ccebcbc782f41201ec4e9ef92b0a4a213694012863c232efd40c9
large,output/notebook3_gnn_encoder/link_prediction/bag_of_words_nips/k10/centrality/graphsage_edge_s44.emb,8483469,e7da32a7d8ce59f4ceb8ecdef2f2444bc3ec6c677214cce885912ebc34bd38ea
large,output/notebook3_gnn_encoder/link_prediction/bag_of_words_nips/k10/degree/graphsage_edge_s42.emb,8507406,12677a6da85bb79f7dcf51f6fc3ebcdff7bf9480c0ae6c2ec599cd4d7d5495ca
large,output/notebook3_gnn_encoder/link_prediction/bag_of_words_nips/k10/degree/graphsage_edge_s43.emb,8463320,16fb0759b53f16e9e44766b400f13eee714fd400ca8ba3029fb0c22a36a4c68c
large,output/notebook3_gnn_encoder/link_prediction/bag_of_words_nips/k10/degree/graphsage_edge_s44.emb,8504006,d79736b07ccba5e2a479606ff9c52a3c0956561ec93ce949979a2dc723482cb5
large,output/notebook3_gnn_encoder/link_prediction/bag_of_words_nips/k10/hybrid/graphsage_edge_s42.emb,8530267,17372cad93a75b76213cb14cc1f2b886c03f25331da1bb1d83bb324678269f99
large,output/notebook3_gnn_encoder/link_prediction/bag_of_words_nips/k10/hybrid/graphsage_edge_s43.emb,8534028,5b7f7844b433508fac8060dfa3676cfb53931896e9c4731560d4fe303597edbe
large,output/notebook3_gnn_encoder/link_prediction/bag_of_words_nips/k10/hybrid/graphsage_edge_s44.emb,8531034,1c3db80e8ed1eee4565b59246c2a71ac03f309aad1502a06ff86ea34c1653741
large,output/notebook3_gnn_encoder/link_prediction/bag_of_words_nips/k10/hybrid_centrality/graphsage_edge_s42.emb,8525634,b7e2eae10d590215c1c03b6b177eb5b3c2e51753e90ee652a35651106096ee2c
large,output/notebook3_gnn_encoder/link_prediction/bag_of_words_nips/k10/hybrid_centrality/graphsage_edge_s43.emb,8523695,26a1bf3659b5e8cc86f22d65f2c0e8e2322dfc6c839a29eeb169133aefb3e851
large,output/notebook3_gnn_encoder/link_prediction/bag_of_words_nips/k10/hybrid_centrality/graphsage_edge_s44.emb,8535338,7f4820cad74934a47dd0e40b40d7e263018019a26044929781525e7bb0bdff78
large,output/notebook3_gnn_encoder/link_prediction/bag_of_words_nips/k10/hybrid_degree/graphsage_edge_s42.emb,8530349,c2855c06d8de83ee41714d87116de91e9e388465adf45f04651917e24bccac1d
large,output/notebook3_gnn_encoder/link_prediction/bag_of_words_nips/k10/hybrid_degree/graphsage_edge_s43.emb,8532584,a9d9912ab0b6c34d3a40003f7bd9e5170bc7078b6b80c591f95d0d713d53726d
large,output/notebook3_gnn_encoder/link_prediction/bag_of_words_nips/k10/hybrid_degree/graphsage_edge_s44.emb,8530775,49da21d1a4f7a22176278026c6e2f8098f6fb0592c187b4f7e5db14abd826fd9
large,output/notebook3_gnn_encoder/link_prediction/bag_of_words_nips/k10/original/graphsage_edge_s42.emb,8524676,9762179ca9bccf687993064fb9d300b364679db2e499879945e61014bb1db92e
large,output/notebook3_gnn_encoder/link_prediction/bag_of_words_nips/k10/original/graphsage_edge_s43.emb,8581366,4f8384aabaee9ac98b76b73ab04e934475b97db369a9d65f264be0d25eb72b78
large,output/notebook3_gnn_encoder/link_prediction/bag_of_words_nips/k10/original/graphsage_edge_s44.emb,8506171,dd602539cf78a681b3fe2f872687476e8d5f6c8f0db8942fb4a7ef431d9cda7c
large,output/notebook3_gnn_encoder/link_prediction/bag_of_words_nips/k10/psi/graphsage_edge_s42.emb,8505399,656f67d6bd83b4e9eb830424ad4b2e499f9bf37539a7e3c0a3e1c54c537e43e1
large,output/notebook3_gnn_encoder/link_prediction/bag_of_words_nips/k10/psi/graphsage_edge_s43.emb,8457680,98bf7ed343a1356aff3144e41226d08d00b545ec4f051849f6ea28e82422d06d
large,output/notebook3_gnn_encoder/link_prediction/bag_of_words_nips/k10/psi/graphsage_edge_s44.emb,8501250,9bc539c069c3749d6b6ed7c803a4ea83a5355bfc8cc47a5b1ae529d3e368f678
large,output/notebook3_gnn_encoder/link_prediction/blogcatalog/k10/centrality/gatv2_edge_s42.emb,3183317,3b264b8c764471bc0492dc69d89b28362fb6e6483d42e58644159a1c047a47af
large,output/notebook3_gnn_encoder/link_prediction/blogcatalog/k10/centrality/gatv2_edge_s43.emb,3181598,17918ba298fb7cc9e1dc6fc194a76a2154d8488dcdce8dfeec47a09bc709c47d
large,output/notebook3_gnn_encoder/link_prediction/blogcatalog/k10/centrality/gatv2_edge_s44.emb,3187547,55a699a445cdb2a528c704662c05f3204175b49014849495724bfa56346ae931
large,output/notebook3_gnn_encoder/link_prediction/blogcatalog/k10/centrality/graphsage_edge_s42.emb,3184506,29b97279e80e994fea395547e016501312400e887f2842e4bae1ca1656f36912
large,output/notebook3_gnn_encoder/link_prediction/blogcatalog/k10/centrality/graphsage_edge_s43.emb,3183622,6415c3b3a38ef30a9d79e8a7aee92f96117904311bb9e92364796f3e5e7d3391
large,output/notebook3_gnn_encoder/link_prediction/blogcatalog/k10/centrality/graphsage_edge_s44.emb,3180764,c98b49aa4d8cadda6594245929743d0462e075581a818a9dc8a2e7471bb9ea7c
large,output/notebook3_gnn_encoder/link_prediction/blogcatalog/k10/centrality/graphsage_edge_s45.emb,3181430,f4b8c441d15ee7d46b6b3affc555c5b6f07d6cf47304e3d360a0b9582e9c657c
large,output/notebook3_gnn_encoder/link_prediction/blogcatalog/k10/centrality/graphsage_edge_s46.emb,3183741,55e2a25762d251af73fbdd566a39ba57d9b542bac15f8c656bf4eb824ad1aa48
large,output/notebook3_gnn_encoder/link_prediction/blogcatalog/k10/centrality/graphsage_edge_s47.emb,3185714,bb1eb24e9f77e6a4a8a4c4c414f58a5c37264b979a86672ea686c30715a3b332
large,output/notebook3_gnn_encoder/link_prediction/blogcatalog/k10/degree/gatv2_edge_s42.emb,3183192,217438894b9b75f53c464acc4356cede92a1a901fb105ae34affec1a571ee728
large,output/notebook3_gnn_encoder/link_prediction/blogcatalog/k10/degree/gatv2_edge_s43.emb,3180176,82b55bdd7164fdaa9659d8708bd82b0de0a75d4e7e80bc03aa311dee48fe0595
large,output/notebook3_gnn_encoder/link_prediction/blogcatalog/k10/degree/gatv2_edge_s44.emb,3183216,556d43aecb1a9a73dfc86642f7bd51ce3dad3067968c73781d2bde063ecd2d18
large,output/notebook3_gnn_encoder/link_prediction/blogcatalog/k10/degree/graphsage_edge_s42.emb,3183410,4c6978edc3e5b0fba3354495fa92919d1b4205bc093a0de9314315eefb7bb157
large,output/notebook3_gnn_encoder/link_prediction/blogcatalog/k10/degree/graphsage_edge_s43.emb,3182087,84a427491a489a5080e481add1058e4a78978af7316fecba2aed079667655ade
large,output/notebook3_gnn_encoder/link_prediction/blogcatalog/k10/degree/graphsage_edge_s44.emb,3184129,3a8e60c0fa589f3897165a90ed2b4552d43b5887f1dbb967b5b6ac9c4374d89d
large,output/notebook3_gnn_encoder/link_prediction/blogcatalog/k10/degree/graphsage_edge_s45.emb,3179290,dd0d705928ab956a8073116725275f9c5e8ab9d1c0e34460ba968c16db50f31b
large,output/notebook3_gnn_encoder/link_prediction/blogcatalog/k10/degree/graphsage_edge_s46.emb,3182316,cec8fdc0e4c75a5b85bb79573935ed2b020e151ff9e763ed147d56f8df005678
large,output/notebook3_gnn_encoder/link_prediction/blogcatalog/k10/degree/graphsage_edge_s47.emb,3185164,ba516d4bfe4192d73adc05dce18723b2c23a2ba722a3a59b38cdb6969d9fecca
large,output/notebook3_gnn_encoder/link_prediction/blogcatalog/k10/hybrid/gatv2_edge_s42.emb,3187725,52f45ff1bb78d5ee5524921ee5e34efe878d479d59b26cbbe1b808001c278b41
large,output/notebook3_gnn_encoder/link_prediction/blogcatalog/k10/hybrid/gatv2_edge_s43.emb,3190242,b37b7e873830a6453b2326c64deeec775348ace0deaa1428f3ebcd06d217838b
large,output/notebook3_gnn_encoder/link_prediction/blogcatalog/k10/hybrid/gatv2_edge_s44.emb,3176250,83d9d97a92e8223cbd82dd1e7c3ab69748e50437853d89402478ce024b245af4
large,output/notebook3_gnn_encoder/link_prediction/blogcatalog/k10/hybrid/graphsage_edge_s42.emb,3191737,20e2883f15d7f814d8938e0b4d5b8bd7862434888717da749d0f3fc1a724c746
large,output/notebook3_gnn_encoder/link_prediction/blogcatalog/k10/hybrid/graphsage_edge_s43.emb,3187276,c3f365b046eafc73bd400f4b41e6d5b3e8d773a0f31343b37d1d39420f4ee2df
large,output/notebook3_gnn_encoder/link_prediction/blogcatalog/k10/hybrid/graphsage_edge_s44.emb,3182418,50ebc39acb6a292aa056bea58320d61819b766f4ed89ca5d5211e0fe7bc00538
large,output/notebook3_gnn_encoder/link_prediction/blogcatalog/k10/hybrid/graphsage_edge_s45.emb,3183912,e5f85a21afba75655cd1964a81014d4def903be00939fb25185cb3206f839011
large,output/notebook3_gnn_encoder/link_prediction/blogcatalog/k10/hybrid/graphsage_edge_s46.emb,3181376,dca28664f02ae723a447296dcdff12e46ef8fdd5157d7b3606f7d600d42ca48c
large,output/notebook3_gnn_encoder/link_prediction/blogcatalog/k10/hybrid/graphsage_edge_s47.emb,3186175,4d287eee21d5c731fe2b41b66f21bf28bd302db47926860c73de57310905618a
large,output/notebook3_gnn_encoder/link_prediction/blogcatalog/k10/hybrid_centrality/gatv2_edge_s42.emb,3186529,3adc2509336c21d1743ec5a6a9628ddc94e5f3af23241999939b607c50acb47f
large,output/notebook3_gnn_encoder/link_prediction/blogcatalog/k10/hybrid_centrality/gatv2_edge_s43.emb,3180710,db8b892f3afc3dab9841718d9f7ad38bda2bfa0029de95dfa48bd696fbf5b302
large,output/notebook3_gnn_encoder/link_prediction/blogcatalog/k10/hybrid_centrality/gatv2_edge_s44.emb,3178116,63e3de3bc2eb4f1ea36ba25a40d24e5748cb73b1011c5eff711b7cb1d4d0ff6d
large,output/notebook3_gnn_encoder/link_prediction/blogcatalog/k10/hybrid_centrality/graphsage_edge_s42.emb,3188337,17985d7b73ee48ce1b1218ad44c464b73e334fee400da3ec602be49ef0f33788
large,output/notebook3_gnn_encoder/link_prediction/blogcatalog/k10/hybrid_centrality/graphsage_edge_s43.emb,3187455,df5033c70ac72a038e8038094cf376d7768ab1ba53fe0ac31a3271fc60504345
large,output/notebook3_gnn_encoder/link_prediction/blogcatalog/k10/hybrid_centrality/graphsage_edge_s44.emb,3185141,23ed8c01443e04bf7f20989be7be787c9b1dc3e47673ba065fa1ca70ccf671a3
large,output/notebook3_gnn_encoder/link_prediction/blogcatalog/k10/hybrid_centrality/graphsage_edge_s45.emb,3181766,a2673795d4b40b474c6790fd3a8505f0289e48a494279792a7b6ace5ff1e557e
large,output/notebook3_gnn_encoder/link_prediction/blogcatalog/k10/hybrid_centrality/graphsage_edge_s46.emb,3184319,9cffb99bf9b0e41a2f48a9d7131cf0817d2ccaaae0bb359e27a23a9782a1864a
large,output/notebook3_gnn_encoder/link_prediction/blogcatalog/k10/hybrid_centrality/graphsage_edge_s47.emb,3187901,c55c398c80fefed0c224d1716fc0b25f57748a5aae2408d69eaeea6229f89a37
large,output/notebook3_gnn_encoder/link_prediction/blogcatalog/k10/hybrid_degree/gatv2_edge_s42.emb,3185625,610b407a4b4250f8e8edadf36bbd7fd500de14ad2c1efd8c25e950d1573f53c1
large,output/notebook3_gnn_encoder/link_prediction/blogcatalog/k10/hybrid_degree/gatv2_edge_s43.emb,3189111,8bf78c5aefd074d8c6cf610da4272ac4460865247f3de9f13ea63aba7a48973f
large,output/notebook3_gnn_encoder/link_prediction/blogcatalog/k10/hybrid_degree/gatv2_edge_s44.emb,3175471,523c4f4431da54669a1277888a5103c19013bcd5ad35fab83ec81f5e1f3f0218
large,output/notebook3_gnn_encoder/link_prediction/blogcatalog/k10/hybrid_degree/graphsage_edge_s42.emb,3191507,6f4b7f959f8e5fe82fdcf9dbfe39937c9f1d09a7592f7ae151410f4b2ecc9e97
large,output/notebook3_gnn_encoder/link_prediction/blogcatalog/k10/hybrid_degree/graphsage_edge_s43.emb,3188634,d17c1f207c42e16ddd745b9a018fa58d5b6b5dd9f3fb8e240dc754010563c5fc
large,output/notebook3_gnn_encoder/link_prediction/blogcatalog/k10/hybrid_degree/graphsage_edge_s44.emb,3182802,05be348f23dcae5da4167aa32a642aaa98cd7c74f713b2aed68d0c723de89700
large,output/notebook3_gnn_encoder/link_prediction/blogcatalog/k10/hybrid_degree/graphsage_edge_s45.emb,3183310,5cf41d17205ec0ff7fab28043457196f8a38ab1b4529fa6a513d9ddc15a459ee
large,output/notebook3_gnn_encoder/link_prediction/blogcatalog/k10/hybrid_degree/graphsage_edge_s46.emb,3180614,91fe2327bacdc64544b80044ceed3e15d508c46b0d0150a6debaedef7b440988
large,output/notebook3_gnn_encoder/link_prediction/blogcatalog/k10/hybrid_degree/graphsage_edge_s47.emb,3187565,0fd0d108958918beb5e9c74cec564341f41de6afe0b61aac1f67cc61f2e29b87
large,output/notebook3_gnn_encoder/link_prediction/blogcatalog/k10/original/gatv2_edge_s42.emb,3185588,7cba561f34544cda8591be43f2bd2dbb956d72772e7844310704cba4e500f0a1
large,output/notebook3_gnn_encoder/link_prediction/blogcatalog/k10/original/gatv2_edge_s43.emb,3160006,ef5e9733defcd995cb24c4413b87334a392a0705e33ced0bc1645cdfea147fdb
large,output/notebook3_gnn_encoder/link_prediction/blogcatalog/k10/original/gatv2_edge_s44.emb,3171516,8f2e96232fe9db53ada3ac08e5069f20ca6efdb626655baa43aded2fd29381a5
large,output/notebook3_gnn_encoder/link_prediction/blogcatalog/k10/original/graphsage_edge_s42.emb,3180795,3cf563bc24673fedb8c6957a83e4946d60806e180e27417aa8cdde27a0f36615
large,output/notebook3_gnn_encoder/link_prediction/blogcatalog/k10/original/graphsage_edge_s43.emb,3191657,7a008073f385ef6638e88e0e41d336e0c061ee0cff5cbff2f0174b55086fe857
large,output/notebook3_gnn_encoder/link_prediction/blogcatalog/k10/original/graphsage_edge_s44.emb,3184459,bcf67d058fa0ff535615155a2c1b45fb505c50a8d2188a692155cb4bfe176893
large,output/notebook3_gnn_encoder/link_prediction/blogcatalog/k10/original/graphsage_edge_s45.emb,3180249,dbcec9ff37cd6f72ebf12d094ac48176a1b244a6b7b6a5b74706a384766726db
large,output/notebook3_gnn_encoder/link_prediction/blogcatalog/k10/original/graphsage_edge_s46.emb,3184448,22105e1d23ac9f4fd142e8e49edbf6e7f9eef002938ed9e957ead880bd12a4ef
large,output/notebook3_gnn_encoder/link_prediction/blogcatalog/k10/original/graphsage_edge_s47.emb,3184558,9631120eebc31e9cf742a76e6eeda9f0ab8d85d7f60c1362f1dddad3dafb2dee
large,output/notebook3_gnn_encoder/link_prediction/blogcatalog/k10/psi/gatv2_edge_s42.emb,3180568,fbbded49960def4d3537c599f7bbca678f8c2731e52040ab63341a2da9eacff7
large,output/notebook3_gnn_encoder/link_prediction/blogcatalog/k10/psi/gatv2_edge_s43.emb,3179506,42befb038a040b9ced20676c113c90872e279da3e9bf4b7f477ebe4bf99cea15
large,output/notebook3_gnn_encoder/link_prediction/blogcatalog/k10/psi/gatv2_edge_s44.emb,3184938,263a9b59ddcd4476c01c072f731f8ccedc482037c437693dbd09c988f664b9f3
large,output/notebook3_gnn_encoder/link_prediction/blogcatalog/k10/psi/graphsage_edge_s42.emb,3183433,f415964f017e331d0154d266730a481d4d3b1b48c6815890261e8f3ac3a2b1c1
large,output/notebook3_gnn_encoder/link_prediction/blogcatalog/k10/psi/graphsage_edge_s43.emb,3181615,762c9e3ff6580b2f38a75cdcb7aaa25d12dc32fc737214c7804ba5e9d3f351ac
large,output/notebook3_gnn_encoder/link_prediction/blogcatalog/k10/psi/graphsage_edge_s44.emb,3182285,f0d95f709cc39b525830f79ab1d9dcd915126614ce214a7e9d368b4c1dca4809
large,output/notebook3_gnn_encoder/link_prediction/blogcatalog/k10/psi/graphsage_edge_s45.emb,3178989,19e570a6143b9ede1afdc5ee9ea0aa247c8385ae86be492c413bc7e09a7f31aa
large,output/notebook3_gnn_encoder/link_prediction/blogcatalog/k10/psi/graphsage_edge_s46.emb,3182751,e3eea33bf0e196cc30d9d9c6e723a298960e810b7025c6b90e8e3fe73e4455d7
large,output/notebook3_gnn_encoder/link_prediction/blogcatalog/k10/psi/graphsage_edge_s47.emb,3187216,cdd45383b9d0a36e21eed7c49e08f218fc382c8845d8e90622d08a9d8205b2b9
large,output/notebook3_gnn_encoder/link_prediction/board_directors/k10/centrality/graphsage_edge_s42.emb,1102907,18f5fef7e76c7cb442c6294ac24ec7a00401f29e046773022b94fb821feae3b4
large,output/notebook3_gnn_encoder/link_prediction/board_directors/k10/centrality/graphsage_edge_s43.emb,1101587,e163ddffc93ecba4cee70340dbb2084f828fb067c63295b882b50ff724187964
large,output/notebook3_gnn_encoder/link_prediction/board_directors/k10/centrality/graphsage_edge_s44.emb,1098500,e1b5e2c5294a1ad0e7548d1135437f807bf17ca3420c4cdd14d50bf7d61b1f3d
large,output/notebook3_gnn_encoder/link_prediction/board_directors/k10/degree/graphsage_edge_s42.emb,1102135,ef92d0c9591bf323bdcc0e9a52611b0c0022a27526b5907e9d384e36dcd62dc3
large,output/notebook3_gnn_encoder/link_prediction/board_directors/k10/degree/graphsage_edge_s43.emb,1097332,1b55f89416cee5ea07f8467942846ca677c60f81df79b4cea6e5896f2ff4d2bd
large,output/notebook3_gnn_encoder/link_prediction/board_directors/k10/degree/graphsage_edge_s44.emb,1102125,d07b9593ced020ee110f66e35468865e0f98939d2960ef9a0b279c9dceed19da
large,output/notebook3_gnn_encoder/link_prediction/board_directors/k10/hybrid/graphsage_edge_s42.emb,1103253,a0bf108d36e75afc538927e04165805a40b36a7ef325e0e382b561cee9adf130
large,output/notebook3_gnn_encoder/link_prediction/board_directors/k10/hybrid/graphsage_edge_s43.emb,1099434,aa8d95ba4e894ac05333c1708ae90f89e79c08968aaecfaf0e0456c14d24f771
large,output/notebook3_gnn_encoder/link_prediction/board_directors/k10/hybrid/graphsage_edge_s44.emb,1098826,6975de9ef40d8bf0b337a4fd23ea62d90b1f9450508a01b3f038a94e3dc05f2a
large,output/notebook3_gnn_encoder/link_prediction/board_directors/k10/hybrid_centrality/graphsage_edge_s42.emb,1103371,c1a58ea9935de74d97d553c1f25fee5ebec4877e810692d011ac8c82bb24eb6c
large,output/notebook3_gnn_encoder/link_prediction/board_directors/k10/hybrid_centrality/graphsage_edge_s43.emb,1099912,87ca5c49978f23f26382b1ce0750b353ac90d66c401149ca86eadf0aac0bebef
large,output/notebook3_gnn_encoder/link_prediction/board_directors/k10/hybrid_centrality/graphsage_edge_s44.emb,1099431,35998a65a9f5e0a77b338a721671a51495f6a97f5a579c3701572fd9e44cbbde
large,output/notebook3_gnn_encoder/link_prediction/board_directors/k10/hybrid_degree/graphsage_edge_s42.emb,1104599,1537a832c4a4e5c1c884d91c1054aaccf50e56259f3960dc0b54d43c8fb8acc2
large,output/notebook3_gnn_encoder/link_prediction/board_directors/k10/hybrid_degree/graphsage_edge_s43.emb,1098144,53e741c7e176e4b6143b3e8ae63f084ead7b7171d04443a31c645dabd27c2b24
large,output/notebook3_gnn_encoder/link_prediction/board_directors/k10/hybrid_degree/graphsage_edge_s44.emb,1102061,f2ce2344da31cbb82c66596e7f8d0b93de1cc7feeca0d04108e593b062d47853
large,output/notebook3_gnn_encoder/link_prediction/board_directors/k10/original/graphsage_edge_s42.emb,1100082,80b42a5588b66e48a52c114695a4cae1c944459471be3287de62514b4b6a7d34
large,output/notebook3_gnn_encoder/link_prediction/board_directors/k10/original/graphsage_edge_s43.emb,1103104,1d81df0bae8b39d064e18931676ad25fbb0dbb77f7cad4cdeee738cecbd82b42
large,output/notebook3_gnn_encoder/link_prediction/board_directors/k10/original/graphsage_edge_s44.emb,1103451,bcf465f59851c983d82a1c33dc92734ad5cbe4b043d299132f8d7cd0017efd5e
large,output/notebook3_gnn_encoder/link_prediction/board_directors/k10/psi/graphsage_edge_s42.emb,1104461,3fe0db670d694e638a225ac1bc46c9020bc1993383c0dffe2979250a25d8d314
large,output/notebook3_gnn_encoder/link_prediction/board_directors/k10/psi/graphsage_edge_s43.emb,1100971,777066ed72ab2a0af0d59fb72a1c5204571de8918bd6bbdd2bf8c0f0aba33288
large,output/notebook3_gnn_encoder/link_prediction/board_directors/k10/psi/graphsage_edge_s44.emb,1098025,7b6ea74db268c6252d0126b43da88d11a56da5c9a90aaafa87c8c02492f0e380
large,output/notebook3_gnn_encoder/link_prediction/celegans_neural/k10/centrality/graphsage_edge_s42.emb,273490,caa347fdd37442d4841226f2a95af5b12d0292f315933fcac3e2a1edcedb7021
large,output/notebook3_gnn_encoder/link_prediction/celegans_neural/k10/centrality/graphsage_edge_s43.emb,272571,3145049440c6c9a4d125dfbf6634c59f80cfeb163f1030a2146031d1cc31649b
large,output/notebook3_gnn_encoder/link_prediction/celegans_neural/k10/centrality/graphsage_edge_s44.emb,273099,a77d3b27e5969fda70ae9b7c67bdbaf29842a41767306e53032428893d6f1a4c
large,output/notebook3_gnn_encoder/link_prediction/celegans_neural/k10/degree/graphsage_edge_s42.emb,273104,3c78241beee9349005e943bcb141d516e6500d29142e9cfcab07aec6027f09cc
large,output/notebook3_gnn_encoder/link_prediction/celegans_neural/k10/degree/graphsage_edge_s43.emb,272609,703b9969009f6a5841382fe6987e2eb239595f5a63f476586733df5d861f709a
large,output/notebook3_gnn_encoder/link_prediction/celegans_neural/k10/degree/graphsage_edge_s44.emb,273350,9a009476dc73bd093915aeb14759b46ffd99cad01a6b3db3bc5d29d38d09dc21
large,output/notebook3_gnn_encoder/link_prediction/celegans_neural/k10/hybrid/graphsage_edge_s42.emb,273537,0f68eb47bb5f3b1cc06ce7a2ea3e3cfa7e6bc73ac6cf562ef0a2635b6d0316b7
large,output/notebook3_gnn_encoder/link_prediction/celegans_neural/k10/hybrid/graphsage_edge_s43.emb,272899,dad02565643a4bf178f53d868cca1b2af2672339d47841d6e8da55739bc7719f
large,output/notebook3_gnn_encoder/link_prediction/celegans_neural/k10/hybrid/graphsage_edge_s44.emb,273285,ce779fd60ec9e57624633aab71cac0632e31eeaf541e6e6f205002451b61dcec
large,output/notebook3_gnn_encoder/link_prediction/celegans_neural/k10/hybrid_centrality/graphsage_edge_s42.emb,273642,71faef11814394d2ffff0f5823e21b5f61989650efd1c47676aba0acb99aef30
large,output/notebook3_gnn_encoder/link_prediction/celegans_neural/k10/hybrid_centrality/graphsage_edge_s43.emb,272415,8cf94684aae842fd6c79b77b552961edd64d814b17f9fff63f7950f42cdb9fc2
large,output/notebook3_gnn_encoder/link_prediction/celegans_neural/k10/hybrid_centrality/graphsage_edge_s44.emb,273067,9193887d8af9db951c65cba1837145c2ef156d1c8fa58880ea578734a0d358c5
large,output/notebook3_gnn_encoder/link_prediction/celegans_neural/k10/hybrid_degree/graphsage_edge_s42.emb,273520,19df6f5748756fb4cd5e45c7ce123cc2af58364c58571746dc4c2cbb139c3001
large,output/notebook3_gnn_encoder/link_prediction/celegans_neural/k10/hybrid_degree/graphsage_edge_s43.emb,273072,f4fee84ce6bd51cb78d887be87e7ad7cfbd7fc9cf50106c9018465645547d56a
large,output/notebook3_gnn_encoder/link_prediction/celegans_neural/k10/hybrid_degree/graphsage_edge_s44.emb,273433,261c6c04c1f565d59cc0cf6c892848e89d908be56d13cc2ac5108b8ed7d25a93
large,output/notebook3_gnn_encoder/link_prediction/celegans_neural/k10/original/graphsage_edge_s42.emb,273441,f04d65dc39b924dde5e91302c43b21c03eb8dfb1d84ec5bf00518779c11b74ee
large,output/notebook3_gnn_encoder/link_prediction/celegans_neural/k10/original/graphsage_edge_s43.emb,272780,08cfed8f9ca5a6c92a394372eade087d85b05857863a51fa13a83d0545e63018
large,output/notebook3_gnn_encoder/link_prediction/celegans_neural/k10/original/graphsage_edge_s44.emb,272991,f6577d43f145c0e30b8700f3022397c8d384c152141c39465e032f4b202ec7d2
large,output/notebook3_gnn_encoder/link_prediction/celegans_neural/k10/psi/graphsage_edge_s42.emb,272861,4ce2902c0b74038979f5d6367b558b789a723a6412427bf5132bdff02776d4f0
large,output/notebook3_gnn_encoder/link_prediction/celegans_neural/k10/psi/graphsage_edge_s43.emb,272865,370b69a80c114486eb4c76251a043f812c66f3416cdae4685ab17c0de1608a6b
large,output/notebook3_gnn_encoder/link_prediction/celegans_neural/k10/psi/graphsage_edge_s44.emb,273298,42f7cf3575cc3b112d6617f27c8e04e0d60a6bd09250f1cd79e6a5c7026f4e39
large,output/notebook3_gnn_encoder/link_prediction/chameleon/k10/centrality/graphsage_edge_s42.emb,1392917,b665a7b797a3d98739ddaeb4f6bc56a412bdd617ab3be9e8d300724eb00dce4d
large,output/notebook3_gnn_encoder/link_prediction/chameleon/k10/centrality/graphsage_edge_s43.emb,1392787,1db4355b16c65ff4c7710de10ee475d193e22a0e56bc7082e6b89cdac2a8683b
large,output/notebook3_gnn_encoder/link_prediction/chameleon/k10/centrality/graphsage_edge_s44.emb,1394084,b9ffee3f5c039739b0ce0e9c456a94192d0b554b1f8781b69c1e5ed748002ce7
large,output/notebook3_gnn_encoder/link_prediction/chameleon/k10/degree/graphsage_edge_s42.emb,1394919,66ed9c992bb46a166b1b8693be54fa8ebd0154a85bcd3052333d1b9ade77b4c3
large,output/notebook3_gnn_encoder/link_prediction/chameleon/k10/degree/graphsage_edge_s43.emb,1390778,93a8ab4d6fb2b27c43e31399d9c96711f0a13edbc982ae028ccf3fcc7130739b
large,output/notebook3_gnn_encoder/link_prediction/chameleon/k10/degree/graphsage_edge_s44.emb,1395193,53cb29e01d820446f893d1a23e02ba8c90e386033759772410230f372e783031
large,output/notebook3_gnn_encoder/link_prediction/chameleon/k10/hybrid/graphsage_edge_s42.emb,1396560,6dc2c8763a3ea08192b3f4960e2efd0a227cac34e278eb7b476b08854b4b9772
large,output/notebook3_gnn_encoder/link_prediction/chameleon/k10/hybrid/graphsage_edge_s43.emb,1392284,c5765b951794fde25470dde397633fddd269c7362ce63c01313f572bc674f3f1
large,output/notebook3_gnn_encoder/link_prediction/chameleon/k10/hybrid/graphsage_edge_s44.emb,1391826,cb7b53e597850515a848af7e996c95d4b9be777cc67c6c97d4b52a6361589f97
large,output/notebook3_gnn_encoder/link_prediction/chameleon/k10/hybrid_centrality/graphsage_edge_s42.emb,1396286,4ede8fe9ad63898d046e3c47d2fd6727e6753a3743ed669947e4f522c648d9f2
large,output/notebook3_gnn_encoder/link_prediction/chameleon/k10/hybrid_centrality/graphsage_edge_s43.emb,1392632,61c44a7cd492ec9af94f25b437d273c7d6dcb3dc41c38741fcf0a90b6a27af08
large,output/notebook3_gnn_encoder/link_prediction/chameleon/k10/hybrid_centrality/graphsage_edge_s44.emb,1392758,86c1e8d7a9320b1a9008b394f2c1ab31027b0bc54913295ae736b1ef9fd1f0a5
large,output/notebook3_gnn_encoder/link_prediction/chameleon/k10/hybrid_degree/graphsage_edge_s42.emb,1397424,32ca692e599ed41b05cc5f8405ba4233d4e9d56085576bda9a9af8c98da7bccb
large,output/notebook3_gnn_encoder/link_prediction/chameleon/k10/hybrid_degree/graphsage_edge_s43.emb,1392831,b354212fb8abd526415df7b713c037a53f185a975e238651e0024883c033b89d
large,output/notebook3_gnn_encoder/link_prediction/chameleon/k10/hybrid_degree/graphsage_edge_s44.emb,1391903,0ac96434f777f402fae969d5ddeb11951fb27690a103422b4a6576c9b54bd2e7
large,output/notebook3_gnn_encoder/link_prediction/chameleon/k10/original/graphsage_edge_s42.emb,1396456,e565af7e8aa1adb8b5110b36c421531b56d931f1e7f63cdc2faa568bd200a7df
large,output/notebook3_gnn_encoder/link_prediction/chameleon/k10/original/graphsage_edge_s43.emb,1393232,404160f77acfe75a5ff32836384bd0d049fd5de17a5b5231efe17d370f75838d
large,output/notebook3_gnn_encoder/link_prediction/chameleon/k10/original/graphsage_edge_s44.emb,1397514,051f3550af2411f8969bdf57e8c81b73b552ad2678a26f6bd34fbef846af5396
large,output/notebook3_gnn_encoder/link_prediction/chameleon/k10/psi/graphsage_edge_s42.emb,1392325,a7ca53807b3d738f691edc33768bb1e726b2eb07f15b1258974301d53abafc31
large,output/notebook3_gnn_encoder/link_prediction/chameleon/k10/psi/graphsage_edge_s43.emb,1391106,2ba928787a469fba5e1810a95053d2208a2c0ddbd04ecf5de282d317ea083e19
large,output/notebook3_gnn_encoder/link_prediction/chameleon/k10/psi/graphsage_edge_s44.emb,1396960,478de38ece8ae056790ca398f239190de90410ace25746ac15197c578156fb84
large,output/notebook3_gnn_encoder/link_prediction/chameleon_filtered/k10/centrality/gatv2_edge_s42.emb,543832,8d4a2dc421077d5d4e06f7dd660ba1c7c01ba505701b796d199267e45b63daf5
large,output/notebook3_gnn_encoder/link_prediction/chameleon_filtered/k10/centrality/gatv2_edge_s43.emb,543991,57ef7c282bb66283c2925fd4f92b7b46ebb468be40b2f33a8eef10b36d6f7915
large,output/notebook3_gnn_encoder/link_prediction/chameleon_filtered/k10/centrality/gatv2_edge_s44.emb,540080,7cab84afd290f5d2bb9ce8d9f4e021d73db69ed9ff063d38f755f010a3557ffe
large,output/notebook3_gnn_encoder/link_prediction/chameleon_filtered/k10/centrality/graphsage_edge_s42.emb,543324,92ea128d4c01f17aeed6239d52918c77472a980a2e1aa61eac245f80a1ccda7c
large,output/notebook3_gnn_encoder/link_prediction/chameleon_filtered/k10/centrality/graphsage_edge_s43.emb,544610,6ac2d2d27c7d9bc3d70ee37c594417f171cd0d462a8bdd4f351f9aed8e20917e
large,output/notebook3_gnn_encoder/link_prediction/chameleon_filtered/k10/centrality/graphsage_edge_s44.emb,544393,264b6fb83e09ff8b1832bd343218fba871f4153d09b63707286d00a60d6c14d9
large,output/notebook3_gnn_encoder/link_prediction/chameleon_filtered/k10/degree/gatv2_edge_s42.emb,543810,2484ff091e75a86ffcc06ff888d5c736d67bf2eeaf1e669ce28533cfa42d1b80
large,output/notebook3_gnn_encoder/link_prediction/chameleon_filtered/k10/degree/gatv2_edge_s43.emb,544346,a81975658eb3818652b9752b481ee0409bece321cd69cff3d3cbf378c341b64f
large,output/notebook3_gnn_encoder/link_prediction/chameleon_filtered/k10/degree/gatv2_edge_s44.emb,543089,1702d53a31aa3c159115953b2c996c4d7403393b8a5fb62f368dacbf71afecd4
large,output/notebook3_gnn_encoder/link_prediction/chameleon_filtered/k10/degree/graphsage_edge_s42.emb,542776,431c04501222f9ef8c88cde48506ce5f149014b061ac4af4b676fb640353a25f
large,output/notebook3_gnn_encoder/link_prediction/chameleon_filtered/k10/degree/graphsage_edge_s43.emb,542656,b5065cd20d9108d3376c1053ca57b63c9a65e0a4ce606089b22115310d16b38a
large,output/notebook3_gnn_encoder/link_prediction/chameleon_filtered/k10/degree/graphsage_edge_s44.emb,545227,86c96009bfd251b8e98894f633c59ccdc9bda4b44df5a57790979594c64731f9
large,output/notebook3_gnn_encoder/link_prediction/chameleon_filtered/k10/hybrid/gatv2_edge_s42.emb,545091,389f68d97defc2720bd78672d4e30377ac083755777f9de455737e84fb86c257
large,output/notebook3_gnn_encoder/link_prediction/chameleon_filtered/k10/hybrid/gatv2_edge_s43.emb,547353,ac15e55204c0fee45dab5ad169fa424c4349af0cc2f807d2fcec130b0fc62ef4
large,output/notebook3_gnn_encoder/link_prediction/chameleon_filtered/k10/hybrid/gatv2_edge_s44.emb,546380,09dd214d0f213b5b6b97c9cf7445c37c810da3ed0a8ee8bee875183538bbc1f4
large,output/notebook3_gnn_encoder/link_prediction/chameleon_filtered/k10/hybrid_centrality/gatv2_edge_s42.emb,545696,1f53d7b5128948593c45b191f82288af1f4fed90fbf141de16f5a6163972497e
large,output/notebook3_gnn_encoder/link_prediction/chameleon_filtered/k10/hybrid_centrality/gatv2_edge_s43.emb,547191,25b9befceaa2d8e7c526b2b94ac49795569f61c41f227ac751baf49efe085046
large,output/notebook3_gnn_encoder/link_prediction/chameleon_filtered/k10/hybrid_centrality/gatv2_edge_s44.emb,545744,afbd5bc4d2fcd0bac9b1e96a79e9df8082b0489e1ed917d6283b978e15129f83
large,output/notebook3_gnn_encoder/link_prediction/chameleon_filtered/k10/hybrid_centrality/graphsage_edge_s42.emb,545451,6e3ee34f523a038a4f6961963b7ceb743959ae131a244adc26dfac195acd0d73
large,output/notebook3_gnn_encoder/link_prediction/chameleon_filtered/k10/hybrid_centrality/graphsage_edge_s43.emb,545398,29b5052c38d510dd80909da4429eecb4cf6591ea4f11a80b778d90e5d7c39eef
large,output/notebook3_gnn_encoder/link_prediction/chameleon_filtered/k10/hybrid_centrality/graphsage_edge_s44.emb,544317,c5199a8a56cae268062b158c763702ee974048adaf8f8d64a245cdfe8a43727c
large,output/notebook3_gnn_encoder/link_prediction/chameleon_filtered/k10/hybrid_degree/gatv2_edge_s42.emb,545681,19c6720528df0188b85c335a30dfe310eaf17b3d2e26556c35738d4055ce3f28
large,output/notebook3_gnn_encoder/link_prediction/chameleon_filtered/k10/hybrid_degree/gatv2_edge_s43.emb,548690,d4ab37f41c4ec0f259c021e3ea63b981117fa89eaab6f56a6f8487758cbfbf69
large,output/notebook3_gnn_encoder/link_prediction/chameleon_filtered/k10/hybrid_degree/gatv2_edge_s44.emb,546354,5cd10272a685e4eb20c7433c8baca36fba2514bc7b8f012c0dc30e22edf9fbfb
large,output/notebook3_gnn_encoder/link_prediction/chameleon_filtered/k10/hybrid_degree/graphsage_edge_s42.emb,545019,af84bd35981c96ddffe685b51c9b5f313ce19dac664d87bd8ab72c2b92853315
large,output/notebook3_gnn_encoder/link_prediction/chameleon_filtered/k10/hybrid_degree/graphsage_edge_s43.emb,544922,58dbc245666320280102164945d6bb55e2caea998be456e78a449152e76e5838
large,output/notebook3_gnn_encoder/link_prediction/chameleon_filtered/k10/hybrid_degree/graphsage_edge_s44.emb,545049,887b0217ba618600a22db8c9eb999902d225fdcae8fa8c963b78eb97f36baae7
large,output/notebook3_gnn_encoder/link_prediction/chameleon_filtered/k10/original/gatv2_edge_s42.emb,546157,a164ceec27616c7bc87f218cf443ecf04004226ce80c8edf3e600ddccb05e560
large,output/notebook3_gnn_encoder/link_prediction/chameleon_filtered/k10/original/gatv2_edge_s43.emb,547757,370ed176c38a577173501d0a21a16821f75523bc2eeddcb6a35abc9d54e925ff
large,output/notebook3_gnn_encoder/link_prediction/chameleon_filtered/k10/original/gatv2_edge_s44.emb,548025,3011eb31e578abb11899d30fa61d927e998be15e66901c2aec65a10006b976b9
large,output/notebook3_gnn_encoder/link_prediction/chameleon_filtered/k10/original/graphsage_edge_s42.emb,544642,97d71ba124de9f49025577d04f34bfb1c049c498bda88b3680437fc9409cc2d3
large,output/notebook3_gnn_encoder/link_prediction/chameleon_filtered/k10/original/graphsage_edge_s43.emb,543886,2c4b13eb53db457de661c8dbca9446b13fe614d4b940a0263e5ab1f6ae606ba0
large,output/notebook3_gnn_encoder/link_prediction/chameleon_filtered/k10/original/graphsage_edge_s44.emb,544098,836c2805c06200522906573f691eb952431406a90ebd39962edcd798f14d2c9f
large,output/notebook3_gnn_encoder/link_prediction/chameleon_filtered/k10/psi/gatv2_edge_s42.emb,543834,f9a84b1a1ee8e636d84ce5aaa4414fe6f89cdbdce144e2abdfb609b6a327b335
large,output/notebook3_gnn_encoder/link_prediction/chameleon_filtered/k10/psi/gatv2_edge_s43.emb,545130,5badc7c76e402a0b2590ba2437a6efad7e808160f5a4d6db50f3f413aceb6512
large,output/notebook3_gnn_encoder/link_prediction/chameleon_filtered/k10/psi/gatv2_edge_s44.emb,542843,b906aecf65cc0b297d49bd9a974574f00e989c1682a0dd932095dda4e79a920a
large,output/notebook3_gnn_encoder/link_prediction/chameleon_filtered/k10/psi/graphsage_edge_s42.emb,542901,3cfe2f4a72f498d4e9aeed9ce79b883e588c837a8ca7896c3fd1c511758ccb76
large,output/notebook3_gnn_encoder/link_prediction/chameleon_filtered/k10/psi/graphsage_edge_s43.emb,543899,70ef17ff611ae680abf6897594a4ffe263206433edd0a8d9880324abc70d97dd
large,output/notebook3_gnn_encoder/link_prediction/chameleon_filtered/k10/psi/graphsage_edge_s44.emb,544906,cbb596837632e00072815ea8406d27e31e6c0ad77739879108f4c69b5db4f6d0
large,output/notebook3_gnn_encoder/link_prediction/chameleon_filtered/k10/psi_pqnorm/graphsage_edge_s42.emb,543308,4b0f4b56ba682deffc14272dc76387f287149864a1015c67aa94c3adb2d42696
large,output/notebook3_gnn_encoder/link_prediction/chameleon_filtered/k10/psi_pqnorm/graphsage_edge_s43.emb,543004,98657433bfb6b8a33011d606a1dba864d65e451a8d4e8bbfa464ba1b837e730a
large,output/notebook3_gnn_encoder/link_prediction/chameleon_filtered/k10/psi_pqnorm/graphsage_edge_s44.emb,545153,1fd57a82818f2c05c7d7cd72aa2968807f402882fa14a415f0ee00dfef1d2664
large,output/notebook3_gnn_encoder/link_prediction/chameleon_filtered/k10/psi_shift/graphsage_edge_s42.emb,542859,a6f528fa232d5d8bb099b68583303e9b4cfd861a9a7704238d65d7866c11a2e9
large,output/notebook3_gnn_encoder/link_prediction/chameleon_filtered/k10/psi_shift/graphsage_edge_s43.emb,542695,4561037a072087829de484e0b542bd527ff9f78af2265957bd68064688c01fa8
large,output/notebook3_gnn_encoder/link_prediction/chameleon_filtered/k10/psi_shift/graphsage_edge_s44.emb,544319,e8debe492a3bf8188905d4076c5d0101ea8437b2a61f2aaf44b6a282160ab4c6
large,output/notebook3_gnn_encoder/link_prediction/citeseer_linqs/k10/centrality/gatv2_edge_s42.emb,2001015,d13053a5da7fa95e18ac74b023316854deaa554d6124ee597e39c5d31e531be1
large,output/notebook3_gnn_encoder/link_prediction/citeseer_linqs/k10/centrality/gatv2_edge_s43.emb,2000344,6468a45e85a4bbe84e85f8913f773bb2b0e0bac725e883a273dbc0cdb4b19c8f
large,output/notebook3_gnn_encoder/link_prediction/citeseer_linqs/k10/centrality/gatv2_edge_s44.emb,2005610,737f0ca22018dd769f024900542e900b09bc611d6a8e3145e1912d32db506252
large,output/notebook3_gnn_encoder/link_prediction/citeseer_linqs/k10/centrality/graphsage_edge_s42.emb,2005187,6bb824bec201adc61a5b4d70d827b67ffeb8fd67c6295f405b9fe151fc22e1c7
large,output/notebook3_gnn_encoder/link_prediction/citeseer_linqs/k10/centrality/graphsage_edge_s43.emb,1998241,f92ef7177df1240e125e2de087cb6f2eb08cb3e5e53ad4aa786e8a19b8f94aaf
large,output/notebook3_gnn_encoder/link_prediction/citeseer_linqs/k10/centrality/graphsage_edge_s44.emb,1999876,a6363e040e053d6e6cc94c0c0c7eaa151107ac151219035c74b1161ebe16ae3f
large,output/notebook3_gnn_encoder/link_prediction/citeseer_linqs/k10/centrality/graphsage_edge_s45.emb,1998309,da18d868ddcc34fc38409c3d951527ec8d758755179efce717d349559a9328d1
large,output/notebook3_gnn_encoder/link_prediction/citeseer_linqs/k10/centrality/graphsage_edge_s46.emb,2001071,49685bbae18f0967da1da8d1842b01f606ed479c2f5829a3944a23dbb2692c67
large,output/notebook3_gnn_encoder/link_prediction/citeseer_linqs/k10/centrality/graphsage_edge_s47.emb,2002515,cb9f0c4d0c2ff6e7b4b007098814a02b38facf536625320b33c51068caf5dc7e
large,output/notebook3_gnn_encoder/link_prediction/citeseer_linqs/k10/centrality/graphsage_edge_s48.emb,1999414,8130ee924134f2172eae712d0d2a2c4dc26241dff18630b85a9ad944b94c5543
large,output/notebook3_gnn_encoder/link_prediction/citeseer_linqs/k10/centrality/graphsage_edge_s49.emb,1998783,e91c5432d893d6250d5431f61612136c0ed3ccfbd41e0ff16af4aceb26e1760a
large,output/notebook3_gnn_encoder/link_prediction/citeseer_linqs/k10/centrality/graphsage_edge_s50.emb,1998655,e1cc66bd62b51e066900f71e1a18a478cec36e221a1eb1f186109653fd16da40
large,output/notebook3_gnn_encoder/link_prediction/citeseer_linqs/k10/centrality/graphsage_edge_s51.emb,2000056,6b71d50bcf32d883881c758b250c59f80732e94690488b52ae689d6dadcfb575
large,output/notebook3_gnn_encoder/link_prediction/citeseer_linqs/k10/degree/gatv2_edge_s42.emb,2005184,358f62a0c6aa7dd4bbfba1c3dc30a240b83c342bfc3e5a38f3b16a278a2ac628
large,output/notebook3_gnn_encoder/link_prediction/citeseer_linqs/k10/degree/gatv2_edge_s43.emb,2001850,a300c08d804291f0837fa8966aa7cc615def189eae5d1f52b04d2c07828c706c
large,output/notebook3_gnn_encoder/link_prediction/citeseer_linqs/k10/degree/gatv2_edge_s44.emb,2003097,bc8b2db01de839b757afd044086fd27fb840c34d5c0f17a9af4b756f6ae5e793
large,output/notebook3_gnn_encoder/link_prediction/citeseer_linqs/k10/degree/graphsage_edge_s42.emb,1999312,95b8f6f16ea1d096906fa8fd6039556f40c3c3bf3af992ac315053a204120a47
large,output/notebook3_gnn_encoder/link_prediction/citeseer_linqs/k10/degree/graphsage_edge_s43.emb,1998153,21a77992237246996ece366e1b734d9356b07b6a3d488f953f5a004c2e68d5ca
large,output/notebook3_gnn_encoder/link_prediction/citeseer_linqs/k10/degree/graphsage_edge_s44.emb,2001023,ea911d48f391b9a947fc3bf25ab61b351af2875ec93239cb9e68659773ea25b7
large,output/notebook3_gnn_encoder/link_prediction/citeseer_linqs/k10/degree/graphsage_edge_s45.emb,1998217,7b2d24154c0e2d5d0f4cf8fb28a57a86ac3a21de1796d6c9f61a0563441bb107
large,output/notebook3_gnn_encoder/link_prediction/citeseer_linqs/k10/degree/graphsage_edge_s46.emb,2002978,f59f1fe73bc8746fa33353652f66c38dcf7036b747a99d86298a9d674c704593
large,output/notebook3_gnn_encoder/link_prediction/citeseer_linqs/k10/degree/graphsage_edge_s47.emb,2000166,7cf36794ec7e061538c6430dc4bc6e1b72b9f9a7de8113d6e7ee22f1d995505d
large,output/notebook3_gnn_encoder/link_prediction/citeseer_linqs/k10/degree/graphsage_edge_s48.emb,2001961,2263a70c35935282eb626a4d41bee6b15949b0e5027ebc418c3f8eb6f594e2af
large,output/notebook3_gnn_encoder/link_prediction/citeseer_linqs/k10/degree/graphsage_edge_s49.emb,1996656,2d10215f2282f0e5f6b266c14dc74ded068fd2e0e3acb04a874deea76df9247e
large,output/notebook3_gnn_encoder/link_prediction/citeseer_linqs/k10/degree/graphsage_edge_s50.emb,1998486,ca9b2d7e02680136ec78dc621328a2cbf19a5a2e49729a88c76739285024fc41
large,output/notebook3_gnn_encoder/link_prediction/citeseer_linqs/k10/degree/graphsage_edge_s51.emb,1995521,fd12eb0010fc0f13b6c2fdfcc560babedcb393002a6ad2ab027c6f727e39a662
large,output/notebook3_gnn_encoder/link_prediction/citeseer_linqs/k10/hybrid/gatv2_edge_s42.emb,1993237,efdd1dd33b65de50fc32d8c5261268505b086b4a0642fc96a299ec2f034f6007
large,output/notebook3_gnn_encoder/link_prediction/citeseer_linqs/k10/hybrid/gatv2_edge_s43.emb,1996952,997e482bba51b83d7dbca1e12a6d639d8e6603ead1ec8179ff63884823f0d64e
large,output/notebook3_gnn_encoder/link_prediction/citeseer_linqs/k10/hybrid/gatv2_edge_s44.emb,2005330,057963b1c344d913439ffb507638c13cae09fc258692e920f466e867c8b9e2b5
large,output/notebook3_gnn_encoder/link_prediction/citeseer_linqs/k10/hybrid/graphsage_edge_s42.emb,2000060,df6e33e689eb931bcedbb218c5aecf68ccdebdfe35cc8f744e81627158ac2ca2
large,output/notebook3_gnn_encoder/link_prediction/citeseer_linqs/k10/hybrid/graphsage_edge_s43.emb,1999299,579e8621b82a9672c62c26e7dda84cfccfbc61f575aafec65630d2f93e757cae
large,output/notebook3_gnn_encoder/link_prediction/citeseer_linqs/k10/hybrid/graphsage_edge_s44.emb,2001788,c6b8b1727bed38121432eed0416a08c1918a6e37040bbf1b84f8d9f1769d7e27
large,output/notebook3_gnn_encoder/link_prediction/citeseer_linqs/k10/hybrid/graphsage_edge_s45.emb,1996329,1bb85e2d1c3dd0a2f8b8ce1788d718247fbbdde987467bb565d25442fb3097a8
large,output/notebook3_gnn_encoder/link_prediction/citeseer_linqs/k10/hybrid/graphsage_edge_s46.emb,2001791,f5bd3015669601180f64f509b097cfcddaf175a1f8c7c766d5c859e6d324e8e7
large,output/notebook3_gnn_encoder/link_prediction/citeseer_linqs/k10/hybrid/graphsage_edge_s47.emb,2000309,19b4e1621b52d5c02ba5020080e4b3ac6be26beadbe11806f1f2da65ccda2f77
large,output/notebook3_gnn_encoder/link_prediction/citeseer_linqs/k10/hybrid/graphsage_edge_s48.emb,1996723,c86623e6084966d58cd041b5a46d956b075a1ad379a2506caaea5998797cb2d2
large,output/notebook3_gnn_encoder/link_prediction/citeseer_linqs/k10/hybrid/graphsage_edge_s49.emb,2003801,32616e55e3d10736c158eb13f61d6210c42cc52576d92e03e2130d722cd5896a
large,output/notebook3_gnn_encoder/link_prediction/citeseer_linqs/k10/hybrid/graphsage_edge_s50.emb,1997758,09855aa2de83662c128b8ec9e04023afcbfe570738d01626986424d30e6292f1
large,output/notebook3_gnn_encoder/link_prediction/citeseer_linqs/k10/hybrid/graphsage_edge_s51.emb,1997951,e577ea42d0113c448bef803351719cf7f54a2de5e309c4901248d7760bf9063a
large,output/notebook3_gnn_encoder/link_prediction/citeseer_linqs/k10/hybrid_centrality/gatv2_edge_s42.emb,1997216,5c0f302fcc9cce39953fcf64104163ad98c76cdcf114978a2104377373a042e6
large,output/notebook3_gnn_encoder/link_prediction/citeseer_linqs/k10/hybrid_centrality/gatv2_edge_s43.emb,1996675,f7ff21ab377f27090dd43dc5a17e63ecd728927eac7ee200e9415e4deb691485
large,output/notebook3_gnn_encoder/link_prediction/citeseer_linqs/k10/hybrid_centrality/gatv2_edge_s44.emb,2001334,d26f0599032296593bd8d3fa2bcfc2e7677ada49a1316c23137c24357ee34891
large,output/notebook3_gnn_encoder/link_prediction/citeseer_linqs/k10/hybrid_centrality/graphsage_edge_s42.emb,2005565,c738171fbb76da2a2bd2348943f73dcb40cf33c99274f2f6818a2c36a7bac1bb
large,output/notebook3_gnn_encoder/link_prediction/citeseer_linqs/k10/hybrid_centrality/graphsage_edge_s43.emb,1998960,fc2e670affad876907fb9e49178ef2797c5e95c2d7ca0f91943f30a7c4b4ae46
large,output/notebook3_gnn_encoder/link_prediction/citeseer_linqs/k10/hybrid_centrality/graphsage_edge_s44.emb,2003240,26de008e07c65ec9e77c2eabfbc20dbae5cc7f3e942afe2a980807f788a3bd4a
large,output/notebook3_gnn_encoder/link_prediction/citeseer_linqs/k10/hybrid_centrality/graphsage_edge_s45.emb,1997163,7b7759681e4a39bddee6db7b6689600bfc28946268550312f42d4965496a85e7
large,output/notebook3_gnn_encoder/link_prediction/citeseer_linqs/k10/hybrid_centrality/graphsage_edge_s46.emb,2001765,f0f232a8a629a8ced62d01bdb966faf3b420642b9064c616fa8dbcbb5c668d3f
large,output/notebook3_gnn_encoder/link_prediction/citeseer_linqs/k10/hybrid_centrality/graphsage_edge_s47.emb,2002151,5ee90b48018f352148c6289bb4b870de81baddf1465843b9b160daf2df8a4099
large,output/notebook3_gnn_encoder/link_prediction/citeseer_linqs/k10/hybrid_centrality/graphsage_edge_s48.emb,2000334,815ca5ffc5cdefa0f85dc0602f4c40b49c52acaf095d475d23189b70ab812714
large,output/notebook3_gnn_encoder/link_prediction/citeseer_linqs/k10/hybrid_centrality/graphsage_edge_s49.emb,1997489,f1a03193b047beb5041760722f15b2dbd25b64ccfc4d1880a98de02520965c4a
large,output/notebook3_gnn_encoder/link_prediction/citeseer_linqs/k10/hybrid_centrality/graphsage_edge_s50.emb,1999213,25075927aa24b2b7bbb8a980427717ef14e3ed6608e51feb5f6d2fa264f4d6d5
large,output/notebook3_gnn_encoder/link_prediction/citeseer_linqs/k10/hybrid_centrality/graphsage_edge_s51.emb,1999266,848032a0e56c80f59c32b9dec8347ed51329098bd0b229a0218a8312b1efabbd
large,output/notebook3_gnn_encoder/link_prediction/citeseer_linqs/k10/hybrid_degree/gatv2_edge_s42.emb,2004956,96d368a2736d805e5689588fa7e4c44695476a2ca615148941194dafcb594213
large,output/notebook3_gnn_encoder/link_prediction/citeseer_linqs/k10/hybrid_degree/gatv2_edge_s43.emb,2003006,ed3f72654231e125638b1618192a34bff8425598112e1c8986f5e7b873ab7834
large,output/notebook3_gnn_encoder/link_prediction/citeseer_linqs/k10/hybrid_degree/gatv2_edge_s44.emb,1995945,393877fa60d8546e19ab2d69bd39f5feeb74251d67d6b165bcc2a8d456278d31
large,output/notebook3_gnn_encoder/link_prediction/citeseer_linqs/k10/hybrid_degree/graphsage_edge_s42.emb,1999544,9e6602acaea9e94935c088f464ec5b6ef8e507c6399eb76be337a2a0592cc448
large,output/notebook3_gnn_encoder/link_prediction/citeseer_linqs/k10/hybrid_degree/graphsage_edge_s43.emb,1999565,ab8a6c96f717b79fecfb166ef0f80ac0ae0c299e564c366abf8de82fcc67257d
large,output/notebook3_gnn_encoder/link_prediction/citeseer_linqs/k10/hybrid_degree/graphsage_edge_s44.emb,2003475,fa563d98eb870f26bc710c41e3d59ffe393de97abc65fbf452359d64dc2d709f
large,output/notebook3_gnn_encoder/link_prediction/citeseer_linqs/k10/hybrid_degree/graphsage_edge_s45.emb,2000850,4c40362f1ccead31ff0459186e4bad7e16fd7bdfe975bb455356399b29ac3e36
large,output/notebook3_gnn_encoder/link_prediction/citeseer_linqs/k10/hybrid_degree/graphsage_edge_s46.emb,2004156,61f985bcfe15f2f60787f4716ba7a7691c4338ca6c93b0505f25cef5c0937278
large,output/notebook3_gnn_encoder/link_prediction/citeseer_linqs/k10/hybrid_degree/graphsage_edge_s47.emb,1999939,3eca8cff49643c660ae3edb7dff8c1102fede2970908867cc2d9d7ca30048e8f
large,output/notebook3_gnn_encoder/link_prediction/citeseer_linqs/k10/hybrid_degree/graphsage_edge_s48.emb,2004058,e88a6bec0be6d5137eae247d3602810c9f4d1d8222d01ef0c5d9087dddb162ca
large,output/notebook3_gnn_encoder/link_prediction/citeseer_linqs/k10/hybrid_degree/graphsage_edge_s49.emb,1994695,8450933df95f12b0dd4b56997fd7955cc1b94819047bd270638ef167fe03f257
large,output/notebook3_gnn_encoder/link_prediction/citeseer_linqs/k10/hybrid_degree/graphsage_edge_s50.emb,1993332,9153d46aeb775754ae4605ad0a39b0d1d5edf0b01f7420e045c9dcdeb8f822c4
large,output/notebook3_gnn_encoder/link_prediction/citeseer_linqs/k10/hybrid_degree/graphsage_edge_s51.emb,1993444,4e55adfac9242567953838ddb222c080a4cbfa625bf7989641ca9f626150ccb6
large,output/notebook3_gnn_encoder/link_prediction/citeseer_linqs/k10/original/gatv2_edge_s42.emb,1998615,acee27d49508b656542ac8c3a49c01eb76dc43a8c24274987ceb967f52a5829d
large,output/notebook3_gnn_encoder/link_prediction/citeseer_linqs/k10/original/gatv2_edge_s43.emb,1991903,f324dbea9be82b5e85af66b9de7595378889ab18b03d431c6864c6c4e23b2adc
large,output/notebook3_gnn_encoder/link_prediction/citeseer_linqs/k10/original/gatv2_edge_s44.emb,2005868,0b5dae8688dc4fea738e72338e6639b725c291e6021ca9242422b4b49fb1c8d9
large,output/notebook3_gnn_encoder/link_prediction/citeseer_linqs/k10/original/graphsage_edge_s42.emb,2003509,d5f0f5de377acdd41e9e7a017b361c4cb0effb4c69dc1bb4c1837aa3ff9bca11
large,output/notebook3_gnn_encoder/link_prediction/citeseer_linqs/k10/original/graphsage_edge_s43.emb,2002862,6a977a6d14c65348dd021f5f420b8072f4b0e5b80ce3c0f9995aaccf796d3356
large,output/notebook3_gnn_encoder/link_prediction/citeseer_linqs/k10/original/graphsage_edge_s44.emb,1998639,16d499303601df7c011d825bf87fa0471b24f76cf23e4355042eef5ff18fceee
large,output/notebook3_gnn_encoder/link_prediction/citeseer_linqs/k10/original/graphsage_edge_s45.emb,1992182,4d0e0fbe2f38db5f0a125fdb3c6cee9384887a70465864611e98fa22238950b0
large,output/notebook3_gnn_encoder/link_prediction/citeseer_linqs/k10/original/graphsage_edge_s46.emb,1999593,4f74e7e78de41abdcfdd6703a8b642d80ba3c3595a704696ac150a10fab6c3d7
large,output/notebook3_gnn_encoder/link_prediction/citeseer_linqs/k10/original/graphsage_edge_s47.emb,1999347,eec2d88a630abc14ac4990f99bb3ff29548aa246753b11317758248f22f964cf
large,output/notebook3_gnn_encoder/link_prediction/citeseer_linqs/k10/original/graphsage_edge_s48.emb,2002507,9a73e7c9d2afdf59caa6cdd89b1a8787007f25eaf8d30c43849fb9321cd51bc7
large,output/notebook3_gnn_encoder/link_prediction/citeseer_linqs/k10/original/graphsage_edge_s49.emb,2000854,a0ead666a864c2f033dc8284904dd33957fc699a38d5b955a03e9ecfe85c2fa8
large,output/notebook3_gnn_encoder/link_prediction/citeseer_linqs/k10/original/graphsage_edge_s50.emb,1997597,d72b05a584c7ca3e763c63923775ba123f3dcd103bcf6d9088379bf6996ba37c
large,output/notebook3_gnn_encoder/link_prediction/citeseer_linqs/k10/original/graphsage_edge_s51.emb,1993394,f7e55f8f03e851da1b9bc0346bc57cca2d5321907a28921712ddd380042c9218
large,output/notebook3_gnn_encoder/link_prediction/citeseer_linqs/k10/psi/features_only_s42.emb,141039,ee0bd1c5824780c6613602f3653a2f950f6c2bf52fbe5128c2be2d53890c1bdb
large,output/notebook3_gnn_encoder/link_prediction/citeseer_linqs/k10/psi/features_only_s43.emb,140996,a3b2f26b99b9f6cbf7a3e2f28cb0c69001f5f90f58598130451045e3db3279d6
large,output/notebook3_gnn_encoder/link_prediction/citeseer_linqs/k10/psi/features_only_s44.emb,140992,0d07621350eef1dc62dc8a84f69d52f57fb17d897c90245e61916d5ecfae5763
large,output/notebook3_gnn_encoder/link_prediction/citeseer_linqs/k10/psi/gatv2_edge_s42.emb,2001921,280d63235b66e81ffe8c414aa520870558dff05be12378a763fd774ea41df980
large,output/notebook3_gnn_encoder/link_prediction/citeseer_linqs/k10/psi/gatv2_edge_s43.emb,2005127,9a74eacdfebb518b18f054b5c7522a8d3bed83a15adb85b6c3c7f53d04c7ff8b
large,output/notebook3_gnn_encoder/link_prediction/citeseer_linqs/k10/psi/gatv2_edge_s44.emb,1999860,85366e51d20fcd07b473f25975460999c0f0d2029cb8f67930fa0108bfdeafa4
large,output/notebook3_gnn_encoder/link_prediction/citeseer_linqs/k10/psi/graphsage_edge_feat_centrality_s42.emb,2002224,75181039ffebd37508a675979afe437176483117f925267446f603edce9bf776
large,output/notebook3_gnn_encoder/link_prediction/citeseer_linqs/k10/psi/graphsage_edge_feat_centrality_s43.emb,1984974,e9e2ee31a67527e795dc463039a42ba70e7cac9964c1ef09b1c67acc3a5169f4
large,output/notebook3_gnn_encoder/link_prediction/citeseer_linqs/k10/psi/graphsage_edge_feat_centrality_s44.emb,2002100,19f7363cb69987473c918c07abff1d05e23d58a7d0636201525b92d1cccb2e88
large,output/notebook3_gnn_encoder/link_prediction/citeseer_linqs/k10/psi/graphsage_edge_feat_clustering_s42.emb,2009812,de2ff483f7cec7df58d39575e5622460232a63e700d6c7836c4d08e626bd3bad
large,output/notebook3_gnn_encoder/link_prediction/citeseer_linqs/k10/psi/graphsage_edge_feat_clustering_s43.emb,1999096,fb2b29e6304725307cc2afe29c9672ccbffc21d391a198da774ad0911b1dceb7
large,output/notebook3_gnn_encoder/link_prediction/citeseer_linqs/k10/psi/graphsage_edge_feat_clustering_s44.emb,2002826,80cef13721a78b4383ea0a4f63036e85bae9782b13d2bd31884947165d3453cb
large,output/notebook3_gnn_encoder/link_prediction/citeseer_linqs/k10/psi/graphsage_edge_feat_const_s42.emb,1986679,70170fb99a5527e79be617ed465219671b0a005c4d4f5a46312d7d778f0a375c
large,output/notebook3_gnn_encoder/link_prediction/citeseer_linqs/k10/psi/graphsage_edge_feat_const_s43.emb,1986679,d2db51d30f6a48b20bf305e373c3e11e91751a4dbb88114532e07b2f13ddc883
large,output/notebook3_gnn_encoder/link_prediction/citeseer_linqs/k10/psi/graphsage_edge_feat_const_s44.emb,2016055,4c7be9ce3f27d0ec38b29d11fa7e6dfed4243f476e8495f1bd773b46ea5ae1e0
large,output/notebook3_gnn_encoder/link_prediction/citeseer_linqs/k10/psi/graphsage_edge_feat_deg_cent_s42.emb,2003364,f3fa3a45d33e1fee38e678ec8ff9d975ecfb00656377f1497f78432b04dc824e
large,output/notebook3_gnn_encoder/link_prediction/citeseer_linqs/k10/psi/graphsage_edge_feat_deg_cent_s43.emb,1999118,15053803b9e5772cab4eef5d420d6f6a82fc3969b9e3d76b33222a7e610a0c99
large,output/notebook3_gnn_encoder/link_prediction/citeseer_linqs/k10/psi/graphsage_edge_feat_deg_cent_s44.emb,1999696,43c9d39a2770dcd03c6bdc6e63ece7f5f13365430603a1177597c9618bcc6a74
large,output/notebook3_gnn_encoder/link_prediction/citeseer_linqs/k10/psi/graphsage_edge_feat_degree_s42.emb,2009198,75046ff66010383a6bda3c9f607052c1e31093d0f21a2efd3ce73217961d653a
large,output/notebook3_gnn_encoder/link_prediction/citeseer_linqs/k10/psi/graphsage_edge_feat_degree_s43.emb,1994552,1cc3796e9f02518f48aa3b51ea091e5385411cc3f6ce254f360baa9e83d89bc6
large,output/notebook3_gnn_encoder/link_prediction/citeseer_linqs/k10/psi/graphsage_edge_feat_degree_s44.emb,2008681,b30530cadd678a4a8b0e0274f876ed0d0ce544a037070b1645c8a128ca89122b
large,output/notebook3_gnn_encoder/link_prediction/citeseer_linqs/k10/psi/graphsage_edge_feat_psi_s42.emb,2000978,f521060bab496f34bf1b7f68cd91809cf567c9d594ecf0dfb070adc05eb34869
large,output/notebook3_gnn_encoder/link_prediction/citeseer_linqs/k10/psi/graphsage_edge_feat_psi_s43.emb,1992166,f21ac6d065b433a72846f79da9ebd14d96cd6bd7f9053f836a39cdfdbec9f33c
large,output/notebook3_gnn_encoder/link_prediction/citeseer_linqs/k10/psi/graphsage_edge_feat_psi_s44.emb,2001998,9652b97e529699ea9e4df55352d9777f542f1c7a0a3ebfa8c5e1ec2a0484b0bb
large,output/notebook3_gnn_encoder/link_prediction/citeseer_linqs/k10/psi/graphsage_edge_feat_random_s42.emb,1998536,cfc268b639a6667a9605819ac0b3c0860b3d6280246f6c148742e39c1534db44
large,output/notebook3_gnn_encoder/link_prediction/citeseer_linqs/k10/psi/graphsage_edge_feat_random_s43.emb,1998933,b6cd9cdf8831a58e0cd58b49d9a4e024fc18d5035e339bb4a864192b6ee18dc6
large,output/notebook3_gnn_encoder/link_prediction/citeseer_linqs/k10/psi/graphsage_edge_feat_random_s44.emb,1999879,6cfcdcc57ed09a70d0337b58240bd85f80cefa3ff75fed2fd65e288704c228b0
large,output/notebook3_gnn_encoder/link_prediction/citeseer_linqs/k10/psi/graphsage_edge_s42.emb,1999337,7cbbf13ae4fb826ff2dcfe4503babf5708f587d5d0adb7529d77dd05473002d1
large,output/notebook3_gnn_encoder/link_prediction/citeseer_linqs/k10/psi/graphsage_edge_s43.emb,1997500,4a3de3c3369bf7950372a35513dfafe2b722d7799aa2d1becbe3ca7175fe9fe0
large,output/notebook3_gnn_encoder/link_prediction/citeseer_linqs/k10/psi/graphsage_edge_s44.emb,2000626,605dc1434929b3a5865cbfcddecde4b7390fb9d6ab92774d559b3dec0d5e07a2
large,output/notebook3_gnn_encoder/link_prediction/citeseer_linqs/k10/psi/graphsage_edge_s45.emb,1999407,ccec60b7600cc8259907160c496de163aa3873981b476c5b5b0514a440613aea
large,output/notebook3_gnn_encoder/link_prediction/citeseer_linqs/k10/psi/graphsage_edge_s46.emb,2001871,ebf6030f9914d7ac71894c23397a2fb75d0f33637ecdd4f66fd006d5ba140ade
large,output/notebook3_gnn_encoder/link_prediction/citeseer_linqs/k10/psi/graphsage_edge_s47.emb,2001577,fb198f26b6eb492b388e48a58cecb62dac0823cd1ad8369b4287fcb2d27ea596
large,output/notebook3_gnn_encoder/link_prediction/citeseer_linqs/k10/psi/graphsage_edge_s48.emb,1996930,4d96c02e7e57bd7d09553a74151babe31d3c4f53842292111dd3a4ed61f459e2
large,output/notebook3_gnn_encoder/link_prediction/citeseer_linqs/k10/psi/graphsage_edge_s49.emb,2000955,0656a50a8d9074523397f5ca3d852d5ec497660d4a9209fcd2c1641de8bd8241
large,output/notebook3_gnn_encoder/link_prediction/citeseer_linqs/k10/psi/graphsage_edge_s50.emb,1995095,1b965eea41d8211d395ea271ff4412ebbcb6055a539b5e064176dfbdfeeb7ff4
large,output/notebook3_gnn_encoder/link_prediction/citeseer_linqs/k10/psi/graphsage_edge_s51.emb,1998180,4013d01b62e3eca6df67c0b3bd6cb2aaef5c9399828d9dbc3efc972766c4b31e
large,output/notebook3_gnn_encoder/link_prediction/citeseer_linqs/k10/psi_pqnorm/graphsage_edge_s42.emb,1997240,cd3c1c5efc9bf568a059078fccb7bf20758e00d33d8b4d7b01b90a418c2e86cf
large,output/notebook3_gnn_encoder/link_prediction/citeseer_linqs/k10/psi_pqnorm/graphsage_edge_s43.emb,1999569,230c8416aecad389d20b15698cc50f053159803cca5c812a948782254ad94d59
large,output/notebook3_gnn_encoder/link_prediction/citeseer_linqs/k10/psi_pqnorm/graphsage_edge_s44.emb,2002903,d27e0d23b8dde9eb8ba0a76fcf7262151f7cb55482f906d9e2d185ef0e2af2c5
large,output/notebook3_gnn_encoder/link_prediction/citeseer_linqs/k10/psi_shift/graphsage_edge_s42.emb,2001166,ce022437396601024a2dd2fe5e2853b1fdd258f3bb38ac87395f6ca8a8c17962
large,output/notebook3_gnn_encoder/link_prediction/citeseer_linqs/k10/psi_shift/graphsage_edge_s43.emb,2000771,86a8532f51469810f950de366a4610131ee564091b5a08313079014255dce75a
large,output/notebook3_gnn_encoder/link_prediction/citeseer_linqs/k10/psi_shift/graphsage_edge_s44.emb,2000701,2ef7e94f228f5f9b39026151107d881761f645d1ab622c31932bbea109cc3d58
large,output/notebook3_gnn_encoder/link_prediction/coauthor_cs/k10/centrality/graphsage_edge_s42.emb,11246666,3eb56db3711610ff87fc01e4364299039635b6a7e78d475043c0a685c3e3b63e
large,output/notebook3_gnn_encoder/link_prediction/coauthor_cs/k10/centrality/graphsage_edge_s43.emb,11238526,455e6b180475fdb65b65ed2fe37b5fe9adf78caab6d33b22c1accc237b3f3e22
large,output/notebook3_gnn_encoder/link_prediction/coauthor_cs/k10/centrality/graphsage_edge_s44.emb,11253692,8b2a0d22f929ad44651f854aca63c954ef8c9807abfddf06b792a7c157691743
large,output/notebook3_gnn_encoder/link_prediction/coauthor_cs/k10/centrality/graphsage_edge_s45.emb,11218889,ea601143025047d04a0f8843740a0a7b221de4a26a1cfbb803e32bf35c6e0cda
large,output/notebook3_gnn_encoder/link_prediction/coauthor_cs/k10/centrality/graphsage_edge_s46.emb,11240002,0c849d2dbcc7ff497fff5892dfac40aed520abcbd07bacb9bd8e891f5b3a7e21
large,output/notebook3_gnn_encoder/link_prediction/coauthor_cs/k10/centrality/graphsage_edge_s47.emb,11270177,2cc24595a3e7ea5b9e15bbdd77bdbab5d38206d7f4c767edf30944551be08c60
large,output/notebook3_gnn_encoder/link_prediction/coauthor_cs/k10/degree/graphsage_edge_s42.emb,11247472,09dd1b6453508ff9df57e40513ff4c16ed5d0a80b6806aa9147e1496629a80cc
large,output/notebook3_gnn_encoder/link_prediction/coauthor_cs/k10/degree/graphsage_edge_s43.emb,11246017,d56b599222273103eef783d9a1ed28543ee0a8c29c046cc0d98414a24f85606f
large,output/notebook3_gnn_encoder/link_prediction/coauthor_cs/k10/degree/graphsage_edge_s44.emb,11263845,0f9e6579d65706f6d4c2f519294a8904ff01b02c9bcc46d188758ea6fd74ee49
large,output/notebook3_gnn_encoder/link_prediction/coauthor_cs/k10/degree/graphsage_edge_s45.emb,11227489,c11d7d43616223a70dad738ed87f67f9f5b693edadbbede732336760c25d50fc
large,output/notebook3_gnn_encoder/link_prediction/coauthor_cs/k10/degree/graphsage_edge_s46.emb,11241343,79963b2a21d247e06cfbd6d7517321d7c1f6c65d23482e6121fe3a8a9797f955
large,output/notebook3_gnn_encoder/link_prediction/coauthor_cs/k10/degree/graphsage_edge_s47.emb,11262265,b7ad5f97ce79344ce94a302147c276866f0216b504e162f19bd803972453e145
large,output/notebook3_gnn_encoder/link_prediction/coauthor_cs/k10/hybrid/graphsage_edge_s42.emb,11250383,2ee112f8b729d1aba5df2790f7f85b5f86b9b2b84a5909efcbb040752001438c
large,output/notebook3_gnn_encoder/link_prediction/coauthor_cs/k10/hybrid/graphsage_edge_s43.emb,11275312,948dc2c9310c09be75b21c1171da92b47405f4814d6be83a2f75f86e4813bbfa
large,output/notebook3_gnn_encoder/link_prediction/coauthor_cs/k10/hybrid/graphsage_edge_s44.emb,11253865,4febf06ddc7c4c210dc53774f1d4567de7001e8449ce8aa2f5c76ceb0fafbc8d
large,output/notebook3_gnn_encoder/link_prediction/coauthor_cs/k10/hybrid/graphsage_edge_s45.emb,11245082,25a8fee9b94144c5884b1dcf880d33eac6913b5c4dcead83ea1e48eaeba96fa2
large,output/notebook3_gnn_encoder/link_prediction/coauthor_cs/k10/hybrid/graphsage_edge_s46.emb,11258037,7fab910e0a4694a97da15bd2591910ce7459403be57a74487fba7094a87f25c0
large,output/notebook3_gnn_encoder/link_prediction/coauthor_cs/k10/hybrid/graphsage_edge_s47.emb,11265420,8404e0da66d2f967b8ec4ab37ef93387f43d7d110979130c4dcf270dbcb06e9d
large,output/notebook3_gnn_encoder/link_prediction/coauthor_cs/k10/hybrid_centrality/graphsage_edge_s42.emb,11259434,45884186c413f3199692e19d643cb9cc9345e8a51d61185be9acc28f8681eafc
large,output/notebook3_gnn_encoder/link_prediction/coauthor_cs/k10/hybrid_centrality/graphsage_edge_s43.emb,11274385,3af1894bc90f05270465aa07830d899ee7498d132c8bd7acfdfe2cf02731480d
large,output/notebook3_gnn_encoder/link_prediction/coauthor_cs/k10/hybrid_centrality/graphsage_edge_s44.emb,11251638,83785df8c62957bd3113edf069a36fde9109a8b851a37a575575e91793a8cf7b
large,output/notebook3_gnn_encoder/link_prediction/coauthor_cs/k10/hybrid_centrality/graphsage_edge_s45.emb,11253362,0dd35907517865012c15c424cb966078d6e4b3ca49a5e3475874186583e4139b
large,output/notebook3_gnn_encoder/link_prediction/coauthor_cs/k10/hybrid_centrality/graphsage_edge_s46.emb,11240437,06df6520ef43d096f728dcd4f4cd86734ba6bdab26e28678bf9ffc878d30285d
large,output/notebook3_gnn_encoder/link_prediction/coauthor_cs/k10/hybrid_centrality/graphsage_edge_s47.emb,11265759,855158d12b9f6cdf535aa55ae06f608cc3628a24bb148d8c79a9183dee2381d0
large,output/notebook3_gnn_encoder/link_prediction/coauthor_cs/k10/hybrid_degree/graphsage_edge_s42.emb,11260645,d37abb1b09704e8be32f286cbb6a32efa6eb896c9cbd72fe5e3245868e780f30
large,output/notebook3_gnn_encoder/link_prediction/coauthor_cs/k10/hybrid_degree/graphsage_edge_s43.emb,11261070,a57104f4d974109a4ac20c917ce8e282d2eeb973417caafb67dd312a61a408fd
large,output/notebook3_gnn_encoder/link_prediction/coauthor_cs/k10/hybrid_degree/graphsage_edge_s44.emb,11281943,4680987f898affdbb276570eb856628f28e557473c719d010e11bc02d0125129
large,output/notebook3_gnn_encoder/link_prediction/coauthor_cs/k10/hybrid_degree/graphsage_edge_s45.emb,11222055,03afd509a10c1f38973e82b838eded907c3a1397b46457d69b15d89a11223548
large,output/notebook3_gnn_encoder/link_prediction/coauthor_cs/k10/hybrid_degree/graphsage_edge_s46.emb,11263790,4ebb166e90470778c37927e0b22d5b2a024c00f3023fcae08a35cce020c3b849
large,output/notebook3_gnn_encoder/link_prediction/coauthor_cs/k10/hybrid_degree/graphsage_edge_s47.emb,11247847,fb1c3498bdca927b1b6e9678d59495af67b8f51d71012d3ce4170ddadcf7c5db
large,output/notebook3_gnn_encoder/link_prediction/coauthor_cs/k10/original/graphsage_edge_s42.emb,11242638,fa46d8f958c542acf32c06dc9b30dc8d9d51c4709bfb8610b8dfda2a0a05ec50
large,output/notebook3_gnn_encoder/link_prediction/coauthor_cs/k10/original/graphsage_edge_s43.emb,11258724,50fcd95dcbbb47f395fe06ca093f75446c805dc459441235e19092a29223f4c0
large,output/notebook3_gnn_encoder/link_prediction/coauthor_cs/k10/original/graphsage_edge_s44.emb,11244421,e22fa3c6742d00fad782ad329e537859264d121f645e50aaf742af77261d6b6c
large,output/notebook3_gnn_encoder/link_prediction/coauthor_cs/k10/original/graphsage_edge_s45.emb,11237520,c1a50b25649477b18f17ae545466212bd6475d3c33bd35070a61f6e5ecb4a3c3
large,output/notebook3_gnn_encoder/link_prediction/coauthor_cs/k10/original/graphsage_edge_s46.emb,11244257,65d1ba8b91acc68163a8797e02cd010e14bd8a12392ad920b5f283dd9daa6f9b
large,output/notebook3_gnn_encoder/link_prediction/coauthor_cs/k10/original/graphsage_edge_s47.emb,11241283,f6f9c16362d5b607a7e7da47a33d20e18f9f0d82b7dbe43fd5614d85a629d767
large,output/notebook3_gnn_encoder/link_prediction/coauthor_cs/k10/psi/graphsage_edge_s42.emb,11239912,2b4a1350564913b90fc83b6145dd4ad4001e2dd2869152e263aa80e3e77856d5
large,output/notebook3_gnn_encoder/link_prediction/coauthor_cs/k10/psi/graphsage_edge_s43.emb,11254501,40da019231c547da54b885996ccc7b4142fb4ab71861f2594cdb67f27e36db70
large,output/notebook3_gnn_encoder/link_prediction/coauthor_cs/k10/psi/graphsage_edge_s44.emb,11241278,6ad03d6c1309f8394fc76abbaa9269e32bd6b6c5414e79390aa4f7027e340811
large,output/notebook3_gnn_encoder/link_prediction/coauthor_cs/k10/psi/graphsage_edge_s45.emb,11229422,324766a3e1fefed66db149a81de756f90896f367233e9509ca416a53d7fc536c
large,output/notebook3_gnn_encoder/link_prediction/coauthor_cs/k10/psi/graphsage_edge_s46.emb,11244668,2e7ccad8925f679c4a51a37df49e756adbd1bd1e3a50af60b47e06c0587ed6f0
large,output/notebook3_gnn_encoder/link_prediction/coauthor_cs/k10/psi/graphsage_edge_s47.emb,11257079,e2fa06523d4c6be64390e9f230c5c5329c48cea4847d96c9204be309ea3e7da6
large,output/notebook3_gnn_encoder/link_prediction/coauthor_physics/k10/centrality/graphsage_edge_s42.emb,21189131,88566a59de6384844e72429a1792dca66f45f1f045322656934e35708835dacc
large,output/notebook3_gnn_encoder/link_prediction/coauthor_physics/k10/centrality/graphsage_edge_s43.emb,21149572,c2b3974565725afe3545e2969811b1f8023917305eb835f213e9258e30c30738
large,output/notebook3_gnn_encoder/link_prediction/coauthor_physics/k10/centrality/graphsage_edge_s44.emb,21175920,89017d03ca27b04eaa3aeda984e5842ddb97b6016a7b4a1b4d2b5a46e28c1316
large,output/notebook3_gnn_encoder/link_prediction/coauthor_physics/k10/centrality/graphsage_edge_s45.emb,21112738,459126848e711de80b944b7dc1405ddbe6aaf700940a8f87aaba1cb8d0a8de46
large,output/notebook3_gnn_encoder/link_prediction/coauthor_physics/k10/centrality/graphsage_edge_s46.emb,21169585,e0f4d70f67a85e1e9bc4c5c31c261ab357dd8b9943bc561164873604b2fc35ba
large,output/notebook3_gnn_encoder/link_prediction/coauthor_physics/k10/centrality/graphsage_edge_s47.emb,21211002,3898e5a8ac1d0dded7a7c4826e1fb66b8882fca0ed7cb92e3e69bc0251fadeba
large,output/notebook3_gnn_encoder/link_prediction/coauthor_physics/k10/degree/graphsage_edge_s42.emb,21184704,1790cbc929f8d27a144fdefe55e05df4117d07f4ca3b5a9fb04865c43e302b11
large,output/notebook3_gnn_encoder/link_prediction/coauthor_physics/k10/degree/graphsage_edge_s43.emb,21144312,c890f79fe55d7bdaf1a53c0575de62df5927796c18d9fb8ba385ff8d0eeb7d3b
large,output/notebook3_gnn_encoder/link_prediction/coauthor_physics/k10/degree/graphsage_edge_s44.emb,21191614,79194a2ad482b65623aa694f6e5b5b39be0332d4d0b01f005a37a3f362368c6d
large,output/notebook3_gnn_encoder/link_prediction/coauthor_physics/k10/degree/graphsage_edge_s45.emb,21108854,e4d19881143dfb921817fa5a6ac7c77a0df8854262539a9360b9b5e5811f6ea5
large,output/notebook3_gnn_encoder/link_prediction/coauthor_physics/k10/degree/graphsage_edge_s46.emb,21183410,bf44b72fa39cdb263bc8d4f8ac6ac4682aa06ff3c4984dea7cc20aeb365f5df0
large,output/notebook3_gnn_encoder/link_prediction/coauthor_physics/k10/degree/graphsage_edge_s47.emb,21196849,fd241257dc6ea8e2cbbd0d928f00e5440d251fc3b24f14c193021565e912f55f
large,output/notebook3_gnn_encoder/link_prediction/coauthor_physics/k10/hybrid/graphsage_edge_s42.emb,21179366,5d9b4dc7f4878dfd1a7ca4bbf5db2bec432972d20f89fee57c039e5906917742
large,output/notebook3_gnn_encoder/link_prediction/coauthor_physics/k10/hybrid/graphsage_edge_s43.emb,21188955,82404cae1ef571fa647daae73a4dd802a46b62d46eaf8dc63c4b6d4477c52c82
large,output/notebook3_gnn_encoder/link_prediction/coauthor_physics/k10/hybrid/graphsage_edge_s44.emb,21181845,98dd8eaa8621486fb07526719a3bd6faf0079aa7d5d051d2c0e10c13eb3fc8b0
large,output/notebook3_gnn_encoder/link_prediction/coauthor_physics/k10/hybrid/graphsage_edge_s45.emb,21187200,2151423eb28023ba49a6cffefdaf55704b94e9de6d0530cd7c7307268a8189ee
large,output/notebook3_gnn_encoder/link_prediction/coauthor_physics/k10/hybrid/graphsage_edge_s46.emb,21175990,5d3ba5eae8f469b4767b0b7e9b4c840fad0dae59b9ee64b99a38862788e417e3
large,output/notebook3_gnn_encoder/link_prediction/coauthor_physics/k10/hybrid/graphsage_edge_s47.emb,21212103,10c87258046b1676f5eaed8246a961ff9cd12e8c1041069ae6f81c4790ca231f
large,output/notebook3_gnn_encoder/link_prediction/coauthor_physics/k10/hybrid_centrality/graphsage_edge_s42.emb,21195608,634d31fbd2236b724e88a8ffd2a8bdd5d21cfac4d3d2e0dcc292e63ee2d55e25
large,output/notebook3_gnn_encoder/link_prediction/coauthor_physics/k10/hybrid_centrality/graphsage_edge_s43.emb,21196488,a2dd7a2d104d3333d175e57e341a3472ee3cd6dc7e99eb4dc1dd58eba831fa0f
large,output/notebook3_gnn_encoder/link_prediction/coauthor_physics/k10/hybrid_centrality/graphsage_edge_s44.emb,21178766,8c8bd5214832cb1f849e7383d8e0c019db030d6c63d6afdd0198ccd2508edd92
large,output/notebook3_gnn_encoder/link_prediction/coauthor_physics/k10/hybrid_centrality/graphsage_edge_s45.emb,21200692,33c90bd469204d592dd6bb510f7619fd14b3d30deb4fa056eb8e0c43f7e5db52
large,output/notebook3_gnn_encoder/link_prediction/coauthor_physics/k10/hybrid_centrality/graphsage_edge_s46.emb,21160042,10253edbaaf9b65e10873353f013207d770bddfb05a1565e9a4483e58bb11ce8
large,output/notebook3_gnn_encoder/link_prediction/coauthor_physics/k10/hybrid_centrality/graphsage_edge_s47.emb,21202218,8504c38eed6009fe07889f6eef8c7f92bd2da68ad79356a7ad48959add04d96e
large,output/notebook3_gnn_encoder/link_prediction/coauthor_physics/k10/hybrid_degree/graphsage_edge_s42.emb,21213235,b503aeb6a4c036eb63673b667ec44b19ed66acab2aba9256c874361fa12c8bec
large,output/notebook3_gnn_encoder/link_prediction/coauthor_physics/k10/hybrid_degree/graphsage_edge_s43.emb,21199186,399cdd08c36d36b66dfa0b6d066a526131fd87ea6ce85530b060fcfde7d19d13
large,output/notebook3_gnn_encoder/link_prediction/coauthor_physics/k10/hybrid_degree/graphsage_edge_s44.emb,21221168,fcaa7a4b5af3983df0f6937f76d5ab27b4a0d985d82b1f73d12f6d2b296cb90c
large,output/notebook3_gnn_encoder/link_prediction/coauthor_physics/k10/hybrid_degree/graphsage_edge_s45.emb,21214595,ce6cc2dce1ed89787ac8a0837a5380546582b63c2b5958ea5833d68e14e060a4
large,output/notebook3_gnn_encoder/link_prediction/coauthor_physics/k10/hybrid_degree/graphsage_edge_s46.emb,21192214,f168018fbe2e5e6f2ef7137656100e0e9df7360111837c0f207af85baa154df4
large,output/notebook3_gnn_encoder/link_prediction/coauthor_physics/k10/hybrid_degree/graphsage_edge_s47.emb,21200941,37fbceaf58e431ced156af210036318adad2dc073c661f95dad645e9c4b14ca4
large,output/notebook3_gnn_encoder/link_prediction/coauthor_physics/k10/original/graphsage_edge_s42.emb,21214793,666faee84690a3b820726d30ca3dd5affad893f6a4b765e4a52821b2c31705fa
large,output/notebook3_gnn_encoder/link_prediction/coauthor_physics/k10/original/graphsage_edge_s43.emb,21197230,d85a9c42d4c9391a509d3401b4ab3d84e772632a330ce35a08a524557312f95d
large,output/notebook3_gnn_encoder/link_prediction/coauthor_physics/k10/original/graphsage_edge_s44.emb,21237980,e9f0f4905cebfcde88e53c70ec2ac4cef35e0e2a1357d04d3fcdad4e4ba8148c
large,output/notebook3_gnn_encoder/link_prediction/coauthor_physics/k10/original/graphsage_edge_s45.emb,21158778,f4d65dfdc1ccd8b62d8ac60efd430820c422ff8dac6910d41b0cc5c55ec80c48
large,output/notebook3_gnn_encoder/link_prediction/coauthor_physics/k10/original/graphsage_edge_s46.emb,21199836,7c6384e1db3736e815229ab241be1c0d7cec0b54efaa80f4f5fed93e784175c7
large,output/notebook3_gnn_encoder/link_prediction/coauthor_physics/k10/original/graphsage_edge_s47.emb,21144431,342a3b9f2dd9c146d6e8225d967de66b33e0ba324cd05d8fb3cc7018f59bee4a
large,output/notebook3_gnn_encoder/link_prediction/coauthor_physics/k10/psi/graphsage_edge_s42.emb,21166605,bfab1fbb366b9363729d99ca6e2063bb129d065c957349a20433f725e2a6c251
large,output/notebook3_gnn_encoder/link_prediction/coauthor_physics/k10/psi/graphsage_edge_s43.emb,21120014,461c7888fb445efe0cc9dbffda7d452bfc5613b5a8265efbc72b20723de99dae
large,output/notebook3_gnn_encoder/link_prediction/coauthor_physics/k10/psi/graphsage_edge_s44.emb,21161803,0b1b5d7cae76e8fadf202ab8da0e42a2fda60ac627157b7f45908a750b924799
large,output/notebook3_gnn_encoder/link_prediction/coauthor_physics/k10/psi/graphsage_edge_s45.emb,21115781,e751768fd48dce3b983e75566ce45990d33a52156a21cfeb7ff69343b8b8dcc0
large,output/notebook3_gnn_encoder/link_prediction/coauthor_physics/k10/psi/graphsage_edge_s46.emb,21176300,e6207ad826c81342e7aa3fffef586488aacd3cd7f709688518105d3824d597dd
large,output/notebook3_gnn_encoder/link_prediction/coauthor_physics/k10/psi/graphsage_edge_s47.emb,21213460,aaf706cfb0a2dc508ced3282b0f0ac82bfdab467725558a6ed34a64a1aa1bbaf
large,output/notebook3_gnn_encoder/link_prediction/cora/k10/centrality/gin_edge_s42.emb,1637241,a4819915117439da9ed950af45a4e5c2ea0a4fce539a21cf35a359a24c1730c9
large,output/notebook3_gnn_encoder/link_prediction/cora/k10/centrality/graphsage_edge_s42.emb,1661002,6f2f58a2de9b2955d09ef27e41f40dc890956da5d01ec05a54e30ee44f7a843e
large,output/notebook3_gnn_encoder/link_prediction/cora/k10/centrality/graphsage_edge_s43.emb,1657675,c9418a0f0b1453b89f71c8ca22e009d32d09cc107ae8925fe6202165b3fbdc22
large,output/notebook3_gnn_encoder/link_prediction/cora/k10/centrality/graphsage_edge_s44.emb,1659478,e5c3495f7249545c9be11de1cca7354a2bf7599ade9c18b32c04eb2703a89e65
large,output/notebook3_gnn_encoder/link_prediction/cora/k10/centrality/graphsage_edge_s45.emb,1655181,6d4d9563540d6c6708a8e9311e76a65e057d3045ddd524120fdc904ba529da44
large,output/notebook3_gnn_encoder/link_prediction/cora/k10/centrality/graphsage_edge_s46.emb,1662678,f6ca949a1e337b44fe04bf4604ff391e8b8a4e1f2bc4b7e7fafb45e1cf48a321
large,output/notebook3_gnn_encoder/link_prediction/cora/k10/centrality/graphsage_edge_s47.emb,1661866,930dd39dc0026aef79c195599034bf9d936ec6a71f0fe92df33dfa416ea36fc0
large,output/notebook3_gnn_encoder/link_prediction/cora/k10/centrality/graphsage_edge_s48.emb,1660670,934209382b22aa7dfe8a684df9288b8932c6f266966a5df98f398464c879d603
large,output/notebook3_gnn_encoder/link_prediction/cora/k10/centrality/graphsage_edge_s49.emb,1657638,2cc3f217100827ea66f5c2451f7c4a8f3910b63b8cabc133460c1baf721bdab0
large,output/notebook3_gnn_encoder/link_prediction/cora/k10/centrality/graphsage_edge_s50.emb,1662738,146d35038dea8e9db414d5ca4ef66cfd958f683a4ed987a31ef44229d2b51560
large,output/notebook3_gnn_encoder/link_prediction/cora/k10/centrality/graphsage_edge_s51.emb,1658856,cab240bf9eac62d4494c620e87caaa78f45c6a7f3358ea6a2b907b41a11c5f27
large,output/notebook3_gnn_encoder/link_prediction/cora/k10/degree/gin_edge_s42.emb,1631825,22c6db5628041ab0ae48bda3f7e31c27f97cb34efb7ae3d534e7df56bffe3c18
large,output/notebook3_gnn_encoder/link_prediction/cora/k10/degree/graphsage_edge_s42.emb,1660054,6bbe844807bb985b3f492525d9c303a88c5ed6ed909dcb1ddbaaef44d9289bc4
large,output/notebook3_gnn_encoder/link_prediction/cora/k10/degree/graphsage_edge_s43.emb,1657736,40005a445948def50dc34f38ffae6d233443c0ff2b7c142c370fdf833dd41dc7
large,output/notebook3_gnn_encoder/link_prediction/cora/k10/degree/graphsage_edge_s44.emb,1660208,c6a7b53bf063e11fc9209b60938786c57631dbe56bac6d419b89bea1adcdc975
large,output/notebook3_gnn_encoder/link_prediction/cora/k10/degree/graphsage_edge_s45.emb,1655785,bf0a709d967b7c71f3c96c7896cc0cb00bf0000baf37e9a0ae814fcdeb586f6e
large,output/notebook3_gnn_encoder/link_prediction/cora/k10/degree/graphsage_edge_s46.emb,1661072,0e2d7038b9556a5d9b6471a35c4ac490f95df736c628626b16ede37eefaf9d58
large,output/notebook3_gnn_encoder/link_prediction/cora/k10/degree/graphsage_edge_s47.emb,1659421,879968ad28b169c9724f82bb9ff88b95683ab4f15df753575865f095733be280
large,output/notebook3_gnn_encoder/link_prediction/cora/k10/degree/graphsage_edge_s48.emb,1661020,0434fea4571f0aa98edab4b935387fa166cf51c08841d4ac8f306ba5e93b7216
large,output/notebook3_gnn_encoder/link_prediction/cora/k10/degree/graphsage_edge_s49.emb,1656768,cd3403e566d40aeee0a9c433a90b73f50d88f00bfaef0415cc277ede27d3ed78
large,output/notebook3_gnn_encoder/link_prediction/cora/k10/degree/graphsage_edge_s50.emb,1653989,6ee7ccd59180a2672d704b0ce7f4f1a7cab5e9a86dd0088bec5b64e9fe0adbf2
large,output/notebook3_gnn_encoder/link_prediction/cora/k10/degree/graphsage_edge_s51.emb,1657992,07adb4fe601aa1b8a391ab59560d4cfd7bac55bc6c00275e9c757a6516c15d85
large,output/notebook3_gnn_encoder/link_prediction/cora/k10/hybrid/gin_edge_s42.emb,1639930,47be22c8e28b88fec64064ab398656a7bd51342d57087bc4d718b6210fe34272
large,output/notebook3_gnn_encoder/link_prediction/cora/k10/hybrid/graphsage_edge_s42.emb,1660137,90ff3a6354167542f74e7310f0beeba015e06e1f928e6c5786fbcc3d1e800a24
large,output/notebook3_gnn_encoder/link_prediction/cora/k10/hybrid/graphsage_edge_s43.emb,1656053,b0f6b73a30510c2a8744b480b94d1671bbf7df0fb8788b54ed05068aa9d94f5b
large,output/notebook3_gnn_encoder/link_prediction/cora/k10/hybrid/graphsage_edge_s44.emb,1662934,02d5bb51b4134d4efbfe25be772d54c1e8669f6bd84c2273e4645a2a89ea020d
large,output/notebook3_gnn_encoder/link_prediction/cora/k10/hybrid/graphsage_edge_s45.emb,1657565,3c72808be2c5135a877829e9f41eb6365b0a5b7dac2ed6dccd8453b5ecbe901b
large,output/notebook3_gnn_encoder/link_prediction/cora/k10/hybrid/graphsage_edge_s46.emb,1658574,1f4b91e1a51879e03b5c536a40ba2a96b7ed7b78bc9b5984118138bdd9e77ce9
large,output/notebook3_gnn_encoder/link_prediction/cora/k10/hybrid/graphsage_edge_s47.emb,1660285,50782be3cd661506594f7268682eed66ca223b5a3a465198babba7210c764026
large,output/notebook3_gnn_encoder/link_prediction/cora/k10/hybrid/graphsage_edge_s48.emb,1657996,879af80251f032f812e4fa2b840ed2470a5d88d75ddcc39a979d7782b4a8ba3f
large,output/notebook3_gnn_encoder/link_prediction/cora/k10/hybrid/graphsage_edge_s49.emb,1659928,603ffb73d37a1ec6b4f92ac2d79dd17a57076cd7ba7461063beb127726f8f2c9
large,output/notebook3_gnn_encoder/link_prediction/cora/k10/hybrid/graphsage_edge_s50.emb,1656743,a197c3bdf31c63b0145ca330923edbfadcae15d1096328b32c74484ac99a86cc
large,output/notebook3_gnn_encoder/link_prediction/cora/k10/hybrid/graphsage_edge_s51.emb,1661704,ffa2194711f9ab2ee38f57f00d34023b2ef80a267bd2a67eecddb1d6d2978f91
large,output/notebook3_gnn_encoder/link_prediction/cora/k10/hybrid_centrality/gin_edge_s42.emb,1648715,0123329b80b9aebe52d31d9c10eac161f383f849b4242e0cce344ad24b8a21f2
large,output/notebook3_gnn_encoder/link_prediction/cora/k10/hybrid_centrality/graphsage_edge_s42.emb,1660990,be330e916586475d6825df5127b03b88455be83d33f6e61e71117aedc7c3e06f
large,output/notebook3_gnn_encoder/link_prediction/cora/k10/hybrid_centrality/graphsage_edge_s43.emb,1662564,171995ca87fecb2393e8b47616cd44b8a267308c95470b96a45c80630fff61df
large,output/notebook3_gnn_encoder/link_prediction/cora/k10/hybrid_centrality/graphsage_edge_s44.emb,1662181,a8ac426e65e8638bbec56bf3cd26e58feaf499afa38d87e9590e33dff1d2f5d6
large,output/notebook3_gnn_encoder/link_prediction/cora/k10/hybrid_centrality/graphsage_edge_s45.emb,1654929,b80ef851033941b987d07b65357c70968c48cade7202684c6739550e12c169dc
large,output/notebook3_gnn_encoder/link_prediction/cora/k10/hybrid_centrality/graphsage_edge_s46.emb,1659698,322045a0b8c24d11290bc892f79493f88bbe88921a7497efde7b95efa5cfb7b0
large,output/notebook3_gnn_encoder/link_prediction/cora/k10/hybrid_centrality/graphsage_edge_s47.emb,1661429,0a13b5e747e5c77471906069a52f838187ae9570b6a8f49e72b639f55c092dc1
large,output/notebook3_gnn_encoder/link_prediction/cora/k10/hybrid_centrality/graphsage_edge_s48.emb,1658098,69f1a455e4bc17a2edb95cdef3844137fe1193875b432868af821a4190c884c4
large,output/notebook3_gnn_encoder/link_prediction/cora/k10/hybrid_centrality/graphsage_edge_s49.emb,1657748,faab7719381aea2f36aef29eb87289454ccb8f9197cdd334bd8f26e49d38873f
large,output/notebook3_gnn_encoder/link_prediction/cora/k10/hybrid_centrality/graphsage_edge_s50.emb,1657628,831eaba9090abbd426a1a15e4ca94b04ed0311d1b76eb94c9b8ab1614c0cbc5c
large,output/notebook3_gnn_encoder/link_prediction/cora/k10/hybrid_centrality/graphsage_edge_s51.emb,1656687,596572dd626f11a3328c234400e182b9e64f41dcba02e46b2cd670ecab39086f
large,output/notebook3_gnn_encoder/link_prediction/cora/k10/hybrid_degree/gin_edge_s42.emb,1640678,09ec74c77a8cf3105e2ffcac507b2771c8bac8f540e9599f8c14142707470cff
large,output/notebook3_gnn_encoder/link_prediction/cora/k10/hybrid_degree/graphsage_edge_s42.emb,1660298,3b2693feeaf38961065d6748e97dc4ea5ad2ea3b2a11eba8bea98e60d8e070d2
large,output/notebook3_gnn_encoder/link_prediction/cora/k10/hybrid_degree/graphsage_edge_s43.emb,1657926,33d9a101edf75e6bcb3bba447b4c9c5c22b7630e5d75a6f7b538d27701549c09
large,output/notebook3_gnn_encoder/link_prediction/cora/k10/hybrid_degree/graphsage_edge_s44.emb,1659700,54e041cacc1678a7e0d5d91a9792bcc42c4c350d3b607d179cd4f366ef514ae6
large,output/notebook3_gnn_encoder/link_prediction/cora/k10/hybrid_degree/graphsage_edge_s45.emb,1654989,b55ca5778bb8f9143706c300b4bc81d7f2d0603f3c90789c32661d9142a020f6
large,output/notebook3_gnn_encoder/link_prediction/cora/k10/hybrid_degree/graphsage_edge_s46.emb,1663271,654313022c2aa67efd2c7e802c9dc4c28c9b267c5ed57b54ee32273ad7e9d43a
large,output/notebook3_gnn_encoder/link_prediction/cora/k10/hybrid_degree/graphsage_edge_s47.emb,1659127,9bfc4c4da82ceeb569f4aff614453b8c594448e3dfe369fd33d44337581152d2
large,output/notebook3_gnn_encoder/link_prediction/cora/k10/hybrid_degree/graphsage_edge_s48.emb,1662425,c5485713420188ad5e56b70e22094f04f2e185c539cbf661d67ff76f550863e7
large,output/notebook3_gnn_encoder/link_prediction/cora/k10/hybrid_degree/graphsage_edge_s49.emb,1656563,5f716700451c08f5c42e5d559f6279744836d8feb245aa0ef110d62f0db94a05
large,output/notebook3_gnn_encoder/link_prediction/cora/k10/hybrid_degree/graphsage_edge_s50.emb,1658029,c63604fb3c7fd93f23622d1dffa0f5c495d2f0c5faa73809cbe46f5d1673b344
large,output/notebook3_gnn_encoder/link_prediction/cora/k10/hybrid_degree/graphsage_edge_s51.emb,1658659,66759631948ab2699619d3285443ebae22cc7f2b82344ed0cae696cf487a377f
large,output/notebook3_gnn_encoder/link_prediction/cora/k10/original/gin_edge_s42.emb,1652398,f3611ef3aa28af9d43f76b1095340cea371200ff7f5971880b9cb5d2220d636e
large,output/notebook3_gnn_encoder/link_prediction/cora/k10/original/graphsage_edge_s42.emb,1662077,a2833f3aad9479389d55b6ae6ddd27babfacab0007787dc59c785238eccf2860
large,output/notebook3_gnn_encoder/link_prediction/cora/k10/original/graphsage_edge_s43.emb,1657983,220a98afb0df2687903c1f357d8882e3099d3d3a86d6b622e26b6b0ce9c99717
large,output/notebook3_gnn_encoder/link_prediction/cora/k10/original/graphsage_edge_s44.emb,1662505,05cbab9d9ebe06232dd95f8bcd9c3c94a9f13d6bb4d735b0649a0e4f992cef1a
large,output/notebook3_gnn_encoder/link_prediction/cora/k10/original/graphsage_edge_s45.emb,1654671,8a08914573add6fb555e5e4930ae031ac4cf552b54216b1aad269956f5c4e025
large,output/notebook3_gnn_encoder/link_prediction/cora/k10/original/graphsage_edge_s46.emb,1660557,62691ce1684ff47c07fb5b7e9214898a251e9f264f20ef87df3b6c9e726c9724
large,output/notebook3_gnn_encoder/link_prediction/cora/k10/original/graphsage_edge_s47.emb,1660122,63fa81f70a8d50179e9d0e58176bf518de6168f986e1ef83bd328e5dfa73b2af
large,output/notebook3_gnn_encoder/link_prediction/cora/k10/original/graphsage_edge_s48.emb,1664001,87b0d471f10ecf539063b923da55bd8f3d67c9c0c6bea9d34ff6648d9f4dda76
large,output/notebook3_gnn_encoder/link_prediction/cora/k10/original/graphsage_edge_s49.emb,1659562,eaf6b9a0a72c6470ec020108c0d3fdf9016108296f7113b940cd5d1396bcb2c6
large,output/notebook3_gnn_encoder/link_prediction/cora/k10/original/graphsage_edge_s50.emb,1657470,3df8323804af4210f8fccc74a52ff8f6acc60bfd5d085863b9bdb282aeae8882
large,output/notebook3_gnn_encoder/link_prediction/cora/k10/original/graphsage_edge_s51.emb,1655858,3f50065326c2c4d4f38d8d8a7371fc1db59d4cbc0540e87a2c4b5cef1c9f5a09
large,output/notebook3_gnn_encoder/link_prediction/cora/k10/psi/features_only_s42.emb,116684,a44fe573b24c1b9cf05cab31d103222ad42645c3ffdd31a87931e79fa0eb60a9
large,output/notebook3_gnn_encoder/link_prediction/cora/k10/psi/features_only_s43.emb,116690,469a2c21bd9b483d22febd7b3264bcc2848490db8263beaac3f427a7b8e5d8ba
large,output/notebook3_gnn_encoder/link_prediction/cora/k10/psi/features_only_s44.emb,116734,4d8e574d0e325af03e36880951ccd72cb207a6472747c581f023c84d8216a104
large,output/notebook3_gnn_encoder/link_prediction/cora/k10/psi/gin_edge_s42.emb,1637241,102fae619f2a537ded316db9e9b92772d977da9aae1fef7712b17f63cb1a4a7a
large,output/notebook3_gnn_encoder/link_prediction/cora/k10/psi/graphsage_edge_feat_centrality_s42.emb,1665791,6444dabbf898ccdfd003eb4a663251003c8cb9c906e85f1e41923cc4897f4dab
large,output/notebook3_gnn_encoder/link_prediction/cora/k10/psi/graphsage_edge_feat_centrality_s43.emb,1658202,8994f561485293a89dee2ca8cee053f4af827eb4bbf8e567201d1a0703ce8981
large,output/notebook3_gnn_encoder/link_prediction/cora/k10/psi/graphsage_edge_feat_centrality_s44.emb,1655874,fee01f5df62bc9b41e76152a59aa86eebf8984479fba4d9f3be2da77ecf7e8b5
large,output/notebook3_gnn_encoder/link_prediction/cora/k10/psi/graphsage_edge_feat_clustering_s42.emb,1664946,9e6ac4cedb10ae3ea6cae4c2a61cbef6c17a2d224462a6c4ee60e7e4ad089a69
large,output/notebook3_gnn_encoder/link_prediction/cora/k10/psi/graphsage_edge_feat_clustering_s43.emb,1658848,4d89bc1eb03266d7c301b1f7b886890fa0bf661a0f74c7df9f3070dab00d390b
large,output/notebook3_gnn_encoder/link_prediction/cora/k10/psi/graphsage_edge_feat_clustering_s44.emb,1662102,951b84c2797da664c3c94bebda4d119f20391245f1e4f195a113771fc77a2436
large,output/notebook3_gnn_encoder/link_prediction/cora/k10/psi/graphsage_edge_feat_const_s42.emb,1648073,1bd292806f4d891d80f5de79c029c6f079278260aaa90f9fd7210c2eb7543a8a
large,output/notebook3_gnn_encoder/link_prediction/cora/k10/psi/graphsage_edge_feat_const_s43.emb,1648073,b166f33fba0be7250894caa9ac85d938e278a8440d8bad80e0761293d07b16a5
large,output/notebook3_gnn_encoder/link_prediction/cora/k10/psi/graphsage_edge_feat_const_s44.emb,1672445,a00cb55dd768de352a63f2822bd18cc780a0e369a3b7451d8f94df1eb08b025c
large,output/notebook3_gnn_encoder/link_prediction/cora/k10/psi/graphsage_edge_feat_deg_cent_s42.emb,1665472,ff2c05a156eefebfdfd8c46f55b669ae59e2954af069c4b9af49b929ae944c61
large,output/notebook3_gnn_encoder/link_prediction/cora/k10/psi/graphsage_edge_feat_deg_cent_s43.emb,1660330,8e216eb459232f1ce66e95a5f86bc37d23be1630447b817bc042c7c952af66df
large,output/notebook3_gnn_encoder/link_prediction/cora/k10/psi/graphsage_edge_feat_deg_cent_s44.emb,1657385,6e0b15bf6c03a18f84e7c9afd891d548efe47eed8b3bc665593d07d5f40e41c7
large,output/notebook3_gnn_encoder/link_prediction/cora/k10/psi/graphsage_edge_feat_degree_s42.emb,1664254,0534931bdf56542a07cddfb5c92af6e033d0b4724ece88f356ca73bc588fb27c
large,output/notebook3_gnn_encoder/link_prediction/cora/k10/psi/graphsage_edge_feat_degree_s43.emb,1651446,0748be54e48e568e72f951ddb19c632e410f54f47e452412c45b92c892fe7ea4
large,output/notebook3_gnn_encoder/link_prediction/cora/k10/psi/graphsage_edge_feat_degree_s44.emb,1665948,477e06622ff1ff97fe5438181f9c58215d73332fbd454866b61a6e19ce4de409
large,output/notebook3_gnn_encoder/link_prediction/cora/k10/psi/graphsage_edge_feat_psi_s42.emb,1660647,7c5b63d45e62d8f8d497e8486d0c16ea892de14bb3c2ee9bda34de2b4c380339
large,output/notebook3_gnn_encoder/link_prediction/cora/k10/psi/graphsage_edge_feat_psi_s43.emb,1646312,321d06a62095126dfe5c524c82f12057e08a546b431b973873ec8a1121924e04
large,output/notebook3_gnn_encoder/link_prediction/cora/k10/psi/graphsage_edge_feat_psi_s44.emb,1665471,0518b238e2728a70f6881dfc05dd4fc7dd791032d3512259bf06643bc91a04c9
large,output/notebook3_gnn_encoder/link_prediction/cora/k10/psi/graphsage_edge_feat_random_s42.emb,1658286,88e248ab0c644bfa6c6c485c4a7d99f8e9d11de2455dc78e37e1d8bccf706964
large,output/notebook3_gnn_encoder/link_prediction/cora/k10/psi/graphsage_edge_feat_random_s43.emb,1657494,bdadbdd82c2e7893c5cc1a607f9231fea1a9e5c9ad0ef8e903c20653e71ed9f2
large,output/notebook3_gnn_encoder/link_prediction/cora/k10/psi/graphsage_edge_feat_random_s44.emb,1658793,b322a56ce4715824789d9e01b4a0d048603015741e71129fc9616bcaa73e379c
large,output/notebook3_gnn_encoder/link_prediction/cora/k10/psi/graphsage_edge_s42.emb,1660377,b19103ff6d3c7732c83eb84a34a698aa111953cb77a3ec5075e9809d91cdfc90
large,output/notebook3_gnn_encoder/link_prediction/cora/k10/psi/graphsage_edge_s43.emb,1656211,cf39d1dc4f77e9a074fb3fdc6ced5b8160f9223a1632a6eeed257c0a4e7622ce
large,output/notebook3_gnn_encoder/link_prediction/cora/k10/psi/graphsage_edge_s44.emb,1658876,6a4c55540cff158f2c02fd09ff68780b41a7a3631bdee972f83a18a06a152c96
large,output/notebook3_gnn_encoder/link_prediction/cora/k10/psi/graphsage_edge_s45.emb,1653658,0bea5ccb445a4d59d10984f2fdf811e2c4f48a317fd83ab4f643ae43b7df8560
large,output/notebook3_gnn_encoder/link_prediction/cora/k10/psi/graphsage_edge_s46.emb,1659523,9a476d67f92dae01dad69705108433a0a5cc6057e00fb108300787ecf01d89b8
large,output/notebook3_gnn_encoder/link_prediction/cora/k10/psi/graphsage_edge_s47.emb,1665349,bcc21250c983cceb1a4c6603dc0863be9470d8aa68711528f7fcd3d874164452
large,output/notebook3_gnn_encoder/link_prediction/cora/k10/psi/graphsage_edge_s48.emb,1656714,4a2fcf5d31c31303d53c7bbaaba19ab97b4e9cd669488b02459d6526ecbab824
large,output/notebook3_gnn_encoder/link_prediction/cora/k10/psi/graphsage_edge_s49.emb,1661649,0d67dfb13bb0145b336bacec82b5dc6e011e1c6570300e5b1ff8af9aa48ad765
large,output/notebook3_gnn_encoder/link_prediction/cora/k10/psi/graphsage_edge_s50.emb,1659979,7241efe78b16b327abff5fe2ebc4a63439994ce3b96b59d334ba5cd005dbef6a
large,output/notebook3_gnn_encoder/link_prediction/cora/k10/psi/graphsage_edge_s51.emb,1660910,e165e8e6a718a085622ddffaa31f4c230b05a269f1c90592d5468b6206e65037
large,output/notebook3_gnn_encoder/link_prediction/cora/k10/psi_lambda/graphsage_edge_s42.emb,1661211,17027acfbff6c1698c6865d9a46c7abfaca55c43b58a3bc84f61a8ab64acd6d3
large,output/notebook3_gnn_encoder/link_prediction/cora/k10/psi_lambda/graphsage_edge_s43.emb,1658205,d951f9a51c9ab452b62472b79c02e365662c6c1357f4723610b174a66df283fa
large,output/notebook3_gnn_encoder/link_prediction/cora/k10/psi_lambda/graphsage_edge_s44.emb,1656962,84e51c6317663b01ef1ffbd5dc671098809383f844e541ef0b874d295ec7539f
large,output/notebook3_gnn_encoder/link_prediction/cora/k10/psi_pqnorm/graphsage_edge_s42.emb,1660179,e693d3350a3c96ddb77455cef962966ffde84d6f2f8b0c35c156143ad7762087
large,output/notebook3_gnn_encoder/link_prediction/cora/k10/psi_pqnorm/graphsage_edge_s43.emb,1659119,2fad1bf71378213d5a44008a525657ee0a49e603aa10b693dbd216f8f3936316
large,output/notebook3_gnn_encoder/link_prediction/cora/k10/psi_pqnorm/graphsage_edge_s44.emb,1659341,6150cd2e51fc303de270fe449e7376a178c4c71ca5eb4f394c977ca334204ba3
large,output/notebook3_gnn_encoder/link_prediction/cora/k10/psi_qnorm/graphsage_edge_s42.emb,1660620,9da421c50f223a87f74eb4cc3cd70ed413b6796a895e1da9d8ca96c7182fae13
large,output/notebook3_gnn_encoder/link_prediction/cora/k10/psi_qnorm/graphsage_edge_s43.emb,1658853,821aa2de0bc43122f878df5b36853e64d29d71bf48fc0c8d17383935a6834c8b
large,output/notebook3_gnn_encoder/link_prediction/cora/k10/psi_qnorm/graphsage_edge_s44.emb,1660138,5e828aeb5bf16ed5b35b90119834a07048a56b3249d71a252cb643ab35d273db
large,output/notebook3_gnn_encoder/link_prediction/cora/k10/psi_shift/graphsage_edge_s42.emb,1662362,c83335661bda418d557d2455fa8bc944fcfd7bec3c0f591f65c7cd610bd95315
large,output/notebook3_gnn_encoder/link_prediction/cora/k10/psi_shift/graphsage_edge_s43.emb,1666233,786b226baab09707ab67c2eb01dbf2a4668a68309b56dbd6e080abc9481d4f06
large,output/notebook3_gnn_encoder/link_prediction/cora/k10/psi_shift/graphsage_edge_s44.emb,1662970,d2474b96ffcac8f9818737e63d2e459393958ab741d21567d1e644b1438289c3
large,output/notebook3_gnn_encoder/link_prediction/cora/k10/psi_w_deg/graphsage_edge_s42.emb,1660428,6a8b70e8197b3281b6d1476d65150afcbf57a0424b8a9b6645a3b0a540250184
large,output/notebook3_gnn_encoder/link_prediction/cora/k10/psi_w_deg/graphsage_edge_s43.emb,1656722,698a380a5b4c866fb52db7d9d6b731157a9d3bb7ffb5d5f198305d399f7818cd
large,output/notebook3_gnn_encoder/link_prediction/cora/k10/psi_w_deg/graphsage_edge_s44.emb,1658251,93f798221eb4d6528988dd460d822a897e0383c41e90f25bf01a510fbafa6a21
large,output/notebook3_gnn_encoder/link_prediction/cora/k10/psi_w_delta/graphsage_edge_s42.emb,1659313,9ae3089434b6e1e700ed924aef8e7a7a7d6bb23bd286a13a68440c6f7a1ec99f
large,output/notebook3_gnn_encoder/link_prediction/cora/k10/psi_w_delta/graphsage_edge_s43.emb,1656633,2588bebb6ef4f8b919b22eb0783fd3a42a300671e7ac8ff8b1915ad46af03cbe
large,output/notebook3_gnn_encoder/link_prediction/cora/k10/psi_w_delta/graphsage_edge_s44.emb,1658329,8a234e2da0ddec7a701c4e529a8aaed1cdd72db9ad0b156a9b89ff771307fcda
large,output/notebook3_gnn_encoder/link_prediction/cora/k10/psi_w_ev/graphsage_edge_s42.emb,1660250,d359f9def1c2f29ef07c74ca87b8d68bdced981a90738ccbb9bc0447d94411d0
large,output/notebook3_gnn_encoder/link_prediction/cora/k10/psi_w_ev/graphsage_edge_s43.emb,1660620,2a1e1b237cc4d28e664d6be923b82999b35cc1f0f31b9f8042c88f6db39d04a8
large,output/notebook3_gnn_encoder/link_prediction/cora/k10/psi_w_ev/graphsage_edge_s44.emb,1659299,a4bed321a97e37f072004b45257597d13a9b13cbf5a0a7f5703c0b335eff4715
large,output/notebook3_gnn_encoder/link_prediction/cora_full/k10/centrality/gatv2_edge_s42.emb,12147683,5a0c1244a38eb582e7cf9beac7130814f2933e6884bafd598d9368970f5ca70d
large,output/notebook3_gnn_encoder/link_prediction/cora_full/k10/centrality/gatv2_edge_s43.emb,12128435,f70c318cf22d4dd233472e3473d9d95c47b1be17f79a0eb78ccc46f83e761f45
large,output/notebook3_gnn_encoder/link_prediction/cora_full/k10/centrality/gatv2_edge_s44.emb,12177133,e797657e8d2b4c05a30d0ae3fb5b04449c0bed566b1d0db28f14c9a72a2495b7
large,output/notebook3_gnn_encoder/link_prediction/cora_full/k10/centrality/graphsage_edge_s42.emb,12148287,9d828ff08c684a3797cb101558432fb14a07d0fb24c182cafc37a1081f20605f
large,output/notebook3_gnn_encoder/link_prediction/cora_full/k10/centrality/graphsage_edge_s43.emb,12173990,5dfe43d363c96c80f6f20df60da05c5b6c0cadcad7bb466a97b40a1d0da0b068
large,output/notebook3_gnn_encoder/link_prediction/cora_full/k10/centrality/graphsage_edge_s44.emb,12147811,5ab94ebf47b77234f597b53e735837f4f9fbea48f6960d5af5b2ab70eaf88816
large,output/notebook3_gnn_encoder/link_prediction/cora_full/k10/degree/gatv2_edge_s42.emb,12158433,9e4510bf25be171122b3d2d369f4e515a7f9ba4c07d924b5385f02606d60c700
large,output/notebook3_gnn_encoder/link_prediction/cora_full/k10/degree/gatv2_edge_s43.emb,12152525,8b2c6f553491ed4660b42d41a60c3129854355ef46efd82613775e1e14a0244d
large,output/notebook3_gnn_encoder/link_prediction/cora_full/k10/degree/gatv2_edge_s44.emb,12151960,4ac8223d0fa8e405d576470a887d345e2df2db644a3af616abbf692ff5de0e14
large,output/notebook3_gnn_encoder/link_prediction/cora_full/k10/degree/graphsage_edge_s42.emb,12136089,900359fb4ae0af6d93882629d9ac1350843739713c37f73bf93e23c725f1a5d8
large,output/notebook3_gnn_encoder/link_prediction/cora_full/k10/degree/graphsage_edge_s43.emb,12142900,8e77ea043c6d01368563ae000a6d8f67b7d505f5c544604428449bf3b4cfaac4
large,output/notebook3_gnn_encoder/link_prediction/cora_full/k10/degree/graphsage_edge_s44.emb,12178152,dc8b68ea0a5db3afb7a09cd819b0c04adf0abc517910660dbb096030933c669a
large,output/notebook3_gnn_encoder/link_prediction/cora_full/k10/hybrid/gatv2_edge_s42.emb,12135225,76381f2462ea9033bdee350deeae6ea0d9af591da994c27f9980b9e55e28a6e0
large,output/notebook3_gnn_encoder/link_prediction/cora_full/k10/hybrid/gatv2_edge_s43.emb,12131744,b7d081d34b34f85d07485047ba4d043b6dc755538893daa2778136aaa8a4569d
large,output/notebook3_gnn_encoder/link_prediction/cora_full/k10/hybrid/gatv2_edge_s44.emb,12169022,8c5e5c17e98d100638fcf27278048da186a550954bcd4696ce672d7db8d32b75
large,output/notebook3_gnn_encoder/link_prediction/cora_full/k10/hybrid/graphsage_edge_s42.emb,12126888,38bdcda6adfd9488ea04b312dbd47b1810823268fbeeed1b857e8466282ba969
large,output/notebook3_gnn_encoder/link_prediction/cora_full/k10/hybrid/graphsage_edge_s43.emb,12140234,226be5d1798a79802b7898a0db09b4d9596fd0e5ecb19014fe7ec2f8c31c3039
large,output/notebook3_gnn_encoder/link_prediction/cora_full/k10/hybrid/graphsage_edge_s44.emb,12173063,4d926eadb4cfe27341965b0d0fcb1a5bd254c3460a9520c530e5067b0cf306bc
large,output/notebook3_gnn_encoder/link_prediction/cora_full/k10/hybrid_centrality/gatv2_edge_s42.emb,12169858,588e921d5ad0fe88ae8e59728a1f257a98a0a4fa71f908b02e24bf44f202aef9
large,output/notebook3_gnn_encoder/link_prediction/cora_full/k10/hybrid_centrality/gatv2_edge_s43.emb,12172736,0918598e6108fd1e5c4bc129102ad7139588e7ad0434c074f7900a2eb4124a29
large,output/notebook3_gnn_encoder/link_prediction/cora_full/k10/hybrid_centrality/gatv2_edge_s44.emb,12220307,e344de65785858603a1e808d556b2d1ea6df9ad2736a004d43038a704677f902
large,output/notebook3_gnn_encoder/link_prediction/cora_full/k10/hybrid_centrality/graphsage_edge_s42.emb,12134023,e8deeccdaa955aff18a33a9d7e4fb2ce7ac1f9c49b1cb4e97c7c61ae6c5707c4
large,output/notebook3_gnn_encoder/link_prediction/cora_full/k10/hybrid_centrality/graphsage_edge_s43.emb,12157576,3fa7247ab921a741fb39a64e4d67cdb54ae57c2f003dcc1dbeb09cb3a0a3505d
large,output/notebook3_gnn_encoder/link_prediction/cora_full/k10/hybrid_centrality/graphsage_edge_s44.emb,12166290,9c340445ef1f190c80c29a265039f4e0ca0c80fbd4199da436ebe3dccc0697da
large,output/notebook3_gnn_encoder/link_prediction/cora_full/k10/hybrid_degree/gatv2_edge_s42.emb,12176832,8d1de371fb437cba2d3c7ae301622b20ae46b7cd6c74558f4901f150b635eec0
large,output/notebook3_gnn_encoder/link_prediction/cora_full/k10/hybrid_degree/gatv2_edge_s43.emb,12129821,371a6717827284f453b2201f3235fda0d2c818cdc312e5141ac74e5a745e361f
large,output/notebook3_gnn_encoder/link_prediction/cora_full/k10/hybrid_degree/gatv2_edge_s44.emb,12144848,aaddb8171ba5b9db13172c89fe6354f89e4ab4e79163cf4a40f7c712ec5a2a8f
large,output/notebook3_gnn_encoder/link_prediction/cora_full/k10/hybrid_degree/graphsage_edge_s42.emb,12148145,9a92c0d0fec92221ad91b7a08dad0a1deaa832750b45643d5780afc74d78052f
large,output/notebook3_gnn_encoder/link_prediction/cora_full/k10/hybrid_degree/graphsage_edge_s43.emb,12144203,8f2ac3c3977781770379d4f8823bdc89fee786a1ab73dc5fd7e682c9fb692d48
large,output/notebook3_gnn_encoder/link_prediction/cora_full/k10/hybrid_degree/graphsage_edge_s44.emb,12166292,bbd96e7757c3ab7235e0671669d81a047a15bf27a1d5426178bac6869855bbc3
large,output/notebook3_gnn_encoder/link_prediction/cora_full/k10/original/gatv2_edge_s42.emb,12184613,75be483cba30b38d62ebcf45a3ad640bc720df716efab6596fe9200b6e74020d
large,output/notebook3_gnn_encoder/link_prediction/cora_full/k10/original/gatv2_edge_s43.emb,12188739,7c576943d1db585db932126a6366a4a6cbc0c57e376738c7d2cf459adace7678
large,output/notebook3_gnn_encoder/link_prediction/cora_full/k10/original/gatv2_edge_s44.emb,12141228,c9a3bf2e905582ac2bb42cd0f7916fc4f2d898de61a507dad6eda56fb9b8dbd5
large,output/notebook3_gnn_encoder/link_prediction/cora_full/k10/original/graphsage_edge_s42.emb,12147726,79905e0e25ea7a28d0b5976ef3663e46aad2dd37452f5f95f029fd98ca3db6b9
large,output/notebook3_gnn_encoder/link_prediction/cora_full/k10/original/graphsage_edge_s43.emb,12157254,03e2193165d3c722b6e76a34b3c12bfa8e12d580306f09438f5de9b22cc1e917
large,output/notebook3_gnn_encoder/link_prediction/cora_full/k10/original/graphsage_edge_s44.emb,12155769,ffb646612f0a905970b0e9c66b4ca2f739b1cad6b0ad109ddd46c1a22fa50010
large,output/notebook3_gnn_encoder/link_prediction/cora_full/k10/psi/gatv2_edge_s42.emb,12154083,f2e093a52048d3f59c5bcf64cd4e2f6c8ede137162484344336931ff2d82a26b
large,output/notebook3_gnn_encoder/link_prediction/cora_full/k10/psi/gatv2_edge_s43.emb,12168967,7434f909810b5dcb88eb21c7750d8610f0e502046f80407ce4ae5f3ef79ffb97
large,output/notebook3_gnn_encoder/link_prediction/cora_full/k10/psi/gatv2_edge_s44.emb,12147713,1c640ebb0715600b5b8795b05e91f84ac9281a33de02a1e297e2c73411413c9c
large,output/notebook3_gnn_encoder/link_prediction/cora_full/k10/psi/graphsage_edge_s42.emb,12138169,290f35c2f2f0d4edb4983f4985ff488bf26af7fecba820917da1b1fe7d40dd3f
large,output/notebook3_gnn_encoder/link_prediction/cora_full/k10/psi/graphsage_edge_s43.emb,12122423,3117b3520e4c21d46362c124d872326702c4b28fdf21cf600e9c42b08f661240
large,output/notebook3_gnn_encoder/link_prediction/cora_full/k10/psi/graphsage_edge_s44.emb,12155673,eaa96e502f34d0a74a410f7ae3c3c50984781f2aeaa4492c77f88702230304e2
large,output/notebook3_gnn_encoder/link_prediction/cora_ml/k10/centrality/graphsage_edge_s42.emb,1836649,2515eccc73ac8b2f368cf6fbd111be71640ca8a5adfb5d4e3b349971bf5e51d7
large,output/notebook3_gnn_encoder/link_prediction/cora_ml/k10/centrality/graphsage_edge_s43.emb,1837180,14365bc5149b4c94443056f4dda2ad93ae80d8cdcaa1455150d4e4f449eea8b5
large,output/notebook3_gnn_encoder/link_prediction/cora_ml/k10/centrality/graphsage_edge_s44.emb,1835468,c8f36c66b7b1b344ec12ac87ef3f390c53571d1919b35c5707204057ef13567e
large,output/notebook3_gnn_encoder/link_prediction/cora_ml/k10/centrality/graphsage_edge_s45.emb,1828852,87277939613343159c562b2d4c86fb96f6289086eeb159b4bbb07e5898cfd580
large,output/notebook3_gnn_encoder/link_prediction/cora_ml/k10/centrality/graphsage_edge_s46.emb,1835502,216d0215ecde607519af11e7db27a3e54f702af9677b638514a8d40881c83665
large,output/notebook3_gnn_encoder/link_prediction/cora_ml/k10/centrality/graphsage_edge_s47.emb,1840836,871dcaa9c78a9580a038849147a7c6a9ee1e76c078ad9955c6a98ee2d4903521
large,output/notebook3_gnn_encoder/link_prediction/cora_ml/k10/degree/graphsage_edge_s42.emb,1833221,a415e38c5dcac327fc05f596440355e90ffd02137ae16d97028de629679fc425
large,output/notebook3_gnn_encoder/link_prediction/cora_ml/k10/degree/graphsage_edge_s43.emb,1835413,4a44f947df24148303322588c1bb8d389b4dbc88deaf1d9bc9aa8f784641e1b1
large,output/notebook3_gnn_encoder/link_prediction/cora_ml/k10/degree/graphsage_edge_s44.emb,1837614,90821f50687cda0976728bbae7e34191e5604276ae54f77dd8333fc26b3604bb
large,output/notebook3_gnn_encoder/link_prediction/cora_ml/k10/degree/graphsage_edge_s45.emb,1829533,294cc371889e38c557e44b1551806e7bed557d531a56955d4fb643f1745eca71
large,output/notebook3_gnn_encoder/link_prediction/cora_ml/k10/degree/graphsage_edge_s46.emb,1836912,3b3c7a59fdbbe40e17c8795b8bf02f0ce295baadd4ee18eb9cfe4a4e3b72450b
large,output/notebook3_gnn_encoder/link_prediction/cora_ml/k10/degree/graphsage_edge_s47.emb,1835066,94703c12e306c55acd18aeb621142a118991df5dbe513c1d0dc3078a8819c839
large,output/notebook3_gnn_encoder/link_prediction/cora_ml/k10/hybrid/graphsage_edge_s42.emb,1835872,5e90021d25e3e8255a0ab317d09d0b21b9e1acfa1cefeb6441a6e1011083275d
large,output/notebook3_gnn_encoder/link_prediction/cora_ml/k10/hybrid/graphsage_edge_s43.emb,1834446,2d8ab23a78ba27a1e68c7263b5c851a92ab4a15237458b054f6bd6d87498b5f7
large,output/notebook3_gnn_encoder/link_prediction/cora_ml/k10/hybrid/graphsage_edge_s44.emb,1838443,83b666844b75ab44b67e0f1b2912be6e8631b5201a7815aa0d29b041ea4f5ebc
large,output/notebook3_gnn_encoder/link_prediction/cora_ml/k10/hybrid/graphsage_edge_s45.emb,1833722,ccee9051da5d87f3cc70cff9fc28ba47bae392f9e7a00d1cbf58ff81256b58fd
large,output/notebook3_gnn_encoder/link_prediction/cora_ml/k10/hybrid/graphsage_edge_s46.emb,1830800,ae3ee32223be9650a8a6f35aebc671da4c185814bed8abfbd595c02628b1716d
large,output/notebook3_gnn_encoder/link_prediction/cora_ml/k10/hybrid/graphsage_edge_s47.emb,1836719,ebfc623a376789e6a7f50821db560e82f3033d165048423f6f6b53fa8da6c877
large,output/notebook3_gnn_encoder/link_prediction/cora_ml/k10/hybrid_centrality/graphsage_edge_s42.emb,1834759,7a6d8ce487963ae921cf1142005e65780f11b04e31caee3eea73a2b2814c0986
large,output/notebook3_gnn_encoder/link_prediction/cora_ml/k10/hybrid_centrality/graphsage_edge_s43.emb,1838584,504ba6d125d6646def385db1624fb293b18c70d7a70babd31f2143be5138f67f
large,output/notebook3_gnn_encoder/link_prediction/cora_ml/k10/hybrid_centrality/graphsage_edge_s44.emb,1838528,cbe78939b2a060d786472558a67d57dd02584616e996227460643a09e3f9c296
large,output/notebook3_gnn_encoder/link_prediction/cora_ml/k10/hybrid_centrality/graphsage_edge_s45.emb,1829824,717fc20dd5802b753e0cdbab3ba261dd7ea8fe44227545c953a8f6c23a21b655
large,output/notebook3_gnn_encoder/link_prediction/cora_ml/k10/hybrid_centrality/graphsage_edge_s46.emb,1832021,680eaaa79b3ceac2912850ffb5f03b245ea21a54138e0e31463c734c8ae7e5f6
large,output/notebook3_gnn_encoder/link_prediction/cora_ml/k10/hybrid_centrality/graphsage_edge_s47.emb,1838670,289d4e43c118c5409a34e54f8e1efbd6ab0ef839c0962087b72feb62615c31a0
large,output/notebook3_gnn_encoder/link_prediction/cora_ml/k10/hybrid_degree/graphsage_edge_s42.emb,1837142,f81c8daf7cedbedb9ce6e1bdb4061e80b3874fed767364fc651369b70fae7da0
large,output/notebook3_gnn_encoder/link_prediction/cora_ml/k10/hybrid_degree/graphsage_edge_s43.emb,1834795,c73f0f5efbce7678c5fbc675a7e6e9308f10c78b2bab295fd3b314c74b535d11
large,output/notebook3_gnn_encoder/link_prediction/cora_ml/k10/hybrid_degree/graphsage_edge_s44.emb,1838645,a58512977d067aba36babf75a568e2f441fc278d4be9c884a257d7dd8d188f4c
large,output/notebook3_gnn_encoder/link_prediction/cora_ml/k10/hybrid_degree/graphsage_edge_s45.emb,1830207,5285597964bbe7126fcc29f5f832763d434388fad809a38c64abdffd9c96d1a8
large,output/notebook3_gnn_encoder/link_prediction/cora_ml/k10/hybrid_degree/graphsage_edge_s46.emb,1838911,8aaa05b68b933db8e4a59db950a469def555f6635a6bcc03e4cc2879e3525b8b
large,output/notebook3_gnn_encoder/link_prediction/cora_ml/k10/hybrid_degree/graphsage_edge_s47.emb,1833158,91ccaf5287e00e8b06146c252ba903642db9a1fdf4a86bcc96535e6601149ba2
large,output/notebook3_gnn_encoder/link_prediction/cora_ml/k10/original/graphsage_edge_s42.emb,1836803,1eabe9782f73140d3f31d38a91855c0540503ab9c924f557d278429bdbfd4770
large,output/notebook3_gnn_encoder/link_prediction/cora_ml/k10/original/graphsage_edge_s43.emb,1835951,2a1415902d7b607cc64d55e0552deeca76c80abd787f462dcedfcebc7b8f114b
large,output/notebook3_gnn_encoder/link_prediction/cora_ml/k10/original/graphsage_edge_s44.emb,1838700,976c3ce4f6715da1ca4dead583132fecc15acd39945e1ae0ba9130307cb41ae0
large,output/notebook3_gnn_encoder/link_prediction/cora_ml/k10/original/graphsage_edge_s45.emb,1831353,908202bde0482679585a13c68485874a7c984b63d9bc0b2c180ae66d4f6237e9
large,output/notebook3_gnn_encoder/link_prediction/cora_ml/k10/original/graphsage_edge_s46.emb,1835619,fe5d0ef972d83509ae779d7f1e77c8f59a335a35ce7688d2055cdac92bdf5cde
large,output/notebook3_gnn_encoder/link_prediction/cora_ml/k10/original/graphsage_edge_s47.emb,1835284,3ccee757a957311649ee68fd615ee2f17fb83af2be258908bf4fac39ee4f8e0e
large,output/notebook3_gnn_encoder/link_prediction/cora_ml/k10/psi/graphsage_edge_s42.emb,1835337,e4e72e7cb03cfb2ac6f4127d659715820d947a2ca5208ee1bbb6f360b803f9f8
large,output/notebook3_gnn_encoder/link_prediction/cora_ml/k10/psi/graphsage_edge_s43.emb,1835660,87cc2f3ef94b3f5470e82439a66ec20e718eac5d8f340fb060a3936f402353a8
large,output/notebook3_gnn_encoder/link_prediction/cora_ml/k10/psi/graphsage_edge_s44.emb,1835284,6eb3a58b99cfa3904ac315b1dbc4c12326d497012cc842dd259ebbf09af5766d
large,output/notebook3_gnn_encoder/link_prediction/cora_ml/k10/psi/graphsage_edge_s45.emb,1829467,76fb7e0f61e7a57c54ce2cfa605dece66f54cb6359ff4c1986dd2f79354107d4
large,output/notebook3_gnn_encoder/link_prediction/cora_ml/k10/psi/graphsage_edge_s46.emb,1834129,692b893054faea8af67b112379fd6055144443131abfd0ac0e7a04ee01ee0ebc
large,output/notebook3_gnn_encoder/link_prediction/cora_ml/k10/psi/graphsage_edge_s47.emb,1839329,c161ee580f399a1108d5282ac5c0a09d5769db1e3faf53f1a543c3c7b0e3f2f5
large,output/notebook3_gnn_encoder/link_prediction/cornell5/k10/centrality/gatv2_edge_s42.emb,11457335,f65a705045a3839aa2f940a0827e10638de8d41cee93563c7d57fad3a6d11d19
large,output/notebook3_gnn_encoder/link_prediction/cornell5/k10/centrality/gatv2_edge_s43.emb,11455844,78284306e904e971a57fb70deeb7bbd14196be89f5921b8767b30d0b0e8e298a
large,output/notebook3_gnn_encoder/link_prediction/cornell5/k10/centrality/gatv2_edge_s44.emb,11453262,469d8c178710c5ce5b51ec1e2c94c1caefd7912f23dbab92f060989429336a3a
large,output/notebook3_gnn_encoder/link_prediction/cornell5/k10/centrality/graphsage_edge_s42.emb,11448207,b7597253b808bef8ec3f20c31ff0bdeb29ee33f0b442afc458648205e53b6faa
large,output/notebook3_gnn_encoder/link_prediction/cornell5/k10/centrality/graphsage_edge_s43.emb,11456787,773803571e3822e9e6cc8f46d2b89c813282569f0447dde28dc337b5638fcaa1
large,output/notebook3_gnn_encoder/link_prediction/cornell5/k10/centrality/graphsage_edge_s44.emb,11449161,9f9697298d5f2f8b7b9f40b6fa6cb8d79402eec4b036e173cf89b97d5c0aeecc
large,output/notebook3_gnn_encoder/link_prediction/cornell5/k10/centrality/graphsage_edge_s45.emb,11422615,10887424d6ef621260ce074c69592e0275496caa15e0cff22bf350fdc14d1c90
large,output/notebook3_gnn_encoder/link_prediction/cornell5/k10/centrality/graphsage_edge_s46.emb,11452878,4795d4b50276c8730f3202134588f851ddbdad8ddaa971331e8f2962fd4ae8ca
large,output/notebook3_gnn_encoder/link_prediction/cornell5/k10/centrality/graphsage_edge_s47.emb,11458702,e33840c9e53ce78d4d574dde9ebd2fff9237d71b0d45f558cbbee5c9381479c3
large,output/notebook3_gnn_encoder/link_prediction/cornell5/k10/centrality/graphsage_edge_s48.emb,11451634,cfe1db9670736a07040107260c93771b6de4056f5db1af70c08e9bbd5dfe01a3
large,output/notebook3_gnn_encoder/link_prediction/cornell5/k10/centrality/graphsage_edge_s49.emb,11446756,58523e3afc2db881994345b9d40447bbac7ab4f335ac79ebc4ee56d327f0547d
large,output/notebook3_gnn_encoder/link_prediction/cornell5/k10/centrality/graphsage_edge_s50.emb,11436729,246245cbdd24f898b191b596273c097c683b69417e96381e4e4b50d24351afe8
large,output/notebook3_gnn_encoder/link_prediction/cornell5/k10/centrality/graphsage_edge_s51.emb,11432278,b23b204e97ae45ca06baa6f3ba99422447a5ee90f60e948efb5d06dd7c3747b3
large,output/notebook3_gnn_encoder/link_prediction/cornell5/k10/degree/gatv2_edge_s42.emb,11464508,77a4a3c280b69e6057f0498368da5b5f3cac7203b1000173c04aef771621df54
large,output/notebook3_gnn_encoder/link_prediction/cornell5/k10/degree/gatv2_edge_s43.emb,11447895,cd7fb53a19ee6b4047fce208e03af25ce8289b19114715b2919e649644a2d811
large,output/notebook3_gnn_encoder/link_prediction/cornell5/k10/degree/gatv2_edge_s44.emb,11435901,204603a58875dfb7ec63086edac20c6c90e400112d95cc92bc2748c6acd78268
large,output/notebook3_gnn_encoder/link_prediction/cornell5/k10/degree/graphsage_edge_s42.emb,11453221,02884c2a316b626342be474e73b47f5b90ca80248f9c7c33b8810d75eb0beb25
large,output/notebook3_gnn_encoder/link_prediction/cornell5/k10/degree/graphsage_edge_s43.emb,11446639,9e7085090798b70cdf6e53b4a69d19fffdb2ab653202b51220c5570f67189609
large,output/notebook3_gnn_encoder/link_prediction/cornell5/k10/degree/graphsage_edge_s44.emb,11450189,ec50f4359126c8f07689d1e5cb431bd80a993c0cc39bc41f8827829bd2483d08
large,output/notebook3_gnn_encoder/link_prediction/cornell5/k10/degree/graphsage_edge_s45.emb,11428260,215b6f42caf0d247c0a010c74427a09dc159c9f9b86c24f90ecb2bdaaee0d2f8
large,output/notebook3_gnn_encoder/link_prediction/cornell5/k10/degree/graphsage_edge_s46.emb,11453295,d4ef053d92ef9e9782ce44aa2a83867793dc6c94cddfe168bba9938010cf9ebb
large,output/notebook3_gnn_encoder/link_prediction/cornell5/k10/degree/graphsage_edge_s47.emb,11449180,028a7418a4060b5967d6736232b474ab787841504a71889c73c8524ba921cd11
large,output/notebook3_gnn_encoder/link_prediction/cornell5/k10/degree/graphsage_edge_s48.emb,11466472,ecab7181c462e86c9a6905aab57fc0c4e02257bac4dfd6ee5e09f3e97ba9d5e4
large,output/notebook3_gnn_encoder/link_prediction/cornell5/k10/degree/graphsage_edge_s49.emb,11444851,5226ea788fa3fbf8120ec5dd74cead3a40f48d7354feb5f44fd9f99d93896d63
large,output/notebook3_gnn_encoder/link_prediction/cornell5/k10/degree/graphsage_edge_s50.emb,11428050,db8de7bad80320b2d4b188f06ddb4360fcbc32c01efdefa0460e8c796e49574f
large,output/notebook3_gnn_encoder/link_prediction/cornell5/k10/degree/graphsage_edge_s51.emb,11419659,47363c5d987a94c4ae13814a6009d62c25af12247abb0f8658dfa6bbcab086fa
large,output/notebook3_gnn_encoder/link_prediction/cornell5/k10/hybrid/gatv2_edge_s42.emb,11471819,de5511c629aa55031414e19cc60ce3a9bcefa9599f8b64116fdd866ecfec28a1
large,output/notebook3_gnn_encoder/link_prediction/cornell5/k10/hybrid/gatv2_edge_s43.emb,11448306,2bac0387974668bbb7e04e6311e2b277baf14e08eae7de51818d73454b532906
large,output/notebook3_gnn_encoder/link_prediction/cornell5/k10/hybrid/gatv2_edge_s44.emb,11431126,031bdf376c8171b4b2368a22c4d0a2bbc4c8382dd6e79aae31e747518e2449ae
large,output/notebook3_gnn_encoder/link_prediction/cornell5/k10/hybrid/graphsage_edge_s42.emb,11475317,0c47d362764ee7b719956c1a33a732ab6d8833e9caff6d475b18b06ec711f134
large,output/notebook3_gnn_encoder/link_prediction/cornell5/k10/hybrid/graphsage_edge_s43.emb,11454298,7613e4a065c20b85109f0f57899d85faf6032f6314d3fe5c2720ae9316e8cfa3
large,output/notebook3_gnn_encoder/link_prediction/cornell5/k10/hybrid/graphsage_edge_s44.emb,11458276,e47ef064fd3e8e942eb0aa1ec59572ac920efadb1b179967633dbcc262c67ff2
large,output/notebook3_gnn_encoder/link_prediction/cornell5/k10/hybrid/graphsage_edge_s45.emb,11454333,4c3c20f22ef472122f845d0e585e60039be46a94adf85a0d9d3c33ebcb030faa
large,output/notebook3_gnn_encoder/link_prediction/cornell5/k10/hybrid/graphsage_edge_s46.emb,11449307,3ce0afde5db08cd7582e9ba3a684af6f0e967a6918fcce1841cef5f15605cf4c
large,output/notebook3_gnn_encoder/link_prediction/cornell5/k10/hybrid/graphsage_edge_s47.emb,11435890,143fc85fb54dd859bbbffda1b4e76e0df717f29d958d5ae81be62904906bad30
large,output/notebook3_gnn_encoder/link_prediction/cornell5/k10/hybrid/graphsage_edge_s48.emb,11447671,0182deca516dea930bd7ca730e687f742366a29cd11acc0361e5b14e44d91656
large,output/notebook3_gnn_encoder/link_prediction/cornell5/k10/hybrid/graphsage_edge_s49.emb,11450552,b199040e2c45e61457b0724b19b80b12c5d509756ed37900f4dae099db04cffe
large,output/notebook3_gnn_encoder/link_prediction/cornell5/k10/hybrid/graphsage_edge_s50.emb,11441234,8c724cfda180023cb73ef62ba96209fb8147c13fde1d8a4d691e22a42d4b88c6
large,output/notebook3_gnn_encoder/link_prediction/cornell5/k10/hybrid/graphsage_edge_s51.emb,11448289,c3e08ca6fda647cf9afd9cbbbd11cb31e68a46d0d6b0f8f3a37297759aaa3184
large,output/notebook3_gnn_encoder/link_prediction/cornell5/k10/hybrid_centrality/gatv2_edge_s42.emb,11475436,e919d9e2ed516205dda17a31881d83bcc542f5f83a434b15eed557a989bccf18
large,output/notebook3_gnn_encoder/link_prediction/cornell5/k10/hybrid_centrality/gatv2_edge_s43.emb,11455433,53ea98847a1f4b1eba7ffaf3045ff6c9dba740b424d35c4d424579d57a5d840a
large,output/notebook3_gnn_encoder/link_prediction/cornell5/k10/hybrid_centrality/gatv2_edge_s44.emb,11426912,5c76528fc9327c41775075747392a5c9d5d8c8599bea5ba8ac930b73b7303b63
large,output/notebook3_gnn_encoder/link_prediction/cornell5/k10/hybrid_centrality/graphsage_edge_s42.emb,11474507,029c5900ba5d07317e2a5bf4a92459ca72b5d6e1221d83809785438ebd1d09e6
large,output/notebook3_gnn_encoder/link_prediction/cornell5/k10/hybrid_centrality/graphsage_edge_s43.emb,11456230,2d8a67594c303e7a59ec2c0eb42b898764c1de634682fed60a53fd3bd51ef888
large,output/notebook3_gnn_encoder/link_prediction/cornell5/k10/hybrid_centrality/graphsage_edge_s44.emb,11457808,49fa3a5dd4a76b32be0770fd382bc888f1c05561608aa4a1b762d3db7f6b7018
large,output/notebook3_gnn_encoder/link_prediction/cornell5/k10/hybrid_centrality/graphsage_edge_s45.emb,11449865,da237ef4c20d7b6b5d8856ae5c297a5c2bb353c135f8bfd1b9f1b0610db23406
large,output/notebook3_gnn_encoder/link_prediction/cornell5/k10/hybrid_centrality/graphsage_edge_s46.emb,11452421,0e00f4de6dedaf16765a0945989292632d8928f2c74d403d4cb6df62ce874415
large,output/notebook3_gnn_encoder/link_prediction/cornell5/k10/hybrid_centrality/graphsage_edge_s47.emb,11443500,80d4bdaa1fba8cfe66ba766cdf7676b1a3e8fc41e09683264b526422a90302cc
large,output/notebook3_gnn_encoder/link_prediction/cornell5/k10/hybrid_centrality/graphsage_edge_s48.emb,11457727,f69abed87b1373da353dd9ef12c950a5c58ee480c376c2063181b31dce821cf1
large,output/notebook3_gnn_encoder/link_prediction/cornell5/k10/hybrid_centrality/graphsage_edge_s49.emb,11460040,adf299394eb5f2a6db3a5c31c29e9cde77069b1ba2b2c89827b6ec54329383c1
large,output/notebook3_gnn_encoder/link_prediction/cornell5/k10/hybrid_centrality/graphsage_edge_s50.emb,11447535,4c0fc664621864cae8e7980f9dcfdd09871d3689e183211bd042f204bf3e0f4d
large,output/notebook3_gnn_encoder/link_prediction/cornell5/k10/hybrid_centrality/graphsage_edge_s51.emb,11452549,86a4ddd231b65c3fa487494b55fe65e1237b4a4190ff31028ce45a3d9e211e4a
large,output/notebook3_gnn_encoder/link_prediction/cornell5/k10/hybrid_degree/gatv2_edge_s42.emb,11479808,0543185a5cf73762ce8146dee9391eff616110c7e0ffe2a29029530b2fe7cc0a
large,output/notebook3_gnn_encoder/link_prediction/cornell5/k10/hybrid_degree/gatv2_edge_s43.emb,11447701,1426ebd85b96391e5df68b9ffe95f60dff72b594498dcf6dae61990b73fe4a6e
large,output/notebook3_gnn_encoder/link_prediction/cornell5/k10/hybrid_degree/gatv2_edge_s44.emb,11440683,a7f2f531a1616d0f7990cad90c59900a404e5f753ccb8119020ca090c209933a
large,output/notebook3_gnn_encoder/link_prediction/cornell5/k10/hybrid_degree/graphsage_edge_s42.emb,11468956,0dab3807c9def72a4723178c96b79093914d12f0c909a46be5be4d433af50c51
large,output/notebook3_gnn_encoder/link_prediction/cornell5/k10/hybrid_degree/graphsage_edge_s43.emb,11458588,68f0237b784b4d1adce7c93594a977c95f5f1de6dc54228bcf6bf2e62807a861
large,output/notebook3_gnn_encoder/link_prediction/cornell5/k10/hybrid_degree/graphsage_edge_s44.emb,11456678,a3c215abc3396e8aac7783cb004b7100fd01c4e1678e534b5c4183d1e0125480
large,output/notebook3_gnn_encoder/link_prediction/cornell5/k10/hybrid_degree/graphsage_edge_s45.emb,11460189,81b1e0f6a324b9fc4bef66334cb30e3cf13a61375af8fdf4860f56e48bf8247f
large,output/notebook3_gnn_encoder/link_prediction/cornell5/k10/hybrid_degree/graphsage_edge_s46.emb,11448148,9b17c854d0f70b8aed831be3ce572bdab10695743f843af61668aae6415f55e6
large,output/notebook3_gnn_encoder/link_prediction/cornell5/k10/hybrid_degree/graphsage_edge_s47.emb,11434176,2ea041f31eb9c42be97566f9a8c5777c0e30f7f99bf6a45cda2a72d7be0132fb
large,output/notebook3_gnn_encoder/link_prediction/cornell5/k10/hybrid_degree/graphsage_edge_s48.emb,11449770,0a4dfe10f12a6c61fdbd3dad0e8805d4cc3cb1348875052eb79142e8b85ebd1e
large,output/notebook3_gnn_encoder/link_prediction/cornell5/k10/hybrid_degree/graphsage_edge_s49.emb,11456327,8f006fb84ce5d5a9b35701d5ef9a4cda18b684b14e4cc2e9be2dc63a3aacde34
large,output/notebook3_gnn_encoder/link_prediction/cornell5/k10/hybrid_degree/graphsage_edge_s50.emb,11446006,2de4b1fca59d9206b76bd864c3df02c9d6d59f2e732a764b3a18112e0d34e276
large,output/notebook3_gnn_encoder/link_prediction/cornell5/k10/hybrid_degree/graphsage_edge_s51.emb,11447758,19139cba74317765fa8f782437ac6abaab14af81011ce8ffff22e4740e542191
large,output/notebook3_gnn_encoder/link_prediction/cornell5/k10/original/gatv2_edge_s42.emb,11475970,5f03ca21acfeb65ba6977aec8367dc7a4caa3cae5c6f0fe3a6b31fa64e40e84b
large,output/notebook3_gnn_encoder/link_prediction/cornell5/k10/original/gatv2_edge_s43.emb,11453361,93b5bbe9dbebbcefc091c712640e098a1edb9c379b06ccff44de75d92d43c968
large,output/notebook3_gnn_encoder/link_prediction/cornell5/k10/original/gatv2_edge_s44.emb,11410307,672bfdc06e5dfe55c57306503dcd2027f96c2e2c1f542712a861feca6485fe51
large,output/notebook3_gnn_encoder/link_prediction/cornell5/k10/original/graphsage_edge_s42.emb,11454517,5b0d314d15effd7376565f764bc72a1ff5286bf23c6ed8a531fd27ec1591644c
large,output/notebook3_gnn_encoder/link_prediction/cornell5/k10/original/graphsage_edge_s43.emb,11455647,e2141aa9b2288527dc7684d7b3c05be25f63de44a8be4aca0822f6bc29aaa3b5
large,output/notebook3_gnn_encoder/link_prediction/cornell5/k10/original/graphsage_edge_s44.emb,11457521,02ded8bc97faceab2048b86d9278bb4f2461394efc77ee842328c15a1bff8b30
large,output/notebook3_gnn_encoder/link_prediction/cornell5/k10/original/graphsage_edge_s45.emb,11439625,473da561f68e8a15549927bfe69c44007265148e2fddced0e4454515350099f1
large,output/notebook3_gnn_encoder/link_prediction/cornell5/k10/original/graphsage_edge_s46.emb,11447258,c11f610d31730fcd7707c3a44e07d48d624a2bf885922c072d5596e439685458
large,output/notebook3_gnn_encoder/link_prediction/cornell5/k10/original/graphsage_edge_s47.emb,11440196,526c2bd563b7c962ad2e136ef8fcd7c3d0a0f2ec5e8fac562268162c160040be
large,output/notebook3_gnn_encoder/link_prediction/cornell5/k10/original/graphsage_edge_s48.emb,11447405,8e3bb7af3ffd0ed54204d3e8997ce5c1668150a2e28f0d80fba29305cda3d769
large,output/notebook3_gnn_encoder/link_prediction/cornell5/k10/original/graphsage_edge_s49.emb,11453616,1275cd0a6098f9b260fcd8f5e6dbd5a099e751fc92411b2880c390afa3963c79
large,output/notebook3_gnn_encoder/link_prediction/cornell5/k10/original/graphsage_edge_s50.emb,11452495,2a6db0d3722510a161f63165b072e4eb74844f807cff8503f6520c2eb58d38d7
large,output/notebook3_gnn_encoder/link_prediction/cornell5/k10/original/graphsage_edge_s51.emb,11445414,904a2ca54ba008b3f56163d9c956ac022fc3be48dc2c43086a1c7d972bd00d2e
large,output/notebook3_gnn_encoder/link_prediction/cornell5/k10/psi/gatv2_edge_s42.emb,11455090,83985a81ea9ae0af2ef184afba34f9e42dc77b6b9fe894386125158ce995e3e4
large,output/notebook3_gnn_encoder/link_prediction/cornell5/k10/psi/gatv2_edge_s43.emb,11446662,22938264a79d69302c307e6f097fb2ee5693fc9ab58457eea583c7d86051c605
large,output/notebook3_gnn_encoder/link_prediction/cornell5/k10/psi/gatv2_edge_s44.emb,11448061,a80ad3573f8be1f9b7e7e6a3b525f284d13ba5f57bd4eab2f452f8e7e36bf0a4
large,output/notebook3_gnn_encoder/link_prediction/cornell5/k10/psi/graphsage_edge_s42.emb,11449077,2ac97d5cf29bd36840b40f2f5e0ef2f1b65f2dac7b0f3c32df45b4f54b14f3c1
large,output/notebook3_gnn_encoder/link_prediction/cornell5/k10/psi/graphsage_edge_s43.emb,11443421,5900145336e364ef13c4c062e40671581253533ee69f57d7d205f1495246a00c
large,output/notebook3_gnn_encoder/link_prediction/cornell5/k10/psi/graphsage_edge_s44.emb,11445798,baf031524de8271c85d314e50118a8c41129cd274539ea4480e20f99b2b5d4f7
large,output/notebook3_gnn_encoder/link_prediction/cornell5/k10/psi/graphsage_edge_s45.emb,11438827,896a70d6255844a7f2a9158d66c271bccb7c8eb4ad5aece9e089d89a821f3d9e
large,output/notebook3_gnn_encoder/link_prediction/cornell5/k10/psi/graphsage_edge_s46.emb,11450990,404c97af191b280ed85c79a834f6e91ac55099fcdd588270dc93d65618d370c4
large,output/notebook3_gnn_encoder/link_prediction/cornell5/k10/psi/graphsage_edge_s47.emb,11450122,e0fde2a8bc6305f57941e3bc7a3be8feeca17b3f102d38248fc327ff23515584
large,output/notebook3_gnn_encoder/link_prediction/cornell5/k10/psi/graphsage_edge_s48.emb,11455921,e8766c448505f6653386fb093a99bf52c19c2970eb194955649a8f515591b62d
large,output/notebook3_gnn_encoder/link_prediction/cornell5/k10/psi/graphsage_edge_s49.emb,11453592,ef44873fddbff3fcd2c49cc0d37d14598ab7833dbf5b78253197331a662eb755
large,output/notebook3_gnn_encoder/link_prediction/cornell5/k10/psi/graphsage_edge_s50.emb,11432541,aa833a24c2deb61e2a0c7c912b46d540900b41175e8b815a64840a364fae3895
large,output/notebook3_gnn_encoder/link_prediction/cornell5/k10/psi/graphsage_edge_s51.emb,11423553,ee59b7c794874e7b4900bbf394e8cda81bb323a3a30082de829f43072b1ec2e8
large,output/notebook3_gnn_encoder/link_prediction/cornell5/k10/psi_pqnorm/graphsage_edge_s42.emb,11454700,ae6158eee22bf9dba0b58bcb590365dd89de1ff84e6fc37fb0d1341075fd0678
large,output/notebook3_gnn_encoder/link_prediction/cornell5/k10/psi_pqnorm/graphsage_edge_s43.emb,11447613,05c4a9b4882141604b2c35c6edaf107c1918cf9e707f1fbc3abe0ef4dcfb6f7e
large,output/notebook3_gnn_encoder/link_prediction/cornell5/k10/psi_pqnorm/graphsage_edge_s44.emb,11460411,198f4b3b4731e5f99aa89277fa650cc3186beae1c8929bce2c3f9095c94303f2
large,output/notebook3_gnn_encoder/link_prediction/cornell5/k10/psi_shift/graphsage_edge_s42.emb,11455242,886f8bd80cb39a62bd0480c1ebc765d85c1b6f56576b600bc1c1c753730a9f7f
large,output/notebook3_gnn_encoder/link_prediction/cornell5/k10/psi_shift/graphsage_edge_s43.emb,11458103,3928b20ea5bd0075725965d830a3a794de2c423634bce9dbddb9588701d435ee
large,output/notebook3_gnn_encoder/link_prediction/cornell5/k10/psi_shift/graphsage_edge_s44.emb,11453586,830a2b0750d2e41d2e56cd5e344451b417d813e74e6e4d3680a6ef16531d6213
large,output/notebook3_gnn_encoder/link_prediction/cornell_webkb/k10/centrality/graphsage_edge_s42.emb,112001,1ac3d51a8122ed5b7c15221eed4c7087dd872d72b83c510ebd555785f6247868
large,output/notebook3_gnn_encoder/link_prediction/cornell_webkb/k10/centrality/graphsage_edge_s43.emb,111928,bcf9af112c82c2457e5f73c4ca86884e368e2f50492ca351cb80b5ed9dfcdf9f
large,output/notebook3_gnn_encoder/link_prediction/cornell_webkb/k10/centrality/graphsage_edge_s44.emb,111696,f2f6041e33cdce5b5bd8356e5b1c35d22b7bd1325eb0f16ae2abf396d2c3db98
large,output/notebook3_gnn_encoder/link_prediction/cornell_webkb/k10/degree/graphsage_edge_s42.emb,111943,078cc8184cae531a831c3df794be8d9404fd852c4fb8839eb8936aac98f15a3a
large,output/notebook3_gnn_encoder/link_prediction/cornell_webkb/k10/degree/graphsage_edge_s43.emb,111236,5bf34896da3975174de68a58b5931e78edc9e6ba9e4cdaa7d2617becd76154ee
large,output/notebook3_gnn_encoder/link_prediction/cornell_webkb/k10/degree/graphsage_edge_s44.emb,112090,fa3c734481885cdf4f4666d3b63065b2d01e3e8c4f245ad9088cf01ef89143e4
large,output/notebook3_gnn_encoder/link_prediction/cornell_webkb/k10/hybrid/graphsage_edge_s42.emb,111958,1bf3d3418d427b39c80e1ee329480b857365f9b4e971b839baa0dd4f00969c1a
large,output/notebook3_gnn_encoder/link_prediction/cornell_webkb/k10/hybrid/graphsage_edge_s43.emb,111946,05718e60c613ca177060a116c53340236be2246f1122234f048675cf0125034b
large,output/notebook3_gnn_encoder/link_prediction/cornell_webkb/k10/hybrid/graphsage_edge_s44.emb,112000,33472ddc204e4739e0f0aa6ca70ecbc13ff0681f191c542fec16ef7d6674417f
large,output/notebook3_gnn_encoder/link_prediction/cornell_webkb/k10/hybrid_centrality/graphsage_edge_s42.emb,112339,f34d8e99dc08cb7ab936bfd283b3d3b7cddb1a657d83038ce127db669901a16a
large,output/notebook3_gnn_encoder/link_prediction/cornell_webkb/k10/hybrid_centrality/graphsage_edge_s43.emb,112077,d6457cf8301c82368fe61588209f9a65f4fab2a56f9a61bfacc971d26b894eda
large,output/notebook3_gnn_encoder/link_prediction/cornell_webkb/k10/hybrid_centrality/graphsage_edge_s44.emb,112174,3da6f52f3ebdb0cec3905b31e50e2b9a477806e90c0f93cb256deafb2e4d89d1
large,output/notebook3_gnn_encoder/link_prediction/cornell_webkb/k10/hybrid_degree/graphsage_edge_s42.emb,112004,9bcebfa26a1d5c1e54d8ad579a85accc011f3c89f2c909c2b87414667b6a15a8
large,output/notebook3_gnn_encoder/link_prediction/cornell_webkb/k10/hybrid_degree/graphsage_edge_s43.emb,111625,51434d825b31d7060760217bb6bf046dbf21b877897e06ad0c2bc71e451f9735
large,output/notebook3_gnn_encoder/link_prediction/cornell_webkb/k10/hybrid_degree/graphsage_edge_s44.emb,112072,15a11906e83b86799c54f69d2df84bfd57b0f8f22396a6173971019d2ebc6505
large,output/notebook3_gnn_encoder/link_prediction/cornell_webkb/k10/original/graphsage_edge_s42.emb,112015,790e012cf0ff6f70546aa38a0c31848037a1eedc2f974a2fcdd3e98800ef684c
large,output/notebook3_gnn_encoder/link_prediction/cornell_webkb/k10/original/graphsage_edge_s43.emb,112346,b00166f1b00b0774ebadd2e3a208d06d0cb7d2576c8e01704dc86e14168faba2
large,output/notebook3_gnn_encoder/link_prediction/cornell_webkb/k10/original/graphsage_edge_s44.emb,112227,2dace6163b2f36f42a0ea750d28b66caa4cbcda9f8375259e73085fe066831f0
large,output/notebook3_gnn_encoder/link_prediction/cornell_webkb/k10/psi/graphsage_edge_s42.emb,112065,9e1fcc2c9d6c796f1608a4bdacf5fa2d8c2fe8501f7ba61cc6139305c0ce3c03
large,output/notebook3_gnn_encoder/link_prediction/cornell_webkb/k10/psi/graphsage_edge_s43.emb,111947,2c38dd3c2789da1960f82aa9777d83297dc84c37ea2922a3ca1609d56f490fd7
large,output/notebook3_gnn_encoder/link_prediction/cornell_webkb/k10/psi/graphsage_edge_s44.emb,111947,efe8d45693ad4510b99a69880fda7607dbd95b251ff3d33424206880ac8e0dec
large,output/notebook3_gnn_encoder/link_prediction/crocodile/k10/centrality/gatv2_edge_s42.emb,7149718,583fabe47c6a7cd950505f68c0fd1f37100c9b08ebeeee46475ef41ac733a40a
large,output/notebook3_gnn_encoder/link_prediction/crocodile/k10/centrality/gatv2_edge_s43.emb,7141797,a90ef96a12390771a7dccdb26a102d48cad0fae61d5fc1508a221c4db9b7fe3f
large,output/notebook3_gnn_encoder/link_prediction/crocodile/k10/centrality/gatv2_edge_s44.emb,7133106,e151726ceff0a181b874b80bf17e254074d2bd2ae60fb5235dbe7750d70ebec0
large,output/notebook3_gnn_encoder/link_prediction/crocodile/k10/centrality/graphsage_edge_s42.emb,7137567,17b62241f60e2466bd9ff3515a7ad97c30b6a2122ceeafd5e98cbdd5b497e4dc
large,output/notebook3_gnn_encoder/link_prediction/crocodile/k10/centrality/graphsage_edge_s43.emb,7120044,5bd3758af695fef07c55178bcecde97ea6ebe0b39a36f8de2b99825bcadb2855
large,output/notebook3_gnn_encoder/link_prediction/crocodile/k10/centrality/graphsage_edge_s44.emb,7154940,0f5feb09d61388e2a94819ebf6bfc007042f8b9588a108272ad807aa2408e07f
large,output/notebook3_gnn_encoder/link_prediction/crocodile/k10/degree/gatv2_edge_s42.emb,7133502,672d9e7b36b9c2888b0638cc47c4fc8879035f96859cb24f5b50e65e6713202c
large,output/notebook3_gnn_encoder/link_prediction/crocodile/k10/degree/gatv2_edge_s43.emb,7153238,0d4029a4a4dd83f29165dc19635807b96749929b3190879023a13a4ad60f3817
large,output/notebook3_gnn_encoder/link_prediction/crocodile/k10/degree/gatv2_edge_s44.emb,7116198,8f29d9fc90193173086ac11b48fc2ec5f663fc1cca8b9d79d013ffe320a2a648
large,output/notebook3_gnn_encoder/link_prediction/crocodile/k10/degree/graphsage_edge_s42.emb,7128011,3b0bf78a99ef6002dea5e9ce0348add683b0669045d112a4fc30f54532e41596
large,output/notebook3_gnn_encoder/link_prediction/crocodile/k10/degree/graphsage_edge_s43.emb,7110496,179e5da7b92fb9429bc1727e0984d9276ff9070c1c214941bc14279218adfdb3
large,output/notebook3_gnn_encoder/link_prediction/crocodile/k10/degree/graphsage_edge_s44.emb,7144248,b7ce6b9a7547cd408461d8fbde5e16d59bf3477323cc868cb17ad14fee9b7e0d
large,output/notebook3_gnn_encoder/link_prediction/crocodile/k10/hybrid/gatv2_edge_s42.emb,7169186,9148b8e458b09a7c34617f1fe830ae07eccb88529c518f18958779942e05c792
large,output/notebook3_gnn_encoder/link_prediction/crocodile/k10/hybrid/gatv2_edge_s43.emb,7171126,66373292556235a1cb8837804cba16b6e1ceafa536ba50ccf81700c3187f1f85
large,output/notebook3_gnn_encoder/link_prediction/crocodile/k10/hybrid/gatv2_edge_s44.emb,7150395,18ab9757d4e79857548451832d9db395b526e121a27d1b64100caa9b283a1a6e
large,output/notebook3_gnn_encoder/link_prediction/crocodile/k10/hybrid/graphsage_edge_s42.emb,7147625,09729792860a59dd6d50dc981c6be06cffcea038404f13b2264dc9f64d801350
large,output/notebook3_gnn_encoder/link_prediction/crocodile/k10/hybrid/graphsage_edge_s43.emb,7129365,c9dc3f983b6247092ec1d362675de97d6f9f737ef4ff54577bb449295b417652
large,output/notebook3_gnn_encoder/link_prediction/crocodile/k10/hybrid/graphsage_edge_s44.emb,7143217,77bca7b32912dbf0fc83b102e0e5917cfd02621f999bb1f68d70211d7ce5a06d
large,output/notebook3_gnn_encoder/link_prediction/crocodile/k10/hybrid_centrality/gatv2_edge_s42.emb,7155513,e29ccd7cf40ef751a86d53ded0e993e747bcc8ea3d295b04c37046adcea0621b
large,output/notebook3_gnn_encoder/link_prediction/crocodile/k10/hybrid_centrality/gatv2_edge_s43.emb,7183409,41aa61b814affd1123ea3ec02d2ae4fcc99326000b04582bfea18b57455c511e
large,output/notebook3_gnn_encoder/link_prediction/crocodile/k10/hybrid_centrality/gatv2_edge_s44.emb,7155082,74fcb41bbaf166aee0847380da267ca6798c10a8a69f815fa12d9c09eeca7798
large,output/notebook3_gnn_encoder/link_prediction/crocodile/k10/hybrid_centrality/graphsage_edge_s42.emb,7150822,87424606e43eab26f9eaebc26c4a342870f01aabf2cdc5add505bb1225fa4ab8
large,output/notebook3_gnn_encoder/link_prediction/crocodile/k10/hybrid_centrality/graphsage_edge_s43.emb,7119617,d5260b501d5db3a3c0fb9279a3622576b081c0129d24ba245699d39e3bc40c31
large,output/notebook3_gnn_encoder/link_prediction/crocodile/k10/hybrid_centrality/graphsage_edge_s44.emb,7142671,6d6476407be14c3a467aa9bec549afe2144470076882242ab307c7137e1b9139
large,output/notebook3_gnn_encoder/link_prediction/crocodile/k10/hybrid_degree/gatv2_edge_s42.emb,7153959,987258103513be3b1df5fda904e40b44bad182b92bde721c3dfcfa3c8876f721
large,output/notebook3_gnn_encoder/link_prediction/crocodile/k10/hybrid_degree/gatv2_edge_s43.emb,7171468,17f4c39850b3d979ff11cf4fe34f46c058ffb82234665b48913eccdf3a7654e1
large,output/notebook3_gnn_encoder/link_prediction/crocodile/k10/hybrid_degree/gatv2_edge_s44.emb,7160668,93d30a307a0dd68c8a94a42d3c178c2314785a69ff8336d47a2252d8b66f66cb
large,output/notebook3_gnn_encoder/link_prediction/crocodile/k10/hybrid_degree/graphsage_edge_s42.emb,7153475,60d54561a0324b6c8d7759f59b444a22441bf0aa553e183361726458c5b3e261
large,output/notebook3_gnn_encoder/link_prediction/crocodile/k10/hybrid_degree/graphsage_edge_s43.emb,7129941,b34500624c6f18a7da77959015943cb0353813eb1e06024f36ffc6fcfd2414aa
large,output/notebook3_gnn_encoder/link_prediction/crocodile/k10/hybrid_degree/graphsage_edge_s44.emb,7134501,19e753978ba7c4bfd37540fb6faf858960593f38ebfaad67cfbe4aa2d2d8bf49
large,output/notebook3_gnn_encoder/link_prediction/crocodile/k10/original/gatv2_edge_s42.emb,7180473,b7c9ddca78186394ecaccdfab5252a4836801faa9d0cab8f68f66d301cd79558
large,output/notebook3_gnn_encoder/link_prediction/crocodile/k10/original/gatv2_edge_s43.emb,7214766,9f01308f4fa260d1fc7baac6c5f49a3cf76b57d50ac2a0a6c77f367f75ab2ff6
large,output/notebook3_gnn_encoder/link_prediction/crocodile/k10/original/gatv2_edge_s44.emb,7159866,85959d66c31d0ff868c21d8e11d9e1aa687cd7a619fdc57208a601ba2929ef52
large,output/notebook3_gnn_encoder/link_prediction/crocodile/k10/original/graphsage_edge_s42.emb,7142286,ee073e6de9d3955248c8d08c6fefe241c1b71ef0876ce2a6d6095b40b8a77667
large,output/notebook3_gnn_encoder/link_prediction/crocodile/k10/original/graphsage_edge_s43.emb,7141033,cb4bea421389c5b6a3b6f6e20a3069839f72153ed8049851f3e7723be718bde3
large,output/notebook3_gnn_encoder/link_prediction/crocodile/k10/original/graphsage_edge_s44.emb,7160532,ebe6ad5bf16d1a7b2fa91f41d304e0019861596ed51e82167f6ce1e15936dc6d
large,output/notebook3_gnn_encoder/link_prediction/crocodile/k10/psi/gatv2_edge_s42.emb,7134141,f552c8af85541a54d4740562cc1e767c81125c58ef48ee96c608f1ff12c52cae
large,output/notebook3_gnn_encoder/link_prediction/crocodile/k10/psi/gatv2_edge_s43.emb,7151591,1e10bbfc4006070940b19b5f47fc5a518c3e3c52d6e8af7a20d6f014073e893b
large,output/notebook3_gnn_encoder/link_prediction/crocodile/k10/psi/gatv2_edge_s44.emb,7135203,c1bfcc7bae7f0ee99cc47924f8034ce2a60832ccf12c46825d6391c202439c86
large,output/notebook3_gnn_encoder/link_prediction/crocodile/k10/psi/graphsage_edge_s42.emb,7142238,e6a948e63e7290dfd1d73397628fd14ed9b8f5c3b1aa08e5770443f21634647a
large,output/notebook3_gnn_encoder/link_prediction/crocodile/k10/psi/graphsage_edge_s43.emb,7121217,0b48b868c1ec0e056e337533fe4401a30f7023e39641f21dace8160ebeb05e07
large,output/notebook3_gnn_encoder/link_prediction/crocodile/k10/psi/graphsage_edge_s44.emb,7147552,861e5b81cebbd4a47f0513742658a5c88a60a8cb663ee1fbdbf27a3371afc759
large,output/notebook3_gnn_encoder/link_prediction/dblp/k10/centrality/graphsage_edge_s42.emb,10865033,33fb260e4397a0136c1b7a84ff7ffded854762581d62de8f1fe754f2478deae2
large,output/notebook3_gnn_encoder/link_prediction/dblp/k10/centrality/graphsage_edge_s43.emb,10902073,aad9ec636bc0bec7d3ac871392eb931627db49a56595819cdb64b0078054b03c
large,output/notebook3_gnn_encoder/link_prediction/dblp/k10/centrality/graphsage_edge_s44.emb,10883988,304140541d98da070c969adbf59de5add7c9afc4b5b983707b68575ce63ea6a9
large,output/notebook3_gnn_encoder/link_prediction/dblp/k10/centrality/graphsage_edge_s45.emb,10835941,077536002a9c940fdcd540e0a9ab547aedabdf7cd0decb182f3ff2138d883962
large,output/notebook3_gnn_encoder/link_prediction/dblp/k10/centrality/graphsage_edge_s46.emb,10861658,ec4536817b418f34f301022244b2ae96f76cb22c2c45d4e625e7687b7a96a73b
large,output/notebook3_gnn_encoder/link_prediction/dblp/k10/centrality/graphsage_edge_s47.emb,10900742,44051a694e5b6a8d3d30f95654431ae01dfc4f3aca45c2d3b597af32804875bd
large,output/notebook3_gnn_encoder/link_prediction/dblp/k10/degree/graphsage_edge_s42.emb,10857438,f2591728ed976f65373e9e9712dc3d46c25fd08348bb5e9d7eac47075dc880eb
large,output/notebook3_gnn_encoder/link_prediction/dblp/k10/degree/graphsage_edge_s43.emb,10858928,d674775454b3c4669409d5176de0f2ed47839b6363215973598c9305535b5611
large,output/notebook3_gnn_encoder/link_prediction/dblp/k10/degree/graphsage_edge_s44.emb,10892414,a561fa3f838d8bd79f2fca86c8c8cbc9c62baa20a7eeb61eaa62a77acb92e7a9
large,output/notebook3_gnn_encoder/link_prediction/dblp/k10/degree/graphsage_edge_s45.emb,10834213,08c94bc34aacf0f0a20cf1254d90b385529994120f9aa5e48715caaf8c2f1f5e
large,output/notebook3_gnn_encoder/link_prediction/dblp/k10/degree/graphsage_edge_s46.emb,10869178,47cd2c1a8061f0510a2afb20c5fe7459f87f06c569e6d56ed6d90133af1582d7
large,output/notebook3_gnn_encoder/link_prediction/dblp/k10/degree/graphsage_edge_s47.emb,10869574,48ff6295a266f63c5d0358219d088165f6cb389eda72b9872c5acf242add2e9d
large,output/notebook3_gnn_encoder/link_prediction/dblp/k10/hybrid/graphsage_edge_s42.emb,10840068,25efc529edfcf2cd45213c47db58647143bbfec16c12ec1838e91e12929e0902
large,output/notebook3_gnn_encoder/link_prediction/dblp/k10/hybrid/graphsage_edge_s43.emb,10845466,d01182bdd58d3ec14dfdc73087ee570d0e1b759ff0707bd5dc88b859ed78a209
large,output/notebook3_gnn_encoder/link_prediction/dblp/k10/hybrid/graphsage_edge_s44.emb,10885897,04795d5e631a6374e0fe43c98749da30a830181a58ae5e160975680f0eb7d571
large,output/notebook3_gnn_encoder/link_prediction/dblp/k10/hybrid/graphsage_edge_s45.emb,10846278,935f1c2a0e7f4b2d0c7556359ba88f893d12c928f1e86fc67f77f661784c729a
large,output/notebook3_gnn_encoder/link_prediction/dblp/k10/hybrid/graphsage_edge_s46.emb,10849733,3ab1b521913dfb02602fcebcf69b113c9134d78c00726f078f187bd2bb24a3f3
large,output/notebook3_gnn_encoder/link_prediction/dblp/k10/hybrid/graphsage_edge_s47.emb,10871898,ee0c01d91169aeb02ded69ee21ce9dff8136a5e660da9eabebdf4d42013040a4
large,output/notebook3_gnn_encoder/link_prediction/dblp/k10/hybrid_centrality/graphsage_edge_s42.emb,10878263,7e95ba65ef55594ac693629ab0c129f7e949ae33f1ed4ed15063a96ef23c353d
large,output/notebook3_gnn_encoder/link_prediction/dblp/k10/hybrid_centrality/graphsage_edge_s43.emb,10891062,69c7ccbc0bd2776c1450cb90c665410e27713552f962f3364bc6609ae2476655
large,output/notebook3_gnn_encoder/link_prediction/dblp/k10/hybrid_centrality/graphsage_edge_s44.emb,10882643,1a8be5e2ead8b5e5eeb96a33abd5632d5fc0ac9af3acca5c571fb7c08e02d87a
large,output/notebook3_gnn_encoder/link_prediction/dblp/k10/hybrid_centrality/graphsage_edge_s45.emb,10847336,a9f15718a70a0d9e5f503c66ea317a2b7e6f75e72e9cd5894826aba94587b71f
large,output/notebook3_gnn_encoder/link_prediction/dblp/k10/hybrid_centrality/graphsage_edge_s46.emb,10852545,43271735ffe377da8922c2b57b3f28f3069db0f1c8e87521f6582cade6999d60
large,output/notebook3_gnn_encoder/link_prediction/dblp/k10/hybrid_centrality/graphsage_edge_s47.emb,10878918,47c10a3cf7f8790ec2d4e240747be415703625b510c035eb3f0a2ddb00a62e43
large,output/notebook3_gnn_encoder/link_prediction/dblp/k10/hybrid_degree/graphsage_edge_s42.emb,10863784,a1cb6c4a525b486f0a07de3b3c21271598e427c5697466e98bbed5004ff1ea04
large,output/notebook3_gnn_encoder/link_prediction/dblp/k10/hybrid_degree/graphsage_edge_s43.emb,10864727,47d726a414f7d9fb9249986d0c541970c7cc8caaf920509497e1d7b0a22e2ac8
large,output/notebook3_gnn_encoder/link_prediction/dblp/k10/hybrid_degree/graphsage_edge_s44.emb,10895827,e96521dd9e35425e1cecebe119dd536e5614390231218785fd2edc626315cebe
large,output/notebook3_gnn_encoder/link_prediction/dblp/k10/hybrid_degree/graphsage_edge_s45.emb,10838297,571d4a2d9e227c77fe065ac3b20bd96a1a4853a5ad881b0d62c465aee8f8a73a
large,output/notebook3_gnn_encoder/link_prediction/dblp/k10/hybrid_degree/graphsage_edge_s46.emb,10887934,def5e5edda55d27631466b68121ffe3ae36d37b3be6f3d7b06e99c0801c6feaf
large,output/notebook3_gnn_encoder/link_prediction/dblp/k10/hybrid_degree/graphsage_edge_s47.emb,10860953,578e341b8aead7b7d9544342e3eb89f458058c8ee4a7e8761ef72ece5e5dbf2a
large,output/notebook3_gnn_encoder/link_prediction/dblp/k10/original/graphsage_edge_s42.emb,10886531,7d32b41627c828179ac22bdd925acf2207a66542b6ac3953e61254650fcb5200
large,output/notebook3_gnn_encoder/link_prediction/dblp/k10/original/graphsage_edge_s43.emb,10886533,93e46604c993278fcaaf6e5b515f8821954cd4d6fa74ee80cbc1b83f3dafcc37
large,output/notebook3_gnn_encoder/link_prediction/dblp/k10/original/graphsage_edge_s44.emb,10891848,cbfaf2786bad5da0dadf0e075df7fab209fbce9ab7b2b8e654be0403a4913409
large,output/notebook3_gnn_encoder/link_prediction/dblp/k10/original/graphsage_edge_s45.emb,10844184,f2442c00837b5f96b9824305e6ca824f0984eb9ea4435f83f69583941c3b9f06
large,output/notebook3_gnn_encoder/link_prediction/dblp/k10/original/graphsage_edge_s46.emb,10852064,6913db8599ddca550c14435c316bb9882f4bca0dde3f68a16e8326299aabc420
large,output/notebook3_gnn_encoder/link_prediction/dblp/k10/original/graphsage_edge_s47.emb,10883915,7e30ed0e32b0e6f3860d8a5c72c96858ff648eb1bee4c709688b5619cb5def13
large,output/notebook3_gnn_encoder/link_prediction/dblp/k10/psi/graphsage_edge_s42.emb,10873268,ce2139d3850c27e856adc1a696f1ed658468b37e824126a2d3c7c7fb3e347b39
large,output/notebook3_gnn_encoder/link_prediction/dblp/k10/psi/graphsage_edge_s43.emb,10870799,5ac7399d2b3ad6b2a959828b351c711c9fc1aca473ff46e8e00366d44f2952fc
large,output/notebook3_gnn_encoder/link_prediction/dblp/k10/psi/graphsage_edge_s44.emb,10877193,41cc68906979470830554f164743498b1e516c9001b645651d97ead39d4da7eb
large,output/notebook3_gnn_encoder/link_prediction/dblp/k10/psi/graphsage_edge_s45.emb,10817612,a98049e5a32ceb34c5c1eae2ae294eb013bae4ee3740df5cad377a38c68043d3
large,output/notebook3_gnn_encoder/link_prediction/dblp/k10/psi/graphsage_edge_s46.emb,10841611,a2177bbc9e1e7304a52f73003ba706e7ec5b45b9c159f0cac85f051b3cc5b358
large,output/notebook3_gnn_encoder/link_prediction/dblp/k10/psi/graphsage_edge_s47.emb,10879484,fc36b484674f0d6d432aafc8507a13f2f70bb09777fa10f8e8f025016abbb219
large,output/notebook3_gnn_encoder/link_prediction/deezer_europe/k10/centrality/gatv2_edge_s42.emb,17379934,a78757ef1c2e0cdf348858bfce694899077a37f1ac6474cc315a6460d98249a1
large,output/notebook3_gnn_encoder/link_prediction/deezer_europe/k10/centrality/gatv2_edge_s43.emb,17346191,8733a9f52feed12b18bdb49a29a0881a76766cb19c0ac5a405a685e6a53cd3b1
large,output/notebook3_gnn_encoder/link_prediction/deezer_europe/k10/centrality/gatv2_edge_s44.emb,17356362,656d42d33f863239f4f4e91a74061479eff7d79a445ef526f8c7a83616656302
large,output/notebook3_gnn_encoder/link_prediction/deezer_europe/k10/centrality/graphsage_edge_s42.emb,17368037,da700e3bffd5a6f30856f20d27fa5556ebc3cf3ac359937b6bac61f7dc531f87
large,output/notebook3_gnn_encoder/link_prediction/deezer_europe/k10/centrality/graphsage_edge_s43.emb,17370133,ec883ebe0017094cd38e32d740ed0d4e85d92a084ae813e0ce118970749a1669
large,output/notebook3_gnn_encoder/link_prediction/deezer_europe/k10/centrality/graphsage_edge_s44.emb,17334145,67b5951c18eb9fa970408ec295750426967ac8bca60c5d4665fac1e28a26dc9b
large,output/notebook3_gnn_encoder/link_prediction/deezer_europe/k10/degree/gatv2_edge_s42.emb,17415669,ea6c02e0924d4a7cb4c30367d3298c74ad9398b792042fd9612ac593971201b4
large,output/notebook3_gnn_encoder/link_prediction/deezer_europe/k10/degree/gatv2_edge_s43.emb,17355594,17ac78a8da28f8bf738ce2b8de3e40b3ec55ca3c5a51f0ac46c5e7f6fcb06d9d
large,output/notebook3_gnn_encoder/link_prediction/deezer_europe/k10/degree/gatv2_edge_s44.emb,17382760,f2d9c4f7bcd1a814148f19ebc3c0676b61bd77a037326d865316a57c74a03899
large,output/notebook3_gnn_encoder/link_prediction/deezer_europe/k10/degree/graphsage_edge_s42.emb,17366580,5139ecc428a51d8ba28b77d010b9580cc006127cc5f0bb542ba9b48097799c72
large,output/notebook3_gnn_encoder/link_prediction/deezer_europe/k10/degree/graphsage_edge_s43.emb,17381245,4c14386dae190f01e2bace392e4ecd58d874280287e24635972cd9a4f50767ac
large,output/notebook3_gnn_encoder/link_prediction/deezer_europe/k10/degree/graphsage_edge_s44.emb,17350511,632ae6dd7758e8d91e32448159ac8ab853e734a303b516ccacd012614c324f88
large,output/notebook3_gnn_encoder/link_prediction/deezer_europe/k10/hybrid/gatv2_edge_s42.emb,17398365,9a21310fbc24821e86bb2ee44b03697e2d566a2351dd37fcccf76f10ddc3c3d9
large,output/notebook3_gnn_encoder/link_prediction/deezer_europe/k10/hybrid/gatv2_edge_s43.emb,17348206,0a55add4ca0311e9ead437b253102691f7cfa7aa44be3dbe44d438736e32709a
large,output/notebook3_gnn_encoder/link_prediction/deezer_europe/k10/hybrid/gatv2_edge_s44.emb,17378422,b1d479fcda5ef7097d96082b6352d91a5c0436252af39fd0f1c2ae2a91ee9625
large,output/notebook3_gnn_encoder/link_prediction/deezer_europe/k10/hybrid/graphsage_edge_s42.emb,17362005,11f74f7d6fb7de98e9d7e12713e300065cf8394a220ae28fe5fa80234b4186a8
large,output/notebook3_gnn_encoder/link_prediction/deezer_europe/k10/hybrid/graphsage_edge_s43.emb,17388831,5e2d18c80a20420538a5e518af1a53284c14f24b9d034a70a70b36bf103dfc8f
large,output/notebook3_gnn_encoder/link_prediction/deezer_europe/k10/hybrid/graphsage_edge_s44.emb,17365706,4c7f49fab493b1be20c6eb70691d51486996ef4cddbc6a7d9bd5b00275f2bf0b
large,output/notebook3_gnn_encoder/link_prediction/deezer_europe/k10/hybrid_centrality/gatv2_edge_s42.emb,17385451,5df87df8302bd7d5397d782107592ec0dca4e2d5123f6903354ea45c8e2eaa8f
large,output/notebook3_gnn_encoder/link_prediction/deezer_europe/k10/hybrid_centrality/gatv2_edge_s43.emb,17350399,033ae20e8dc3260c73722b26a7bfc95d0d15b1f7d5daaff6a908cde1962f268a
large,output/notebook3_gnn_encoder/link_prediction/deezer_europe/k10/hybrid_centrality/gatv2_edge_s44.emb,17330401,a112ecd206e14541b416b29fa99d6ab9b9692d4faf4775ae6571313b2b9e20f7
large,output/notebook3_gnn_encoder/link_prediction/deezer_europe/k10/hybrid_centrality/graphsage_edge_s42.emb,17356405,114112c76c6c6eec673868cc134222a42e0b130168bd522424a3c7293be40333
large,output/notebook3_gnn_encoder/link_prediction/deezer_europe/k10/hybrid_centrality/graphsage_edge_s43.emb,17389565,2c8bf808ccc83a9c991cbf51ce3d451c7ceb266e4ce85945b9fd1a7f5d6c4c95
large,output/notebook3_gnn_encoder/link_prediction/deezer_europe/k10/hybrid_centrality/graphsage_edge_s44.emb,17381753,4d6bfc91b37e4f5760da760efa72c5d54e4d7fb6c0a5c5d28ce24e095b7c7778
large,output/notebook3_gnn_encoder/link_prediction/deezer_europe/k10/hybrid_degree/gatv2_edge_s42.emb,17395205,726e8a16afc4c9bfcec7ef694a117a4ceb49b34813d41045409d69f7d45cf200
large,output/notebook3_gnn_encoder/link_prediction/deezer_europe/k10/hybrid_degree/gatv2_edge_s43.emb,17366904,e28843ba9a1f2759cea19072f6f2300e34b1ee155306d2525e51db1e2d845f65
large,output/notebook3_gnn_encoder/link_prediction/deezer_europe/k10/hybrid_degree/gatv2_edge_s44.emb,17408977,8940edfce1268ed4f22caf16237f9e7add71b1d7e0e52bc19af2221c16034abd
large,output/notebook3_gnn_encoder/link_prediction/deezer_europe/k10/hybrid_degree/graphsage_edge_s42.emb,17371793,3dcaaefccd6181800173991a28bdd8ec31578e4e7f4e785a001c8734c16f477f
large,output/notebook3_gnn_encoder/link_prediction/deezer_europe/k10/hybrid_degree/graphsage_edge_s43.emb,17379413,75a797f05534f7e67d985552f2426023cbc2bfa9e7665375aa70af0a1feab044
large,output/notebook3_gnn_encoder/link_prediction/deezer_europe/k10/hybrid_degree/graphsage_edge_s44.emb,17403066,8bce8c6ae800558928ae4707985a388092d9bf8eb01cc190c7295ae6d125ce3d
large,output/notebook3_gnn_encoder/link_prediction/deezer_europe/k10/original/gatv2_edge_s42.emb,17475867,6aa68aef6d60017659c7709f7bb45f1e6c2fb971b091b57fa33dcab09743a52f
large,output/notebook3_gnn_encoder/link_prediction/deezer_europe/k10/original/gatv2_edge_s43.emb,17345065,e2462e24041b8f4c045a1533130a7b1c27e4e4fef93e9afeed6429f725d50e31
large,output/notebook3_gnn_encoder/link_prediction/deezer_europe/k10/original/gatv2_edge_s44.emb,17375661,afe9390217fb658c217954879ec52f9d30a4ec8483400593dad2c6598cb9368a
large,output/notebook3_gnn_encoder/link_prediction/deezer_europe/k10/original/graphsage_edge_s42.emb,17369075,36df71a320e001e774f703c872868bdadc7146d7b232367becb9e2c11a8cb0c2
large,output/notebook3_gnn_encoder/link_prediction/deezer_europe/k10/original/graphsage_edge_s43.emb,17352281,385a830b2e741f33a3794ea8961c03744db91bdb762b07f1ebdb8148d28c6edf
large,output/notebook3_gnn_encoder/link_prediction/deezer_europe/k10/original/graphsage_edge_s44.emb,17373715,8402f894783d17e5aa749fc2e7906821902137057718366c0556dc517ff8c8f3
large,output/notebook3_gnn_encoder/link_prediction/deezer_europe/k10/psi/gatv2_edge_s42.emb,17324826,5049d9949c0e78d3e425b7050e8bb27ebc17406503937864e30efa74bcce4155
large,output/notebook3_gnn_encoder/link_prediction/deezer_europe/k10/psi/gatv2_edge_s43.emb,17329858,ef8e22e46d930eea617315db63ef6216367ed71087e756fa0c14766468aaf4ea
large,output/notebook3_gnn_encoder/link_prediction/deezer_europe/k10/psi/gatv2_edge_s44.emb,17381603,b3ff2bf55e2aac189d8f2dbcc83cbf03b04bcce18be9d922536f3453bbec03b6
large,output/notebook3_gnn_encoder/link_prediction/deezer_europe/k10/psi/graphsage_edge_s42.emb,17336986,900f3984f678f9b341c515213d67662f453e48addd1a84063b34728adb97f8ed
large,output/notebook3_gnn_encoder/link_prediction/deezer_europe/k10/psi/graphsage_edge_s43.emb,17390376,8b752dc3a5185a2ef9a9543017357f1e7f5086286815b56d544caf301016b46e
large,output/notebook3_gnn_encoder/link_prediction/deezer_europe/k10/psi/graphsage_edge_s44.emb,17350578,5ae4115063cc6d7e895032ba5a1171294d05b2ce07d0447472658d3640b3d9f0
large,output/notebook3_gnn_encoder/link_prediction/email_eu_core/k10/centrality/graphsage_edge_s42.emb,603898,f0683d8b1ea99aedc8a45acd97398c710cb6a8605db35c50395ada1498fe5e85
large,output/notebook3_gnn_encoder/link_prediction/email_eu_core/k10/centrality/graphsage_edge_s43.emb,602522,535c066a36c7ef3dd5a27744aaaad73ad8453c1877221779b179071086e02294
large,output/notebook3_gnn_encoder/link_prediction/email_eu_core/k10/centrality/graphsage_edge_s44.emb,603802,60c8a08d383a8d999e371c54a37aa4e87391ca32f4462a5d180cf5c4093d2d9f
large,output/notebook3_gnn_encoder/link_prediction/email_eu_core/k10/centrality/graphsage_edge_s45.emb,603091,ee5c30b8fccb634925aaa1c4f5bee3f45048804da876b6eb33ac5e9d93fea60c
large,output/notebook3_gnn_encoder/link_prediction/email_eu_core/k10/centrality/graphsage_edge_s46.emb,604886,43431799476ac6ec2caabe8f2eec49d6305c1cd585df6f29295aebbf6e0d7d72
large,output/notebook3_gnn_encoder/link_prediction/email_eu_core/k10/centrality/graphsage_edge_s47.emb,603675,055119ba427205274af725a50a642450ba65acdf02213dd26d6d211c8bba4386
large,output/notebook3_gnn_encoder/link_prediction/email_eu_core/k10/degree/graphsage_edge_s42.emb,602842,0e96ac4fd2f83842f76af34ed1337f3c69ccb111275dec8ca739671e4f8c4f9f
large,output/notebook3_gnn_encoder/link_prediction/email_eu_core/k10/degree/graphsage_edge_s43.emb,602913,9872a603d9f9029b2a616a8ac15af3643c739583322e6f951bea875df956e30c
large,output/notebook3_gnn_encoder/link_prediction/email_eu_core/k10/degree/graphsage_edge_s44.emb,604328,37ecd220f47a23b1af2f0cbd84528e0ab869c167ad9982de2c61e875d811ab5f
large,output/notebook3_gnn_encoder/link_prediction/email_eu_core/k10/degree/graphsage_edge_s45.emb,602956,bf75d2783800a20a6aad16d0b3c25267fa67eb1ee621641dca44a898eecf28af
large,output/notebook3_gnn_encoder/link_prediction/email_eu_core/k10/degree/graphsage_edge_s46.emb,604540,71e8b6b2113480a31357abc527fe233047eaa16423abc4a5f280db1b2871130a
large,output/notebook3_gnn_encoder/link_prediction/email_eu_core/k10/degree/graphsage_edge_s47.emb,603173,5072ee968fe6640276fa5f32f74e4a5156a7b38e75dd577a4c575cc18a14bfce
large,output/notebook3_gnn_encoder/link_prediction/email_eu_core/k10/hybrid/graphsage_edge_s42.emb,605539,580593466d94a2e938ea1ac393c9cb52f83289b42e32f2c1d3ac6641109b249a
large,output/notebook3_gnn_encoder/link_prediction/email_eu_core/k10/hybrid/graphsage_edge_s43.emb,601977,57737da440cf19ce4fd5a16da24d3a7f53b491200967ef24533d9938d744fe22
large,output/notebook3_gnn_encoder/link_prediction/email_eu_core/k10/hybrid/graphsage_edge_s44.emb,603572,8e3b978030f2e28bdb4a3e9ac736537949f957f370df68ca5be3f9a6c4bc1b8b
large,output/notebook3_gnn_encoder/link_prediction/email_eu_core/k10/hybrid/graphsage_edge_s45.emb,603421,27ebae1eb2250690a191b64b7967031940ec8abe1738e626a519312c20af0d59
large,output/notebook3_gnn_encoder/link_prediction/email_eu_core/k10/hybrid/graphsage_edge_s46.emb,601814,737a6e2887849494d19e9f6cfbc5c8f68f295b6133efbc6536992a746603424d
large,output/notebook3_gnn_encoder/link_prediction/email_eu_core/k10/hybrid/graphsage_edge_s47.emb,601917,7713b92ff4aa87accc9edaa942357f3c4d947596adce668abb0e710ca51ee09f
large,output/notebook3_gnn_encoder/link_prediction/email_eu_core/k10/hybrid_centrality/graphsage_edge_s42.emb,604423,ddb2a533a0d62d265280c0c79696764a596d9db1c2038d22ac91bc0fac780882
large,output/notebook3_gnn_encoder/link_prediction/email_eu_core/k10/hybrid_centrality/graphsage_edge_s43.emb,603146,e53ee88d89c1d9da1c78ad8c04c95c8af3f1c7138e16e3edfb944b4490df09ef
large,output/notebook3_gnn_encoder/link_prediction/email_eu_core/k10/hybrid_centrality/graphsage_edge_s44.emb,603351,601e50f79192f05d8dc20836c33b2c3f9642da5167043d3046553c4d84e7d1bf
large,output/notebook3_gnn_encoder/link_prediction/email_eu_core/k10/hybrid_centrality/graphsage_edge_s45.emb,603594,80ce46c7640c8386f722712ceed3c3d0f83fa435063cf29b68df10f275abcd78
large,output/notebook3_gnn_encoder/link_prediction/email_eu_core/k10/hybrid_centrality/graphsage_edge_s46.emb,603072,3a5d8f10fc8d277da9868f5566fb48c668c73e5bb26caed6ecbd5f6b4a35ed0a
large,output/notebook3_gnn_encoder/link_prediction/email_eu_core/k10/hybrid_centrality/graphsage_edge_s47.emb,602671,7bd2f26a9d8b3c6b8c0caff0cf1fedeb54795da0a92284b72067a38c98abce48
large,output/notebook3_gnn_encoder/link_prediction/email_eu_core/k10/hybrid_degree/graphsage_edge_s42.emb,605548,98ed9903cf610d5c4bd8a2b033d0a28e9d425398d4a21b2c6dbb688c7c1f9763
large,output/notebook3_gnn_encoder/link_prediction/email_eu_core/k10/hybrid_degree/graphsage_edge_s43.emb,601877,a1c0451ee8ceb722d9738682f846cbe3991da1b47a1c125c7e4147c189a6bd12
large,output/notebook3_gnn_encoder/link_prediction/email_eu_core/k10/hybrid_degree/graphsage_edge_s44.emb,603581,3ff3d6057dbcd0d1e4bce2a44eb4bf6d8fefb7585d31f2a4d0de3fd3c2365ec0
large,output/notebook3_gnn_encoder/link_prediction/email_eu_core/k10/hybrid_degree/graphsage_edge_s45.emb,603410,38fcb9ee7bf332d0c3abf589d5c11b299f74137360a9453ac1df899771d3e43d
large,output/notebook3_gnn_encoder/link_prediction/email_eu_core/k10/hybrid_degree/graphsage_edge_s46.emb,601961,a3eaa0dcffeaab51c701577ec4e65cbe88eef825dd963af9f9b4edcf94dd07e5
large,output/notebook3_gnn_encoder/link_prediction/email_eu_core/k10/hybrid_degree/graphsage_edge_s47.emb,602246,498eb40a39631f3788dbbd9fd4bdbf4bba6e3081d6653bde76c6a1587490f971
large,output/notebook3_gnn_encoder/link_prediction/email_eu_core/k10/original/graphsage_edge_s42.emb,603492,296d661fadeb72b62546af6b6b5da625e2c2e6545393dc390421c117d082f5e2
large,output/notebook3_gnn_encoder/link_prediction/email_eu_core/k10/original/graphsage_edge_s43.emb,606059,4afd1267efeec3b8bb9d7532d4d999939fbe61293a70b9037e0f6d9db9558b99
large,output/notebook3_gnn_encoder/link_prediction/email_eu_core/k10/original/graphsage_edge_s44.emb,604006,f3970955178e25a6eed40748b1389a43f4f5fabc9915e23a37cd435d3f66568d
large,output/notebook3_gnn_encoder/link_prediction/email_eu_core/k10/original/graphsage_edge_s45.emb,604123,fead0fa0fd940455e3e158427288b57c27bbdae7981ced8b141c5cb0a8750dc7
large,output/notebook3_gnn_encoder/link_prediction/email_eu_core/k10/original/graphsage_edge_s46.emb,603409,ba543294cc87813a95c413e653097bf42efd3389b8b32aba7eb97dd140fb7472
large,output/notebook3_gnn_encoder/link_prediction/email_eu_core/k10/original/graphsage_edge_s47.emb,603270,851b3d6c22bee5928ee1f5389872209c7fa0ede706bb91a0cd561313fd946f2d
large,output/notebook3_gnn_encoder/link_prediction/email_eu_core/k10/psi/graphsage_edge_s42.emb,602934,bfcbce0534d0fa2321ffa103a0c67a959ed545441091829b12c894d62c04e507
large,output/notebook3_gnn_encoder/link_prediction/email_eu_core/k10/psi/graphsage_edge_s43.emb,602671,b5ae227f071bc68d6b80206defd9011df50d822db30e7672d5b661b8e91e93c5
large,output/notebook3_gnn_encoder/link_prediction/email_eu_core/k10/psi/graphsage_edge_s44.emb,604768,0fd93ef00f001d34d03aadfdfe75fcb1ff8616ca5f6e75508014a5ff1ea70ca5
large,output/notebook3_gnn_encoder/link_prediction/email_eu_core/k10/psi/graphsage_edge_s45.emb,603064,27a277a426c75a8060f7e112dc9486d78c16f67fc5df8fab90f5e2ad3d006d8e
large,output/notebook3_gnn_encoder/link_prediction/email_eu_core/k10/psi/graphsage_edge_s46.emb,604416,82fd9139364ba82e136955b87c32393c604d499af05170e4c58c225291fc8792
large,output/notebook3_gnn_encoder/link_prediction/email_eu_core/k10/psi/graphsage_edge_s47.emb,603324,507f84457e46510b9f7cde0c26bfc2627eb1727824a6915904bbbdaf1aae3cae
large,output/notebook3_gnn_encoder/link_prediction/enzymes/k10/centrality/gatv2_edge_s42.emb,11958596,1e9d193bf60e865cd0b076a6535fbbc92d1b0772211dcdd40d99f0049cf5d2ce
large,output/notebook3_gnn_encoder/link_prediction/enzymes/k10/centrality/gatv2_edge_s43.emb,11964508,eeafbdb265a90293c7bee212f73124f341bb00ac55e7d6d2180c7da0109d53d9
large,output/notebook3_gnn_encoder/link_prediction/enzymes/k10/centrality/gatv2_edge_s44.emb,11944569,ddd12bbbef0af0da6e81496a0d188c7a719f4c22752a6045c733a693263f400c
large,output/notebook3_gnn_encoder/link_prediction/enzymes/k10/centrality/graphsage_edge_s42.emb,11949395,8976b1a37f9f45669e4c7ee85e5e4ca33bb543fb08ba8fea3a8e1f6f05533c80
large,output/notebook3_gnn_encoder/link_prediction/enzymes/k10/centrality/graphsage_edge_s43.emb,11952769,6d38083d8fb5d843ae91cae2a7cc12ca1f765a5a0757c43b73c5533c665a047e
large,output/notebook3_gnn_encoder/link_prediction/enzymes/k10/centrality/graphsage_edge_s44.emb,11938090,fe9bacfd7591aa16e325afe66e5d0826dd515e397d55c2bf539f27b13dffba7b
large,output/notebook3_gnn_encoder/link_prediction/enzymes/k10/centrality/graphsage_edge_s45.emb,11950864,70d58202aa9e86b07e16f2f1c0094c81b55d01f0beac369045257dd8c04ad4ab
large,output/notebook3_gnn_encoder/link_prediction/enzymes/k10/centrality/graphsage_edge_s46.emb,11959690,18b8b73ff58d4aa74f3dfb89a38b120f426e8811445b9c47b28c28d265d075f7
large,output/notebook3_gnn_encoder/link_prediction/enzymes/k10/centrality/graphsage_edge_s47.emb,11960083,59ae0040a0da2661461c9261a0a1b628b7e8a36b62e3e3e6f8b79a7400d8cfec
large,output/notebook3_gnn_encoder/link_prediction/enzymes/k10/centrality/graphsage_edge_s48.emb,11957506,a1e313e00b5faf6dff6ff8d797a9a782deb68bc92c2649a741ef120440350941
large,output/notebook3_gnn_encoder/link_prediction/enzymes/k10/centrality/graphsage_edge_s49.emb,11954936,4b9012e3def14321d56d34ff8f76a9255a484a9de61e0c674fdfd68a96871acc
large,output/notebook3_gnn_encoder/link_prediction/enzymes/k10/centrality/graphsage_edge_s50.emb,11947751,43f68a092faf0c40d41e9803352522aa00325c32ca1b762b994ce31e942b36bc
large,output/notebook3_gnn_encoder/link_prediction/enzymes/k10/centrality/graphsage_edge_s51.emb,11957033,63d1f7961a1cac50a0175905855dd36dea682d4153f79bae5c4fc562084a1b10
large,output/notebook3_gnn_encoder/link_prediction/enzymes/k10/degree/gatv2_edge_s42.emb,11968548,2edb7bf2fa31af8cf5f5480a43c9e9a717c3ceea4e2d07f03f28f9a68de8c8d8
large,output/notebook3_gnn_encoder/link_prediction/enzymes/k10/degree/gatv2_edge_s43.emb,11962656,39d09b09998fec8d74833f52e9a72642f7218c5ca0317adcb170987380ceb40f
large,output/notebook3_gnn_encoder/link_prediction/enzymes/k10/degree/gatv2_edge_s44.emb,11920900,8f1af7105efaf41d720c918bfa3b7f0e2732ff8076914eb44f389c3fcb518372
large,output/notebook3_gnn_encoder/link_prediction/enzymes/k10/degree/graphsage_edge_s42.emb,11944027,189171ab1e375e0e04c25d3011a09655f09668c6554424593fd9b4b9509c705a
large,output/notebook3_gnn_encoder/link_prediction/enzymes/k10/degree/graphsage_edge_s43.emb,11943945,c1f48a7ba2758703aca244bd655626d77b7d1f2ec55e339a5cada2e50b8c2664
large,output/notebook3_gnn_encoder/link_prediction/enzymes/k10/degree/graphsage_edge_s44.emb,11959001,1135f39085d8e644a1b8fa2b732703385f6dd18a56909a7fcbff53d1b9fefb44
large,output/notebook3_gnn_encoder/link_prediction/enzymes/k10/degree/graphsage_edge_s45.emb,11938473,ded8ed5c7d856e2549f9c93235d28c4293ac0ac2bfe351a97b4d14144f864825
large,output/notebook3_gnn_encoder/link_prediction/enzymes/k10/degree/graphsage_edge_s46.emb,11946957,a8e7d29694994913c02ba3d78eb343a1432190748c16fd32cf58eb24078cb2c3
large,output/notebook3_gnn_encoder/link_prediction/enzymes/k10/degree/graphsage_edge_s47.emb,11942152,b45409c28bfe843602de211be4b406e7aa0e41406c5a3ce16c291a80db365f07
large,output/notebook3_gnn_encoder/link_prediction/enzymes/k10/degree/graphsage_edge_s48.emb,11938739,f079df3c2c8dc9f1edd38596952589439477453352aba1463a252e8a5e27522f
large,output/notebook3_gnn_encoder/link_prediction/enzymes/k10/degree/graphsage_edge_s49.emb,11945260,66a29039f19c94521f273bf9019a16f3ff3bee5a413637972450da138af03dbe
large,output/notebook3_gnn_encoder/link_prediction/enzymes/k10/degree/graphsage_edge_s50.emb,11945024,e3bc5a0d5aa14eee7e4195ea70b7334951ee6e20fd51c579bd11408571f76c21
large,output/notebook3_gnn_encoder/link_prediction/enzymes/k10/degree/graphsage_edge_s51.emb,11918362,02a2b0402a23aa7ab22b69771fdf9a5b2de040757e2e3836c1638bc96d35a065
large,output/notebook3_gnn_encoder/link_prediction/enzymes/k10/hybrid/gatv2_edge_s42.emb,11923207,fdeaab7e4ad9257653e5d9df8d4e4cc0ce67a0ff40a4257a000868d0ee1dcd94
large,output/notebook3_gnn_encoder/link_prediction/enzymes/k10/hybrid/gatv2_edge_s43.emb,11977418,fe66653147c1636cc5c115faadbc1a2eec580875aad0c72784a63779757e0fef
large,output/notebook3_gnn_encoder/link_prediction/enzymes/k10/hybrid/gatv2_edge_s44.emb,11992005,f70007c2b4d9ed7fe025ac519ab7e46117a3466ec57ea950f2ac8d239adf3025
large,output/notebook3_gnn_encoder/link_prediction/enzymes/k10/hybrid/graphsage_edge_s42.emb,11955151,10290964a886e716ee6b0c3a54a1ca21ecf1e291ee3b8eba097bb2442e06a4fc
large,output/notebook3_gnn_encoder/link_prediction/enzymes/k10/hybrid/graphsage_edge_s43.emb,11945746,8bbe7f5ad2b652ba1ca2db03cafdfeffc5cb0954e6a34efea84cf69fc3978094
large,output/notebook3_gnn_encoder/link_prediction/enzymes/k10/hybrid/graphsage_edge_s44.emb,11953913,7c98efa01bf3c9cf5bfcda693ef8c5d0147684247c0dc3286f9b414f0860d845
large,output/notebook3_gnn_encoder/link_prediction/enzymes/k10/hybrid/graphsage_edge_s45.emb,11959778,2e4238c30f4ef6371ff7998f1be2918553b48ff3b786fdb5c41d7339f661bc8e
large,output/notebook3_gnn_encoder/link_prediction/enzymes/k10/hybrid/graphsage_edge_s46.emb,11952226,43e659574ea494c221f700e4fd1ad346fa99c8d33917e1f53726ba3baa1b9743
large,output/notebook3_gnn_encoder/link_prediction/enzymes/k10/hybrid/graphsage_edge_s47.emb,11935951,bc6567f4ac1b1ba07f94f8429512afb0f5fb0c76cbb18abd42178ec4a14fc153
large,output/notebook3_gnn_encoder/link_prediction/enzymes/k10/hybrid/graphsage_edge_s48.emb,11938213,ec88111874646c1ee01ec3bbd6ba1bccc4869aa0e1620eacd7e6b6e0f43c1420
large,output/notebook3_gnn_encoder/link_prediction/enzymes/k10/hybrid/graphsage_edge_s49.emb,11938708,9a5484c5ca44d9233f4605f7480be439b6e2c1417b108c33db3d56fc84cc1a9f
large,output/notebook3_gnn_encoder/link_prediction/enzymes/k10/hybrid/graphsage_edge_s50.emb,11961224,254dde31799cadfce07a859af74c75fd758dd16426fb46daf4ec5de4a5d78dd6
large,output/notebook3_gnn_encoder/link_prediction/enzymes/k10/hybrid/graphsage_edge_s51.emb,11938050,5fab4de6d9734c923fca21088f5d5bf0f419cafc475dc31551a96df557248031
large,output/notebook3_gnn_encoder/link_prediction/enzymes/k10/hybrid_centrality/gatv2_edge_s42.emb,11965566,37785fa227b0b71024444edeea6dc54249432c4b6f5dc92e0e860cab4c09b93e
large,output/notebook3_gnn_encoder/link_prediction/enzymes/k10/hybrid_centrality/gatv2_edge_s43.emb,11968814,b8e276566430f6cb69f194e377a20ecf813b695c2bd566c7bce51825060b12ec
large,output/notebook3_gnn_encoder/link_prediction/enzymes/k10/hybrid_centrality/gatv2_edge_s44.emb,11954172,4dd2a167b5e69e1e7f4697c5f22788368dc38dce950ee2f80fe6bf4b9194fd94
large,output/notebook3_gnn_encoder/link_prediction/enzymes/k10/hybrid_centrality/graphsage_edge_s42.emb,11947228,af7e69e04b3eafaa45db1240dcb3b4954fe3a18227c52143562093101dea1954
large,output/notebook3_gnn_encoder/link_prediction/enzymes/k10/hybrid_centrality/graphsage_edge_s43.emb,11956771,c9bac1a171995eeefe5a8e59808991a11b13cacd563bdf83b2f3051773a0da46
large,output/notebook3_gnn_encoder/link_prediction/enzymes/k10/hybrid_centrality/graphsage_edge_s44.emb,11950621,173b957539f3d802c4ad83bb915102eb6cd31dd369758f7882381295ee20448e
large,output/notebook3_gnn_encoder/link_prediction/enzymes/k10/hybrid_centrality/graphsage_edge_s45.emb,11955422,35019007fbabf9ecf2f3f6e3c5febfcca59d0496ab846ec40bfcad995f37db80
large,output/notebook3_gnn_encoder/link_prediction/enzymes/k10/hybrid_centrality/graphsage_edge_s46.emb,11947559,47e3eca1caa0681dcdda2d74f30c65d58b4d70ae516a080a859c07b3ea733868
large,output/notebook3_gnn_encoder/link_prediction/enzymes/k10/hybrid_centrality/graphsage_edge_s47.emb,11958805,7209be29e2d829695e87a37e94bcbb5a2c4ca452ecc192c742a4bff4f5a463f8
large,output/notebook3_gnn_encoder/link_prediction/enzymes/k10/hybrid_centrality/graphsage_edge_s48.emb,11956612,9158a91046c2b21077e3c7d095b5f84b16a6b637527cec78a35164dfca8ec3f6
large,output/notebook3_gnn_encoder/link_prediction/enzymes/k10/hybrid_centrality/graphsage_edge_s49.emb,11950538,e422de64b98fb0c845365315ba773896f62f929cc801f1c61e82da03089a3db8
large,output/notebook3_gnn_encoder/link_prediction/enzymes/k10/hybrid_centrality/graphsage_edge_s50.emb,11948073,7f549bba62550afc6a40facfed9dbbd1f67758789690014a9eee776313732970
large,output/notebook3_gnn_encoder/link_prediction/enzymes/k10/hybrid_centrality/graphsage_edge_s51.emb,11958146,11bf969337d400b96273beb99757fda666dbc81907e2eaa222f355564b6d505a
large,output/notebook3_gnn_encoder/link_prediction/enzymes/k10/hybrid_degree/gatv2_edge_s42.emb,11954084,481676ac71319973e7b983cfa2f8efb33090665a9e3a09c7526c7ad4a2048759
large,output/notebook3_gnn_encoder/link_prediction/enzymes/k10/hybrid_degree/gatv2_edge_s43.emb,11961973,4d12ca09ee849b163f95cd55f32ff2743b05e37ae84885b93e0e29e3432e5263
large,output/notebook3_gnn_encoder/link_prediction/enzymes/k10/hybrid_degree/gatv2_edge_s44.emb,11931915,9ba499fd6ad8e4f7dd1a38a40436d5624806984074b8c90e8fcaa2ca94f643f8
large,output/notebook3_gnn_encoder/link_prediction/enzymes/k10/hybrid_degree/graphsage_edge_s42.emb,11942110,f2ab96d6e5b94d652dd4a23a550f2f1ffe11df3a2b7842a108542cd2d8a99415
large,output/notebook3_gnn_encoder/link_prediction/enzymes/k10/hybrid_degree/graphsage_edge_s43.emb,11949084,031e3e92f20c8de79603fca8b73fb981adce441940cc411df84d5d957808f07c
large,output/notebook3_gnn_encoder/link_prediction/enzymes/k10/hybrid_degree/graphsage_edge_s44.emb,11968390,639417aca0ceebe9c38ac3073c181c6bee86ea3f096c0524b45b112c80bb0ce1
large,output/notebook3_gnn_encoder/link_prediction/enzymes/k10/hybrid_degree/graphsage_edge_s45.emb,11932622,6fc31ecaa8342ebaa880e3d9661a80dd905bce9449d960655a40b5b275670d46
large,output/notebook3_gnn_encoder/link_prediction/enzymes/k10/hybrid_degree/graphsage_edge_s46.emb,11951622,29db64e6f65cab8933080805f03a759799b2272bd65f40ef278944ee120901d3
large,output/notebook3_gnn_encoder/link_prediction/enzymes/k10/hybrid_degree/graphsage_edge_s47.emb,11942839,c941422847054a12010644b16d7bd754b3f781c49cd373a44736651f5215e505
large,output/notebook3_gnn_encoder/link_prediction/enzymes/k10/hybrid_degree/graphsage_edge_s48.emb,11950288,d51dea4db381bc60c753aa80ffe2bbf2ec7793763fe26ab20efe1d58c2daae95
large,output/notebook3_gnn_encoder/link_prediction/enzymes/k10/hybrid_degree/graphsage_edge_s49.emb,11939046,fac192eae9787ca573a059db221a0e76fccef8f51a9f6d7d3176b8a63906551c
large,output/notebook3_gnn_encoder/link_prediction/enzymes/k10/hybrid_degree/graphsage_edge_s50.emb,11923509,9445fd8b759be73e17558963abfafab3b8ee316209c0615f535d8382c07294b5
large,output/notebook3_gnn_encoder/link_prediction/enzymes/k10/hybrid_degree/graphsage_edge_s51.emb,11916405,73ad2c464c6fac502cfdb9f04845fb56473cdf146b74e1be50a34490c30219e3
large,output/notebook3_gnn_encoder/link_prediction/enzymes/k10/original/gatv2_edge_s42.emb,11946394,b35e0130c76ba193a2142744f0cbfef4d27fb36f731cbb5b51f77480f39154ea
large,output/notebook3_gnn_encoder/link_prediction/enzymes/k10/original/gatv2_edge_s43.emb,11953767,74b02b13b3896b614cb212a123bc71ed6d6ed8811a433fe68acb7e062b7a7ed2
large,output/notebook3_gnn_encoder/link_prediction/enzymes/k10/original/gatv2_edge_s44.emb,11956296,7eb717ecb51be9d0281a36f0ee6754f3d61e3e99dd3ec735c77711b67393a5b2
large,output/notebook3_gnn_encoder/link_prediction/enzymes/k10/original/graphsage_edge_s42.emb,11946624,475c45faa9fbf6877fce293085ce1bea4b936129b6e490d6e38697194a943660
large,output/notebook3_gnn_encoder/link_prediction/enzymes/k10/original/graphsage_edge_s43.emb,11954675,8c7822a06be50b4bac501b19cf622050ccd29afe4a58562c7f50b453b7e753a8
large,output/notebook3_gnn_encoder/link_prediction/enzymes/k10/original/graphsage_edge_s44.emb,11951158,58b56caac5ccfcd519b0184fdea0755a8170a8355d3e8248eee7ce318b1f0ba0
large,output/notebook3_gnn_encoder/link_prediction/enzymes/k10/original/graphsage_edge_s45.emb,11939837,bac92579fa3ba7046aad8a79cd38dcf39c0ef2a03259a1dd76c853fddaadc1e6
large,output/notebook3_gnn_encoder/link_prediction/enzymes/k10/original/graphsage_edge_s46.emb,11936130,841fbfb9bf11975986ebcf07210fce5c81bcbc39fd5f50cba987b9396524d3e7
large,output/notebook3_gnn_encoder/link_prediction/enzymes/k10/original/graphsage_edge_s47.emb,11952532,c263323f2ac56ad6071e2d740dfb2e5cdeb19fbba964a90cf1472e74a3af3333
large,output/notebook3_gnn_encoder/link_prediction/enzymes/k10/original/graphsage_edge_s48.emb,11960601,4e9a34beae72884dffb7d50614caf4d21169133954c2f6092f70edd858134b5a
large,output/notebook3_gnn_encoder/link_prediction/enzymes/k10/original/graphsage_edge_s49.emb,11945627,b272307a6b05cea57c5eb9db3e4fd7fa85398e52e3700329d0ad937ba6973f3a
large,output/notebook3_gnn_encoder/link_prediction/enzymes/k10/original/graphsage_edge_s50.emb,11947090,d287d88970e5946bd71917089a1a8caa8ed127f4872066c819e8c078c8b3b993
large,output/notebook3_gnn_encoder/link_prediction/enzymes/k10/original/graphsage_edge_s51.emb,11951363,2209bd33aad1b2205e42de27255b19a59841f2a3eefe326cd17d11ac301879bf
large,output/notebook3_gnn_encoder/link_prediction/enzymes/k10/psi/features_only_s42.emb,848770,069d5282aeebb8702811b3c796d0c955275352dcbc6d302ded7fa200793a73a6
large,output/notebook3_gnn_encoder/link_prediction/enzymes/k10/psi/features_only_s43.emb,848819,6a9dc94a470bedde3f67377d9fd0e06736477c1deaaafce2602a55c05d41a090
large,output/notebook3_gnn_encoder/link_prediction/enzymes/k10/psi/features_only_s44.emb,848800,ff46d8df89dc486342135ffc7ae66bb73dd69af926f40cf23e2eb222d9591717
large,output/notebook3_gnn_encoder/link_prediction/enzymes/k10/psi/gatv2_edge_s42.emb,11948543,66d771cd0dfc18dad72817585a31aadf74425896e65579847f78aac0162771e7
large,output/notebook3_gnn_encoder/link_prediction/enzymes/k10/psi/gatv2_edge_s43.emb,11972100,b959a375ecea785946da9fc7e5ffd3ef046912fcde2300cce35c936d491d5a67
large,output/notebook3_gnn_encoder/link_prediction/enzymes/k10/psi/gatv2_edge_s44.emb,11999877,6f94341d5820a0f8b5a20782dffdf3037ce59c5e056b1b7fcde92be9e991cded
large,output/notebook3_gnn_encoder/link_prediction/enzymes/k10/psi/graphsage_edge_feat_centrality_s42.emb,11956817,e7236359ebde7ff1bd763ee2e5a1906ddf98c6986ea025d9f3b9004503b4817f
large,output/notebook3_gnn_encoder/link_prediction/enzymes/k10/psi/graphsage_edge_feat_centrality_s43.emb,11918024,a4d82975bfacfd8b9f73cde72309660dd465c27b4a385ff7ea6ddc47f86b3c0a
large,output/notebook3_gnn_encoder/link_prediction/enzymes/k10/psi/graphsage_edge_feat_centrality_s44.emb,11949944,b0084540e1d4e02febff8c3c1c399c2fb361d7af70e52e679d0850770035f61f
large,output/notebook3_gnn_encoder/link_prediction/enzymes/k10/psi/graphsage_edge_feat_clustering_s42.emb,11992627,29425d747db5c3cc4593445cb0f3277eecd57c46a37eda562bc82bb660b2b633
large,output/notebook3_gnn_encoder/link_prediction/enzymes/k10/psi/graphsage_edge_feat_clustering_s43.emb,11956998,1d6c1deb8b8bdbb182618b9804d10a7d87ec69df5572cba7217a8b22981b101f
large,output/notebook3_gnn_encoder/link_prediction/enzymes/k10/psi/graphsage_edge_feat_clustering_s44.emb,11944308,d6a6a2dd7e7cf0b13d475d9bfeda88cb698c2475efb0ea206745f5313e485343
large,output/notebook3_gnn_encoder/link_prediction/enzymes/k10/psi/graphsage_edge_feat_const_s42.emb,11868119,9b0404031297b9e2af18323fdc6d42144a4007a6fd1c4a6debab783444172c9d
large,output/notebook3_gnn_encoder/link_prediction/enzymes/k10/psi/graphsage_edge_feat_const_s43.emb,11868119,77e4a370d1692c9ebd61c9e590c507bf85b8eefa34b1115a828c3d7e51ecfa86
large,output/notebook3_gnn_encoder/link_prediction/enzymes/k10/psi/graphsage_edge_feat_const_s44.emb,12043385,40e17cd7827dee3f10f5c8e51608f24e507d2b60183d156d5301dfaa739ab99d
large,output/notebook3_gnn_encoder/link_prediction/enzymes/k10/psi/graphsage_edge_feat_deg_cent_s42.emb,11938451,e86fc2fdbd83db783a4decccd94d9f8d4f61f67ea21fb075c0321c7de025865e
large,output/notebook3_gnn_encoder/link_prediction/enzymes/k10/psi/graphsage_edge_feat_deg_cent_s43.emb,11963987,ef6b41454bc1c0dae372341967448e700d0f023742688cc0793e78ac58b5253d
large,output/notebook3_gnn_encoder/link_prediction/enzymes/k10/psi/graphsage_edge_feat_deg_cent_s44.emb,11968815,2438cd5bc26ef7a4c2e01c49c31b45fec2c662b62bacddda3cb2ee1d9d08da94
large,output/notebook3_gnn_encoder/link_prediction/enzymes/k10/psi/graphsage_edge_feat_degree_s42.emb,11966414,133883fa6afdc168e4f52de276327def8a1d72284b40292e30be4e57a9d7eb8d
large,output/notebook3_gnn_encoder/link_prediction/enzymes/k10/psi/graphsage_edge_feat_degree_s43.emb,11936785,e1e0f1b3ae8c785330d6d00edeca83b59b897c55f91f2fcf16c42ef0bc5ff946
large,output/notebook3_gnn_encoder/link_prediction/enzymes/k10/psi/graphsage_edge_feat_degree_s44.emb,11935531,d178ac409a55ec4781fcb5da4015e97aee561396fd655f56131fa0edeb36cdc2
large,output/notebook3_gnn_encoder/link_prediction/enzymes/k10/psi/graphsage_edge_feat_psi_s42.emb,11970026,1f0cc0469690c85ca6cc5586cc5ca6347e7a7621df01047fecd098b3b72a88e5
large,output/notebook3_gnn_encoder/link_prediction/enzymes/k10/psi/graphsage_edge_feat_psi_s43.emb,11898075,a6c644572e71a540a83baf19ce8e73a563b736cd71c29aeb4efff8a9fe28b7fa
large,output/notebook3_gnn_encoder/link_prediction/enzymes/k10/psi/graphsage_edge_feat_psi_s44.emb,11972771,f0f6c72679cf0538a17dcfb118aff73e9df598e7990aad60d7291f10ac4673cf
large,output/notebook3_gnn_encoder/link_prediction/enzymes/k10/psi/graphsage_edge_feat_random_s42.emb,11941630,652adc03adaeae27621a389952796672e170fad306a15c5de030d0c66f03218a
large,output/notebook3_gnn_encoder/link_prediction/enzymes/k10/psi/graphsage_edge_feat_random_s43.emb,11938747,d451392afd2053ba30c47ce8be64485feff65f6e8e11454c3cce7bf026828c2b
large,output/notebook3_gnn_encoder/link_prediction/enzymes/k10/psi/graphsage_edge_feat_random_s44.emb,11946929,5511537d664f1c0f76f2189f93f383c19229ad476175b6337f6d75f9186cdac8
large,output/notebook3_gnn_encoder/link_prediction/enzymes/k10/psi/graphsage_edge_s42.emb,11946478,8e27b761e7df3e558c729a999296c84406772d510f35aece696ad137e3fcf161
large,output/notebook3_gnn_encoder/link_prediction/enzymes/k10/psi/graphsage_edge_s43.emb,11938809,754f485e43fa7be6001701a0294e2318d400acdc5b939b1165740058dfa30365
large,output/notebook3_gnn_encoder/link_prediction/enzymes/k10/psi/graphsage_edge_s44.emb,11953609,d10bf2743d8e2fc05fab88866bc844de684ef16b7803411cdbc6d471ef62e506
large,output/notebook3_gnn_encoder/link_prediction/enzymes/k10/psi/graphsage_edge_s45.emb,11959372,a12a74ee3a78f57d0ee76a86468742136c3af1245259f65230c2bcc68f17b6f7
large,output/notebook3_gnn_encoder/link_prediction/enzymes/k10/psi/graphsage_edge_s46.emb,11961133,960983f7092a8174ea3a093c7e27a02b472ee76e68c550a6d7273ab0352ed1b2
large,output/notebook3_gnn_encoder/link_prediction/enzymes/k10/psi/graphsage_edge_s47.emb,11928130,dfc7bf08b99265e07e5855eac46a9fa79bb75d2b7868b63e597e820742818903
large,output/notebook3_gnn_encoder/link_prediction/enzymes/k10/psi/graphsage_edge_s48.emb,11936282,d2d14e2d9db693b3c5e4d8e61e45f05029374d4d65102062340422cbd2912a95
large,output/notebook3_gnn_encoder/link_prediction/enzymes/k10/psi/graphsage_edge_s49.emb,11946102,fe670359c545d56bd3ae8d11bcf3932e003dc8ff6d0343125ff35e966aa0c502
large,output/notebook3_gnn_encoder/link_prediction/enzymes/k10/psi/graphsage_edge_s50.emb,11953405,6b5548cecd61e2f0cf6075f9ca20f2125deef4982375f094003fe621ce018216
large,output/notebook3_gnn_encoder/link_prediction/enzymes/k10/psi/graphsage_edge_s51.emb,11940400,fd3dcc0bcab0fedf6577cedc7c2298877f61e70c0c7b91697e01e77d8a1b9c0a
large,output/notebook3_gnn_encoder/link_prediction/enzymes/k10/psi_pqnorm/graphsage_edge_s42.emb,11940750,2748df177c4c5c5eea5d89d93acc381846ad2d8abe2606fe1af3175eda6e679d
large,output/notebook3_gnn_encoder/link_prediction/enzymes/k10/psi_pqnorm/graphsage_edge_s43.emb,11950708,c79b9ef2fb5c743cfda539c432cb638aa080a591a0091224d1e44a2675ada8a3
large,output/notebook3_gnn_encoder/link_prediction/enzymes/k10/psi_pqnorm/graphsage_edge_s44.emb,11946708,f7a408b475dd7d7005b3b080367edbc0d16cf1eac13986be9cb529eed87f0f19
large,output/notebook3_gnn_encoder/link_prediction/enzymes/k10/psi_qnorm/graphsage_edge_s42.emb,11953896,1f5ec98f66882c755444b9031d08b4ce9f14f49ebf09868f8f60212c424a5f09
large,output/notebook3_gnn_encoder/link_prediction/enzymes/k10/psi_qnorm/graphsage_edge_s43.emb,11933072,b1b477fddb93168778407aeb69c96e756619689908f3a552e2f0331b5c48d073
large,output/notebook3_gnn_encoder/link_prediction/enzymes/k10/psi_qnorm/graphsage_edge_s44.emb,11946812,07cec2efe6e9fe763c8accb679917a920e25e7f0413289712cad12e1113bd4ed
large,output/notebook3_gnn_encoder/link_prediction/enzymes/k10/psi_shift/graphsage_edge_s42.emb,11940209,a29ce21b8a5a5ca6bcf3c19a129e99fa6c957035f92aca646ba84cfb7b98b0e5
large,output/notebook3_gnn_encoder/link_prediction/enzymes/k10/psi_shift/graphsage_edge_s43.emb,11936523,70b0c10050a28f4cb61b305837d7ff17f5cbe63dcfa624d0ea7bda2d904620c3
large,output/notebook3_gnn_encoder/link_prediction/enzymes/k10/psi_shift/graphsage_edge_s44.emb,11947845,098ffa2eac480a157bb833eded1075b43d9c337650925ae014f676dd4d4b5436
large,output/notebook3_gnn_encoder/link_prediction/escorts/k10/centrality/graphsage_edge_s42.emb,10272293,f4e8cb1ef388f08be03941624e936399067141ee3813b8fc88d1294ceb67f13d
large,output/notebook3_gnn_encoder/link_prediction/escorts/k10/centrality/graphsage_edge_s43.emb,10302756,c0a5dc71a0bcf62bb9c4a1639848e2cd741822b0467c8bc297867cebaa5fa058
large,output/notebook3_gnn_encoder/link_prediction/escorts/k10/centrality/graphsage_edge_s44.emb,10251996,f490e2655feaf5240279ec071e28bd5c07829eb8dfc2ed6bff42762e5f305480
large,output/notebook3_gnn_encoder/link_prediction/escorts/k10/degree/graphsage_edge_s42.emb,10252534,71cf0e1c8943b6e8e544e05d4e1329f087cdf199573d72e9368c6227e977ec90
large,output/notebook3_gnn_encoder/link_prediction/escorts/k10/degree/graphsage_edge_s43.emb,10247081,bd0a4a6c53c25afd3852226a07d06c75095fc8c9676afbae4106c05b3118bea4
large,output/notebook3_gnn_encoder/link_prediction/escorts/k10/degree/graphsage_edge_s44.emb,10261575,6e42072eb2347de07516e01c8caba96e09f79e14cbeeffada6f3b1d4e14e29ab
large,output/notebook3_gnn_encoder/link_prediction/escorts/k10/hybrid/graphsage_edge_s42.emb,10241656,6fa1ad431d7fdd2ea61036b414867338a78c1869c8760e7465990fab39cd14f0
large,output/notebook3_gnn_encoder/link_prediction/escorts/k10/hybrid/graphsage_edge_s43.emb,10267427,61f02929a0bbeced5b0a891d4e3769bc7146bec022a0dc6a035a263e133a04a8
large,output/notebook3_gnn_encoder/link_prediction/escorts/k10/hybrid/graphsage_edge_s44.emb,10280698,877385bfdd645e77e09ae6da0398cf79a97f6dccd28638de7b76546dfaaff200
large,output/notebook3_gnn_encoder/link_prediction/escorts/k10/hybrid_centrality/graphsage_edge_s42.emb,10257823,ab0a42e859f8b7b709fb227bc2092716f5c5eb0e6465cc1429d981470c204453
large,output/notebook3_gnn_encoder/link_prediction/escorts/k10/hybrid_centrality/graphsage_edge_s43.emb,10303364,ee00d8af8d13e3f8f5aa651e804aa41b20c10c52ee1ed2dde74ccf0d463195d5
large,output/notebook3_gnn_encoder/link_prediction/escorts/k10/hybrid_centrality/graphsage_edge_s44.emb,10263473,05147485990db1776dd4b8825834c301bdcdaf08b0e6c31581d5a25a78c46cdf
large,output/notebook3_gnn_encoder/link_prediction/escorts/k10/hybrid_degree/graphsage_edge_s42.emb,10260174,2580d917813beb9f90b52bc50f5e170aceb9d0c4e8c03a704ed62469e39e7e60
large,output/notebook3_gnn_encoder/link_prediction/escorts/k10/hybrid_degree/graphsage_edge_s43.emb,10255864,a2bee97bfdf05b9c555b31144bb71fae7923c024e9f24edb7aa16bb9b78c5d43
large,output/notebook3_gnn_encoder/link_prediction/escorts/k10/hybrid_degree/graphsage_edge_s44.emb,10272703,4fe85463e986b31ad670e418821931b0377084727fbf8e0a0dcad8153e7faf10
large,output/notebook3_gnn_encoder/link_prediction/escorts/k10/original/graphsage_edge_s42.emb,10271149,88647a2883f3b3f051bd55bac892cc2738b73e5ed2f530198b636547a46ba6fe
large,output/notebook3_gnn_encoder/link_prediction/escorts/k10/original/graphsage_edge_s43.emb,10304712,3c3069441038430f17d4fbb6ac12bc94671cd75cf44df76d54e39b4912dcaefb
large,output/notebook3_gnn_encoder/link_prediction/escorts/k10/original/graphsage_edge_s44.emb,10291186,14bf3d424f537fb06913509b8319b0cdef29eaf69c7a16fcb336e0e33c675063
large,output/notebook3_gnn_encoder/link_prediction/escorts/k10/psi/graphsage_edge_s42.emb,10226145,f6b794aa18f9e7a3e4e716f21e916c838a5fabbd7b09f8fd0cddeee66991324b
large,output/notebook3_gnn_encoder/link_prediction/escorts/k10/psi/graphsage_edge_s43.emb,10244491,07a93acbbec46d2c423acf4a060d5bcef821d171daa76bea5df6ed14b5967419
large,output/notebook3_gnn_encoder/link_prediction/escorts/k10/psi/graphsage_edge_s44.emb,10255700,0b3981fbbd8028738207919dc870c5ab7fbf3d8d3faa7c03b526e29d525d2c31
large,output/notebook3_gnn_encoder/link_prediction/flickr_attr/k10/centrality/graphsage_edge_s42.emb,4643772,fe7bf76ff6e7385afa444ee519ebb9e2836c6411d4a89a7e715eda929e77a803
large,output/notebook3_gnn_encoder/link_prediction/flickr_attr/k10/centrality/graphsage_edge_s43.emb,4641995,201199002bfbbf908b9bd837f929428e8c69e54ec9c2f7bb248b880d56148a61
large,output/notebook3_gnn_encoder/link_prediction/flickr_attr/k10/centrality/graphsage_edge_s44.emb,4635527,f8fc4305c3b7cdb1eb5638bf8657b86d8b8f2910781ba7ca683b0320a063ef32
large,output/notebook3_gnn_encoder/link_prediction/flickr_attr/k10/centrality/graphsage_edge_s45.emb,4630616,d5fff4d1a3ba4239280f7cc3669cb1c9712922c650f66291120874cd2dff5c05
large,output/notebook3_gnn_encoder/link_prediction/flickr_attr/k10/centrality/graphsage_edge_s46.emb,4645489,017c0c1c819d643e101c60f653a529802488face610eb80a3f67c6a596cc6761
large,output/notebook3_gnn_encoder/link_prediction/flickr_attr/k10/centrality/graphsage_edge_s47.emb,4652571,3f42fccb6874798d134373bcbce1758047d4b84ed161efcaccea2c77c0c88877
large,output/notebook3_gnn_encoder/link_prediction/flickr_attr/k10/degree/graphsage_edge_s42.emb,4643414,c19e96a03e862f645c140ce9f6e890005e5f0d728ed635252ec5f2c58945b3e5
large,output/notebook3_gnn_encoder/link_prediction/flickr_attr/k10/degree/graphsage_edge_s43.emb,4636860,259591b399251e454fdca653055dd160a0b9af82439633363d5a6b8675263923
large,output/notebook3_gnn_encoder/link_prediction/flickr_attr/k10/degree/graphsage_edge_s44.emb,4636901,36ac7e3a949a6d0d333196fb43746a5394dd1b7534d7f89126391672d8cdb4f7
large,output/notebook3_gnn_encoder/link_prediction/flickr_attr/k10/degree/graphsage_edge_s45.emb,4630052,06703e68b3fb3f77f16c4f9df6f99d8bd10a566a4b5588742b6903da71243823
large,output/notebook3_gnn_encoder/link_prediction/flickr_attr/k10/degree/graphsage_edge_s46.emb,4646328,86762fd0c4e8a3b4501e7932125336b806baf7bf17c1371445024b0d9a4ddd0a
large,output/notebook3_gnn_encoder/link_prediction/flickr_attr/k10/degree/graphsage_edge_s47.emb,4646654,7cf552947821f245a1c9eaa7291a88572627df13aeeaf322e04af7546c5bc9a9
large,output/notebook3_gnn_encoder/link_prediction/flickr_attr/k10/hybrid/graphsage_edge_s42.emb,4652630,6ff4a33c89a8e5667061236280d2454be3fc2da4005cd3519571d7a062ed7d7e
large,output/notebook3_gnn_encoder/link_prediction/flickr_attr/k10/hybrid/graphsage_edge_s43.emb,4646731,b1d980fdd2c2d8b0717d683e1957770ab3944afda2001f22fe4a67bf0905456a
large,output/notebook3_gnn_encoder/link_prediction/flickr_attr/k10/hybrid/graphsage_edge_s44.emb,4637424,700f95ae30160da9d19a9a207567a468406aab4cbba4348ceaeed399f786c3f8
large,output/notebook3_gnn_encoder/link_prediction/flickr_attr/k10/hybrid/graphsage_edge_s45.emb,4652893,d832021026e995a6526e59d6fdf504e2706698000e6f46eb5c97e2f93700a3f3
large,output/notebook3_gnn_encoder/link_prediction/flickr_attr/k10/hybrid/graphsage_edge_s46.emb,4638433,01cb6cfb18af6a79e7874eff9ac457c071f7ba09c6c97eeda7eff3bcbddb41ff
large,output/notebook3_gnn_encoder/link_prediction/flickr_attr/k10/hybrid/graphsage_edge_s47.emb,4633139,3c1065a3956a68da80f2ee54785d5435b71040b68761a48c68a6a1d4adbc203f
large,output/notebook3_gnn_encoder/link_prediction/flickr_attr/k10/hybrid_centrality/graphsage_edge_s42.emb,4651895,8aa5fe3e647009c3f57d0ad5e639b0098e5d42fb18e636bff7fb92a68a10e1e5
large,output/notebook3_gnn_encoder/link_prediction/flickr_attr/k10/hybrid_centrality/graphsage_edge_s43.emb,4650089,a9a0fc6b3cf1ec17d981c464b6ce8cb330e8956169d9c933d154c80a5f4e199f
large,output/notebook3_gnn_encoder/link_prediction/flickr_attr/k10/hybrid_centrality/graphsage_edge_s44.emb,4640806,6cb4e368f41864b83f182398b6b470d32c3600738c0f84026535bbaf093a4f00
large,output/notebook3_gnn_encoder/link_prediction/flickr_attr/k10/hybrid_centrality/graphsage_edge_s45.emb,4655423,377142372ac41a901103c22926086d6d5451591444b965506e4e87f9795f465b
large,output/notebook3_gnn_encoder/link_prediction/flickr_attr/k10/hybrid_centrality/graphsage_edge_s46.emb,4637755,2b2c7a7607c612cbe95d4e67b54ae4072da5d7a34a3341a44629d78978cb9e03
large,output/notebook3_gnn_encoder/link_prediction/flickr_attr/k10/hybrid_centrality/graphsage_edge_s47.emb,4635744,3dd4277f54cb450e799030abb2b0399b9749973a330b0182b2304c229b2c0696
large,output/notebook3_gnn_encoder/link_prediction/flickr_attr/k10/hybrid_degree/graphsage_edge_s42.emb,4653153,304f22e789ed9231d30cc2d54f43b52975e408b3b0e4ee97efcbe14f6b380b87
large,output/notebook3_gnn_encoder/link_prediction/flickr_attr/k10/hybrid_degree/graphsage_edge_s43.emb,4646679,32ea898a2de002904df266c2245adf0bb634d767aa003abfff46ec9a703b1a3b
large,output/notebook3_gnn_encoder/link_prediction/flickr_attr/k10/hybrid_degree/graphsage_edge_s44.emb,4638728,02682baee45315f4fabdc884f92d0add3e4c00136f3594b838bf3e4243ab468d
large,output/notebook3_gnn_encoder/link_prediction/flickr_attr/k10/hybrid_degree/graphsage_edge_s45.emb,4652271,c6e253c51306b2313641b20e971b6527f2cf3a0ac1902400c3b99a59bd1abae4
large,output/notebook3_gnn_encoder/link_prediction/flickr_attr/k10/hybrid_degree/graphsage_edge_s46.emb,4639624,67fc146676096a4a979ae8c89e222180f30737d4e4b7ddb9217b89a46f982327
large,output/notebook3_gnn_encoder/link_prediction/flickr_attr/k10/hybrid_degree/graphsage_edge_s47.emb,4632619,9e1f2eb19fb734614441f56f4d1e818dfd4598464413da6d3986149d11ecb1c3
large,output/notebook3_gnn_encoder/link_prediction/flickr_attr/k10/original/graphsage_edge_s42.emb,4648308,0e88d1723280505ed40b28c10b1e9626321cf9d4b34890c83f3842ba23605c89
large,output/notebook3_gnn_encoder/link_prediction/flickr_attr/k10/original/graphsage_edge_s43.emb,4658539,d1357c2502b9d7d6de7e57523545447bb39185fe4cff0b458b36f216128b9f8e
large,output/notebook3_gnn_encoder/link_prediction/flickr_attr/k10/original/graphsage_edge_s44.emb,4640591,4026d311f0ae11e877adb47a3e13e3246031bb3af0647420c2e18f1f77ab62da
large,output/notebook3_gnn_encoder/link_prediction/flickr_attr/k10/original/graphsage_edge_s45.emb,4650118,d382a52fc186f7bcbd718e6c6349fb25ced36c60e2d3d6af358e288c3119176f
large,output/notebook3_gnn_encoder/link_prediction/flickr_attr/k10/original/graphsage_edge_s46.emb,4637908,ad280fda0417ea4c94a9523c4c8d26d0e977567a785cf2bac55bb9e5dda0f891
large,output/notebook3_gnn_encoder/link_prediction/flickr_attr/k10/original/graphsage_edge_s47.emb,4643024,95e7562c1ac76a49b131e216b6e5d51e5479128ddfa34787cc36710014387e2e
large,output/notebook3_gnn_encoder/link_prediction/flickr_attr/k10/psi/graphsage_edge_s42.emb,4643028,85130e87dea3a472fa4320e588984b658f1620441a651955e6a1c1a8273b87b8
large,output/notebook3_gnn_encoder/link_prediction/flickr_attr/k10/psi/graphsage_edge_s43.emb,4639006,48573f364e0a364ef5ef78b2c35fe30f8a3f11703cebb986bcb55af697d2a326
large,output/notebook3_gnn_encoder/link_prediction/flickr_attr/k10/psi/graphsage_edge_s44.emb,4642509,56bea689d32c8e3e456a3bc6e7061960e253f506045d3638dabf2da7d644e8d5
large,output/notebook3_gnn_encoder/link_prediction/flickr_attr/k10/psi/graphsage_edge_s45.emb,4631323,ca4b02016c4623910755eedfdbe8836e842913cad4990963283e9e2eba5f82ac
large,output/notebook3_gnn_encoder/link_prediction/flickr_attr/k10/psi/graphsage_edge_s46.emb,4645241,77e62992dd08a50d67d73a723a27dd2bb30aac90c249e20c43631c91b9527102
large,output/notebook3_gnn_encoder/link_prediction/flickr_attr/k10/psi/graphsage_edge_s47.emb,4646127,b239249ddf652531b87546b2403cbe13e26fcbcf848e319f179ba8e05161d9b4
large,output/notebook3_gnn_encoder/link_prediction/foursquare_checkin/k10/centrality/graphsage_edge_s42.emb,3022620,0466f4b9b55e717fb69124048a43e98b357809945d618db1fdb6f9d47538d75f
large,output/notebook3_gnn_encoder/link_prediction/foursquare_checkin/k10/centrality/graphsage_edge_s43.emb,3013703,965a2de180ff40588146791744e995620af7f97fab91aa50dff4b8bb6a66e539
large,output/notebook3_gnn_encoder/link_prediction/foursquare_checkin/k10/centrality/graphsage_edge_s44.emb,3023523,9da0f83b08d049e13187c074d1c0feffd3a48591e613e3e961293fb5097b9e3a
large,output/notebook3_gnn_encoder/link_prediction/foursquare_checkin/k10/centrality/graphsage_edge_s45.emb,3006555,9ac348efe08ab00217b841038439eaed051fc3d62dbd8be74d0dde4e2a4b0648
large,output/notebook3_gnn_encoder/link_prediction/foursquare_checkin/k10/centrality/graphsage_edge_s46.emb,3018552,830d106ff3f9d7e4c1b84f6c6d1572a557499521d0e11c9fe64db7084a536554
large,output/notebook3_gnn_encoder/link_prediction/foursquare_checkin/k10/centrality/graphsage_edge_s47.emb,3025538,41bbe0f2fb26322cf731b6e1301ff608a17032c9c2a4c4b2b4c81bc7b9cfd484
large,output/notebook3_gnn_encoder/link_prediction/foursquare_checkin/k10/centrality/graphsage_edge_s48.emb,3024171,0a343b104645cfba708ef71c6e4d9245f3e6a8aa44d076ca5786d6e0d48f0946
large,output/notebook3_gnn_encoder/link_prediction/foursquare_checkin/k10/centrality/graphsage_edge_s49.emb,3023436,97b3a91ae01a7ae7bdb8bdc7f87462c15d54fbe9f39dcd4b5f986161c3cbeafe
large,output/notebook3_gnn_encoder/link_prediction/foursquare_checkin/k10/centrality/graphsage_edge_s50.emb,3013828,6e907db1ad7f07843e49a7cf5945090041322ca64a2dccd122d03049f281bbfb
large,output/notebook3_gnn_encoder/link_prediction/foursquare_checkin/k10/centrality/graphsage_edge_s51.emb,3014510,52f656e59357fdb387aa111e9b18c71a95eb0948e5db51cead6d149247d4f684
large,output/notebook3_gnn_encoder/link_prediction/foursquare_checkin/k10/degree/graphsage_edge_s42.emb,3020812,e9bc270c1d28e36781fc045bfe8e7f2a9166b226e9a69f0dfbc99dd65e75e568
large,output/notebook3_gnn_encoder/link_prediction/foursquare_checkin/k10/degree/graphsage_edge_s43.emb,3013662,55871f56141c2117841b0ece9236cddd3c7c7ec31c5b7776d05f90f3d876b6c5
large,output/notebook3_gnn_encoder/link_prediction/foursquare_checkin/k10/degree/graphsage_edge_s44.emb,3020011,aec69b945ec0dbcd54d4af53edcf19c1adce599d0dc42fbf5a6a46d59b939060
large,output/notebook3_gnn_encoder/link_prediction/foursquare_checkin/k10/degree/graphsage_edge_s45.emb,3014823,eb55ebb29982f5feb98c2a4f0705a7f467ff137f591af442f6ce1221adf4e828
large,output/notebook3_gnn_encoder/link_prediction/foursquare_checkin/k10/degree/graphsage_edge_s46.emb,3016574,a95bfdb768e2bafcdaa7c15ffff85dede82a4a55ccdb545704db00732960e161
large,output/notebook3_gnn_encoder/link_prediction/foursquare_checkin/k10/degree/graphsage_edge_s47.emb,3026493,d64fbc016febd394e65c1d7d91051c0b8c9501a602883ef4b6559e1065333866
large,output/notebook3_gnn_encoder/link_prediction/foursquare_checkin/k10/degree/graphsage_edge_s48.emb,3030054,2ad44564ac7cb67a94fd1fba36aa35735152f70c110a95a2c22f128f0194aa8a
large,output/notebook3_gnn_encoder/link_prediction/foursquare_checkin/k10/degree/graphsage_edge_s49.emb,3018621,04598578089f960a7d3d2e4b89d8ff7116714dcdb0b05848f9706b7bdd25b05b
large,output/notebook3_gnn_encoder/link_prediction/foursquare_checkin/k10/degree/graphsage_edge_s50.emb,3008455,4791d744d7bbf7aa1eb9a09d7460ce66cf76e2a704c40bda86f4811b286762e7
large,output/notebook3_gnn_encoder/link_prediction/foursquare_checkin/k10/degree/graphsage_edge_s51.emb,3018436,1372873d39cdef873e33510a80ae5dcebb0865392ff14c2280d3018e8a7c9739
large,output/notebook3_gnn_encoder/link_prediction/foursquare_checkin/k10/hybrid/graphsage_edge_s42.emb,3021863,97809eb83704531aceea62c9c2a24ad849d300ceae0f1e7ab21fb6a261a71818
large,output/notebook3_gnn_encoder/link_prediction/foursquare_checkin/k10/hybrid/graphsage_edge_s43.emb,3013850,34977c4789368d4c1e9e2e6d45315a1e330b68875a382496692282bf81de6cce
large,output/notebook3_gnn_encoder/link_prediction/foursquare_checkin/k10/hybrid/graphsage_edge_s44.emb,3022306,2a466907edc22e58168470aaa533b840126c17589881de38a7969727eed64c78
large,output/notebook3_gnn_encoder/link_prediction/foursquare_checkin/k10/hybrid/graphsage_edge_s45.emb,3010511,7d48277508b0af9b4d4902c544a783b2a40ff281ffabd5fa19b195ac9d8fc430
large,output/notebook3_gnn_encoder/link_prediction/foursquare_checkin/k10/hybrid/graphsage_edge_s46.emb,3008000,bb54fd3905b6f3527ac973f1f323900e6d1672d6b8cb8747b1f5f93a1cc62321
large,output/notebook3_gnn_encoder/link_prediction/foursquare_checkin/k10/hybrid/graphsage_edge_s47.emb,3022719,52ffab2950601ef516d5c5498b0084c5a73e0484225d026a90589b25b6d147a4
large,output/notebook3_gnn_encoder/link_prediction/foursquare_checkin/k10/hybrid/graphsage_edge_s48.emb,3014756,a7dee3d066a1e0607b3ad7632ea6b74edfedb120826ea94fa7955db393a36948
large,output/notebook3_gnn_encoder/link_prediction/foursquare_checkin/k10/hybrid/graphsage_edge_s49.emb,3018490,36214ba072ea74f1cff2f909df35e00b2f242e79c583706495258304b24d1194
large,output/notebook3_gnn_encoder/link_prediction/foursquare_checkin/k10/hybrid/graphsage_edge_s50.emb,3022244,087cea6d89f3c7d96552ac2d05bdbc7e8edeea11f691a4fd4c00c7e587e18305
large,output/notebook3_gnn_encoder/link_prediction/foursquare_checkin/k10/hybrid/graphsage_edge_s51.emb,3025944,7516919aed4cda666d460c4d6c0d8c188a6639a7878a7ccc67b6002d210ccb9d
large,output/notebook3_gnn_encoder/link_prediction/foursquare_checkin/k10/hybrid_centrality/graphsage_edge_s42.emb,3026271,a24c48aea22f7b2c7721c85458ccb6ab0b9a33b4a5648ae7cd26a571cd2dcfee
large,output/notebook3_gnn_encoder/link_prediction/foursquare_checkin/k10/hybrid_centrality/graphsage_edge_s43.emb,3022322,c1b5876fc62a0bb12b0eee8eae4bba5ee20302f4811bb6a16fe31e971c3cca27
large,output/notebook3_gnn_encoder/link_prediction/foursquare_checkin/k10/hybrid_centrality/graphsage_edge_s44.emb,3025812,0a512748899af739fb3313ec33c2d60a2f0cd0f4e1734d50c3747f5380b960a2
large,output/notebook3_gnn_encoder/link_prediction/foursquare_checkin/k10/hybrid_centrality/graphsage_edge_s45.emb,3009481,6e392d266fce46ec93fae8cdab7bb15bac2b1b5f1c32d7d8e1675dd51fa57cdd
large,output/notebook3_gnn_encoder/link_prediction/foursquare_checkin/k10/hybrid_centrality/graphsage_edge_s46.emb,3022555,6ec647bb8f544b7a291a83d3487f49cb0059b66a7a2b11fbf421a62545d3e9c3
large,output/notebook3_gnn_encoder/link_prediction/foursquare_checkin/k10/hybrid_centrality/graphsage_edge_s47.emb,3017331,fc18288fbb23783f308b9b30e4152e43fae0081e5dac8f191838dde3dcad6d07
large,output/notebook3_gnn_encoder/link_prediction/foursquare_checkin/k10/hybrid_centrality/graphsage_edge_s48.emb,3015119,efaf27b23180ded369ac624b9c3bd970f7530ca6fe0090bf944d1b88d5b1ae6a
large,output/notebook3_gnn_encoder/link_prediction/foursquare_checkin/k10/hybrid_centrality/graphsage_edge_s49.emb,3019749,8f0897ea994dd9f91fe276f62e9c4094b9fffe185f5762946e3b0147e063c0f5
large,output/notebook3_gnn_encoder/link_prediction/foursquare_checkin/k10/hybrid_centrality/graphsage_edge_s50.emb,3019706,61eb5948714490f6b9903d5994b488985e8507225c5f9ada54ca87bf6e64d1ae
large,output/notebook3_gnn_encoder/link_prediction/foursquare_checkin/k10/hybrid_centrality/graphsage_edge_s51.emb,3025129,07171f95fccd3e94b476ba91250f75185b5bad335cca339404f35978d95ab7e4
large,output/notebook3_gnn_encoder/link_prediction/foursquare_checkin/k10/hybrid_degree/graphsage_edge_s42.emb,3020108,3dd39b399d70b4b0691768c3bde790033013309516a552f997f66c72340d12f3
large,output/notebook3_gnn_encoder/link_prediction/foursquare_checkin/k10/hybrid_degree/graphsage_edge_s43.emb,3017693,179d03d09c5ddccf31cfb9a1e2074bf81c1ff17bec68f327e141a7d9ebeaf6e2
large,output/notebook3_gnn_encoder/link_prediction/foursquare_checkin/k10/hybrid_degree/graphsage_edge_s44.emb,3023048,4d7fce210d924228bf3c1e19164b672637b4f9ffc088ac9a94af0cef98e767ea
large,output/notebook3_gnn_encoder/link_prediction/foursquare_checkin/k10/hybrid_degree/graphsage_edge_s45.emb,3018729,266909b5d5573c7dbdb17904655003a10d79b3557fbcc4e82eaad632dc5e8724
large,output/notebook3_gnn_encoder/link_prediction/foursquare_checkin/k10/hybrid_degree/graphsage_edge_s46.emb,3028215,d688493fa49fe62d3c710407daf110158352037ff136cd9771cbf5003e1062b1
large,output/notebook3_gnn_encoder/link_prediction/foursquare_checkin/k10/hybrid_degree/graphsage_edge_s47.emb,3022980,f945992a0fe0ac3fc5459f728fd52a6f54019f2aac6f111521077b9401b6dee9
large,output/notebook3_gnn_encoder/link_prediction/foursquare_checkin/k10/hybrid_degree/graphsage_edge_s48.emb,3020909,d0786525690a3bf74671c614b76a54f92c7168a3f5773e374497a2a73e0f60b9
large,output/notebook3_gnn_encoder/link_prediction/foursquare_checkin/k10/hybrid_degree/graphsage_edge_s49.emb,3018351,0485c70d2c74afdde164c3989d30e320b29f073e06f72b224b5f110868ea9f65
large,output/notebook3_gnn_encoder/link_prediction/foursquare_checkin/k10/hybrid_degree/graphsage_edge_s50.emb,3011150,8f62a87411bc9beb70ec7978ad7564aa071d073363941971565c995299eeba6a
large,output/notebook3_gnn_encoder/link_prediction/foursquare_checkin/k10/hybrid_degree/graphsage_edge_s51.emb,3021270,93f54183dd7df86b5d8fd91a507fe899bbb59cabb8f3a1d5fc24a30e76dc3dc0
large,output/notebook3_gnn_encoder/link_prediction/foursquare_checkin/k10/original/graphsage_edge_s42.emb,3023113,606e0aaeef72ac1a59ffbd2b510794a7cc4141f9b7276395fc559edd75d2f454
large,output/notebook3_gnn_encoder/link_prediction/foursquare_checkin/k10/original/graphsage_edge_s43.emb,3025453,01ea27b13c7ef7ddc97933d5ef86af998be8b6d0b84c803b899e81076a3f2962
large,output/notebook3_gnn_encoder/link_prediction/foursquare_checkin/k10/original/graphsage_edge_s44.emb,3023060,7a515381218323dc02e704036bdd5fa61818b6db5416313aaacf1392d5b109b0
large,output/notebook3_gnn_encoder/link_prediction/foursquare_checkin/k10/original/graphsage_edge_s45.emb,3016868,d2a51bc46473991c189d7cb55f15621fa627ad21131c5032eef58ce443126190
large,output/notebook3_gnn_encoder/link_prediction/foursquare_checkin/k10/original/graphsage_edge_s46.emb,3019116,f53d6699d6214a489e10856686fe0307e597a012c27950697677edbff05da26b
large,output/notebook3_gnn_encoder/link_prediction/foursquare_checkin/k10/original/graphsage_edge_s47.emb,3023349,4802ee60f72e5231089b3406d2127daac6f15ea2011adfdd48494c10befc3572
large,output/notebook3_gnn_encoder/link_prediction/foursquare_checkin/k10/original/graphsage_edge_s48.emb,3026817,38deada8edb1414584f517c179688a61bb377fbfe305e57b47e22b6716cfbad3
large,output/notebook3_gnn_encoder/link_prediction/foursquare_checkin/k10/original/graphsage_edge_s49.emb,3020117,403c4235f7c2a8db10b10bae6291785ecd335b907527f8e6c15d9c1caf21a288
large,output/notebook3_gnn_encoder/link_prediction/foursquare_checkin/k10/original/graphsage_edge_s50.emb,3016624,ca17f51ee120df89936d91b44117d9120b6bb6b25b435da8b2dc182f9025670c
large,output/notebook3_gnn_encoder/link_prediction/foursquare_checkin/k10/original/graphsage_edge_s51.emb,3022904,ca06e913942045de7fa11f7c309b3379679dcce92dd5977ff6d724f559b6489a
large,output/notebook3_gnn_encoder/link_prediction/foursquare_checkin/k10/psi/graphsage_edge_s42.emb,3014535,8bcd90ccf215a96610fd2c5072cd9164010f0e4bfd76e2054a837ea11e4686d3
large,output/notebook3_gnn_encoder/link_prediction/foursquare_checkin/k10/psi/graphsage_edge_s43.emb,3008681,c52413e0f595ceb9adee8d5b4edd23a87e3e8bd0e7551172667918f54dc48440
large,output/notebook3_gnn_encoder/link_prediction/foursquare_checkin/k10/psi/graphsage_edge_s44.emb,3012189,08ca6733ebdfb4dea2e28a71d4a6fe846c6d94f324f0b1c917f73d0b2bfcab75
large,output/notebook3_gnn_encoder/link_prediction/foursquare_checkin/k10/psi/graphsage_edge_s45.emb,3008631,da85c9f61bbe9d00b7315ef5c440d74051821940f19abc7e0abee78820c302a3
large,output/notebook3_gnn_encoder/link_prediction/foursquare_checkin/k10/psi/graphsage_edge_s46.emb,3008007,e9f877a4c1ffdfaaa77332b6d38124586733e6cb201889b296a4a8fb951d2cd5
large,output/notebook3_gnn_encoder/link_prediction/foursquare_checkin/k10/psi/graphsage_edge_s47.emb,3024831,5d05298c6660ed80877b22ef04dcf6ceaaf6c1710a8188ea596d79031660065c
large,output/notebook3_gnn_encoder/link_prediction/foursquare_checkin/k10/psi/graphsage_edge_s48.emb,3017095,f5b9752d231a6c31f70e9289b40be20a41a3e4266b91a70c6755d25ed2065758
large,output/notebook3_gnn_encoder/link_prediction/foursquare_checkin/k10/psi/graphsage_edge_s49.emb,3023912,3d179495858b81fbf5e7a10e4fe6d50d6f4908cc998aad701331ecbeae1cb53b
large,output/notebook3_gnn_encoder/link_prediction/foursquare_checkin/k10/psi/graphsage_edge_s50.emb,3019988,8655a5fc1c4568966d725148abece3e4ac4a63975a3a1b691f0f583b60403bbf
large,output/notebook3_gnn_encoder/link_prediction/foursquare_checkin/k10/psi/graphsage_edge_s51.emb,3028521,04d473046645b90310360470787fdae94c6912317a37fa12ba931bc3bc4178c0
large,output/notebook3_gnn_encoder/link_prediction/foursquare_tips/k10/centrality/graphsage_edge_s42.emb,3921058,7de148aea7728e8bfb2853d6f9d48e680edf065430e5705ddc0cca123dcb959b
large,output/notebook3_gnn_encoder/link_prediction/foursquare_tips/k10/centrality/graphsage_edge_s43.emb,3925630,4c8daf26ab87b1a3b44a3186b14047c191e1e521b2fe3934ba9340e75fe637de
large,output/notebook3_gnn_encoder/link_prediction/foursquare_tips/k10/centrality/graphsage_edge_s44.emb,3921582,842396e4ba1b6b7907d820c83bf8c79470bdb7db8a142103eba8ce8f8fc2db02
large,output/notebook3_gnn_encoder/link_prediction/foursquare_tips/k10/centrality/graphsage_edge_s45.emb,3906515,b5233ca77f9f4903df9c3490f893e367a1e5d1bb04928f0cb003cd989def8065
large,output/notebook3_gnn_encoder/link_prediction/foursquare_tips/k10/centrality/graphsage_edge_s46.emb,3932864,992839429c04b65117e9726ceb4aa322db7232ed6def951befce8c58617425c4
large,output/notebook3_gnn_encoder/link_prediction/foursquare_tips/k10/centrality/graphsage_edge_s47.emb,3932755,ded9a5650f93fe29ea429b338d9381fa1c5c7d0e22341ee0220dd1280f3ee81f
large,output/notebook3_gnn_encoder/link_prediction/foursquare_tips/k10/centrality/graphsage_edge_s48.emb,3925351,57be183f23ae22f9277b560dd4aa16e4d3cfb63dfc00a15fa3faa07bff27af17
large,output/notebook3_gnn_encoder/link_prediction/foursquare_tips/k10/centrality/graphsage_edge_s49.emb,3919830,53cde997483215d1d001613492a5440fa3792451fe78bd27e70303263cb624f2
large,output/notebook3_gnn_encoder/link_prediction/foursquare_tips/k10/centrality/graphsage_edge_s50.emb,3927164,633bc042fa60ad23eda2d5db439d7b0ce86b73da85026770fd9c38cae9e1888b
large,output/notebook3_gnn_encoder/link_prediction/foursquare_tips/k10/centrality/graphsage_edge_s51.emb,3916992,4490ad3903ef1af7044ce5f51a5a2b1e18bee43e8c5097fa42bb3cd6576ce009
large,output/notebook3_gnn_encoder/link_prediction/foursquare_tips/k10/degree/graphsage_edge_s42.emb,3921365,6a87efb1ea6c6191447f22f22cf3a1e860a8223cb3a0ca5c4b796f0f4b95ecbf
large,output/notebook3_gnn_encoder/link_prediction/foursquare_tips/k10/degree/graphsage_edge_s43.emb,3914121,92d875e95e241bf41dfc1327a7e168cbd58a7f46a8d458d42f38acb79f50204e
large,output/notebook3_gnn_encoder/link_prediction/foursquare_tips/k10/degree/graphsage_edge_s44.emb,3918471,24e9d7df901902a8d30865813588ed3a9f87ebd1aa1c923fc00bb7b1fba31dbf
large,output/notebook3_gnn_encoder/link_prediction/foursquare_tips/k10/degree/graphsage_edge_s45.emb,3917441,a110d8106b6965c8435ff5de48274d67a40c04fe45b4f208f7b00e97908cd226
large,output/notebook3_gnn_encoder/link_prediction/foursquare_tips/k10/degree/graphsage_edge_s46.emb,3923974,2566e469a455e91f4747cce2e42f3e2713de31ce76692229f3ace247e372bd4f
large,output/notebook3_gnn_encoder/link_prediction/foursquare_tips/k10/degree/graphsage_edge_s47.emb,3933870,992d215b141fa931413b41f7b8598890dc44a32865d3602e15d1702608fa129f
large,output/notebook3_gnn_encoder/link_prediction/foursquare_tips/k10/degree/graphsage_edge_s48.emb,3926728,323ce172cae7d02f923b1ff5de65ccb50fcda567a69838fde3d553fedfa43592
large,output/notebook3_gnn_encoder/link_prediction/foursquare_tips/k10/degree/graphsage_edge_s49.emb,3910688,1659ecbb3fe1bd0739ff8769ed3ce90b4a3c0489dbd2d674c3bfeeedcc26ad8d
large,output/notebook3_gnn_encoder/link_prediction/foursquare_tips/k10/degree/graphsage_edge_s50.emb,3913293,d214a1a924846da6ddba863ccc38d66e4ca3c30018f46ab24ad5cbd57d668a40
large,output/notebook3_gnn_encoder/link_prediction/foursquare_tips/k10/degree/graphsage_edge_s51.emb,3917903,4877dc0d6c69a542a555cbfd912966e9e340b8cc82a58bc830b79c5123b06a21
large,output/notebook3_gnn_encoder/link_prediction/foursquare_tips/k10/hybrid/graphsage_edge_s42.emb,3922437,3389b0bb3e0a59876b0b56c6757c230feea2ce87915a14968c547af317fd28de
large,output/notebook3_gnn_encoder/link_prediction/foursquare_tips/k10/hybrid/graphsage_edge_s43.emb,3920937,b6380f2a83f1cec3d549a6779aca932d6215a0414bc73f421e9cafeb706488d8
large,output/notebook3_gnn_encoder/link_prediction/foursquare_tips/k10/hybrid/graphsage_edge_s44.emb,3924823,69c062cf7447a88e21f77caa8116ffd24157908446a187d0bf6f9d998377009c
large,output/notebook3_gnn_encoder/link_prediction/foursquare_tips/k10/hybrid/graphsage_edge_s45.emb,3920215,25b0b6bd5adf6c5807b5e2c7f0ac306f6e00680e40100c80bca341fb5f73ffa9
large,output/notebook3_gnn_encoder/link_prediction/foursquare_tips/k10/hybrid/graphsage_edge_s46.emb,3930830,8ca107a06348dd227477d356d12d14d502041c3c3ba79f120d20fd7040ad1709
large,output/notebook3_gnn_encoder/link_prediction/foursquare_tips/k10/hybrid/graphsage_edge_s47.emb,3926729,323b1a4946de77af400407985a4321c6aab2c1179f428c3848afbead62e1c2fe
large,output/notebook3_gnn_encoder/link_prediction/foursquare_tips/k10/hybrid/graphsage_edge_s48.emb,3916429,47d504b8ac5d69c54d3c6fbb26f450e475b62e2d98400700e9e328041da86e23
large,output/notebook3_gnn_encoder/link_prediction/foursquare_tips/k10/hybrid/graphsage_edge_s49.emb,3927255,58c16b51a579a2d313afe1dc9f094a512d480c4bd99c0c260fc2a38b10c79b3e
large,output/notebook3_gnn_encoder/link_prediction/foursquare_tips/k10/hybrid/graphsage_edge_s50.emb,3927208,593e1d02945a51dfcdd2ff8754e30f7028c539cce92d76c3421443c629865a95
large,output/notebook3_gnn_encoder/link_prediction/foursquare_tips/k10/hybrid/graphsage_edge_s51.emb,3924430,c5db65c2da746aea1e04d128ee0aa96744746014e4d349f270500290ac10b738
large,output/notebook3_gnn_encoder/link_prediction/foursquare_tips/k10/hybrid_centrality/graphsage_edge_s42.emb,3919936,dbad6eb0512d7ff82bf7491d024bae85b1bdf30f5c72c1e67ead612d922e12be
large,output/notebook3_gnn_encoder/link_prediction/foursquare_tips/k10/hybrid_centrality/graphsage_edge_s43.emb,3934094,75114aa843fbd9ea7af51850964f62cd824bf7788e830140502b241de3059573
large,output/notebook3_gnn_encoder/link_prediction/foursquare_tips/k10/hybrid_centrality/graphsage_edge_s44.emb,3923263,b410b06ea226a60b57035290b974cc74efa34a22240d681ad5007211ff7cb550
large,output/notebook3_gnn_encoder/link_prediction/foursquare_tips/k10/hybrid_centrality/graphsage_edge_s45.emb,3912619,c2c3788fa6f4696ff5955610c8ec7f23dd605ee7ddcbe7881a418ad5ac0ca3fe
large,output/notebook3_gnn_encoder/link_prediction/foursquare_tips/k10/hybrid_centrality/graphsage_edge_s46.emb,3926977,f92ae0619662e95ef493491b568af5c44110efdef99be2bfbe5194570517ccb1
large,output/notebook3_gnn_encoder/link_prediction/foursquare_tips/k10/hybrid_centrality/graphsage_edge_s47.emb,3925313,1a12b93a0d931bd875f6ba090f6582d81d70722753219f551af5e715c8ce82ef
large,output/notebook3_gnn_encoder/link_prediction/foursquare_tips/k10/hybrid_centrality/graphsage_edge_s48.emb,3922167,91a8ae89a237baf7a1377a81ea353e77fafe71d17c9ae8083cedf95c96d316bd
large,output/notebook3_gnn_encoder/link_prediction/foursquare_tips/k10/hybrid_centrality/graphsage_edge_s49.emb,3934677,b01a8dc889369c3a847a02eb65aa0818e713377d949e97c4f0ca0585dfdb2d6b
large,output/notebook3_gnn_encoder/link_prediction/foursquare_tips/k10/hybrid_centrality/graphsage_edge_s50.emb,3932749,87fa980c318cd47a473426f7cd1ea117d55e0bf5e02740583b52ea1ee0ec2861
large,output/notebook3_gnn_encoder/link_prediction/foursquare_tips/k10/hybrid_centrality/graphsage_edge_s51.emb,3920101,0373fe927c589076e61554de140c56eec20bc99169e7f244b55b267cccd2f253
large,output/notebook3_gnn_encoder/link_prediction/foursquare_tips/k10/hybrid_degree/graphsage_edge_s42.emb,3923169,5f4be89b5c484feb9f38a239bb68e4f95ffd18401ae9d9b5f68a998729b2e3c9
large,output/notebook3_gnn_encoder/link_prediction/foursquare_tips/k10/hybrid_degree/graphsage_edge_s43.emb,3916778,ec07ff837381964bfd6ab3f78d92aa14fe5777362c1af9507df2ba32631c9ddf
large,output/notebook3_gnn_encoder/link_prediction/foursquare_tips/k10/hybrid_degree/graphsage_edge_s44.emb,3936937,abc07bb1272d1f651244956f81b9cb3f4f27849e62474a0701472b6c90e4c202
large,output/notebook3_gnn_encoder/link_prediction/foursquare_tips/k10/hybrid_degree/graphsage_edge_s45.emb,3915737,a5e71cb08fe7f204d9e8931bc441cfda880df3122ae890ae58dd40c58e2c1e88
large,output/notebook3_gnn_encoder/link_prediction/foursquare_tips/k10/hybrid_degree/graphsage_edge_s46.emb,3930219,1b6b779c77921e369e3355560434411c6896e314e616b0fee7ef03fe0bcbf9e7
large,output/notebook3_gnn_encoder/link_prediction/foursquare_tips/k10/hybrid_degree/graphsage_edge_s47.emb,3938728,94fd86593fe4310b9d4ce9bf2285ccc6cfd6660ed6229631621c5018a0f1e9ff
large,output/notebook3_gnn_encoder/link_prediction/foursquare_tips/k10/hybrid_degree/graphsage_edge_s48.emb,3921184,021d283849f1507a1a6efb6a060e8043bfbd525f7f44cfc7969c3aa367679791
large,output/notebook3_gnn_encoder/link_prediction/foursquare_tips/k10/hybrid_degree/graphsage_edge_s49.emb,3909465,9a24b19ddcf7828a14ab3c2b5ca75669b6079bff1d94694042649d25e9f06c76
large,output/notebook3_gnn_encoder/link_prediction/foursquare_tips/k10/hybrid_degree/graphsage_edge_s50.emb,3909853,b472ab2398cd3f52c44f5547236de2bc7e0ca063eff154763fcce99515c0b9a1
large,output/notebook3_gnn_encoder/link_prediction/foursquare_tips/k10/hybrid_degree/graphsage_edge_s51.emb,3916769,4055ee0c9a8e5bbd8569a407de8337424962194fc7f85750c86cd8c8a8c9440c
large,output/notebook3_gnn_encoder/link_prediction/foursquare_tips/k10/original/graphsage_edge_s42.emb,3925573,05c9761762455e6767d6141012622281e026255df8e8d06f85ec9a48e0024ddf
large,output/notebook3_gnn_encoder/link_prediction/foursquare_tips/k10/original/graphsage_edge_s43.emb,3926238,007053f6e4bb082687fc11017e60ff3552c45cdd94ed8cb8018b8b0bc544d34d
large,output/notebook3_gnn_encoder/link_prediction/foursquare_tips/k10/original/graphsage_edge_s44.emb,3924663,5c129469e69293f6d76beed56e4150fc2762367a957b08831e47dd2d7ed53064
large,output/notebook3_gnn_encoder/link_prediction/foursquare_tips/k10/original/graphsage_edge_s45.emb,3920747,4e589c6062d5cbec0900cc6ceed4bc2e42b72b5b86d95124990614b692652200
large,output/notebook3_gnn_encoder/link_prediction/foursquare_tips/k10/original/graphsage_edge_s46.emb,3928687,a626bb93ffaa2bf7efc1a65770f6b5dfedee40789f80051254286590d6a74308
large,output/notebook3_gnn_encoder/link_prediction/foursquare_tips/k10/original/graphsage_edge_s47.emb,3926856,c15618a5bd8ecd2db75539d2f2dd3636adf1152bec46b5b28c38c724d174d949
large,output/notebook3_gnn_encoder/link_prediction/foursquare_tips/k10/original/graphsage_edge_s48.emb,3932911,936737b15a42bf25b499e5b9a37e0191274fbfa2cbd58b4986b8f2e9d214bacc
large,output/notebook3_gnn_encoder/link_prediction/foursquare_tips/k10/original/graphsage_edge_s49.emb,3926454,ae9e06c13dca0bd66dd155c0293d541bd5ad9e1762fbb2e393b7074477f79361
large,output/notebook3_gnn_encoder/link_prediction/foursquare_tips/k10/original/graphsage_edge_s50.emb,3922142,868273c4af24ded68aab8ff8c2fbbbfa79c672b2af799e5d1627ccbcf35f608c
large,output/notebook3_gnn_encoder/link_prediction/foursquare_tips/k10/original/graphsage_edge_s51.emb,3901790,3aef4a6d9004dbe5fcaf8f405f83b03e74371974110addace1f6fe32c7d2883d
large,output/notebook3_gnn_encoder/link_prediction/foursquare_tips/k10/psi/graphsage_edge_s42.emb,3918959,b43cab79ccf1b688299d2538881199fd84a917f5c63fb512998204ada64fc4b2
large,output/notebook3_gnn_encoder/link_prediction/foursquare_tips/k10/psi/graphsage_edge_s43.emb,3916154,9fca6c489887b121cc27e10b58ba9f1a0f9fbcb9a67ddba2eeb685b4362bf50e
large,output/notebook3_gnn_encoder/link_prediction/foursquare_tips/k10/psi/graphsage_edge_s44.emb,3921857,7cc61c02947be57bc52614e0b940dc337c9edf31f373317a866cba88bcb8eb34
large,output/notebook3_gnn_encoder/link_prediction/foursquare_tips/k10/psi/graphsage_edge_s45.emb,3916766,aca2170b0b27f08105a2487c0191b06b5a9fdc8715f741c5b4ed6df9236edb19
large,output/notebook3_gnn_encoder/link_prediction/foursquare_tips/k10/psi/graphsage_edge_s46.emb,3935773,1fee89ab25d5131908e73380eb0349eced0d37ae525523aa9f5625225464e370
large,output/notebook3_gnn_encoder/link_prediction/foursquare_tips/k10/psi/graphsage_edge_s47.emb,3929567,cc59d9a92bdeed0cce1fc04c972797931cc860c28dd61332cb8c7f4a1d90374f
large,output/notebook3_gnn_encoder/link_prediction/foursquare_tips/k10/psi/graphsage_edge_s48.emb,3915105,ac40dc261f6bccee3c4e8ab6dca5a4d7dcbe8f85487747648f4d59187229f036
large,output/notebook3_gnn_encoder/link_prediction/foursquare_tips/k10/psi/graphsage_edge_s49.emb,3916289,7e39827da81f926c9de7f673eca8bec0dc7892548a470b64d8833d2b31c4d95b
large,output/notebook3_gnn_encoder/link_prediction/foursquare_tips/k10/psi/graphsage_edge_s50.emb,3920075,6b9de652d32e709069572888c879f6fcad4ff93b3f60af9d6401dfaa1414b015
large,output/notebook3_gnn_encoder/link_prediction/foursquare_tips/k10/psi/graphsage_edge_s51.emb,3923081,c80815a07902fc40e6eed3e9d421938b81e5871d8831529c257d8e955b861974
large,output/notebook3_gnn_encoder/link_prediction/genetic_fission_yeast/k10/centrality/graphsage_edge_s42.emb,2183245,9c2454430b884d5ea165fef85626ddd73567b713b34c75a4575ae19cc0d5e84b
large,output/notebook3_gnn_encoder/link_prediction/genetic_fission_yeast/k10/centrality/graphsage_edge_s43.emb,2178089,d912511bdbaff3099ae19a1a1ae7941064c93eadf753a9390e534ee7c061ce21
large,output/notebook3_gnn_encoder/link_prediction/genetic_fission_yeast/k10/centrality/graphsage_edge_s44.emb,2186019,8d7d4813324ea977db2ac546f7c97356d2b79f346ebe02fbf07574b121daef2a
large,output/notebook3_gnn_encoder/link_prediction/genetic_fission_yeast/k10/degree/graphsage_edge_s42.emb,2183390,ce9f1715b9e247bf0daab9ca57e91a9ef3f2372c32165b0b35665dcc2094dead
large,output/notebook3_gnn_encoder/link_prediction/genetic_fission_yeast/k10/degree/graphsage_edge_s43.emb,2180582,d26540f728b87fcea36de7321193dd683bf6fa35295044e1c30d12fe0c4fcf13
large,output/notebook3_gnn_encoder/link_prediction/genetic_fission_yeast/k10/degree/graphsage_edge_s44.emb,2186212,72ca099c60a69bdb8c49625f94f7aa929b1076bac59ef0d46692927d95a2928f
large,output/notebook3_gnn_encoder/link_prediction/genetic_fission_yeast/k10/hybrid/graphsage_edge_s42.emb,2188872,f023719a8a272e43a49ab5514d4126b82ddcc0fe1c5b6b82e0b1764f40c84033
large,output/notebook3_gnn_encoder/link_prediction/genetic_fission_yeast/k10/hybrid/graphsage_edge_s43.emb,2181289,bd4ec231943bf9b31858295fb15a1c6cbbb9d02e6ad9a42614396a94b19d23be
large,output/notebook3_gnn_encoder/link_prediction/genetic_fission_yeast/k10/hybrid/graphsage_edge_s44.emb,2182664,c23d079a3c0c42fcb4a652f218645e7b7bd38bd1d38ebbc303a2c0b22cd5d6fb
large,output/notebook3_gnn_encoder/link_prediction/genetic_fission_yeast/k10/hybrid_centrality/graphsage_edge_s42.emb,2186433,b30882d5b742fc4a02f6909783b227cf77bf23365381a6a342f06748d7420b2d
large,output/notebook3_gnn_encoder/link_prediction/genetic_fission_yeast/k10/hybrid_centrality/graphsage_edge_s43.emb,2183005,a316a91454f021c7e5e5ad04644b89d929ed9c6bf484c0dbee2e4e8492375dcf
large,output/notebook3_gnn_encoder/link_prediction/genetic_fission_yeast/k10/hybrid_centrality/graphsage_edge_s44.emb,2186008,dce8e739a4be20b24622b16aeaacc17177dd291ba7a7a82ade851c054fec1871
large,output/notebook3_gnn_encoder/link_prediction/genetic_fission_yeast/k10/hybrid_degree/graphsage_edge_s42.emb,2187569,cebcc6585f6c2ff1886d9dfeb22454810c67f17112a00c9c4dfeaaa28c20ed6a
large,output/notebook3_gnn_encoder/link_prediction/genetic_fission_yeast/k10/hybrid_degree/graphsage_edge_s43.emb,2181045,c38207bc49ab911dfe9e62039453969652a59825569ded58322a5ceac64086a7
large,output/notebook3_gnn_encoder/link_prediction/genetic_fission_yeast/k10/hybrid_degree/graphsage_edge_s44.emb,2184141,c1dc859b469b70537241969fd929ffa2b3fbc6403f58653dc52b9d7724f63e37
large,output/notebook3_gnn_encoder/link_prediction/genetic_fission_yeast/k10/original/graphsage_edge_s42.emb,2180294,341f3c8342249ed076a8a3d255df07df15210509b6440d60a11b10f0f526738a
large,output/notebook3_gnn_encoder/link_prediction/genetic_fission_yeast/k10/original/graphsage_edge_s43.emb,2189805,46369a5037525079e6215653c966001553db4f934586cd716605b8b2f6dd8d79
large,output/notebook3_gnn_encoder/link_prediction/genetic_fission_yeast/k10/original/graphsage_edge_s44.emb,2177788,b4a0725b54b6467629cf2effbf7ba4dd0b67965396f1438cf3d5163cb62021d8
large,output/notebook3_gnn_encoder/link_prediction/genetic_fission_yeast/k10/psi/graphsage_edge_s42.emb,2184277,c1dd4ea79a8138dee48a533f397b6f4bb8fd655ccbd1c08c3de827faa5372afb
large,output/notebook3_gnn_encoder/link_prediction/genetic_fission_yeast/k10/psi/graphsage_edge_s43.emb,2181376,8d526307be58b183a8b984e3d1619d56888d9db883f06b180101189ecd9497b9
large,output/notebook3_gnn_encoder/link_prediction/genetic_fission_yeast/k10/psi/graphsage_edge_s44.emb,2187536,92aa929ab346ba805510605958ba66296446e3614ae78b7e1b0ab96ecb43c559
large,output/notebook3_gnn_encoder/link_prediction/genius/k10/centrality/gatv2_edge_s42.emb,259876114,fec9ae059bdf3d690a7c2808d982e21a17ca6ba9118ea3e654e4a7e8eb507195
large,output/notebook3_gnn_encoder/link_prediction/genius/k10/centrality/gatv2_edge_s43.emb,258118882,41162b53439ec96117edd167382ce043a8a1692ac8f55eb72ee69793f881a297
large,output/notebook3_gnn_encoder/link_prediction/genius/k10/centrality/gatv2_edge_s44.emb,259225875,d712f8a49f75bc801d6c6feec81e696aab2e92576adbb7f32fc9ea38a137320c
large,output/notebook3_gnn_encoder/link_prediction/genius/k10/centrality/graphsage_edge_s42.emb,257988753,2b4851d3de7f5d4026d587b5506cd91d3b659ef5a17d34de3565fb988c1fb67a
large,output/notebook3_gnn_encoder/link_prediction/genius/k10/centrality/graphsage_edge_s43.emb,259823037,34a1bc482a6ad21d8caa6d4f6bded5c30f667e52f90d547d0ba4b2a76a000993
large,output/notebook3_gnn_encoder/link_prediction/genius/k10/centrality/graphsage_edge_s44.emb,260027087,bdc0520ccb5ddd2cb8d131437f9773a2f41263c8aec044796fd5558d0f339c10
large,output/notebook3_gnn_encoder/link_prediction/genius/k10/degree/gatv2_edge_s42.emb,261128423,3765b017c7e312b60300d5ac77cd2843b2ad74dcef8a029d1e42516aed328c30
large,output/notebook3_gnn_encoder/link_prediction/genius/k10/degree/gatv2_edge_s43.emb,259320804,f6e7d62a9ceef73328f1d70d4ff3cac0c0b7b82a4a1c5ad4cce5830b570446c4
large,output/notebook3_gnn_encoder/link_prediction/genius/k10/degree/gatv2_edge_s44.emb,260828930,5a13d86248b71daa32b6f928b6862bccce4363e86ec73ba6209e63b2bedfe302
large,output/notebook3_gnn_encoder/link_prediction/genius/k10/degree/graphsage_edge_s42.emb,259991522,026428c75892ec6193a7127be15888057d895959316e888ace55c716cc783ed1
large,output/notebook3_gnn_encoder/link_prediction/genius/k10/degree/graphsage_edge_s43.emb,258419311,2d22b8242945cb770dd49f0e1a9d4bac2bbf5b005e3e479f78b7ec30506f1fe4
large,output/notebook3_gnn_encoder/link_prediction/genius/k10/degree/graphsage_edge_s44.emb,258661699,c08a157e2051f68560f33b4e2e44e305ba2e10e8040a586ef78b5bbd632f1735
large,output/notebook3_gnn_encoder/link_prediction/genius/k10/hybrid/gatv2_edge_s42.emb,259666918,dd31f14ed62897447b0427be75879940292d8f528752f8a4a78b62034d2808ac
large,output/notebook3_gnn_encoder/link_prediction/genius/k10/hybrid/gatv2_edge_s43.emb,260275689,c529812711fa170f96aa97c2b01ae81dd4cca7424dc2f348cf499e134c38ee5b
large,output/notebook3_gnn_encoder/link_prediction/genius/k10/hybrid/gatv2_edge_s44.emb,260523132,e4ce81efc9a7a385ed14a7aed524507d17b94ec575ce000602c778e4178a28a6
large,output/notebook3_gnn_encoder/link_prediction/genius/k10/hybrid/graphsage_edge_s42.emb,259940764,3f6dc209f646ae0067fb11171e0ff239b86609bcabe1bf49e2f05dd70f94c8b4
large,output/notebook3_gnn_encoder/link_prediction/genius/k10/hybrid/graphsage_edge_s43.emb,259730150,a1dcab92b4aff4a2fd77c7062375fb69389b57c3d0502fe95167ebdc8f4e4fc4
large,output/notebook3_gnn_encoder/link_prediction/genius/k10/hybrid/graphsage_edge_s44.emb,259856413,d9429e42ed92fdae8885932c6fc9ba536b9f78cee18c3742bfb8ddae63bff29b
large,output/notebook3_gnn_encoder/link_prediction/genius/k10/hybrid_centrality/gatv2_edge_s42.emb,258653546,50258e692a48af0e737a62a3a89e0f5ed4aed77435f9efb089c82e6465a30ee3
large,output/notebook3_gnn_encoder/link_prediction/genius/k10/hybrid_centrality/gatv2_edge_s43.emb,260243947,449908082367afa26c9f5e926a60103187c0dbae21d410853d3f4cf77686268a
large,output/notebook3_gnn_encoder/link_prediction/genius/k10/hybrid_centrality/gatv2_edge_s44.emb,257451583,cdb3c559058e9afeb610b725203e1e6dc6830551a7c0c928d25bb8b580b6a19b
large,output/notebook3_gnn_encoder/link_prediction/genius/k10/hybrid_centrality/graphsage_edge_s42.emb,260042551,f26e0e149b423d23d3619b09cef3e91a98186999dcf7fb7cd10647edcce423fb
large,output/notebook3_gnn_encoder/link_prediction/genius/k10/hybrid_centrality/graphsage_edge_s43.emb,259673732,782dc01cb82530d5f9c39683b056aedbc5bed1a5816bb814d98d0d3ccedc2a7f
large,output/notebook3_gnn_encoder/link_prediction/genius/k10/hybrid_centrality/graphsage_edge_s44.emb,260806745,b95a689c9d816bc5e2c2c730a7273899ce82c49ec320f7d3b994b441956d05a7
large,output/notebook3_gnn_encoder/link_prediction/genius/k10/hybrid_degree/gatv2_edge_s42.emb,264023587,49b80dbee9b3a9d2da2e79138614fff929ea340d71070a786729c88b5b294b22
large,output/notebook3_gnn_encoder/link_prediction/genius/k10/hybrid_degree/gatv2_edge_s43.emb,259021012,a347cb40bb7e979ce2946df98f81c48f81aab51dbe751fa741bec3d8d684f8b5
large,output/notebook3_gnn_encoder/link_prediction/genius/k10/hybrid_degree/gatv2_edge_s44.emb,260132075,755483ee6831a6b3ec22406908012293004b6bbc122432e1124f0da6e8c3fda4
large,output/notebook3_gnn_encoder/link_prediction/genius/k10/hybrid_degree/graphsage_edge_s42.emb,260480634,2417aaecd1a4ec5d3249b99b74924f3a3b779546e39603ba2a49a3fddaf967d2
large,output/notebook3_gnn_encoder/link_prediction/genius/k10/hybrid_degree/graphsage_edge_s43.emb,260150596,e4b8d09ccb65de685df0d5f3c713ff8e7310cd57a8ce6e6eac0e8b9aa0d43e0d
large,output/notebook3_gnn_encoder/link_prediction/genius/k10/hybrid_degree/graphsage_edge_s44.emb,259557411,e3c270bbe7befbfcab36fa0e37ddbcff7c5956f2be319a35f48469296a64bd5d
large,output/notebook3_gnn_encoder/link_prediction/genius/k10/original/gatv2_edge_s42.emb,260638595,ee094f9d64ea2a35f6516ea319efbe0d2e313593e59cd947b94c500682026338
large,output/notebook3_gnn_encoder/link_prediction/genius/k10/original/gatv2_edge_s43.emb,260007573,c269d2ac3165e4d20617df82de8e2f6527c0c2a00a69c5bfe3c6a10f0e09ff9f
large,output/notebook3_gnn_encoder/link_prediction/genius/k10/original/gatv2_edge_s44.emb,258079221,6a02cfa3c6df61b86d58a2a0a359a4d3d9174b53f7bbe06f1082044f8cc39d13
large,output/notebook3_gnn_encoder/link_prediction/genius/k10/original/graphsage_edge_s42.emb,259622242,923407eedba7297db61bdb83ebe7017c5b11f49b0d2be54dfd5220c81526ff04
large,output/notebook3_gnn_encoder/link_prediction/genius/k10/original/graphsage_edge_s43.emb,260803583,b02963dad5a145b7d035e5480888172440f578a5bd2837d7982a4677b2ae2f34
large,output/notebook3_gnn_encoder/link_prediction/genius/k10/original/graphsage_edge_s44.emb,259592717,51923b5e182517cfb331feff435143db74a80894c3093e340097bb4531cfdecf
large,output/notebook3_gnn_encoder/link_prediction/genius/k10/psi/gatv2_edge_s42.emb,261159067,6e809360f25ea37fec3aa1ac9f556679a3c5d964b380527dd7545ae7aaf0c414
large,output/notebook3_gnn_encoder/link_prediction/genius/k10/psi/gatv2_edge_s43.emb,259427289,44cdfdd9e6caf9280bf6287dc1c8438da495f9bc0f92d4462aca03d8defbd1b0
large,output/notebook3_gnn_encoder/link_prediction/genius/k10/psi/gatv2_edge_s44.emb,260390131,1995c8469124d3cb7a11c7548f6300c14602ecfb7d10fa1464e1008097a18119
large,output/notebook3_gnn_encoder/link_prediction/genius/k10/psi/graphsage_edge_s42.emb,259103825,4e68bae432d67dc76bf76c9f3ac309f16a1556fdad7aae2b2de7c22e8fcb67ec
large,output/notebook3_gnn_encoder/link_prediction/genius/k10/psi/graphsage_edge_s43.emb,259620606,5becf2e4e58594f4bc484ad5843b79325e4a24bcc0043c04290864174fcfa9f7
large,output/notebook3_gnn_encoder/link_prediction/genius/k10/psi/graphsage_edge_s44.emb,258459093,2908a2d6cb12f4fef6921350c6f1a60ed872d8a70c1fbbec7a5bcb5d89780d0b
large,output/notebook3_gnn_encoder/link_prediction/github/k10/centrality/graphsage_edge_s42.emb,23138355,ffed36f614dd578bf34ebeb4837f324b8e89c6061f1038ecd4a8a30dcda0a4be
large,output/notebook3_gnn_encoder/link_prediction/github/k10/centrality/graphsage_edge_s43.emb,23094347,3c89a3a9e8b42c4b788c7a1eb8d4a21330221e1d9f44fe4d7a282a4d22ec49fb
large,output/notebook3_gnn_encoder/link_prediction/github/k10/centrality/graphsage_edge_s44.emb,23125135,966d3b9cd46e397a464a9ec0b41a89af0e70c26e2dd0258c165bbf29e5326aa1
large,output/notebook3_gnn_encoder/link_prediction/github/k10/centrality/graphsage_edge_s45.emb,23089868,5028a20530f7cd76ffa22091f68ac7bb43c77e4974251dc5b6561d2376e3f157
large,output/notebook3_gnn_encoder/link_prediction/github/k10/centrality/graphsage_edge_s46.emb,23130015,28780b7c945d2c6071ce34b51c5df94f3dfcb95b6598863767fec793f3551c72
large,output/notebook3_gnn_encoder/link_prediction/github/k10/centrality/graphsage_edge_s47.emb,23169894,1f5088d1c6cd4ece90682910444d7f91aca71b93afa5a7ff272b563b2f35fdd2
large,output/notebook3_gnn_encoder/link_prediction/github/k10/degree/graphsage_edge_s42.emb,23117413,b8ccc0ed03c5588ec3144f36af1e2d498425b729c6887437f7273eefacd62f23
large,output/notebook3_gnn_encoder/link_prediction/github/k10/degree/graphsage_edge_s43.emb,23110683,d09dfdea2e8d48a8cb8ecd4b6c51276f51b6adc4fa55570e463003c5b5c41115
large,output/notebook3_gnn_encoder/link_prediction/github/k10/degree/graphsage_edge_s44.emb,23208233,668d33c30d532c5224285375008b81a3ee0eb44666ae8b828fabbb9f8fff1c34
large,output/notebook3_gnn_encoder/link_prediction/github/k10/degree/graphsage_edge_s45.emb,23083974,8fb2c8bddc6177dff561c310498952e929ec4df496b590a7e708297d707462cd
large,output/notebook3_gnn_encoder/link_prediction/github/k10/degree/graphsage_edge_s46.emb,23174715,82f5625bf55f36a743fcb6de18384744710c85edd670abce23ff5e2e66c3579c
large,output/notebook3_gnn_encoder/link_prediction/github/k10/degree/graphsage_edge_s47.emb,23117216,caff4711e9ba0cae415ba37364e4674a106f8bd52aa31188ef6abbb8388f2212
large,output/notebook3_gnn_encoder/link_prediction/github/k10/hybrid/graphsage_edge_s42.emb,23158121,da5e130b6b1793c74c9235a7271b8264d6dcb7f062cb6b6c7e7ba6ebaf5104ea
large,output/notebook3_gnn_encoder/link_prediction/github/k10/hybrid/graphsage_edge_s43.emb,23108618,7d465fa7f279f9b4eebc68fc1b095ec64e238a2928d9b14a559bac9d31217b95
large,output/notebook3_gnn_encoder/link_prediction/github/k10/hybrid/graphsage_edge_s44.emb,23170624,29979e31dfdf0881aa98552db625ac16a512633f30a484c48b47d3c4edcf3899
large,output/notebook3_gnn_encoder/link_prediction/github/k10/hybrid/graphsage_edge_s45.emb,23145132,fb5b8707ff8ae08ecf742aede10b300885a87d18ee9b58c797149c4d494ddb89
large,output/notebook3_gnn_encoder/link_prediction/github/k10/hybrid/graphsage_edge_s46.emb,23136288,11e5a0d3390f6fa9fd441fe10baf3af20cc49f065bba61ba5da2cb86bf647fa3
large,output/notebook3_gnn_encoder/link_prediction/github/k10/hybrid/graphsage_edge_s47.emb,23158430,b2b9b7a74c258714c9bff7e920c140526e5c581992a9f7181b64be2f4dc5d40e
large,output/notebook3_gnn_encoder/link_prediction/github/k10/hybrid_centrality/graphsage_edge_s42.emb,23192994,d7c9824848ab0f75cdc6d5c621772f934de393c0e8699f8c8fb5a3d9b0630cdf
large,output/notebook3_gnn_encoder/link_prediction/github/k10/hybrid_centrality/graphsage_edge_s43.emb,23189178,335aa2e578145b2a6607c112ba90d42657ec4fbe8cf1273413147acd2d0db72d
large,output/notebook3_gnn_encoder/link_prediction/github/k10/hybrid_centrality/graphsage_edge_s44.emb,23205321,17117c4103f076ef8db9d060e60ba5f1c7cb54948680c3dd85fbb86301f36dc8
large,output/notebook3_gnn_encoder/link_prediction/github/k10/hybrid_centrality/graphsage_edge_s45.emb,23133474,760f674d2429b1c282fce632792e2fb79304427d2f68ad77b240c90d7dcbd3ef
large,output/notebook3_gnn_encoder/link_prediction/github/k10/hybrid_centrality/graphsage_edge_s46.emb,23174865,c0853eded7cfcc1ccd468867ba23ad39e55c7026058b5f41e31387b8299c015f
large,output/notebook3_gnn_encoder/link_prediction/github/k10/hybrid_centrality/graphsage_edge_s47.emb,23143234,91bb216d3d46b5a3b960af4540d8ad000b6310a8c06efdbf0c70ad308c3ce7c8
large,output/notebook3_gnn_encoder/link_prediction/github/k10/hybrid_degree/graphsage_edge_s42.emb,23166565,51ac4e29da57c7d983ea30172021a08c82771351f91336563321d44ab182be37
large,output/notebook3_gnn_encoder/link_prediction/github/k10/hybrid_degree/graphsage_edge_s43.emb,23118291,bd591714fabd922a1cc48bcea579716f9343193a2a6c1f04860c45822c2a5d87
large,output/notebook3_gnn_encoder/link_prediction/github/k10/hybrid_degree/graphsage_edge_s44.emb,23162298,03a565edcc7a96d62025a8a688a31f7167505015c4560375104268672b34afee
large,output/notebook3_gnn_encoder/link_prediction/github/k10/hybrid_degree/graphsage_edge_s45.emb,23121955,860d0e98b10f1f0bc190739c974fd6f6b2e9ae5a62be486958133249aa35af08
large,output/notebook3_gnn_encoder/link_prediction/github/k10/hybrid_degree/graphsage_edge_s46.emb,23131550,081958d85f9e683d27608fdfc76d3edba154f3251a4764b768a17518aaa101b8
large,output/notebook3_gnn_encoder/link_prediction/github/k10/hybrid_degree/graphsage_edge_s47.emb,23156103,10b4ba9e89bd03ed8b7ab2019152088a7d3ac5c2b9f6b16ce3bb5d72dba4b205
large,output/notebook3_gnn_encoder/link_prediction/github/k10/original/graphsage_edge_s42.emb,23186048,2eb48c9ba32eb5731e97bab6a06bcfe394cf9f6d49684b9d4f2db9a2a0dfff0a
large,output/notebook3_gnn_encoder/link_prediction/github/k10/original/graphsage_edge_s43.emb,23198747,5f0b1b81687ac74ead153b79941fc5da68c8db358209de87fbd03093930610f0
large,output/notebook3_gnn_encoder/link_prediction/github/k10/original/graphsage_edge_s44.emb,23167726,bc2eb8ea77e8e02a7d13a027fe358604ce0f98f119647e6406162dc19bfb2615
large,output/notebook3_gnn_encoder/link_prediction/github/k10/original/graphsage_edge_s45.emb,23064096,734be51f1cc857afe36bb477feb452b1e4ae8d68cea7bfe3da34e0f5629ac8c5
large,output/notebook3_gnn_encoder/link_prediction/github/k10/original/graphsage_edge_s46.emb,23110985,0b7117ff2b0420a95d125fbf8fe1fc5939e90e17556e4ea74ba2eb5800e29163
large,output/notebook3_gnn_encoder/link_prediction/github/k10/original/graphsage_edge_s47.emb,23163970,824750c71921306090dfeac5f30a68be402f17af9bd6fe7879084ddcb7fd8464
large,output/notebook3_gnn_encoder/link_prediction/github/k10/psi/graphsage_edge_s42.emb,23133504,15bcfdce3db1f65e308c5c93d6541d037f4f0ad924cddc0829fe9cf7b17124e1
large,output/notebook3_gnn_encoder/link_prediction/github/k10/psi/graphsage_edge_s43.emb,23162743,c43059005571da2fcc8849433cdce681db78107bedb74d54bb3933137957ddbf
large,output/notebook3_gnn_encoder/link_prediction/github/k10/psi/graphsage_edge_s44.emb,23184118,db8195f95a105bdbb4e510e8df480d9cb2de690fac6eed72be8ab439b7c9a690
large,output/notebook3_gnn_encoder/link_prediction/github/k10/psi/graphsage_edge_s45.emb,23090897,2b4d7a52c85758a35e2c4036c914430035b19ee83ffac60f4e29c9d9cf2fe898
large,output/notebook3_gnn_encoder/link_prediction/github/k10/psi/graphsage_edge_s46.emb,23180311,aad48017c5956d02d02c5a569067d13018782dc1cb454add6f00fb56d541abde
large,output/notebook3_gnn_encoder/link_prediction/github/k10/psi/graphsage_edge_s47.emb,23141948,c88310d53c694b026f045f317809ebee25b826fc192faf2e52d11c556899fbab
large,output/notebook3_gnn_encoder/link_prediction/johnshopkins55/k10/centrality/gatv2_edge_s42.emb,3174831,da9d770d61fda61b894db7b9469333c43ed88d8688cea01bd3f0c2e9726c6ec5
large,output/notebook3_gnn_encoder/link_prediction/johnshopkins55/k10/centrality/gatv2_edge_s43.emb,3176488,74eb25904c3d0352f9f893e83a54602c99d941340b1d8bb26306d265fcf0dd1b
large,output/notebook3_gnn_encoder/link_prediction/johnshopkins55/k10/centrality/gatv2_edge_s44.emb,3180630,42f92df819fb482043f7a5067cd3b4d340031e79acaf30c85a93b6144fcb57ef
large,output/notebook3_gnn_encoder/link_prediction/johnshopkins55/k10/centrality/graphsage_edge_s42.emb,3176523,f98cde012dbece5a4c21dae5486c064a181b4647d9a5c6db53fb6277675ec2e8
large,output/notebook3_gnn_encoder/link_prediction/johnshopkins55/k10/centrality/graphsage_edge_s43.emb,3171447,147a07f9a4a028e6167bafa401a620b93ab0499410a025b798d726b899a2853e
large,output/notebook3_gnn_encoder/link_prediction/johnshopkins55/k10/centrality/graphsage_edge_s44.emb,3179045,b487fbb478aa3498ddbb1c4da37e372c6eb5cb9546d08c46f330ca40698a7d89
large,output/notebook3_gnn_encoder/link_prediction/johnshopkins55/k10/centrality/graphsage_edge_s45.emb,3169587,9286e4df8588d0d8845ad2ae96ace329179b2d842aa7a4abff9dd05a95f875cd
large,output/notebook3_gnn_encoder/link_prediction/johnshopkins55/k10/centrality/graphsage_edge_s46.emb,3177543,15d32c049dec8da88321769a3352b38a81482b817b18fc88ba5861b14cadcae7
large,output/notebook3_gnn_encoder/link_prediction/johnshopkins55/k10/centrality/graphsage_edge_s47.emb,3172189,4f8b045b6ee031899c57ac3cdd45abd2709b81d001667e053a27c355b9320005
large,output/notebook3_gnn_encoder/link_prediction/johnshopkins55/k10/centrality/graphsage_edge_s48.emb,3176636,6745519f56d4616c3080c432642f9db4cd758411d08be35127a2b57860ccdfe7
large,output/notebook3_gnn_encoder/link_prediction/johnshopkins55/k10/centrality/graphsage_edge_s49.emb,3177445,417d176094e983af79c20bff5c944a9d51d946ce70d5ba28ad07054c0f244429
large,output/notebook3_gnn_encoder/link_prediction/johnshopkins55/k10/centrality/graphsage_edge_s50.emb,3170459,eedaf36fd405442b95408d9441ba5887f645591f354a526722e9147007306054
large,output/notebook3_gnn_encoder/link_prediction/johnshopkins55/k10/centrality/graphsage_edge_s51.emb,3173932,8de2aef6df9a5a5949a407e41385624abe632bafb455a701a4c81f972aff2781
large,output/notebook3_gnn_encoder/link_prediction/johnshopkins55/k10/degree/gatv2_edge_s42.emb,3187096,a0c8bab758999728df98b7ea9ec22544bfc1f426ce825abfc3efd55760b24ec9
large,output/notebook3_gnn_encoder/link_prediction/johnshopkins55/k10/degree/gatv2_edge_s43.emb,3176860,e4e55e94cdb3892161a9c560fdddc94abebb3a9f70f2e59f7644d25c8f2f8f00
large,output/notebook3_gnn_encoder/link_prediction/johnshopkins55/k10/degree/gatv2_edge_s44.emb,3182599,b5121fada54bcacc394c869df6d57e370b7bcc379bf7e2a41a102b75abb45ec7
large,output/notebook3_gnn_encoder/link_prediction/johnshopkins55/k10/degree/graphsage_edge_s42.emb,3176178,f26f23ed50257472da97f9c2d0c0b464fc8beab3a22e3d15d7d103e7241231a0
large,output/notebook3_gnn_encoder/link_prediction/johnshopkins55/k10/degree/graphsage_edge_s43.emb,3167743,66b24d2b04385d7396ba7633fa0ad8a588b638f2702f5a93a8812d651990670c
large,output/notebook3_gnn_encoder/link_prediction/johnshopkins55/k10/degree/graphsage_edge_s44.emb,3178584,36c13d0eaac0ac0a6f3fc0000cf894724c18bf7d82c2eb49162c9cfc6f94bda2
large,output/notebook3_gnn_encoder/link_prediction/johnshopkins55/k10/degree/graphsage_edge_s45.emb,3167624,172b17f67eb702c73652b24a00ebdb5d9909c787cce20667ac61a8f11d42752b
large,output/notebook3_gnn_encoder/link_prediction/johnshopkins55/k10/degree/graphsage_edge_s46.emb,3175248,3563a8839936e2d64146296d68e0bf36d5faf231d42eee4073ebfbf49100a5be
large,output/notebook3_gnn_encoder/link_prediction/johnshopkins55/k10/degree/graphsage_edge_s47.emb,3174447,25403a53da57c0dbfd508f7fb9ecf1fd490f7b4654af16db8de68f081645e994
large,output/notebook3_gnn_encoder/link_prediction/johnshopkins55/k10/degree/graphsage_edge_s48.emb,3177226,e57e8837a0ddefb329c2feda6537b39b87bda58e77ce28f09089e5a9751ac5e4
large,output/notebook3_gnn_encoder/link_prediction/johnshopkins55/k10/degree/graphsage_edge_s49.emb,3178611,e623f025d4a0d58070222f2ca13b4378c4a6db1fefd4c6ca2cd4b2bf38d78a5d
large,output/notebook3_gnn_encoder/link_prediction/johnshopkins55/k10/degree/graphsage_edge_s50.emb,3170080,26fda4c6c225c4b79ffcefd4b75e1ece990c30abc0d2a2c3aa6e78d33e3cf134
large,output/notebook3_gnn_encoder/link_prediction/johnshopkins55/k10/degree/graphsage_edge_s51.emb,3167128,fc44a6363f2f27e376773a3e1658f0b630b7e692e0a446909aab80556625304c
large,output/notebook3_gnn_encoder/link_prediction/johnshopkins55/k10/hybrid/gatv2_edge_s42.emb,3184232,ed906f68ded5562394e06fc9b640e28a747db576a40c2d128811bf9a147d0e2c
large,output/notebook3_gnn_encoder/link_prediction/johnshopkins55/k10/hybrid/gatv2_edge_s43.emb,3175701,917ae176de718d84b7d652250c3c72be39209bbf1d14f2db05cff573eb2c7091
large,output/notebook3_gnn_encoder/link_prediction/johnshopkins55/k10/hybrid/gatv2_edge_s44.emb,3175886,c57fa208c9a84d2437b196b929fb342aebab2b5fce56927edc6b94b8e38b3cc2
large,output/notebook3_gnn_encoder/link_prediction/johnshopkins55/k10/hybrid/graphsage_edge_s42.emb,3181268,a79bf54381895ad10d705d7b533812137a70d9a6a7449e9fe750da8aafb1347e
large,output/notebook3_gnn_encoder/link_prediction/johnshopkins55/k10/hybrid/graphsage_edge_s43.emb,3175373,d1ba18813ef21f9ce106bfe6e5836685a1a1d03b2d6fa40d0697d0b42bf6fa8c
large,output/notebook3_gnn_encoder/link_prediction/johnshopkins55/k10/hybrid/graphsage_edge_s44.emb,3175210,31b96779eda7dc0627d9683a7fd46ff155179504db48b8c74e0a94b2d05deffe
large,output/notebook3_gnn_encoder/link_prediction/johnshopkins55/k10/hybrid/graphsage_edge_s45.emb,3178605,0b93f3164770144da6cec67a93a0021c95c28be0ec3eadf5b7826d748cb06340
large,output/notebook3_gnn_encoder/link_prediction/johnshopkins55/k10/hybrid/graphsage_edge_s46.emb,3167667,58ea13a2e63827054ba7c12dac68005b931c77b6c3aaaf2c26db8d599fa18971
large,output/notebook3_gnn_encoder/link_prediction/johnshopkins55/k10/hybrid/graphsage_edge_s47.emb,3168586,3c21b50b4fbaa234b880a248f36807505e61cefa1fadb60e94cad034b5994747
large,output/notebook3_gnn_encoder/link_prediction/johnshopkins55/k10/hybrid/graphsage_edge_s48.emb,3179204,677231747a8c62567f285ac155d25932c052231280c1e8cd3e40121f888ac991
large,output/notebook3_gnn_encoder/link_prediction/johnshopkins55/k10/hybrid/graphsage_edge_s49.emb,3177315,6e8ba132bc00d9c373e94d37e04430572f9bf8a31f5e634c63cf0547b0613332
large,output/notebook3_gnn_encoder/link_prediction/johnshopkins55/k10/hybrid/graphsage_edge_s50.emb,3167680,012bf2a4ec22a9b9e66cdba650fac00ab1ab5a88d5310f91125c3df4813a64d3
large,output/notebook3_gnn_encoder/link_prediction/johnshopkins55/k10/hybrid/graphsage_edge_s51.emb,3176653,22391dc31fdf21c84b2dda6dacafdb9b7fa1e4b253a90e6fd02b9e136146e8a2
large,output/notebook3_gnn_encoder/link_prediction/johnshopkins55/k10/hybrid_centrality/gatv2_edge_s42.emb,3175096,c70f3eaa14b86bb44e8513a36360b10711b48580ee8df3725dbcc0fd8e359aad
large,output/notebook3_gnn_encoder/link_prediction/johnshopkins55/k10/hybrid_centrality/gatv2_edge_s43.emb,3167271,c9b02c4490241a32901edcb38a257f643d3b0251c8d9e2a23db85ed3c1bb0f6f
large,output/notebook3_gnn_encoder/link_prediction/johnshopkins55/k10/hybrid_centrality/gatv2_edge_s44.emb,3176766,73f6899593883ca1ab19602f2b51e1630e9b5d022a0c21b2383967449c202578
large,output/notebook3_gnn_encoder/link_prediction/johnshopkins55/k10/hybrid_centrality/graphsage_edge_s42.emb,3178912,74d2cbc8175eecd803e89ed4932ad95360ce1c754dc03b8f7d5ac5cbc1cde396
large,output/notebook3_gnn_encoder/link_prediction/johnshopkins55/k10/hybrid_centrality/graphsage_edge_s43.emb,3177364,6ddb5bd28cc70282a3cb7e997fc44e97b7244d22659309b20cb89da0864c1e0b
large,output/notebook3_gnn_encoder/link_prediction/johnshopkins55/k10/hybrid_centrality/graphsage_edge_s44.emb,3174343,d31feb20392669fbe19ffe39b7ba4d64ba98c7093250f1f05a4edb305b6edaab
large,output/notebook3_gnn_encoder/link_prediction/johnshopkins55/k10/hybrid_centrality/graphsage_edge_s45.emb,3177181,ac4778f0c4e6aac5758f43dcfff5aa3cf999ab898457f5d56b9cdb1b6a2f6fd9
large,output/notebook3_gnn_encoder/link_prediction/johnshopkins55/k10/hybrid_centrality/graphsage_edge_s46.emb,3170635,580ceb8beaff1badb8af8f9445442aa30280f7fd9ced6ff37fc44a5a82f7eba6
large,output/notebook3_gnn_encoder/link_prediction/johnshopkins55/k10/hybrid_centrality/graphsage_edge_s47.emb,3171861,4e39feb66867f7af56007bd47cec34ca6f037e2bfdf407207d95bcef30991a46
large,output/notebook3_gnn_encoder/link_prediction/johnshopkins55/k10/hybrid_centrality/graphsage_edge_s48.emb,3177058,39cc4ba40b3a7d96b691f82b4328470b8418148e4c3417717289d89d276320af
large,output/notebook3_gnn_encoder/link_prediction/johnshopkins55/k10/hybrid_centrality/graphsage_edge_s49.emb,3179855,fb90f1829d3a63a102c142287fa306cd56576ee5aec635762274f105bc7ceeee
large,output/notebook3_gnn_encoder/link_prediction/johnshopkins55/k10/hybrid_centrality/graphsage_edge_s50.emb,3173590,02f4c7d911b9131a6f16f48248a6e404343ddae9757d38baaffb24e1bb2d4b52
large,output/notebook3_gnn_encoder/link_prediction/johnshopkins55/k10/hybrid_centrality/graphsage_edge_s51.emb,3179115,f1a74e5380423775f4bb9f6ede42e704620530d59518bc3d1b0dd6029b7a0300
large,output/notebook3_gnn_encoder/link_prediction/johnshopkins55/k10/hybrid_degree/gatv2_edge_s42.emb,3178797,bbad0930ec8711481314896eb3e2c2ebda60152a80be33fa2881aa2be37c4d5a
large,output/notebook3_gnn_encoder/link_prediction/johnshopkins55/k10/hybrid_degree/gatv2_edge_s43.emb,3175824,b20b87f3cc161ad679a12c91e3a4fdee5ef4982d79f0055caddf490f74222ee7
large,output/notebook3_gnn_encoder/link_prediction/johnshopkins55/k10/hybrid_degree/gatv2_edge_s44.emb,3176065,37d4e11f3582edf61633b8a1277396445835429fa7796873dd44e25cb0dc5e71
large,output/notebook3_gnn_encoder/link_prediction/johnshopkins55/k10/hybrid_degree/graphsage_edge_s42.emb,3181812,a9dc563728b042c7e7a136f60a483547a90fc74bd69db54238d460bf82f1566a
large,output/notebook3_gnn_encoder/link_prediction/johnshopkins55/k10/hybrid_degree/graphsage_edge_s43.emb,3172759,9e8c4535de4ab0ec885554dbdabe72742091473573a7cd448d7f3ee2895d01e3
large,output/notebook3_gnn_encoder/link_prediction/johnshopkins55/k10/hybrid_degree/graphsage_edge_s44.emb,3175415,b1134c55104561827b3b5931e8f455504a8bf3448e714f3a4a7cc60cb8fa24d9
large,output/notebook3_gnn_encoder/link_prediction/johnshopkins55/k10/hybrid_degree/graphsage_edge_s45.emb,3178383,595d683bc94977ab5282e31fdee6d3e02ead9a4cddbc74ddd9b439f23c40aaf5
large,output/notebook3_gnn_encoder/link_prediction/johnshopkins55/k10/hybrid_degree/graphsage_edge_s46.emb,3168762,b58cc8cdf508fd91c4acc262e1f5f336ca64353fec09b09c9672d6f454e7bb60
large,output/notebook3_gnn_encoder/link_prediction/johnshopkins55/k10/hybrid_degree/graphsage_edge_s47.emb,3167807,c91342a5649d6ce8f38dfb9a20d27a3ec87a39d5137387e5818d3e5bcdfc7040
large,output/notebook3_gnn_encoder/link_prediction/johnshopkins55/k10/hybrid_degree/graphsage_edge_s48.emb,3179072,f1d6e9e178b6d600155ef28a2955917f801c40b6efd05c3bd395a572c200757e
large,output/notebook3_gnn_encoder/link_prediction/johnshopkins55/k10/hybrid_degree/graphsage_edge_s49.emb,3176314,1095d1703de3267c97c55ce1ff0ddfff880c9bde0155537c63af0fcb9cf56dca
large,output/notebook3_gnn_encoder/link_prediction/johnshopkins55/k10/hybrid_degree/graphsage_edge_s50.emb,3166476,e3cd9d0efe2c8960d49b35da62dee66c68f76daf29b668e692409916358cb1b3
large,output/notebook3_gnn_encoder/link_prediction/johnshopkins55/k10/hybrid_degree/graphsage_edge_s51.emb,3176467,b1a883d92a0c976f112840c8dd032d87b40567e1f6c61bd3815bdf51fe8e85c6
large,output/notebook3_gnn_encoder/link_prediction/johnshopkins55/k10/original/gatv2_edge_s42.emb,3186396,27d106063b3bb437913ae11481cabd57e2f3172dc51000b9ee5f55dc22b652a6
large,output/notebook3_gnn_encoder/link_prediction/johnshopkins55/k10/original/gatv2_edge_s43.emb,3177496,bce8b1a10c2530ae44768799af6ea422b81d606af30080d8a0219e17822fbe5a
large,output/notebook3_gnn_encoder/link_prediction/johnshopkins55/k10/original/gatv2_edge_s44.emb,3166412,bcc308f5aa24a389e36f417848b633d3869ec6b6aaf1dca2fb7ed2176f2375e5
large,output/notebook3_gnn_encoder/link_prediction/johnshopkins55/k10/original/graphsage_edge_s42.emb,3173669,e2e51188d05cba0bf03625b66790abfd00ae6c3fb04bba9f71d696550aa249ed
large,output/notebook3_gnn_encoder/link_prediction/johnshopkins55/k10/original/graphsage_edge_s43.emb,3175573,0564cd02b733c5cc185d88510511dc7294d626dde1aa3dbc6f662f0d7981e4d0
large,output/notebook3_gnn_encoder/link_prediction/johnshopkins55/k10/original/graphsage_edge_s44.emb,3176769,435d1a7db64522893198e1c44e876de04e5ea67d9d21fc9557ec6616d89df45d
large,output/notebook3_gnn_encoder/link_prediction/johnshopkins55/k10/original/graphsage_edge_s45.emb,3176602,af30e0efebc02eb569a20b9a9feb09fcfdfa9bef4dfc310ebddb33c84b88217a
large,output/notebook3_gnn_encoder/link_prediction/johnshopkins55/k10/original/graphsage_edge_s46.emb,3174462,09129fc7dd48979ec267e8a536c3aba88c11d16af98238641dabc75fa43aa2dd
large,output/notebook3_gnn_encoder/link_prediction/johnshopkins55/k10/original/graphsage_edge_s47.emb,3169054,07f355efe0beb20498fe4377ab3ca40b63bc47e01fb5f6bc198b3cd9c8b9be17
large,output/notebook3_gnn_encoder/link_prediction/johnshopkins55/k10/original/graphsage_edge_s48.emb,3179640,69d6d1b4ddf7f17137bea9e11cbaa8be99288db2a85505488e2f85cc4f23607c
large,output/notebook3_gnn_encoder/link_prediction/johnshopkins55/k10/original/graphsage_edge_s49.emb,3177824,17700eee12ac315d95ff2aa82854168965c28dfd195648fb3c7f1ea58103e90b
large,output/notebook3_gnn_encoder/link_prediction/johnshopkins55/k10/original/graphsage_edge_s50.emb,3177855,6b27ea43f767c9cff5e5ad07aa2d4b211f558890a4e5ec39ccd2e2922fa30e39
large,output/notebook3_gnn_encoder/link_prediction/johnshopkins55/k10/original/graphsage_edge_s51.emb,3178253,dd5d2b07603edcf6ffee0bd700127b6c4516def7d34fa99a0b5b0979e4714ee6
large,output/notebook3_gnn_encoder/link_prediction/johnshopkins55/k10/psi/gatv2_edge_s42.emb,3181123,0e59141ec758e0d062c6fb1e9e7005c2bd83fd438973b420b6167918a4e5c37f
large,output/notebook3_gnn_encoder/link_prediction/johnshopkins55/k10/psi/gatv2_edge_s43.emb,3177430,85222371f11b70c25bd54786193c4a685e6942604482283f1baca65c380400ab
large,output/notebook3_gnn_encoder/link_prediction/johnshopkins55/k10/psi/gatv2_edge_s44.emb,3181874,c8deee582d84c1f171bc37ce8232f83ca7dc7a6d94a31d815cd4198146960922
large,output/notebook3_gnn_encoder/link_prediction/johnshopkins55/k10/psi/graphsage_edge_s42.emb,3174900,5eebdb0d28c89b6d28b29518182a08d053e8283758fc9b9aeda631074136788d
large,output/notebook3_gnn_encoder/link_prediction/johnshopkins55/k10/psi/graphsage_edge_s43.emb,3168254,35c54f4562d0ea143adfe9953304812721ff4441321946362e5f58a32bb74114
large,output/notebook3_gnn_encoder/link_prediction/johnshopkins55/k10/psi/graphsage_edge_s44.emb,3176944,638f920b20d29ca9a7740ed9f00d30ba534c38fbdddcdbea5a03cf407c50e6df
large,output/notebook3_gnn_encoder/link_prediction/johnshopkins55/k10/psi/graphsage_edge_s45.emb,3166695,a9abd0b8a8666c4e11a8ac835143b5f26435f32a4c80dd1939c61066ed7904b9
large,output/notebook3_gnn_encoder/link_prediction/johnshopkins55/k10/psi/graphsage_edge_s46.emb,3175314,d7c49b864b8fa647cab29cb6cf9ef17de0459c65863c2d876b1cc4164e8733b1
large,output/notebook3_gnn_encoder/link_prediction/johnshopkins55/k10/psi/graphsage_edge_s47.emb,3175243,f080fe50d906d6f893264c59174c98895c280978384cd52280660bd8e3b858b0
large,output/notebook3_gnn_encoder/link_prediction/johnshopkins55/k10/psi/graphsage_edge_s48.emb,3176155,226050151bb51d3d3e81af29be7a98afc3d552b991ae41bc65d4003713152d73
large,output/notebook3_gnn_encoder/link_prediction/johnshopkins55/k10/psi/graphsage_edge_s49.emb,3179239,f7f545a0fb13ea9533938c05fdc0b031d532a2858f75bc7683ffec2b0d32308c
large,output/notebook3_gnn_encoder/link_prediction/johnshopkins55/k10/psi/graphsage_edge_s50.emb,3169496,5ba2adf1591d67b790eed11edd882331af91d530dfebbe584daa65f3934e0e7e
large,output/notebook3_gnn_encoder/link_prediction/johnshopkins55/k10/psi/graphsage_edge_s51.emb,3166106,9d13a2bef225b9d55dd3c5903f6ee6e295960fcf267b82ce43784ee9a94f6d1a
large,output/notebook3_gnn_encoder/link_prediction/johnshopkins55/k10/psi_pqnorm/graphsage_edge_s42.emb,3176772,63896c8174acedc69375571f0026414e05cc85d1e551e55fa35b85f5b11fe127
large,output/notebook3_gnn_encoder/link_prediction/johnshopkins55/k10/psi_pqnorm/graphsage_edge_s43.emb,3169539,1f9775c7bc9ff055b444462cdd4ad590e0764ed9a4b32cb7f5a89c44d240d179
large,output/notebook3_gnn_encoder/link_prediction/johnshopkins55/k10/psi_pqnorm/graphsage_edge_s44.emb,3176878,e139dc84e4543ed653daaf76a9da6fe45fca7442b3d0db6d6ab5f7fc67ebb3df
large,output/notebook3_gnn_encoder/link_prediction/johnshopkins55/k10/psi_shift/graphsage_edge_s42.emb,3175599,5266b41648f6a9790cf368c4e4cf7e751cd94c3921ba0ce663587ffd7889b04f
large,output/notebook3_gnn_encoder/link_prediction/johnshopkins55/k10/psi_shift/graphsage_edge_s43.emb,3172918,3163e88d7efa09a26c1bf0d47ea6225143e1244a9d84ff5d495c05a169e2b983
large,output/notebook3_gnn_encoder/link_prediction/johnshopkins55/k10/psi_shift/graphsage_edge_s44.emb,3173601,49a47a2492a496557a36e61299bd912f1c313bd22d583e9f647deee1bd2fae51
large,output/notebook3_gnn_encoder/link_prediction/lastfm_asia/k10/centrality/graphsage_edge_s42.emb,4674733,dbccead29175c1300a859c10a7013c31ab95137a0f1655fac816f73b1b679730
large,output/notebook3_gnn_encoder/link_prediction/lastfm_asia/k10/centrality/graphsage_edge_s43.emb,4666165,8e26fb0f8e9190fd8b62e7e8e7111619d061f097ee47b9a959e61009d67e2e40
large,output/notebook3_gnn_encoder/link_prediction/lastfm_asia/k10/centrality/graphsage_edge_s44.emb,4671491,0b5e1e1e1130cee7e7c697a3badd56f0a1223b7b4e4b851b68516635ac616e1d
large,output/notebook3_gnn_encoder/link_prediction/lastfm_asia/k10/centrality/graphsage_edge_s45.emb,4660238,76cd32ff986dbda8a12cf1fd9625400c71b187e7e9167717f7ca069dab51c4b7
large,output/notebook3_gnn_encoder/link_prediction/lastfm_asia/k10/centrality/graphsage_edge_s46.emb,4672600,7a1d5b01caff2bc47a2c7ac3294d4265a2531cfb9d677586e57ed560ba84299c
large,output/notebook3_gnn_encoder/link_prediction/lastfm_asia/k10/centrality/graphsage_edge_s47.emb,4688206,7c80ebf52eabc9283a692bb57e716505e751021f09192b7e4724cdd05441a653
large,output/notebook3_gnn_encoder/link_prediction/lastfm_asia/k10/centrality/graphsage_edge_s48.emb,4676918,33d0809391e9e286d4a3b71f3195ab81022d45badb02f7d260251d177af25ac1
large,output/notebook3_gnn_encoder/link_prediction/lastfm_asia/k10/centrality/graphsage_edge_s49.emb,4668207,9b98257c6ad797d519cc186b0383472ef7bbc5c6d248506cff3ee330e8ff83d6
large,output/notebook3_gnn_encoder/link_prediction/lastfm_asia/k10/centrality/graphsage_edge_s50.emb,4666431,e65ba2618a0fe05e6d7f34431385de6bd5e02b41372dc721457e6b871805bbfa
large,output/notebook3_gnn_encoder/link_prediction/lastfm_asia/k10/centrality/graphsage_edge_s51.emb,4670640,a7bf4d51e79893e0bb2407e0a3fe64cb3040fc4456551b8f287b2c9ac5a88518
large,output/notebook3_gnn_encoder/link_prediction/lastfm_asia/k10/degree/graphsage_edge_s42.emb,4673821,517e9969c27168775c3ed5889955644b3c2bb30ee62a0c210002509f68c2f682
large,output/notebook3_gnn_encoder/link_prediction/lastfm_asia/k10/degree/graphsage_edge_s43.emb,4671469,439b7d7c462eacdf4ef9449b99e76a2dd3e92b90d5c87720568445e4cff6b191
large,output/notebook3_gnn_encoder/link_prediction/lastfm_asia/k10/degree/graphsage_edge_s44.emb,4675380,6a8a959b1839c202de2d44ea6b36e66bdfaa8d159915b819a246ba0c95d6fc2f
large,output/notebook3_gnn_encoder/link_prediction/lastfm_asia/k10/degree/graphsage_edge_s45.emb,4666742,2e752b40cf8c4e5339628985656a7dd19853e71ee66a7f1469933493b55c2338
large,output/notebook3_gnn_encoder/link_prediction/lastfm_asia/k10/degree/graphsage_edge_s46.emb,4677091,80d4046796c96fbde3cdfab5443ca5471013dc2c6ee4153032e0d8432e0813b3
large,output/notebook3_gnn_encoder/link_prediction/lastfm_asia/k10/degree/graphsage_edge_s47.emb,4674074,ad3867f16f3e07fee65b5a2ae7fd1432c365f43f84455aacd4f22dfa8759d073
large,output/notebook3_gnn_encoder/link_prediction/lastfm_asia/k10/degree/graphsage_edge_s48.emb,4675323,57661c254382bed115286892ec2486ddec842cacadd672c09826390c1ba403a0
large,output/notebook3_gnn_encoder/link_prediction/lastfm_asia/k10/degree/graphsage_edge_s49.emb,4676319,5b8d0bda826bc9748d8e332895a74368ac383f8b7dc642b3b3749c990e607031
large,output/notebook3_gnn_encoder/link_prediction/lastfm_asia/k10/degree/graphsage_edge_s50.emb,4667918,186c8cec2798adb4cf8d0d035d06ccebe38f92141386ba5b96d9e1b254fe5712
large,output/notebook3_gnn_encoder/link_prediction/lastfm_asia/k10/degree/graphsage_edge_s51.emb,4669161,c98a69a4f2d9c7bc78f5879af340faac9eb1b2e77cd44704f9894d02ffae676d
large,output/notebook3_gnn_encoder/link_prediction/lastfm_asia/k10/hybrid/graphsage_edge_s42.emb,4668672,3a7d144ded4f670483d2b743c9afe94c85a4c4421dd43eff2bb9185c29d01f45
large,output/notebook3_gnn_encoder/link_prediction/lastfm_asia/k10/hybrid/graphsage_edge_s43.emb,4686988,8c5869c1d28adab0cea39368c484a6c3cc473c4b13d5c9ea9ebd451ceba19e8d
large,output/notebook3_gnn_encoder/link_prediction/lastfm_asia/k10/hybrid/graphsage_edge_s44.emb,4676068,937b8af3a775b35a748302f7d7f516d1202be149ae098fcf9f8c428ba0dee4bd
large,output/notebook3_gnn_encoder/link_prediction/lastfm_asia/k10/hybrid/graphsage_edge_s45.emb,4672152,1b93dc85be47d4e32d38597011f22ef15e9812328e87d01bebb30482c6a1997e
large,output/notebook3_gnn_encoder/link_prediction/lastfm_asia/k10/hybrid/graphsage_edge_s46.emb,4666028,a03186d94d36a645d572f9c07986404ad1196a5731ef367b8ef7513e015c8843
large,output/notebook3_gnn_encoder/link_prediction/lastfm_asia/k10/hybrid/graphsage_edge_s47.emb,4674533,32012770ac4c946b89f5c3ee0ada803e83b75a2ae9e205c6c446665710684b27
large,output/notebook3_gnn_encoder/link_prediction/lastfm_asia/k10/hybrid/graphsage_edge_s48.emb,4671618,2ea3d3eb614e1228024aa2ba3eb35e76cf1be82beba7a51a2942707bbd789755
large,output/notebook3_gnn_encoder/link_prediction/lastfm_asia/k10/hybrid/graphsage_edge_s49.emb,4669881,7a13a3a6b594d2a1c0e2b4093a0dbe96130c2ee8876f7aab284cb2e62ce645c8
large,output/notebook3_gnn_encoder/link_prediction/lastfm_asia/k10/hybrid/graphsage_edge_s50.emb,4660201,84feaee7ff353d776512cc38ee3be62bb0eba9a28c3a550b5644483822cb30a9
large,output/notebook3_gnn_encoder/link_prediction/lastfm_asia/k10/hybrid/graphsage_edge_s51.emb,4676396,f75fc0289aa9d1997b47c19f522f29aae5e5d1d8072e9007afde216348eaecf4
large,output/notebook3_gnn_encoder/link_prediction/lastfm_asia/k10/hybrid_centrality/graphsage_edge_s42.emb,4675571,c29df67268f968225103ae2b6d80113cf9fa84e09d16778af16841b67517ba8b
large,output/notebook3_gnn_encoder/link_prediction/lastfm_asia/k10/hybrid_centrality/graphsage_edge_s43.emb,4681290,3912af6b7d72f31044470bbe9f1492826e4d94077daa6d5039f6c1f36082058d
large,output/notebook3_gnn_encoder/link_prediction/lastfm_asia/k10/hybrid_centrality/graphsage_edge_s44.emb,4677686,c3e1cedb6da65b2500e19ed4b3ecc4dc5cabb61a47f832901adc10f61a4e2b30
large,output/notebook3_gnn_encoder/link_prediction/lastfm_asia/k10/hybrid_centrality/graphsage_edge_s45.emb,4665847,7de08459f6f3c7742be7f8d26794dece993879b8872b7f97af759721f4447885
large,output/notebook3_gnn_encoder/link_prediction/lastfm_asia/k10/hybrid_centrality/graphsage_edge_s46.emb,4667039,6ace23ca4790529cec6ef1a92e43bce69f978c7ddfd1fe80d868f8278ef4f3df
large,output/notebook3_gnn_encoder/link_prediction/lastfm_asia/k10/hybrid_centrality/graphsage_edge_s47.emb,4679327,c0e373c3244884d8020cc75b3969661e339cbd9d71ab82717ffd377adbf23c36
large,output/notebook3_gnn_encoder/link_prediction/lastfm_asia/k10/hybrid_centrality/graphsage_edge_s48.emb,4671625,6cd4e60635366e11dbd74293b4d96d6eae0b74d674a490201fe3312c66091850
large,output/notebook3_gnn_encoder/link_prediction/lastfm_asia/k10/hybrid_centrality/graphsage_edge_s49.emb,4671588,57467540fe9812a4dcc8a86ac8059df757b55c07a7ec44da537eaf609b486b3f
large,output/notebook3_gnn_encoder/link_prediction/lastfm_asia/k10/hybrid_centrality/graphsage_edge_s50.emb,4664992,af53547b76cc9f2a0df0176b7eb716524a750e33f72392b4afe168adfc0e801f
large,output/notebook3_gnn_encoder/link_prediction/lastfm_asia/k10/hybrid_centrality/graphsage_edge_s51.emb,4676448,61cf4efe6265c28386deeb5ed1a0c0a343f69ee9436e33c20bd8b01f8772e221
large,output/notebook3_gnn_encoder/link_prediction/lastfm_asia/k10/hybrid_degree/graphsage_edge_s42.emb,4676550,357792c405d94c60cfd8592fa5fa8ef2f140bfcc6766b5e6bd03ae74b238c17f
large,output/notebook3_gnn_encoder/link_prediction/lastfm_asia/k10/hybrid_degree/graphsage_edge_s43.emb,4676574,4d9e056b93da61782fa848dcd4da9f8d50e24a1008082e23171490d211786af0
large,output/notebook3_gnn_encoder/link_prediction/lastfm_asia/k10/hybrid_degree/graphsage_edge_s44.emb,4688497,6062ba3a3b7b10ec9ed7e290a938ee47ccb357756a695ba4d24f9d18f7418dc3
large,output/notebook3_gnn_encoder/link_prediction/lastfm_asia/k10/hybrid_degree/graphsage_edge_s45.emb,4670875,ed872cb17eab64fcb3ff617e18d1ec8b488254988d15091ee4eeee6a6c069e71
large,output/notebook3_gnn_encoder/link_prediction/lastfm_asia/k10/hybrid_degree/graphsage_edge_s46.emb,4681281,9a9c6cf2bddd78bb94bd26dc7ce0d5e8727120d5c21c14554236dc63690e6594
large,output/notebook3_gnn_encoder/link_prediction/lastfm_asia/k10/hybrid_degree/graphsage_edge_s47.emb,4673617,b389911637e49a8117df8e8af9e22715ad58e134efae3e22dd36020a664bd548
large,output/notebook3_gnn_encoder/link_prediction/lastfm_asia/k10/hybrid_degree/graphsage_edge_s48.emb,4667697,1a25ac388e725db74acb4aae6b70a3cb5335d304463f97efc1f32544f830e97a
large,output/notebook3_gnn_encoder/link_prediction/lastfm_asia/k10/hybrid_degree/graphsage_edge_s49.emb,4668127,21806ab7fbb052da455708955a047da3cb1e210b371ed3822bc1fe5cae406d1d
large,output/notebook3_gnn_encoder/link_prediction/lastfm_asia/k10/hybrid_degree/graphsage_edge_s50.emb,4673942,d8ef68d9796b99eabee68e4350c61b7654169e863a49eb481f17496924cb00e2
large,output/notebook3_gnn_encoder/link_prediction/lastfm_asia/k10/hybrid_degree/graphsage_edge_s51.emb,4668403,2e32c3322ba160154d795e8b3a4058e61e239be06312b1be44de9f36a3eb4f83
large,output/notebook3_gnn_encoder/link_prediction/lastfm_asia/k10/original/graphsage_edge_s42.emb,4681599,b160ef41d6793c053b3b657be4905864fb06bed7a374ce7d20e4392a6e11e1e1
large,output/notebook3_gnn_encoder/link_prediction/lastfm_asia/k10/original/graphsage_edge_s43.emb,4670265,6ccd09077401a90eb6788edf941a725a04aad9e4160dd0c8e61cc55f410cf391
large,output/notebook3_gnn_encoder/link_prediction/lastfm_asia/k10/original/graphsage_edge_s44.emb,4685382,2f9c3e8cc904d56daaabd420e505941e4c28c78c879af70a826dba852be1dda1
large,output/notebook3_gnn_encoder/link_prediction/lastfm_asia/k10/original/graphsage_edge_s45.emb,4661373,3feef0605e203a15053482197632552b88593ba71f5a006b91caf37a77515bf3
large,output/notebook3_gnn_encoder/link_prediction/lastfm_asia/k10/original/graphsage_edge_s46.emb,4677001,16d5bf9ef1b62d1d1db067aa5c5a9dc1d08ed69e8ab089e6567b3627a1a80a29
large,output/notebook3_gnn_encoder/link_prediction/lastfm_asia/k10/original/graphsage_edge_s47.emb,4666577,15e644af9aa8c909d4923ea8e6b38f96fad14f5e3c64dfa1a6904cf4550f9839
large,output/notebook3_gnn_encoder/link_prediction/lastfm_asia/k10/original/graphsage_edge_s48.emb,4683076,a75161f8a37f041977be286eee70679f74bbd9a43a564c886c925fc33120dff4
large,output/notebook3_gnn_encoder/link_prediction/lastfm_asia/k10/original/graphsage_edge_s49.emb,4679337,8684fd8443e7a47820d2283d8ca07ca560b66058e057a88591415c8ab49e1cbf
large,output/notebook3_gnn_encoder/link_prediction/lastfm_asia/k10/original/graphsage_edge_s50.emb,4667775,90322212219db995b408fe4c05a8902d8a4207d179f1f7f5355a94caa08fa102
large,output/notebook3_gnn_encoder/link_prediction/lastfm_asia/k10/original/graphsage_edge_s51.emb,4673510,a9504f3a37322118e2b6a46015d55a4252559750b80eba36e698a61af39de057
large,output/notebook3_gnn_encoder/link_prediction/lastfm_asia/k10/psi/graphsage_edge_s42.emb,4666456,67a4a461a2bc24a4b0f5076ef52b871fc1ee2c4979f1e5515b9c92a5a17ae615
large,output/notebook3_gnn_encoder/link_prediction/lastfm_asia/k10/psi/graphsage_edge_s43.emb,4680637,1f68c13c9f7e681684bf8ebaac5f6a6f3d818c5539c88d237e4315fbf67f72b7
large,output/notebook3_gnn_encoder/link_prediction/lastfm_asia/k10/psi/graphsage_edge_s44.emb,4666855,8f4591141ca58acf6e141d79b1c7f1e8c6c89647fc3420c6fba1a5f3894117ee
large,output/notebook3_gnn_encoder/link_prediction/lastfm_asia/k10/psi/graphsage_edge_s45.emb,4669076,3bd1c5b169b0b8cdcd09725721795573593bb78b26d5a4d5f3b37cd3a5c2a804
large,output/notebook3_gnn_encoder/link_prediction/lastfm_asia/k10/psi/graphsage_edge_s46.emb,4670448,7ebcf70d9520a7de4c67ccf41e94ddf0ce241132d430e024e7d791968a90b323
large,output/notebook3_gnn_encoder/link_prediction/lastfm_asia/k10/psi/graphsage_edge_s47.emb,4683957,7bbbd6b09c7e02cc888ce4ce501e49987428244b1b6a0b25240bcf4fb03d57ac
large,output/notebook3_gnn_encoder/link_prediction/lastfm_asia/k10/psi/graphsage_edge_s48.emb,4674090,5ccbeed71931e9bedec7461514a586a524bf26a39c511fd950b792386e3304f8
large,output/notebook3_gnn_encoder/link_prediction/lastfm_asia/k10/psi/graphsage_edge_s49.emb,4670943,4cd0e681f07ba9dd97a1ea0d1ddf27474798284025d6597ea1da6b0c00f45052
large,output/notebook3_gnn_encoder/link_prediction/lastfm_asia/k10/psi/graphsage_edge_s50.emb,4663270,c3aa54206c2547ea88e039958252163acae0e51045e47a973c683ac8f86a49be
large,output/notebook3_gnn_encoder/link_prediction/lastfm_asia/k10/psi/graphsage_edge_s51.emb,4671756,c51c9296a72cc56d1b16705d1a60da3516dd3a351ff9905a253b26b87a6595f0
large,output/notebook3_gnn_encoder/link_prediction/lastfm_asia/k10/psi_pqnorm/graphsage_edge_s42.emb,4668820,687a64204878463b9a55160742076c94b2c5a2cad4427a3826fc575676ab6f9f
large,output/notebook3_gnn_encoder/link_prediction/lastfm_asia/k10/psi_pqnorm/graphsage_edge_s43.emb,4673190,57630ea2628f8532153b5977aa2ad6dc8c094682d1c1b76c1a9b60b09a75ab1e
large,output/notebook3_gnn_encoder/link_prediction/lastfm_asia/k10/psi_pqnorm/graphsage_edge_s44.emb,4680870,eb0d139962ed9476a122c51b052990c5614a24f8034cfb6db845d50666534412
large,output/notebook3_gnn_encoder/link_prediction/lastfm_asia/k10/psi_shift/graphsage_edge_s42.emb,4664445,0ae412ba3dac19ba5ddfe1e0f0ff869f849c0bd5a0d6c06f1f8876252c1c1962
large,output/notebook3_gnn_encoder/link_prediction/lastfm_asia/k10/psi_shift/graphsage_edge_s43.emb,4675630,6738fdd28cc1b4ff9dd1cfd409c3c70ca3a65655701717af32cda68b06374ba9
large,output/notebook3_gnn_encoder/link_prediction/lastfm_asia/k10/psi_shift/graphsage_edge_s44.emb,4673683,219acadc35a6979c7686181f11fb231b008e8392a9331b9b8018ebe6b8a52a5d
large,output/notebook3_gnn_encoder/link_prediction/messal_shale/k10/centrality/graphsage_edge_s42.emb,420073,cf064c917f66290a804a0289a0ea97c2bed32f53b69dce25e2ae17993c6a0697
large,output/notebook3_gnn_encoder/link_prediction/messal_shale/k10/centrality/graphsage_edge_s43.emb,419610,19de51a48bf645a89ea4a4eddf67a22b0d2ac0d7929cc3f58253ffe398809956
large,output/notebook3_gnn_encoder/link_prediction/messal_shale/k10/centrality/graphsage_edge_s44.emb,419263,caa08fede7910684d1aa5d770cc9d80b00855db266104148c73df6d3188c4c05
large,output/notebook3_gnn_encoder/link_prediction/messal_shale/k10/degree/graphsage_edge_s42.emb,419184,3caaca8135e91b1afe6b5267967167157b8bbf0d98df2fbb11fbb946f130259a
large,output/notebook3_gnn_encoder/link_prediction/messal_shale/k10/degree/graphsage_edge_s43.emb,419860,aceca0a8310742280d399a437bddfcc43282e6fa18cccd18b32deec967c0bcf6
large,output/notebook3_gnn_encoder/link_prediction/messal_shale/k10/degree/graphsage_edge_s44.emb,419660,fdaf49e4ccbed3c628b4e3ca1798b09530f815ec46a940eb83dea4d1cfdffd9e
large,output/notebook3_gnn_encoder/link_prediction/messal_shale/k10/hybrid/graphsage_edge_s42.emb,421008,00181642df2f8e6ca871bef68099f41d404dee17c8930e52530a532302307122
large,output/notebook3_gnn_encoder/link_prediction/messal_shale/k10/hybrid/graphsage_edge_s43.emb,419737,dc0b6d7adf602774b84bf7c73ffd1403fe5100281a4a9be4ff892837370010ee
large,output/notebook3_gnn_encoder/link_prediction/messal_shale/k10/hybrid/graphsage_edge_s44.emb,420215,5cf0454092f7cd876c1bb1a2945cda949f44f2dfe205133f667378ef047b3bb1
large,output/notebook3_gnn_encoder/link_prediction/messal_shale/k10/hybrid_centrality/graphsage_edge_s42.emb,421045,b723edca4847ed89a39c8fc0a85d329886a06994444acb5555da4eced68935ed
large,output/notebook3_gnn_encoder/link_prediction/messal_shale/k10/hybrid_centrality/graphsage_edge_s43.emb,419403,93855d53b8124e2ec521dee0e5a3227bb367e9b58a152a4c9e043452a7be1bd3
large,output/notebook3_gnn_encoder/link_prediction/messal_shale/k10/hybrid_centrality/graphsage_edge_s44.emb,419469,70761eb04e2362bb39170460272b74ca04f30f2f53c82ee16c6e0b3269f4b68a
large,output/notebook3_gnn_encoder/link_prediction/messal_shale/k10/hybrid_degree/graphsage_edge_s42.emb,421309,7c745e85bdf98d74257f10d473bb22938ff8c65a81d77ee486699e4e917f2a35
large,output/notebook3_gnn_encoder/link_prediction/messal_shale/k10/hybrid_degree/graphsage_edge_s43.emb,419732,1f516772e57f1d9d2fbec6334c2a9719cc154bfed16fef779c7fb74e2238dc6b
large,output/notebook3_gnn_encoder/link_prediction/messal_shale/k10/hybrid_degree/graphsage_edge_s44.emb,420308,4a6f6d8280f9662dc7d137be6e9315018c8e568ff9e9874acbf6871d0bd39e6a
large,output/notebook3_gnn_encoder/link_prediction/messal_shale/k10/original/graphsage_edge_s42.emb,420337,30f35f1718ae3141b93ed265294de4eab7d5c5c2b3a36a18803c1e8a7d59da38
large,output/notebook3_gnn_encoder/link_prediction/messal_shale/k10/original/graphsage_edge_s43.emb,419924,c2d44aac4e3eeb6f9ba356c278ad360c2575849c6dcd9bdcd382f7d5d746be9e
large,output/notebook3_gnn_encoder/link_prediction/messal_shale/k10/original/graphsage_edge_s44.emb,420000,32cebd304747f3add4fc029b84eb7ce99b58553d15227034f5b53fe891028ae9
large,output/notebook3_gnn_encoder/link_prediction/messal_shale/k10/psi/graphsage_edge_s42.emb,419155,efeaad28c4b9bbe104c5fa8689bc40476ee7a50698f4580d06fc3adc19667a70
large,output/notebook3_gnn_encoder/link_prediction/messal_shale/k10/psi/graphsage_edge_s43.emb,419931,abc1188a0a252a67d552a6e3f883106f3c8c272e5e9000784d634bdb15967f97
large,output/notebook3_gnn_encoder/link_prediction/messal_shale/k10/psi/graphsage_edge_s44.emb,419285,1bc0c1591eeac5720ba8f37470b809f5acd4754c893e2694a22e54d54d42b4e1
large,output/notebook3_gnn_encoder/link_prediction/minesweeper/k10/centrality/gatv2_edge_s42.emb,6151420,4cd8ae9246a4fe0dc772d25816b352239ca544641e388d87d2cd4cefc2136ba3
large,output/notebook3_gnn_encoder/link_prediction/minesweeper/k10/centrality/gatv2_edge_s43.emb,6119262,efc63a128a154d16cda14ab5d0e58e130e1c14771f9557315760430975159d24
large,output/notebook3_gnn_encoder/link_prediction/minesweeper/k10/centrality/gatv2_edge_s44.emb,6122022,a52c338982c042f35f89efbf9e851a39579569a3f563b98f443a799be029e59e
large,output/notebook3_gnn_encoder/link_prediction/minesweeper/k10/centrality/graphsage_edge_s42.emb,6127930,e9592f75b533f35ac2e27bcf9705665c51a3029905908c2f476c38b9ddcc7c3c
large,output/notebook3_gnn_encoder/link_prediction/minesweeper/k10/centrality/graphsage_edge_s43.emb,6123735,31e7c7c2ac4df02d22223d6a39ffd1b85dc76515156c2ff06b844bf333f3b428
large,output/notebook3_gnn_encoder/link_prediction/minesweeper/k10/centrality/graphsage_edge_s44.emb,6130752,ffe500cce3cb7598b5906cda28e8d765d862b5dc5484403204b66cbd50d355fb
large,output/notebook3_gnn_encoder/link_prediction/minesweeper/k10/centrality/graphsage_edge_s45.emb,6115691,8d4f98874751cb1ac14fce81452e0db7491ffe0193727900e260dd52a4aa50dd
large,output/notebook3_gnn_encoder/link_prediction/minesweeper/k10/centrality/graphsage_edge_s46.emb,6135248,7276879d320a53b04e81c2f70ec5a1c6dadd23b3ebbaff7924aa5ddb161d3998
large,output/notebook3_gnn_encoder/link_prediction/minesweeper/k10/centrality/graphsage_edge_s47.emb,6137195,7fa6c04e89fc404a6e1df44bb0edba2a5900a56df911d29cf2787d5d7648e1ea
large,output/notebook3_gnn_encoder/link_prediction/minesweeper/k10/centrality/graphsage_edge_s48.emb,6140201,dbeebcbca253221b50fb6f0d6b2e43e9fb0e9f6737a940983fbd515cf374808e
large,output/notebook3_gnn_encoder/link_prediction/minesweeper/k10/centrality/graphsage_edge_s49.emb,6126385,0a2970ac6689a2570e70a73e655b095ea72173cc30c44d5ed4e90d07bc182023
large,output/notebook3_gnn_encoder/link_prediction/minesweeper/k10/centrality/graphsage_edge_s50.emb,6118169,b210d394d69aa5180be09e9a8775bea5fdac645437e60e964520261ab1a56201
large,output/notebook3_gnn_encoder/link_prediction/minesweeper/k10/centrality/graphsage_edge_s51.emb,6127997,09519f9d15ce0f7b8f7643632145b0fdb6b22caeacffe5b33f3a01ecccca4723
large,output/notebook3_gnn_encoder/link_prediction/minesweeper/k10/degree/gatv2_edge_s42.emb,6141449,34e55755eaed68fe1e903b44436872db668c669af9a6f1f07ed75a93e2466d56
large,output/notebook3_gnn_encoder/link_prediction/minesweeper/k10/degree/gatv2_edge_s43.emb,6119673,c1ecc12be72e8e11458a1fa494520bc8beffffddafe4e0f78263ceeb55a41c98
large,output/notebook3_gnn_encoder/link_prediction/minesweeper/k10/degree/gatv2_edge_s44.emb,6130455,defe179788531b47d97ab040a92a9ddebbb7d777c0136189e7855ca1b1f9f761
large,output/notebook3_gnn_encoder/link_prediction/minesweeper/k10/degree/graphsage_edge_s42.emb,6130935,e8a66a1f82d813500630eda49e96254629fab65cfe89f27dbc1c8a0ee1714bd8
large,output/notebook3_gnn_encoder/link_prediction/minesweeper/k10/degree/graphsage_edge_s43.emb,6131882,23c0b656047b6b2c6bf2af8f40f3402b8ef3f23252346b098bc7be1b725430a9
large,output/notebook3_gnn_encoder/link_prediction/minesweeper/k10/degree/graphsage_edge_s44.emb,6128274,d56ca7a04dc93db9cab7f5a68bf0a5e8553930338261ced972365576e1811ad0
large,output/notebook3_gnn_encoder/link_prediction/minesweeper/k10/degree/graphsage_edge_s45.emb,6126822,02f65e597c5d0467a157d5f7ba509cecf43e7b146c0c410a0bc4e4a87f95cc8d
large,output/notebook3_gnn_encoder/link_prediction/minesweeper/k10/degree/graphsage_edge_s46.emb,6134838,d292dee2a7ee721935896c0c4efb18470daed75b9ea458172747af22c69d9620
large,output/notebook3_gnn_encoder/link_prediction/minesweeper/k10/degree/graphsage_edge_s47.emb,6129622,43cd8501e3d07d823d62d25e240b848c0c7b8c3d8867a6d51b2bbe01efc3db6d
large,output/notebook3_gnn_encoder/link_prediction/minesweeper/k10/degree/graphsage_edge_s48.emb,6130691,04ae6dec109c1f9a8b02dede8699f01018aeb61366efe95b40149707346a8053
large,output/notebook3_gnn_encoder/link_prediction/minesweeper/k10/degree/graphsage_edge_s49.emb,6128367,6cdf3d4893cdbf3f70f44111b6d32c820c1388123f1d508096c43af6d8f7d07b
large,output/notebook3_gnn_encoder/link_prediction/minesweeper/k10/degree/graphsage_edge_s50.emb,6121063,d8c0ded38070c3e61dc460a2e127700c8ad11cd4a1c0b9e465015b20c8a4e359
large,output/notebook3_gnn_encoder/link_prediction/minesweeper/k10/degree/graphsage_edge_s51.emb,6116887,f98754ff36485efcfa056750a997be8d3df03a2c5d23a785745f5409ca411dcc
large,output/notebook3_gnn_encoder/link_prediction/minesweeper/k10/hybrid/gatv2_edge_s42.emb,6143061,adea8b05e269ea1945a0a292b71958a65fceaca0ae1827fd2cef70244cf361ee
large,output/notebook3_gnn_encoder/link_prediction/minesweeper/k10/hybrid/gatv2_edge_s43.emb,6130819,cec14c7d861055dbe2a579ffeae9bc10f232552f69da29ca35b90da73a770085
large,output/notebook3_gnn_encoder/link_prediction/minesweeper/k10/hybrid/gatv2_edge_s44.emb,6141074,d61ff1af7f755948214e664bae35cf367c8b7507db0fcda8982557a77c58a7d2
large,output/notebook3_gnn_encoder/link_prediction/minesweeper/k10/hybrid/graphsage_edge_s42.emb,6127332,dc17feac0af4d313c9694998afd52aacb148dcb9147708f6f902dc78bc3708af
large,output/notebook3_gnn_encoder/link_prediction/minesweeper/k10/hybrid/graphsage_edge_s43.emb,6124610,4d595dcba2a1395634319ebd53cb0232bac2d4be2526153aa42c6febd95f2cde
large,output/notebook3_gnn_encoder/link_prediction/minesweeper/k10/hybrid/graphsage_edge_s44.emb,6138815,bdabe1c6a0a25d01a830b864d48ff81a8a7bd06ce1e2052ff96b234018768b6f
large,output/notebook3_gnn_encoder/link_prediction/minesweeper/k10/hybrid/graphsage_edge_s45.emb,6121874,ffff22fc121afebf5872ba8c97ab7db49f33e92cf2a001eb3d6570e979f2f392
large,output/notebook3_gnn_encoder/link_prediction/minesweeper/k10/hybrid/graphsage_edge_s46.emb,6129055,57467e5a45796cfd6ce839e8325c3e6ec8aba39d8e7b03795ef47ae05d094fa6
large,output/notebook3_gnn_encoder/link_prediction/minesweeper/k10/hybrid/graphsage_edge_s47.emb,6123388,8f1237e077a6312ee1dbb9a8d934f367ef7cf323ff517f5e6e77b46a61cc8ad8
large,output/notebook3_gnn_encoder/link_prediction/minesweeper/k10/hybrid/graphsage_edge_s48.emb,6137045,b2941b07c1666c4ff115d25857a0835fb4ccb85d442e11464c6e323c151f5d1d
large,output/notebook3_gnn_encoder/link_prediction/minesweeper/k10/hybrid/graphsage_edge_s49.emb,6120604,6811ef451bf2a939596c23a54e45a4f0a4443ff41aa940a1a84bf4cb45027998
large,output/notebook3_gnn_encoder/link_prediction/minesweeper/k10/hybrid/graphsage_edge_s50.emb,6124337,6cfa71aefe2da0d1028afdd9e90ea9838ed6ac5e66fca6550c91273e205b1a79
large,output/notebook3_gnn_encoder/link_prediction/minesweeper/k10/hybrid/graphsage_edge_s51.emb,6123226,796bb6646b7a0cdfa5d40b2f186bde1af87162a353c749af1c10fa4f57b918f5
large,output/notebook3_gnn_encoder/link_prediction/minesweeper/k10/hybrid_centrality/gatv2_edge_s42.emb,6158820,72aeaad0e0cd4e7c1cd8b60a3696ef92b3a6b6a47a8f00ccaa5438a6255654cc
large,output/notebook3_gnn_encoder/link_prediction/minesweeper/k10/hybrid_centrality/gatv2_edge_s43.emb,6133856,b3b34a81bc99a2859b414d46ff148fb61282c68c7aa9d0c39ad066d4073d6f83
large,output/notebook3_gnn_encoder/link_prediction/minesweeper/k10/hybrid_centrality/gatv2_edge_s44.emb,6163086,c5173ad058c0a058f516026f7609836ccf33eccbc32d3847e3cce7819d4f4e4b
large,output/notebook3_gnn_encoder/link_prediction/minesweeper/k10/hybrid_centrality/graphsage_edge_s42.emb,6128645,de0d5c769e0b699851eaab7feba1ac49e367b93dc444274115ce6a35f9f97f1e
large,output/notebook3_gnn_encoder/link_prediction/minesweeper/k10/hybrid_centrality/graphsage_edge_s43.emb,6124121,b285464ce5facdbb925185f6f47425a9e3702da536e0001dea0ff3fca1c36bcf
large,output/notebook3_gnn_encoder/link_prediction/minesweeper/k10/hybrid_centrality/graphsage_edge_s44.emb,6132628,983365895b7b8ff497bc84306d8c30cffb9602c3fd1a5d36d2826b41f63bee35
large,output/notebook3_gnn_encoder/link_prediction/minesweeper/k10/hybrid_centrality/graphsage_edge_s45.emb,6116217,d7ba2263cd1145784021aed93afdd6ef5a362cf2884f49620ae529ac1daf8f28
large,output/notebook3_gnn_encoder/link_prediction/minesweeper/k10/hybrid_centrality/graphsage_edge_s46.emb,6137004,de6d2078358a7fc08d27bdf475a4053c32e9e34f8359bcaaeea44d0aca168cd5
large,output/notebook3_gnn_encoder/link_prediction/minesweeper/k10/hybrid_centrality/graphsage_edge_s47.emb,6127002,a50f84d7d5c04551054d7643fb304ec2b809425db2bf29c85b5fb33a4317a23f
large,output/notebook3_gnn_encoder/link_prediction/minesweeper/k10/hybrid_centrality/graphsage_edge_s48.emb,6141972,a21959f7dd6adf4ec9a95e67c75173cf7b3f24b08e6f24f74cd880b70d96dfd6
large,output/notebook3_gnn_encoder/link_prediction/minesweeper/k10/hybrid_centrality/graphsage_edge_s49.emb,6120217,abb8111ce4d27d35813d6dc6f279a6b47fe11694a6c85b8f6cff15835637da61
large,output/notebook3_gnn_encoder/link_prediction/minesweeper/k10/hybrid_centrality/graphsage_edge_s50.emb,6118451,4da1ff064d94068eddd6050ef0206984db73795861446d87d6e64053563399bc
large,output/notebook3_gnn_encoder/link_prediction/minesweeper/k10/hybrid_centrality/graphsage_edge_s51.emb,6130285,994675d3da72f371628fbf1d16c04212a78b902e8cc5e9a563fd34d8c9cf4fb4
large,output/notebook3_gnn_encoder/link_prediction/minesweeper/k10/hybrid_degree/gatv2_edge_s42.emb,6145581,c3e7bd22fb366b6689ffa14f1d774913bf0700fea61aac80032dc8a29ada1c9d
large,output/notebook3_gnn_encoder/link_prediction/minesweeper/k10/hybrid_degree/gatv2_edge_s43.emb,6126332,86a270d5b7d65f6ea00e69341178b9c5b004e043eec8f6d6134d0a3274eee60f
large,output/notebook3_gnn_encoder/link_prediction/minesweeper/k10/hybrid_degree/gatv2_edge_s44.emb,6122326,68ef6dd32bec75d5d87548c826f428e66ff9383c1f6813dffa00b526f0c920da
large,output/notebook3_gnn_encoder/link_prediction/minesweeper/k10/hybrid_degree/graphsage_edge_s42.emb,6129871,1bbf5d8b606eec909c1cbfb8885d58998569e14c3be2d22041c09066dda6713f
large,output/notebook3_gnn_encoder/link_prediction/minesweeper/k10/hybrid_degree/graphsage_edge_s43.emb,6128237,750a3007fe035498fea6f287c782fa666054d7079fbadb0b20e6e81495e4de56
large,output/notebook3_gnn_encoder/link_prediction/minesweeper/k10/hybrid_degree/graphsage_edge_s44.emb,6131492,b188a30863e1988d4d84cadcce52d01dd7448395aa724dfd3b2ead34821fd524
large,output/notebook3_gnn_encoder/link_prediction/minesweeper/k10/hybrid_degree/graphsage_edge_s45.emb,6122987,579daafb8c50c6332998138caf227d269d975745008f78d6afbb052738d56526
large,output/notebook3_gnn_encoder/link_prediction/minesweeper/k10/hybrid_degree/graphsage_edge_s46.emb,6133752,bc4d2f056003183a8042bd0fcaaf0f5f812d5cb7cd03eeae11e94362c5d5a486
large,output/notebook3_gnn_encoder/link_prediction/minesweeper/k10/hybrid_degree/graphsage_edge_s47.emb,6130637,81df947960f57c145c651a9edea33f158dd71d52d199695d638fb2c138ea2eba
large,output/notebook3_gnn_encoder/link_prediction/minesweeper/k10/hybrid_degree/graphsage_edge_s48.emb,6134854,c94881e53a26a01ae811a665f036ec65d776c3a27925471906849b1b50fa8e0a
large,output/notebook3_gnn_encoder/link_prediction/minesweeper/k10/hybrid_degree/graphsage_edge_s49.emb,6122860,5c0d788b434437c3e31bf6978a96fab02e347b0553d131a109526c0c86dab818
large,output/notebook3_gnn_encoder/link_prediction/minesweeper/k10/hybrid_degree/graphsage_edge_s50.emb,6119455,8a741544fb9d0618ae329e93127d49b5c423c7776d31ef5532fa25693e2a9380
large,output/notebook3_gnn_encoder/link_prediction/minesweeper/k10/hybrid_degree/graphsage_edge_s51.emb,6120318,27967db4d1700cdd70ef27ec7a6b2e067d3983a80f6b19b41a06ad54a9508c0e
large,output/notebook3_gnn_encoder/link_prediction/minesweeper/k10/original/gatv2_edge_s42.emb,6131993,b2e56b7fb7e131a6be1e90e3c76c5afe39bb5037e11481a9854625b2d1c763af
large,output/notebook3_gnn_encoder/link_prediction/minesweeper/k10/original/gatv2_edge_s43.emb,6141852,3b18ee51f0b003851d6114783eb6e202da27f35d7f6079bcff44382b9a49e568
large,output/notebook3_gnn_encoder/link_prediction/minesweeper/k10/original/gatv2_edge_s44.emb,6135309,661d2f0d1ba06f568e4f6cda7649b96fe8f35a2e1ca9ac1ae9fd24945eb06795
large,output/notebook3_gnn_encoder/link_prediction/minesweeper/k10/original/graphsage_edge_s42.emb,6132203,1af32387664492624c939e2cecf3edf815fb5c9e770f9951f2a38faaa60a5e71
large,output/notebook3_gnn_encoder/link_prediction/minesweeper/k10/original/graphsage_edge_s43.emb,6118797,2c2b0ab5d7130ee0742e5f92a39ee4b0b9886623c0d5cb1348bc9cd3caab3a06
large,output/notebook3_gnn_encoder/link_prediction/minesweeper/k10/original/graphsage_edge_s44.emb,6137189,f5994558be95203369b1b7f2e497b6cd6b06879e4850834f58c90bfa901c7861
large,output/notebook3_gnn_encoder/link_prediction/minesweeper/k10/original/graphsage_edge_s45.emb,6125776,cc89af46af85ce42a2904627113f528fe6e0c478bf178e420517b115165b06a1
large,output/notebook3_gnn_encoder/link_prediction/minesweeper/k10/original/graphsage_edge_s46.emb,6131848,1ee19776b8b149798c4b79b0890a1e5928a25babf1566c9e093a7584c9c63321
large,output/notebook3_gnn_encoder/link_prediction/minesweeper/k10/original/graphsage_edge_s47.emb,6130411,60f29e8545227affe730d61f14e30f90c7cc64a9b95531f9d7502941d0b30dca
large,output/notebook3_gnn_encoder/link_prediction/minesweeper/k10/original/graphsage_edge_s48.emb,6131938,94677b131fee828f36a5d5352e69e65b23b5bd38db9e6ca70008338f4d1c5bfa
large,output/notebook3_gnn_encoder/link_prediction/minesweeper/k10/original/graphsage_edge_s49.emb,6122002,a082e710e8e8fd37c44e3535610e99b640c710cc4664392b8a1de128f58a2cdc
large,output/notebook3_gnn_encoder/link_prediction/minesweeper/k10/original/graphsage_edge_s50.emb,6127320,eb529ed80cb3c723af68dad5ee5bfb0db49bc9624590b14ce905b319b6ce5fd9
large,output/notebook3_gnn_encoder/link_prediction/minesweeper/k10/original/graphsage_edge_s51.emb,6130347,acb9d3c05dfd59651cccaa49e8a6a64b6817288845150cbdc49b6502986a9441
large,output/notebook3_gnn_encoder/link_prediction/minesweeper/k10/psi/gatv2_edge_s42.emb,6142121,45cceeec1152e33893293078ddf113c572ba2d92d42205432b08844361385860
large,output/notebook3_gnn_encoder/link_prediction/minesweeper/k10/psi/gatv2_edge_s43.emb,6132521,2cb503e7800c223c1f4ee6c616e5a29efca1097e03d8402c4cf9fe68153aa6bf
large,output/notebook3_gnn_encoder/link_prediction/minesweeper/k10/psi/gatv2_edge_s44.emb,6136896,0af8800c3ea4f295a1df9fe9d45604430c52ea675bbb5db6932e1dacbca68b2b
large,output/notebook3_gnn_encoder/link_prediction/minesweeper/k10/psi/graphsage_edge_s42.emb,6128993,9243ed699b087328b2e547cc02af18033b27c1487756f5b0477b4d5b5a8a7802
large,output/notebook3_gnn_encoder/link_prediction/minesweeper/k10/psi/graphsage_edge_s43.emb,6126864,871a51793121ea4af13728d40ace6a393156156afeff6edb6527995f59bc5073
large,output/notebook3_gnn_encoder/link_prediction/minesweeper/k10/psi/graphsage_edge_s44.emb,6131283,a1f31b744bc8303ecef871b4e698fdb22cebaffac90ab03538126519099488ec
large,output/notebook3_gnn_encoder/link_prediction/minesweeper/k10/psi/graphsage_edge_s45.emb,6121341,7f8a0dcaab896801fd7c3f7c7c6cbf8c9bc90758d0c4d12d98ddee381badb985
large,output/notebook3_gnn_encoder/link_prediction/minesweeper/k10/psi/graphsage_edge_s46.emb,6133880,3e093e1cea35c3a78710fa6acad9176aae222ef3f1d111128ec6e7fa32a7762f
large,output/notebook3_gnn_encoder/link_prediction/minesweeper/k10/psi/graphsage_edge_s47.emb,6125398,b7e89563d4e5cac4c0af980162e3470f66a189c9165deecf4c1d66ba71dc1ba3
large,output/notebook3_gnn_encoder/link_prediction/minesweeper/k10/psi/graphsage_edge_s48.emb,6133399,069583818aca7ccf9f9285f1870b90d9530281b0f21203b600de24a384e0aa7e
large,output/notebook3_gnn_encoder/link_prediction/minesweeper/k10/psi/graphsage_edge_s49.emb,6122832,218f9be9fb80e71627104c7f9ac728ab6cc8608116a563e5a27ee86fc7e263c9
large,output/notebook3_gnn_encoder/link_prediction/minesweeper/k10/psi/graphsage_edge_s50.emb,6120994,4d0f23937892c5fb8386002d76766a42d15684fd3d5f36a5f76de29d4098c465
large,output/notebook3_gnn_encoder/link_prediction/minesweeper/k10/psi/graphsage_edge_s51.emb,6126927,db4a3ddb33a1bd26905112834cf985bf47856a303e90d5334252a20dc3974a78
large,output/notebook3_gnn_encoder/link_prediction/minesweeper/k10/psi_lambda/graphsage_edge_s42.emb,6127806,38addee28d1013659c095ef45648f3d058a57d53492414f2d914489285262c30
large,output/notebook3_gnn_encoder/link_prediction/minesweeper/k10/psi_lambda/graphsage_edge_s43.emb,6121714,6b2ace9123391ca72b490bc4d68d99f6fe50763831b5c8a265c4c9ffd64d9006
large,output/notebook3_gnn_encoder/link_prediction/minesweeper/k10/psi_lambda/graphsage_edge_s44.emb,6128150,dd20a376abd41f1bdc0b44335d8c78ad1a2dd38bf1b129433caf8467d22df018
large,output/notebook3_gnn_encoder/link_prediction/minesweeper/k10/psi_pqnorm/graphsage_edge_s42.emb,6129834,ad79e56c33d544c5805405dcd30879f59b9c00423f2c096003a822f723fdc9c7
large,output/notebook3_gnn_encoder/link_prediction/minesweeper/k10/psi_pqnorm/graphsage_edge_s43.emb,6134035,4a00a4a80aeca5dc5f1a2626fb63adb5afb0b3d87d5ccbdd18600ccb8cb90e8b
large,output/notebook3_gnn_encoder/link_prediction/minesweeper/k10/psi_pqnorm/graphsage_edge_s44.emb,6131237,663685f82909afc63c5f14d17e31891353d0c3c08b87bbe4bd49bb20661ed9ab
large,output/notebook3_gnn_encoder/link_prediction/minesweeper/k10/psi_shift/graphsage_edge_s42.emb,6129162,c857ff85bcd9d4c5b640571bea017761cf9628ef1a31da6c2caeded6928b4fe3
large,output/notebook3_gnn_encoder/link_prediction/minesweeper/k10/psi_shift/graphsage_edge_s43.emb,6126609,368f40bee65af74e8d50a0e8833b61f67963a446673d62342c50fdead391e3a2
large,output/notebook3_gnn_encoder/link_prediction/minesweeper/k10/psi_shift/graphsage_edge_s44.emb,6128280,acbdfcaf8342369ba849e3217da4570c6462a9da444bb160b67c88d9fad458dc
large,output/notebook3_gnn_encoder/link_prediction/nematode_mammal/k10/centrality/graphsage_edge_s42.emb,18675938,4e800626345b74a7485069bca5a7d8f9dbff06559983f879875ed98d41768d3d
large,output/notebook3_gnn_encoder/link_prediction/nematode_mammal/k10/centrality/graphsage_edge_s43.emb,18790821,c2e4eb65ba766cbe5bce5e480776456e3d0fe4fa7c5f7caf7c1fbabbc054b2f7
large,output/notebook3_gnn_encoder/link_prediction/nematode_mammal/k10/centrality/graphsage_edge_s44.emb,18706870,6a0cdd6166d837d0f49cef9ea5b9933b336d18c48563ec34a6de8ddc530f2885
large,output/notebook3_gnn_encoder/link_prediction/nematode_mammal/k10/centrality/graphsage_edge_s45.emb,18619156,2c9cc5eb043670e9f2029dd57badaa6b6c7fa5743aba5b87a9937b6f0c0e0988
large,output/notebook3_gnn_encoder/link_prediction/nematode_mammal/k10/centrality/graphsage_edge_s46.emb,18741592,3df9128707882dcd51f887848892a66edaee1c6c821da2786c163067dfe299b6
large,output/notebook3_gnn_encoder/link_prediction/nematode_mammal/k10/centrality/graphsage_edge_s47.emb,18790394,26c259dc1cb6c04347438c28e50a9f04a94000d5cdb69005d81da0b4abc91b17
large,output/notebook3_gnn_encoder/link_prediction/nematode_mammal/k10/centrality/graphsage_edge_s48.emb,18728268,cf08975c8a414510dbe61fe3061ad3026934d6fdf9477cf2b2ead13c0033f790
large,output/notebook3_gnn_encoder/link_prediction/nematode_mammal/k10/centrality/graphsage_edge_s49.emb,18719747,21caf5954cd359c1b2e6ac6ae540109c52d950f89aac0ad8a98942db37d43de6
large,output/notebook3_gnn_encoder/link_prediction/nematode_mammal/k10/centrality/graphsage_edge_s50.emb,18680518,29512bf273a685e6ba8476c867a8e0aa6d2c9418a118e63e9524dda1d9776521
large,output/notebook3_gnn_encoder/link_prediction/nematode_mammal/k10/centrality/graphsage_edge_s51.emb,18746359,251626ad60cf1d7406ba83be92265e9002c5998407691b5e9cc2278de62b4ac1
large,output/notebook3_gnn_encoder/link_prediction/nematode_mammal/k10/degree/graphsage_edge_s42.emb,18698902,f9f2b6caeddfa66c8b561a985128f94bf43b4add30f063036d35871e6c36ff1e
large,output/notebook3_gnn_encoder/link_prediction/nematode_mammal/k10/degree/graphsage_edge_s43.emb,18731691,48440b37c0f63b44dfa856981d170e0d3833ead80d299f9cb2113b4c3b55f96f
large,output/notebook3_gnn_encoder/link_prediction/nematode_mammal/k10/degree/graphsage_edge_s44.emb,18712027,0860366202cab3f2dc35984cd7ebd7d672e3f6e5eaad569383d530e60ddc7839
large,output/notebook3_gnn_encoder/link_prediction/nematode_mammal/k10/degree/graphsage_edge_s45.emb,18648786,cd9c537cf026f8c1414ee70b48cbdc10d478d0bb56d6dfed5f20f1940be76800
large,output/notebook3_gnn_encoder/link_prediction/nematode_mammal/k10/degree/graphsage_edge_s46.emb,18782999,3e4651d91de14e31478e585be2077fadf207d0fb585d753753050499006ab24c
large,output/notebook3_gnn_encoder/link_prediction/nematode_mammal/k10/degree/graphsage_edge_s47.emb,18772719,9d69db0f2e957ebae4d327f675080530aed1824447bd53ab98899ac19d5736e9
large,output/notebook3_gnn_encoder/link_prediction/nematode_mammal/k10/degree/graphsage_edge_s48.emb,18784989,76eca2322abf10a19b61b92b1fd13b61b234a061bf75bebe6cee0c407a5f3860
large,output/notebook3_gnn_encoder/link_prediction/nematode_mammal/k10/degree/graphsage_edge_s49.emb,18685572,bfbfbc35418d6a9fa15b50f2f2779c8ffbdf4db21a5560f92c73572924f26b47
large,output/notebook3_gnn_encoder/link_prediction/nematode_mammal/k10/degree/graphsage_edge_s50.emb,18663200,099da35f59fa01640f0260553fc797be57767c6d56601a4c374a0b46ee2b3499
large,output/notebook3_gnn_encoder/link_prediction/nematode_mammal/k10/degree/graphsage_edge_s51.emb,18680568,05e8bc3295faaec0237576706a3d23cc0049193a48aa79a6f98bfde09d933ceb
large,output/notebook3_gnn_encoder/link_prediction/nematode_mammal/k10/hybrid/graphsage_edge_s42.emb,18675196,bf6ec02772b848a30c8b6592288548080ac5bbbc767e9b67a11cf29a1c897544
large,output/notebook3_gnn_encoder/link_prediction/nematode_mammal/k10/hybrid/graphsage_edge_s43.emb,18761605,1a540fa2bd92eb2d1898fe66867a56118c869736b3761962d70b3eda9d6d8d66
large,output/notebook3_gnn_encoder/link_prediction/nematode_mammal/k10/hybrid/graphsage_edge_s44.emb,18764741,5b27abc51616859340747248a0f8d34d92562a5158382f189b47d00d2dae428c
large,output/notebook3_gnn_encoder/link_prediction/nematode_mammal/k10/hybrid/graphsage_edge_s45.emb,18725840,369b3a686a330d8f78c62810c56e64c844fb841ab7b903f953497854b3bdbc77
large,output/notebook3_gnn_encoder/link_prediction/nematode_mammal/k10/hybrid/graphsage_edge_s46.emb,18698027,44c036b5081773367a12125f3b6b5fd2f44903c1b35302c63623864fadce4db9
large,output/notebook3_gnn_encoder/link_prediction/nematode_mammal/k10/hybrid/graphsage_edge_s47.emb,18749703,b57de876022a78732b8c04a7ff53b9891653710c0dde22abde4107fdbdb0b3f8
large,output/notebook3_gnn_encoder/link_prediction/nematode_mammal/k10/hybrid/graphsage_edge_s48.emb,18699912,01c82270235395b2561116bad325aa28175d1ed44673f0c5c6fcb95e5d431f04
large,output/notebook3_gnn_encoder/link_prediction/nematode_mammal/k10/hybrid/graphsage_edge_s49.emb,18730341,2d476a6c296fab2e58677a1b75d8fc664a152e4c64af53b702273f24030039a1
large,output/notebook3_gnn_encoder/link_prediction/nematode_mammal/k10/hybrid/graphsage_edge_s50.emb,18726896,d18b29895991a1d484fb9ef95eaa3f5116ce4566b9b8a41b9a66a8af9e0a5348
large,output/notebook3_gnn_encoder/link_prediction/nematode_mammal/k10/hybrid/graphsage_edge_s51.emb,18721139,f60cf2ba90911d292f97b9846511c925512909ca9c3dddb0c9629efd6674531f
large,output/notebook3_gnn_encoder/link_prediction/nematode_mammal/k10/hybrid_centrality/graphsage_edge_s42.emb,18733229,fab57a5ce0a413daa73e78f28cd2afb9368f0785c14ae4623687a7197f1f8a00
large,output/notebook3_gnn_encoder/link_prediction/nematode_mammal/k10/hybrid_centrality/graphsage_edge_s43.emb,18819046,b844bbdc5ef36e7e9e03a2daad2d2aa9c875392114ddbf0d7f933bd124025cdf
large,output/notebook3_gnn_encoder/link_prediction/nematode_mammal/k10/hybrid_centrality/graphsage_edge_s44.emb,18753213,d1b2d8613a76e14db7649d55a5d2ac8ac6b7cbe263c0fa1e63ca1ee87ef39055
large,output/notebook3_gnn_encoder/link_prediction/nematode_mammal/k10/hybrid_centrality/graphsage_edge_s45.emb,18667424,ebd4d4a76cb12b541cf57f53f6dbbd3fe79370ccf912315398f0f6c9fef8a417
large,output/notebook3_gnn_encoder/link_prediction/nematode_mammal/k10/hybrid_centrality/graphsage_edge_s46.emb,18744693,7389d87c22c796421006b8759e5785c36a3c7899517c643649176a9c7107ec1c
large,output/notebook3_gnn_encoder/link_prediction/nematode_mammal/k10/hybrid_centrality/graphsage_edge_s47.emb,18764734,ca1cf41e92a096ac66b97333c05633ef6f5dc95a8f33a1eb7bbc6d050aff9cb1
large,output/notebook3_gnn_encoder/link_prediction/nematode_mammal/k10/hybrid_centrality/graphsage_edge_s48.emb,18695185,3451e0106b397be610c242ce52193f87db9bf869f92396718c8e8c89785716c6
large,output/notebook3_gnn_encoder/link_prediction/nematode_mammal/k10/hybrid_centrality/graphsage_edge_s49.emb,18729858,a92ce5a4e8789ec123bf8cb982a88db0343158cb46f275941d727ae2f6aa1ef8
large,output/notebook3_gnn_encoder/link_prediction/nematode_mammal/k10/hybrid_centrality/graphsage_edge_s50.emb,18708508,f49bc725d3cdcdef1c4988305dd578b4fb474bb88f377bffd470bf9cee48e889
large,output/notebook3_gnn_encoder/link_prediction/nematode_mammal/k10/hybrid_centrality/graphsage_edge_s51.emb,18752622,8b97dae073383979c75546ae9ec213d4a6c4582031d3eec7cf9959deaea81aec
large,output/notebook3_gnn_encoder/link_prediction/nematode_mammal/k10/hybrid_degree/graphsage_edge_s42.emb,18712772,2c5102f529d3fe0130600b396af53194aec88f50023caf7f8b6d5648943971c9
large,output/notebook3_gnn_encoder/link_prediction/nematode_mammal/k10/hybrid_degree/graphsage_edge_s43.emb,18736605,62df0f48eea71dac7d66e957b7cc6702545b6868aebf72f592af698b892511cc
large,output/notebook3_gnn_encoder/link_prediction/nematode_mammal/k10/hybrid_degree/graphsage_edge_s44.emb,18773306,fcda51cc9a3d88140cdba03b7b2c3da4bde7a8d8fe3b87e6cd70620a7fc57af8
large,output/notebook3_gnn_encoder/link_prediction/nematode_mammal/k10/hybrid_degree/graphsage_edge_s45.emb,18645590,379dc2fd490485f9196efa27f5f778cef189a4f4af86e4cd0f11a6a1b2d0d3e3
large,output/notebook3_gnn_encoder/link_prediction/nematode_mammal/k10/hybrid_degree/graphsage_edge_s46.emb,18762902,ca2d3b52bf5868b4dcd1ba333cc68b7f5c02cc72863e0005c97cdd34fe7e504e
large,output/notebook3_gnn_encoder/link_prediction/nematode_mammal/k10/hybrid_degree/graphsage_edge_s47.emb,18757346,081a27318a0a6ce6db8e5580c5c923c187368c27aaf131029b06e10a9d11cc84
large,output/notebook3_gnn_encoder/link_prediction/nematode_mammal/k10/hybrid_degree/graphsage_edge_s48.emb,18715412,413df27afa8b796d0f1b092d728acc71ce11e0c645494c033de000b83d9f3e7d
large,output/notebook3_gnn_encoder/link_prediction/nematode_mammal/k10/hybrid_degree/graphsage_edge_s49.emb,18684987,b1aba0be784f4f651c1be932e2815684e33fe7e11ab1e6f23778edef74c1468a
large,output/notebook3_gnn_encoder/link_prediction/nematode_mammal/k10/hybrid_degree/graphsage_edge_s50.emb,18665323,454a716463da4a62b25db5a8af507b33dc8c57c055eda6a6346739f87f21d89b
large,output/notebook3_gnn_encoder/link_prediction/nematode_mammal/k10/hybrid_degree/graphsage_edge_s51.emb,18670450,d7a2159761bba3dd380bde2564cdb4b7fb16773a647a1cdab1eaf08d483ea027
large,output/notebook3_gnn_encoder/link_prediction/nematode_mammal/k10/original/graphsage_edge_s42.emb,18730973,d56dc002328732836155b4c0a6ec4beb079c9788376b595260790f76c2cf03aa
large,output/notebook3_gnn_encoder/link_prediction/nematode_mammal/k10/original/graphsage_edge_s43.emb,18804802,eb5d19bae70fd77b36a3cf05a43d6c8243f25ef6b62cbaf37e0d5837d73f2eaa
large,output/notebook3_gnn_encoder/link_prediction/nematode_mammal/k10/original/graphsage_edge_s44.emb,18774543,05300fae972449ca0b8284b190b6bf63e36ac935b73191c929a6de5d7d794622
large,output/notebook3_gnn_encoder/link_prediction/nematode_mammal/k10/original/graphsage_edge_s45.emb,18712964,dd2d74b7ad9ebe0e03fac03d4919e04a98941ade4e72b5db1cbce7d3fb365561
large,output/notebook3_gnn_encoder/link_prediction/nematode_mammal/k10/original/graphsage_edge_s46.emb,18681931,60d5fb5a6ff2feebbe32396deca3ac82b9e6434ec4b2c9ffe113a4ffb6ca4bbb
large,output/notebook3_gnn_encoder/link_prediction/nematode_mammal/k10/original/graphsage_edge_s47.emb,18760647,699db4e07a6bf570730ea5fb99f15f3e31cdaa96faa406fcbd6fdfbce84f6eb2
large,output/notebook3_gnn_encoder/link_prediction/nematode_mammal/k10/original/graphsage_edge_s48.emb,18796385,7f8f3d10a7648992e65ab912bdd799152d95714a9b5d60147ed356c54a68b485
large,output/notebook3_gnn_encoder/link_prediction/nematode_mammal/k10/original/graphsage_edge_s49.emb,18724178,820ebe71871109d8df5dfe55954b7160bae7e1dfe425dabd02aaa7fb29bd259a
large,output/notebook3_gnn_encoder/link_prediction/nematode_mammal/k10/original/graphsage_edge_s50.emb,18753851,7eabb37ae521fdf2fc83517b30a83a268ce386345e4026c021c1b4f7487edba7
large,output/notebook3_gnn_encoder/link_prediction/nematode_mammal/k10/original/graphsage_edge_s51.emb,18623726,98be31374c7ffb312341fc7c95dc580b211e3b856c99f4e74b66ca240e2e7d64
large,output/notebook3_gnn_encoder/link_prediction/nematode_mammal/k10/psi/graphsage_edge_s42.emb,18682779,322ae03bf650fa2c66a0ebe94a4771b32f79818b60f01fb66f2f98883232326a
large,output/notebook3_gnn_encoder/link_prediction/nematode_mammal/k10/psi/graphsage_edge_s43.emb,18720065,e34b510326b1a8c2e00db27d412e5d9518cad994647eea0fa857503014e375b0
large,output/notebook3_gnn_encoder/link_prediction/nematode_mammal/k10/psi/graphsage_edge_s44.emb,18744310,32829d8d07446d398f27b66ea9038c67b594ab16e9f3a227639a98c6063d4704
large,output/notebook3_gnn_encoder/link_prediction/nematode_mammal/k10/psi/graphsage_edge_s45.emb,18706153,1b8289609163d1cff16cfa2a6065abc7e98dcb0d48d9e0f315bdebd033ffd228
large,output/notebook3_gnn_encoder/link_prediction/nematode_mammal/k10/psi/graphsage_edge_s46.emb,18684325,bcf87ce08394c4c897ceff2cf65346cdd85b0b221668f94bd55915aba080e668
large,output/notebook3_gnn_encoder/link_prediction/nematode_mammal/k10/psi/graphsage_edge_s47.emb,18734470,f8bd3d8582d1191a3da6e97620e669452c590fa9cb93acf9ed620335f79cbba9
large,output/notebook3_gnn_encoder/link_prediction/nematode_mammal/k10/psi/graphsage_edge_s48.emb,18724508,534b257a6ca623720edff42d9f5adb378de0ec6eaae36e7d2a665c8d616d6a5f
large,output/notebook3_gnn_encoder/link_prediction/nematode_mammal/k10/psi/graphsage_edge_s49.emb,18723403,9749d8f7a92fce51201b1d3ee580748eab3adf46c0733361afcc5521d1812797
large,output/notebook3_gnn_encoder/link_prediction/nematode_mammal/k10/psi/graphsage_edge_s50.emb,18722779,6856b44ebd85848802e9e8efe4f76cb2e98de2d96d630384759cdfe17e590f2d
large,output/notebook3_gnn_encoder/link_prediction/nematode_mammal/k10/psi/graphsage_edge_s51.emb,18713314,92c039a073826900e73022a8d5cc6f39942bc83a6863a26edcf95ed54f1dcee9
large,output/notebook3_gnn_encoder/link_prediction/ogbl_ddi/k10/centrality/graphsage_edge_s42.emb,2611886,d25d4f2d36e9cd8de4c7eaea598e8501f7c8fb7e928df7559c130029f3c9f9ca
large,output/notebook3_gnn_encoder/link_prediction/ogbl_ddi/k10/centrality/graphsage_edge_s43.emb,2614577,aeb97e22c902ba7b9d624f59a9c4fc5968f661744d4fe8f6bc119c1d5ea9b6cd
large,output/notebook3_gnn_encoder/link_prediction/ogbl_ddi/k10/centrality/graphsage_edge_s44.emb,2619245,59e2d94cdfdae31c00aa3a031620a666e5f100aa2f4e491b3bc5255f9797058d
large,output/notebook3_gnn_encoder/link_prediction/ogbl_ddi/k10/degree/graphsage_edge_s42.emb,2612113,2bd2aa8cdc676773229d5839ed29a9a7013ce73f41102dcba9d614e4d03018ae
large,output/notebook3_gnn_encoder/link_prediction/ogbl_ddi/k10/degree/graphsage_edge_s43.emb,2613839,15f5c07277e3d7f86089e56e9cc7c44ebe66e8146d6cb069bc0c95037f9b0ef0
large,output/notebook3_gnn_encoder/link_prediction/ogbl_ddi/k10/degree/graphsage_edge_s44.emb,2619459,5cbb474d175e9540f2f7077d860d8b41588306b9f69e8ad6cbac965ebccad5df
large,output/notebook3_gnn_encoder/link_prediction/ogbl_ddi/k10/hybrid/graphsage_edge_s42.emb,2609464,3b4ce2786af6fdb454bbeff4ce4bc13f124025435b24d74d27c13f83a1077eba
large,output/notebook3_gnn_encoder/link_prediction/ogbl_ddi/k10/hybrid/graphsage_edge_s43.emb,2623150,69f673ba5d9488316f27e0a6dd2f7f8fa3ddf8747ef06261b069932fbc14cb04
large,output/notebook3_gnn_encoder/link_prediction/ogbl_ddi/k10/hybrid/graphsage_edge_s44.emb,2613469,fbe67ff84d7eb46b3f4c341e46fb688c6b958b1018b348867b55413b17c6e426
large,output/notebook3_gnn_encoder/link_prediction/ogbl_ddi/k10/hybrid_centrality/graphsage_edge_s42.emb,2609492,0ce79331367e17be7f466339a3d988545a324771f8a9e39ef9dd14a89e383f2b
large,output/notebook3_gnn_encoder/link_prediction/ogbl_ddi/k10/hybrid_centrality/graphsage_edge_s43.emb,2622661,af303b848b43fe1bdd520be58f9c1012ff9f1858f8065c7b0e3b35af31ffb99c
large,output/notebook3_gnn_encoder/link_prediction/ogbl_ddi/k10/hybrid_centrality/graphsage_edge_s44.emb,2613611,f2fd86badd95450fc1c6393c1e89507c20b78ad811ee9c6a9f1a82a15207494e
large,output/notebook3_gnn_encoder/link_prediction/ogbl_ddi/k10/hybrid_degree/graphsage_edge_s42.emb,2609385,e25ce5eeb53f03ffdbecb8f044156e1861996f60cc0d56c03f5af5df4ad58445
large,output/notebook3_gnn_encoder/link_prediction/ogbl_ddi/k10/hybrid_degree/graphsage_edge_s43.emb,2622524,71edf1f35cba56cc94476eaf6acd1b35830fa63ee1702fdf36b1c508dffd8827
large,output/notebook3_gnn_encoder/link_prediction/ogbl_ddi/k10/hybrid_degree/graphsage_edge_s44.emb,2613708,729953af8c4465b27861698ba3e37a3fadc8f112627ab65d83e26f12c9fc7395
large,output/notebook3_gnn_encoder/link_prediction/ogbl_ddi/k10/original/graphsage_edge_s42.emb,2610042,3cf394074b84ee47142d4c87feae9e36161d6bbb7f7e0ab73fb64106a5d0fa30
large,output/notebook3_gnn_encoder/link_prediction/ogbl_ddi/k10/original/graphsage_edge_s43.emb,2624969,7f2aef826369fe16150fdfcaf11cba505ae5161522672cea466e6c7f85e8b34c
large,output/notebook3_gnn_encoder/link_prediction/ogbl_ddi/k10/original/graphsage_edge_s44.emb,2614670,700c3b0533d2b64230345e66ec35b8aca525f3d0078d8f2c3ea54d5ad73df7e8
large,output/notebook3_gnn_encoder/link_prediction/ogbl_ddi/k10/original_k/graphsage_edge_s42.emb,2618275,9d06fedb51a188e594635b278b25c888381651a17edaaa374f8328ffaa99ee9b
large,output/notebook3_gnn_encoder/link_prediction/ogbl_ddi/k10/original_k/graphsage_edge_s43.emb,2612209,c0446062636c2b4270fe46c9482b98da5098e3f278989c9849d780d2eb15f5bc
large,output/notebook3_gnn_encoder/link_prediction/ogbl_ddi/k10/original_k/graphsage_edge_s44.emb,2617522,1872e4340c3fbaa6ce8fc5b6723889afa0a4e16e9a20ef2cfff22b31e13c57f0
large,output/notebook3_gnn_encoder/link_prediction/ogbl_ddi/k10/psi/graphsage_edge_feat_centrality_s42.emb,2618721,e7f45c6cdd62c0f539cd1f03c305323550f4904d946ab3264879552ede8dcb14
large,output/notebook3_gnn_encoder/link_prediction/ogbl_ddi/k10/psi/graphsage_edge_feat_centrality_s43.emb,2612450,b06e524c0b248bbc2ce9062325b158a852785b63dd85bda72dc6fe392d5bda38
large,output/notebook3_gnn_encoder/link_prediction/ogbl_ddi/k10/psi/graphsage_edge_feat_centrality_s44.emb,2614007,a71af3d086dca97d93129972da2e7d3fd766a4c380ffd29a785e5f9efa7f4619
large,output/notebook3_gnn_encoder/link_prediction/ogbl_ddi/k10/psi/graphsage_edge_feat_clustering_s42.emb,2619026,ab50c59d0ef8a870642c191200192588db1ab37a35b59c1b9174a84856072259
large,output/notebook3_gnn_encoder/link_prediction/ogbl_ddi/k10/psi/graphsage_edge_feat_clustering_s43.emb,2606428,2ee162f0138fee0d1964ab6284e3e5022b00cf1c595e6011864e12a94d39e279
large,output/notebook3_gnn_encoder/link_prediction/ogbl_ddi/k10/psi/graphsage_edge_feat_clustering_s44.emb,2621501,773d66807a1d7f39ecebec4593af541b86b1398b7d0a4d542ede04b0b597be08
large,output/notebook3_gnn_encoder/link_prediction/ogbl_ddi/k10/psi/graphsage_edge_feat_const_s42.emb,2597501,e54444bd9f19477268b9d5d07eb32b0301be24208d80e15256d84d2b882048bd
large,output/notebook3_gnn_encoder/link_prediction/ogbl_ddi/k10/psi/graphsage_edge_feat_const_s43.emb,2597501,040a9c60cad2b5f06435d2cd6aa15db645231454e4f5711618a8c9d816ae6769
large,output/notebook3_gnn_encoder/link_prediction/ogbl_ddi/k10/psi/graphsage_edge_feat_const_s44.emb,2635904,0306ed2e0c75518054bcd48d12329e7d09e709428c57662135c3a3a193e9b945
large,output/notebook3_gnn_encoder/link_prediction/ogbl_ddi/k10/psi/graphsage_edge_feat_deg_cent_s42.emb,2615936,6db8a7575460c2ea660238e2dccd0e146850fb4cbf2c15f42ff9554d9800e865
large,output/notebook3_gnn_encoder/link_prediction/ogbl_ddi/k10/psi/graphsage_edge_feat_deg_cent_s43.emb,2615571,05f2ad1ff3877c41e438c1c9daab7a8f8f89155bb7544cf4535f14e3640e74cf
large,output/notebook3_gnn_encoder/link_prediction/ogbl_ddi/k10/psi/graphsage_edge_feat_deg_cent_s44.emb,2609485,b5d21dd68e1cbd30eab4f16e17421b527639ce802cd839f0afe0ca010cc48bb0
large,output/notebook3_gnn_encoder/link_prediction/ogbl_ddi/k10/psi/graphsage_edge_feat_degree_s42.emb,2614105,b65ce7b85ea6b7125d357398f0cbd5fd27ac76785d0ce7bb834827df21b680fd
large,output/notebook3_gnn_encoder/link_prediction/ogbl_ddi/k10/psi/graphsage_edge_feat_degree_s43.emb,2613313,ab54ae6946b13b562ed29fa1b25f20007c2f2f18aa46fd25a509d36b970e0a4e
large,output/notebook3_gnn_encoder/link_prediction/ogbl_ddi/k10/psi/graphsage_edge_feat_degree_s44.emb,2607822,3e47bceb107984633c9064620ad880937d7f8c076706b43aa0f225fb9ff58384
large,output/notebook3_gnn_encoder/link_prediction/ogbl_ddi/k10/psi/graphsage_edge_feat_psi_s42.emb,2622240,cb782acb38c4da4e6e3b80330ef77b92d489488b644619416842af74ecf6d13f
large,output/notebook3_gnn_encoder/link_prediction/ogbl_ddi/k10/psi/graphsage_edge_feat_psi_s43.emb,2612542,33b335e2bc97845576fa2a22513b1e583a731dc59fcd77b2fb0b3d50a9665b1c
large,output/notebook3_gnn_encoder/link_prediction/ogbl_ddi/k10/psi/graphsage_edge_feat_psi_s44.emb,2617594,30317e44cfafc879db58fcf65869f0d17ae8d6e4c64cae6943823e216e8cb8cf
large,output/notebook3_gnn_encoder/link_prediction/ogbl_ddi/k10/psi/graphsage_edge_feat_random_s42.emb,2612979,394d39212fea2d919598b62ba866285161d26340bbb856b70f99169ecf3f9cec
large,output/notebook3_gnn_encoder/link_prediction/ogbl_ddi/k10/psi/graphsage_edge_feat_random_s43.emb,2614147,e0708b69b6c289cbdc8ff0e479db805546d0db9b5f3109a881399941bce2d359
large,output/notebook3_gnn_encoder/link_prediction/ogbl_ddi/k10/psi/graphsage_edge_feat_random_s44.emb,2614575,5ecf78b5243d0524f3b884c0b0eed11f28188accaa0dc84a54c46c3d142e8d5b
large,output/notebook3_gnn_encoder/link_prediction/ogbl_ddi/k10/psi/graphsage_edge_s42.emb,2612057,b60cf77ab15292a9c7d8016250ee4ca9c0ddbf13b5bd2b5cb63c61f72dfc3b34
large,output/notebook3_gnn_encoder/link_prediction/ogbl_ddi/k10/psi/graphsage_edge_s43.emb,2614119,a6a3334b0a20e82fb3596da65fb8e32a8be07524f726471dbbb61b08cd4e6cdd
large,output/notebook3_gnn_encoder/link_prediction/ogbl_ddi/k10/psi/graphsage_edge_s44.emb,2618115,587b98b46de1bed418d198b3d3a79b1e91ffccf8a2c71e46ef7e4b3921d86cb8
large,output/notebook3_gnn_encoder/link_prediction/ogbl_ddi/k10/psi_pqnorm/graphsage_edge_s42.emb,2611757,1fae17dbe0ef68f5a53c6e6f82a8d71796bfaed19d224491a5b3f97a3725fc08
large,output/notebook3_gnn_encoder/link_prediction/ogbl_ddi/k10/psi_pqnorm/graphsage_edge_s43.emb,2615087,6efe4b7df9223758623f939bb60f0856dec6b99826bc6f8d1bd92ad5a0dc00f2
large,output/notebook3_gnn_encoder/link_prediction/ogbl_ddi/k10/psi_pqnorm/graphsage_edge_s44.emb,2617964,6a44fba2d794a7f58f62be49e7079e267badf3a78f60d7dc5743c1b682599248
large,output/notebook3_gnn_encoder/link_prediction/ogbl_ddi/k10/psi_shift/graphsage_edge_s42.emb,2612695,d397d9e913faf6464638ed6deb0d201f0f713e37ee5a47228c4864840d42b04e
large,output/notebook3_gnn_encoder/link_prediction/ogbl_ddi/k10/psi_shift/graphsage_edge_s43.emb,2612809,05e5600bb347176e5068f7f057d7cebe5906c4a457026792f931af5fb7e2af2e
large,output/notebook3_gnn_encoder/link_prediction/ogbl_ddi/k10/psi_shift/graphsage_edge_s44.emb,2617934,d63482164d0e7eae272d420ed4c89e4b15319b311eedc216df14aeb690e627ca
large,output/notebook3_gnn_encoder/link_prediction/ogbl_ddi/k10/random_k/graphsage_edge_s42.emb,2614457,4943f630bb8d421d4ca17fe217e6ffed680b503dd413ecef004f596258a23104
large,output/notebook3_gnn_encoder/link_prediction/ogbl_ddi/k10/random_k/graphsage_edge_s43.emb,2613267,14d4fc4f2cf56939800028e3b8bd3e6c00f8fdbe0ddf96f8538061af82a1446c
large,output/notebook3_gnn_encoder/link_prediction/ogbl_ddi/k10/random_k/graphsage_edge_s44.emb,2618510,98fb219dfcb53c5209f3be3a0a6a84f9c7c0cfa23a2b9436054d5a3301d28f4e
large,output/notebook3_gnn_encoder/link_prediction/penn94/k10/centrality/graphsage_edge_s42.emb,25497428,fcbc1e06156de30ba5cdbfcf63a6af38eb33ec8bfd4562c0aa660a9446753516
large,output/notebook3_gnn_encoder/link_prediction/penn94/k10/centrality/graphsage_edge_s43.emb,25522930,8fad68f2227d4ea3bff61ffee6bba35397d70ca1fbd39e79ed33fed622c25e80
large,output/notebook3_gnn_encoder/link_prediction/penn94/k10/centrality/graphsage_edge_s44.emb,25475066,aa909e69193668aa35292f4528ef612fa03bad1770ade135e861e955d7684a28
large,output/notebook3_gnn_encoder/link_prediction/penn94/k10/degree/graphsage_edge_s42.emb,25486872,c2d955e60fedc9a99ba2f10186d2b96c3ae05455149ee706dcdc8391155fc948
large,output/notebook3_gnn_encoder/link_prediction/penn94/k10/degree/graphsage_edge_s43.emb,25517754,016a2766644ddca1db6cc4b9cf2ec542b1056e106a694605fd7dfcf7d5168a44
large,output/notebook3_gnn_encoder/link_prediction/penn94/k10/degree/graphsage_edge_s44.emb,25513655,5bdf5304d9529871e0d631dcf38bff31d1ada679c11a872befefc8a080ef1280
large,output/notebook3_gnn_encoder/link_prediction/penn94/k10/hybrid/graphsage_edge_s42.emb,25550805,7f559dbbf0e5c35be5688595ed39881003f7ce6028376c27118b6afbdb71b4af
large,output/notebook3_gnn_encoder/link_prediction/penn94/k10/hybrid/graphsage_edge_s43.emb,25542976,dc3453422e282a5fe25095a8753496dc9a80188c12fbc9a1bc86eed9db20a34a
large,output/notebook3_gnn_encoder/link_prediction/penn94/k10/hybrid/graphsage_edge_s44.emb,25547438,37f349edbd54ca86b8b0ae144b8b3b016b095ba014817f6e95c80a1dce4594c8
large,output/notebook3_gnn_encoder/link_prediction/penn94/k10/hybrid_centrality/graphsage_edge_s42.emb,25550217,ec0763c6800e2a8c96dcef8446d969f85e898da31ce8208c173c400a91f82bd1
large,output/notebook3_gnn_encoder/link_prediction/penn94/k10/hybrid_centrality/graphsage_edge_s43.emb,25530742,47cd88d188163fd7642f38a4db0738767d57408afafd0d8a74a90643222357d2
large,output/notebook3_gnn_encoder/link_prediction/penn94/k10/hybrid_centrality/graphsage_edge_s44.emb,25546335,6fef5d57b1f045b4e2e4145766b6b8db37cb53af97da6f6b634e845620f0a6bd
large,output/notebook3_gnn_encoder/link_prediction/penn94/k10/hybrid_degree/graphsage_edge_s42.emb,25558330,948cef2e2e5b6e47daf66dc7383ed1a52e86f75eae18ea8e81f0d9ecf745cf9a
large,output/notebook3_gnn_encoder/link_prediction/penn94/k10/hybrid_degree/graphsage_edge_s43.emb,25518779,a783276c0ed1fda322e0c05aaeb3ecbbaf9741e940c624847d1e48898299c241
large,output/notebook3_gnn_encoder/link_prediction/penn94/k10/hybrid_degree/graphsage_edge_s44.emb,25555258,2f6a18a51461638d45d8d917d7d87ba18d084b4b72bab3eb674ae933d2f39d30
large,output/notebook3_gnn_encoder/link_prediction/penn94/k10/original/graphsage_edge_s42.emb,25506590,3d02db730fcee85e8d832026f2e05554626acfe1d84ed1c658e09d39b76e8cb5
large,output/notebook3_gnn_encoder/link_prediction/penn94/k10/original/graphsage_edge_s43.emb,25520972,054f8e3fdf155cce943b5499ff7e8e5e5b37aaae569211fcf67a033574f9aba1
large,output/notebook3_gnn_encoder/link_prediction/penn94/k10/original/graphsage_edge_s44.emb,25554135,f1a139bc88d7660a2cf7b09d1c52e2964fe7920937e18f5098de12118b87103f
large,output/notebook3_gnn_encoder/link_prediction/penn94/k10/psi/graphsage_edge_s42.emb,25490742,0b405d3c87a18fef80fd8662bf2e2c6abe6425daa500361e32313f704d944537
large,output/notebook3_gnn_encoder/link_prediction/penn94/k10/psi/graphsage_edge_s43.emb,25538680,1772772618f5e935a26d810ec3bf7e9e1ac050b44177c673c64007b9d3cabd97
large,output/notebook3_gnn_encoder/link_prediction/penn94/k10/psi/graphsage_edge_s44.emb,25513206,9881974ba7d256c19824b7725de75b6d830ad0c8d212f1b916e50c926eb7a53a
large,output/notebook3_gnn_encoder/link_prediction/plant_pol_kato/k10/centrality/graphsage_edge_s42.emb,470665,69480cfab3f2985e660f4b591802e355944b8568d6c6a43496ea1711db943156
large,output/notebook3_gnn_encoder/link_prediction/plant_pol_kato/k10/centrality/graphsage_edge_s43.emb,472040,118397839365b980df0c54496ffcfac91b62952f249f1ce44350e3abd69c47db
large,output/notebook3_gnn_encoder/link_prediction/plant_pol_kato/k10/centrality/graphsage_edge_s44.emb,472948,8e873e52551852bbb3495124811bf1f43836b66a0a4a27ebdc2fe7a56bffbcbe
large,output/notebook3_gnn_encoder/link_prediction/plant_pol_kato/k10/degree/graphsage_edge_s42.emb,471494,de02abdddafd90a1294af31297e4d15494481de6f7b32a5626d577efdf034d40
large,output/notebook3_gnn_encoder/link_prediction/plant_pol_kato/k10/degree/graphsage_edge_s43.emb,469372,a3048a7b5e83162cbba0a832f7274d64bb1e9b891a10190cb41fa0501f9c8916
large,output/notebook3_gnn_encoder/link_prediction/plant_pol_kato/k10/degree/graphsage_edge_s44.emb,472020,3e91e94cf646ca8ef1b545552aba130275a49adc3bebe6be56e5ae9410b8d193
large,output/notebook3_gnn_encoder/link_prediction/plant_pol_kato/k10/hybrid/graphsage_edge_s42.emb,470282,292aa825121a85cb3dee1a0cfc2d47d24c3d261af9b1f84dca24cbcd3cecf01b
large,output/notebook3_gnn_encoder/link_prediction/plant_pol_kato/k10/hybrid/graphsage_edge_s43.emb,472906,14f837932de18590d5eacc67f05343c709e298246b316751918677af9ae76edd
large,output/notebook3_gnn_encoder/link_prediction/plant_pol_kato/k10/hybrid/graphsage_edge_s44.emb,471883,77cabd96ec3a108d3f20afb461edc4d0d2bedd6f3d8c69121c7c075237e89529
large,output/notebook3_gnn_encoder/link_prediction/plant_pol_kato/k10/hybrid_centrality/graphsage_edge_s42.emb,471350,cbbf8edaa92d29adc3d4873690d3455bda28ff7049ca03d1c7ce0130a101261f
large,output/notebook3_gnn_encoder/link_prediction/plant_pol_kato/k10/hybrid_centrality/graphsage_edge_s43.emb,472522,351af287fd2ea1a48f5c1426cbaf9d9e65fc8c99c9c3bf1c4f828664c280000a
large,output/notebook3_gnn_encoder/link_prediction/plant_pol_kato/k10/hybrid_centrality/graphsage_edge_s44.emb,471363,668dd1ab0a6dce6770c8023beace4b2707c4d3cc51eea11a87c720e70bb180d2
large,output/notebook3_gnn_encoder/link_prediction/plant_pol_kato/k10/hybrid_degree/graphsage_edge_s42.emb,471735,d88f8e0432bbccd7cad2063b7e6ffefe3b32dacc954d564e582ededffd464ede
large,output/notebook3_gnn_encoder/link_prediction/plant_pol_kato/k10/hybrid_degree/graphsage_edge_s43.emb,472112,4f26e4bfc870b3e7d5546d7ae276e03c59bb5853f25f1e675aa338c48634d22e
large,output/notebook3_gnn_encoder/link_prediction/plant_pol_kato/k10/hybrid_degree/graphsage_edge_s44.emb,472832,dc2d1ba75229001d806705bdce1d340cc999ba4d7065e4ac3dd0a5499f315353
large,output/notebook3_gnn_encoder/link_prediction/plant_pol_kato/k10/original/graphsage_edge_s42.emb,470767,4ab58d2d8139a90ac73e6940ee06649876790c3bc682326666f1d6a15fc97cab
large,output/notebook3_gnn_encoder/link_prediction/plant_pol_kato/k10/original/graphsage_edge_s43.emb,474691,3320b0169a1fecdeae4eda5c5f0608a370c0312483f32cad844a4b029d77c922
large,output/notebook3_gnn_encoder/link_prediction/plant_pol_kato/k10/original/graphsage_edge_s44.emb,471440,38e37b8d995b5a0f21509ce855063be6fd75808d091ebc8be360ed016f89ba9b
large,output/notebook3_gnn_encoder/link_prediction/plant_pol_kato/k10/psi/graphsage_edge_s42.emb,470326,1f283211674234e90870d2d809074bd58d72a32c4af3f032efc5a49e0e7ed653
large,output/notebook3_gnn_encoder/link_prediction/plant_pol_kato/k10/psi/graphsage_edge_s43.emb,471461,fad4b6efb609d9e910872675f7106a941d414ceb18bedb10cb840cd97e623ae2
large,output/notebook3_gnn_encoder/link_prediction/plant_pol_kato/k10/psi/graphsage_edge_s44.emb,472485,d6988e5f69d19d3c5733b712a3f8486a949c2ae8e529a5fd92bf1ca3f4d87844
large,output/notebook3_gnn_encoder/link_prediction/plant_pol_robertson/k10/centrality/graphsage_edge_s42.emb,1156675,767e314f469ef8339d4c82829aca29bd096212dcff33b4a981e4bb26157eb0b2
large,output/notebook3_gnn_encoder/link_prediction/plant_pol_robertson/k10/centrality/graphsage_edge_s43.emb,1153501,9bda4589f69e0e142f8cac7d07fe326f58620411792036ec6739c78e8e163286
large,output/notebook3_gnn_encoder/link_prediction/plant_pol_robertson/k10/centrality/graphsage_edge_s44.emb,1155240,4af27f1385ab6f0ec39412810bac102007b037903a2da2c9d360043336ced559
large,output/notebook3_gnn_encoder/link_prediction/plant_pol_robertson/k10/centrality/graphsage_edge_s45.emb,1154705,20218df5baa2520d1e57f129fc1dd49cedfa2f458c5fd1eb1c606b03ec46cead
large,output/notebook3_gnn_encoder/link_prediction/plant_pol_robertson/k10/centrality/graphsage_edge_s46.emb,1154762,1118113ac82d110ed37a77b064c3eca13b2dde5d3f013c3f34cb8957f17b185f
large,output/notebook3_gnn_encoder/link_prediction/plant_pol_robertson/k10/centrality/graphsage_edge_s47.emb,1157714,9c603e82016adbd586dc85c1ce5da2e9ec2945b40117255f407e231b8c05ecae
large,output/notebook3_gnn_encoder/link_prediction/plant_pol_robertson/k10/centrality/graphsage_edge_s48.emb,1156993,2cc3b3f94b23ae98679bf217855988c6f4401a51e7a9f76b1314a6a157eecccb
large,output/notebook3_gnn_encoder/link_prediction/plant_pol_robertson/k10/centrality/graphsage_edge_s49.emb,1157768,5c60183d7587c1ef33cf1fb33b84bff963e3b55c533bfbc20f5012f94ee67428
large,output/notebook3_gnn_encoder/link_prediction/plant_pol_robertson/k10/centrality/graphsage_edge_s50.emb,1153252,a97f84012fa22292fe252badd3fcef9510b285d6053afa1e796ceeaf2f1fa329
large,output/notebook3_gnn_encoder/link_prediction/plant_pol_robertson/k10/centrality/graphsage_edge_s51.emb,1151607,3e4b77fca68f0b433ff5463d2a2189a127852cbcb8398a93d05b7bae3aaa588e
large,output/notebook3_gnn_encoder/link_prediction/plant_pol_robertson/k10/degree/graphsage_edge_s42.emb,1153104,a6271003e231dd5faac4de01a7da04d7e85714a71c456e888147c8fb9979c4c6
large,output/notebook3_gnn_encoder/link_prediction/plant_pol_robertson/k10/degree/graphsage_edge_s43.emb,1153258,4bccb56c4ee4f9bb3e7012d8ffdad4ed0db09a23dde08258288078d01934e62f
large,output/notebook3_gnn_encoder/link_prediction/plant_pol_robertson/k10/degree/graphsage_edge_s44.emb,1151990,23b1aca59b627b4539002ba68e3a21378f16a75121b63d4ac6a014b356a7eaa4
large,output/notebook3_gnn_encoder/link_prediction/plant_pol_robertson/k10/degree/graphsage_edge_s45.emb,1153093,dc32d89a6e3deb7e9024e204f9a3b393f32a42ab88d5f921d20dd4654a44cf04
large,output/notebook3_gnn_encoder/link_prediction/plant_pol_robertson/k10/degree/graphsage_edge_s46.emb,1152859,698b9b3bac0778281e5c63215ea0a82221dbffe45d30fe87de544f90498c6150
large,output/notebook3_gnn_encoder/link_prediction/plant_pol_robertson/k10/degree/graphsage_edge_s47.emb,1157679,526d66502f7d253b15f578ec17f21fc9b6deae4428ef7c28993f1eab90da5fbe
large,output/notebook3_gnn_encoder/link_prediction/plant_pol_robertson/k10/degree/graphsage_edge_s48.emb,1154364,569d958ad4a209cc1108612d59b2abc19657d13c65281201d267a00ab37f7465
large,output/notebook3_gnn_encoder/link_prediction/plant_pol_robertson/k10/degree/graphsage_edge_s49.emb,1152809,7741de8e7dbee63cb0359ef3bf68af4d71a9c4d9fe0ddcad01d190ac34a6c4d0
large,output/notebook3_gnn_encoder/link_prediction/plant_pol_robertson/k10/degree/graphsage_edge_s50.emb,1152254,7439a166314dc87a6a4b39f7bf2966b3aff8cac87d5d9aa70d311c4f9e21a6e3
large,output/notebook3_gnn_encoder/link_prediction/plant_pol_robertson/k10/degree/graphsage_edge_s51.emb,1149583,18215c61c67d31f641bffdaddf6f73d46c2214dea17b1cd08b39fc838cf25330
large,output/notebook3_gnn_encoder/link_prediction/plant_pol_robertson/k10/hybrid/graphsage_edge_s42.emb,1158873,b5ad684cb57f81815c51b4816856ac9125e9f3e8400259a63d4539e21ce07e2f
large,output/notebook3_gnn_encoder/link_prediction/plant_pol_robertson/k10/hybrid/graphsage_edge_s43.emb,1152586,90746af728a3654141f6507edf87b87f312da5c74f63414dcc859564a96feea4
large,output/notebook3_gnn_encoder/link_prediction/plant_pol_robertson/k10/hybrid/graphsage_edge_s44.emb,1154050,19a1db9447e2f9211d6261500c499e4d6b2a1bd4dc5c56e18793cebab61cdae7
large,output/notebook3_gnn_encoder/link_prediction/plant_pol_robertson/k10/hybrid/graphsage_edge_s45.emb,1157179,8e769ea0274c61a64e09f7c400b762590fcff72232451714c81645fdfa8d8988
large,output/notebook3_gnn_encoder/link_prediction/plant_pol_robertson/k10/hybrid/graphsage_edge_s46.emb,1152814,4fa5207769efc83418ffc00388b0599161d1304da8cbfd170751ca5bdd6bf36e
large,output/notebook3_gnn_encoder/link_prediction/plant_pol_robertson/k10/hybrid/graphsage_edge_s47.emb,1154085,d89f7fc85007ef7f4dc0eb78fe89d116a07e7bb320f659e436163d93cf0817f6
large,output/notebook3_gnn_encoder/link_prediction/plant_pol_robertson/k10/hybrid/graphsage_edge_s48.emb,1152926,cc6a71a981b0ce50013ba86613f61e1021266ee3de77985a1f03830a00619ba9
large,output/notebook3_gnn_encoder/link_prediction/plant_pol_robertson/k10/hybrid/graphsage_edge_s49.emb,1153234,a04b6b8a6b37b0f43c49c6856d753bcf6543c026375ceaac0eadec73d065a82b
large,output/notebook3_gnn_encoder/link_prediction/plant_pol_robertson/k10/hybrid/graphsage_edge_s50.emb,1150057,50e32aff74844b0afe44975b802df3a17d88c736450b5c9519ed1efa9700b502
large,output/notebook3_gnn_encoder/link_prediction/plant_pol_robertson/k10/hybrid/graphsage_edge_s51.emb,1154692,2524761994b7a8eccaab4693f2a45361b926e42ee83dac9b8aac63d57d4e22b5
large,output/notebook3_gnn_encoder/link_prediction/plant_pol_robertson/k10/hybrid_centrality/graphsage_edge_s42.emb,1158607,a2787ffc95096f328d31c2fa67cdb874b57dfad29c1cc99a0598988cc9ac70e3
large,output/notebook3_gnn_encoder/link_prediction/plant_pol_robertson/k10/hybrid_centrality/graphsage_edge_s43.emb,1154633,a50ee196c202c9badbe55ad8c54d18741053eb6f671dd891b52c7966eb6466c0
large,output/notebook3_gnn_encoder/link_prediction/plant_pol_robertson/k10/hybrid_centrality/graphsage_edge_s44.emb,1156605,a7bba4f1baba86bd77fbad5af4fef1287d54f7fd47b0355d8b2bf91ae267adf4
large,output/notebook3_gnn_encoder/link_prediction/plant_pol_robertson/k10/hybrid_centrality/graphsage_edge_s45.emb,1155075,6b81c1d5d5c6ed3ddc3949cb015303440b3d6b8cf428f781de9aedd2716a64c6
large,output/notebook3_gnn_encoder/link_prediction/plant_pol_robertson/k10/hybrid_centrality/graphsage_edge_s46.emb,1154384,eb7a581a046f14814b7ba4d51e0c49fff7da1fb39a9cb32dc7628dd8c6e7cd34
large,output/notebook3_gnn_encoder/link_prediction/plant_pol_robertson/k10/hybrid_centrality/graphsage_edge_s47.emb,1154694,95ff9bfc3caacd7054a124436a6f745ced28f665cf45feec109bee536259f87f
large,output/notebook3_gnn_encoder/link_prediction/plant_pol_robertson/k10/hybrid_centrality/graphsage_edge_s48.emb,1152689,c7f89d74b306e0b47adb9d6a568b6ae3bba7015178a59a5d459751bf8f17af0e
large,output/notebook3_gnn_encoder/link_prediction/plant_pol_robertson/k10/hybrid_centrality/graphsage_edge_s49.emb,1153221,bbe148c7c2e7396e99d8e32aa127d756211854113afb90bfa9f4448dcc36a405
large,output/notebook3_gnn_encoder/link_prediction/plant_pol_robertson/k10/hybrid_centrality/graphsage_edge_s50.emb,1152465,c2fffe71dd72265930ea62c82ac32e638bec593141f201d1fb964748ead095d6
large,output/notebook3_gnn_encoder/link_prediction/plant_pol_robertson/k10/hybrid_centrality/graphsage_edge_s51.emb,1153425,3fe14bd37c868298e6027c6b20fa69ed98c8eb0a4904f26f5367ff81f1d79ea4
large,output/notebook3_gnn_encoder/link_prediction/plant_pol_robertson/k10/hybrid_degree/graphsage_edge_s42.emb,1159011,9a6ee50cc5beda598aa18ba553a91de24c46468f960d0fbb0679dbd64ba2f201
large,output/notebook3_gnn_encoder/link_prediction/plant_pol_robertson/k10/hybrid_degree/graphsage_edge_s43.emb,1152710,43013041fec3d86b8395cc70d75d24b016c311a3ba7bdd203b3aa42567a48fa0
large,output/notebook3_gnn_encoder/link_prediction/plant_pol_robertson/k10/hybrid_degree/graphsage_edge_s44.emb,1155256,283812a32cc29918f76837e3b9056ec62dc999c1df06c4ff751587fef8ecc7ea
large,output/notebook3_gnn_encoder/link_prediction/plant_pol_robertson/k10/hybrid_degree/graphsage_edge_s45.emb,1156024,f01be8fecea3d84c231eb652f06de2d9d766f549f2092e34c797f873ff18d1c6
large,output/notebook3_gnn_encoder/link_prediction/plant_pol_robertson/k10/hybrid_degree/graphsage_edge_s46.emb,1153220,2e8b35d8d90b5a1d6e8853242980e68217d9246501814b978c91e515a13d472b
large,output/notebook3_gnn_encoder/link_prediction/plant_pol_robertson/k10/hybrid_degree/graphsage_edge_s47.emb,1153699,390b877c517041e2aa07a06041056f42512354229e51a63850f194ead8f0cdf3
large,output/notebook3_gnn_encoder/link_prediction/plant_pol_robertson/k10/hybrid_degree/graphsage_edge_s48.emb,1151895,7348f16681f7f8545d5129bd116dce007376730f42eac542c7a3d87dc6d74751
large,output/notebook3_gnn_encoder/link_prediction/plant_pol_robertson/k10/hybrid_degree/graphsage_edge_s49.emb,1153663,d5c570ea6e57409bbb10d9c8fad0668481c4803b8efa409cbbedf413183bfa46
large,output/notebook3_gnn_encoder/link_prediction/plant_pol_robertson/k10/hybrid_degree/graphsage_edge_s50.emb,1150066,b37e3be3a630b35bdcf06a8806e50000415cb14fa6aa263f987dc68d1b183819
large,output/notebook3_gnn_encoder/link_prediction/plant_pol_robertson/k10/hybrid_degree/graphsage_edge_s51.emb,1155415,03acf80d5e9b88d941f34460ef83ed0193cd9b31a0227919fd0fe73c5f6b9ef6
large,output/notebook3_gnn_encoder/link_prediction/plant_pol_robertson/k10/original/graphsage_edge_s42.emb,1154226,1b8d82234998638cf25184f2e4c31110bce755eabdaac957714e654e5caa6e52
large,output/notebook3_gnn_encoder/link_prediction/plant_pol_robertson/k10/original/graphsage_edge_s43.emb,1160665,a7de1e754b2f127f8e53a9ed8ce9a43589ee51ba0a4390775b6aa8171d810ff9
large,output/notebook3_gnn_encoder/link_prediction/plant_pol_robertson/k10/original/graphsage_edge_s44.emb,1149589,9525aad50f17d370689f56a5e0269bb238d1b0c4d40dcbfe76ebd453473082b5
large,output/notebook3_gnn_encoder/link_prediction/plant_pol_robertson/k10/original/graphsage_edge_s45.emb,1157638,3dea750e9219c3bb502c22dc2b0b08fd0eb8706087c22ea91d5a6b9fc01cd66f
large,output/notebook3_gnn_encoder/link_prediction/plant_pol_robertson/k10/original/graphsage_edge_s46.emb,1154918,dd5f149581c212564bb1b44f1d7a7e5eba2cd9d6a5ef76e1884b1e032af4add0
large,output/notebook3_gnn_encoder/link_prediction/plant_pol_robertson/k10/original/graphsage_edge_s47.emb,1157074,e5e653c0ec12c6738ffa7f0125955a073ab512f2df9ba5fdfc7f01076856569e
large,output/notebook3_gnn_encoder/link_prediction/plant_pol_robertson/k10/original/graphsage_edge_s48.emb,1154474,03dd191b0bb7c7bf5cf58b7303adddd6ae8557f09f1f8d01072d1aabc596deb1
large,output/notebook3_gnn_encoder/link_prediction/plant_pol_robertson/k10/original/graphsage_edge_s49.emb,1156318,f3c675f461bb2fdddac48754ae99370726cf0248423898a6f6d3edc96aba6a45
large,output/notebook3_gnn_encoder/link_prediction/plant_pol_robertson/k10/original/graphsage_edge_s50.emb,1153449,9b6376fd945c8f4c546166cdd1b920ba150b44c2ab7caad9ef67eddacf39b585
large,output/notebook3_gnn_encoder/link_prediction/plant_pol_robertson/k10/original/graphsage_edge_s51.emb,1153198,1f3112d532148695a7008f8dc51b6a9d6d6c4a94fab3e87dedbcb703b2999aa8
large,output/notebook3_gnn_encoder/link_prediction/plant_pol_robertson/k10/psi/graphsage_edge_s42.emb,1153486,87978ef92c8b3de1b789e124e4414f61eedae8bdc6c9e3b6f78b3180760f418a
large,output/notebook3_gnn_encoder/link_prediction/plant_pol_robertson/k10/psi/graphsage_edge_s43.emb,1150991,6584eb2313e53b8785f296da24e453bb3ec325859f103e4632896e0b940f98a2
large,output/notebook3_gnn_encoder/link_prediction/plant_pol_robertson/k10/psi/graphsage_edge_s44.emb,1150508,fde59990705d279f073871e4a8ed1a9965c5ca39f9e3e7feed93c5ae5f65333f
large,output/notebook3_gnn_encoder/link_prediction/plant_pol_robertson/k10/psi/graphsage_edge_s45.emb,1155489,e5ae9301102e5d518068b057d9b561679ddbcac17c43f7690cae04750250cbac
large,output/notebook3_gnn_encoder/link_prediction/plant_pol_robertson/k10/psi/graphsage_edge_s46.emb,1153837,94df99804e6ef7972e4bd2e4968c68863dad3aff5f4f4b6ea278eeaadb8e2d49
large,output/notebook3_gnn_encoder/link_prediction/plant_pol_robertson/k10/psi/graphsage_edge_s47.emb,1159725,2a0fb998ab3557bffe9ae700c4730f067a2c9a4ca339be7022a4b1e84cab46aa
large,output/notebook3_gnn_encoder/link_prediction/plant_pol_robertson/k10/psi/graphsage_edge_s48.emb,1155475,cc5e3f0cf3ed745134fb4f334d19b4f1e18b5c6700d5a3ec862f23f7b38e6de3
large,output/notebook3_gnn_encoder/link_prediction/plant_pol_robertson/k10/psi/graphsage_edge_s49.emb,1151150,2ccdb2c0371f535e9b7793efa94366fce9543065c3975dd8e314f24ddfd71e15
large,output/notebook3_gnn_encoder/link_prediction/plant_pol_robertson/k10/psi/graphsage_edge_s50.emb,1149054,267e3d0a81c9feb61c92e0059a570607c824cb439d4c1e1e972850d2dff33bd0
large,output/notebook3_gnn_encoder/link_prediction/plant_pol_robertson/k10/psi/graphsage_edge_s51.emb,1152317,abc979a709e758d708a78401244f5f158cfbd2e0ef26ec281ee48b6917cce0f5
large,output/notebook3_gnn_encoder/link_prediction/polblogs/k10/centrality/graphsage_edge_s42.emb,748484,91670d31fda9ad25e603ae801abecbcaab89594f17c1b48ddfd285beb32b7e28
large,output/notebook3_gnn_encoder/link_prediction/polblogs/k10/centrality/graphsage_edge_s43.emb,748469,a8ff84ace10555d582fb176503dd2b27bd839cfbdcf427f2d2f04c679bf3525f
large,output/notebook3_gnn_encoder/link_prediction/polblogs/k10/centrality/graphsage_edge_s44.emb,750456,8a74db40226ee5e99022986a924c7875b34e34cc68b95e7ff34470ddceef1065
large,output/notebook3_gnn_encoder/link_prediction/polblogs/k10/centrality/graphsage_edge_s45.emb,747976,72ebd5c354ccca33714a942b398b7f13d955431d52241fbc106f27c72a51beb8
large,output/notebook3_gnn_encoder/link_prediction/polblogs/k10/centrality/graphsage_edge_s46.emb,750517,6e18dac39f0ee3f5e4833f456d0374539761e0f3faa06ceccc87f07be50dfa74
large,output/notebook3_gnn_encoder/link_prediction/polblogs/k10/centrality/graphsage_edge_s47.emb,750603,fb731b0ae08c0eb9cd6eb412c845eff07cf9105e8404227f97c611308fb18541
large,output/notebook3_gnn_encoder/link_prediction/polblogs/k10/degree/graphsage_edge_s42.emb,748874,76f155adbcfabbf865d29ba858ba360ede7ec7e3bab110f0e25ad61942ca59d5
large,output/notebook3_gnn_encoder/link_prediction/polblogs/k10/degree/graphsage_edge_s43.emb,748294,fb025a71b1613b1b555ec157aa27f34c4a72bd1923e0b94f0365aa23c4d4a934
large,output/notebook3_gnn_encoder/link_prediction/polblogs/k10/degree/graphsage_edge_s44.emb,750789,ab9a08e19a1bd4839a4dbe7f1bdbe350830d4c5df03dd703b40fdc638a924242
large,output/notebook3_gnn_encoder/link_prediction/polblogs/k10/degree/graphsage_edge_s45.emb,748182,4c8e53d0b55880cf641b4884eba3de880165a7e2e067a7c78d7ba5d3a0168f4f
large,output/notebook3_gnn_encoder/link_prediction/polblogs/k10/degree/graphsage_edge_s46.emb,751284,841cce3c649e97b00fc84e30110c772a4081c464d2b3acc5cd9ba6fd59c00e41
large,output/notebook3_gnn_encoder/link_prediction/polblogs/k10/degree/graphsage_edge_s47.emb,747899,db080b2aff01e55eff18f127c76db1852163f8418a9af5b2a9762d3119ac22b3
large,output/notebook3_gnn_encoder/link_prediction/polblogs/k10/hybrid/graphsage_edge_s42.emb,750688,b7116eeaf4cd4782d05b8b097441a2baf8c1c393cd4150cd012e249dea0d2b26
large,output/notebook3_gnn_encoder/link_prediction/polblogs/k10/hybrid/graphsage_edge_s43.emb,747945,fcba8f8a07fe0a4b11f4af65591c1ae83f4d3675044436d1c4df597b038a9b11
large,output/notebook3_gnn_encoder/link_prediction/polblogs/k10/hybrid/graphsage_edge_s44.emb,749490,64c4c7829b1c5ba497efb9446857ca04187b69819aa4c173bfed7ed2c160fdf7
large,output/notebook3_gnn_encoder/link_prediction/polblogs/k10/hybrid/graphsage_edge_s45.emb,750369,7fa6aeae4f8e1494e72b87fb13f55d7a08645d99da8b03042e49e8ab05f6a940
large,output/notebook3_gnn_encoder/link_prediction/polblogs/k10/hybrid/graphsage_edge_s46.emb,748367,01f9c55666b78342c3cf5cbb08ef2710ef476655f0336b673fcaa22adc5bb931
large,output/notebook3_gnn_encoder/link_prediction/polblogs/k10/hybrid/graphsage_edge_s47.emb,747795,5befde3971e60ad0a8ba7fc1278d45ed9d7188051080917f552537dae2c3134b
large,output/notebook3_gnn_encoder/link_prediction/polblogs/k10/hybrid_centrality/graphsage_edge_s42.emb,751148,132243e0af83cd2eb3ec79f6803730ef6316e4f92a14e9bb2e37923e9db7da01
large,output/notebook3_gnn_encoder/link_prediction/polblogs/k10/hybrid_centrality/graphsage_edge_s43.emb,748741,0ddf7945b1b030968dc3c7e57ea6cac9ada5b9ccd5dd85388e77358d13cd0469
large,output/notebook3_gnn_encoder/link_prediction/polblogs/k10/hybrid_centrality/graphsage_edge_s44.emb,749820,9cd42714a21247e50307422bc425d02b8be9478aef0cea903a5a56f524956302
large,output/notebook3_gnn_encoder/link_prediction/polblogs/k10/hybrid_centrality/graphsage_edge_s45.emb,750025,ac128b11fe969837c6267e28a12a05522a0c725ea408eb56347e7bbb40439986
large,output/notebook3_gnn_encoder/link_prediction/polblogs/k10/hybrid_centrality/graphsage_edge_s46.emb,749155,eed64312977f9d8dab0383d892f14ca471635a0ed1e8ce1d33868bab0455d6bd
large,output/notebook3_gnn_encoder/link_prediction/polblogs/k10/hybrid_centrality/graphsage_edge_s47.emb,749487,f23928b8f1f509de5faa84f33150969d063fbf6ea69020d5bc669006f0161665
large,output/notebook3_gnn_encoder/link_prediction/polblogs/k10/hybrid_degree/graphsage_edge_s42.emb,751000,4b1c599fb052c454a0e2a0a92aa4342b5861e07f260041859cd7e8cd914a3df9
large,output/notebook3_gnn_encoder/link_prediction/polblogs/k10/hybrid_degree/graphsage_edge_s43.emb,748137,e447ec7c4d711b1c53859a7c503bf592dcac3d21d47d9506af5afc51922e82c4
large,output/notebook3_gnn_encoder/link_prediction/polblogs/k10/hybrid_degree/graphsage_edge_s44.emb,749805,3f6a17ef76715b7e6c16a52d18df9d0dfce7e1ec516567181c8ce818fab022dd
large,output/notebook3_gnn_encoder/link_prediction/polblogs/k10/hybrid_degree/graphsage_edge_s45.emb,750065,225965b82830b9c82e9fd89f57c70fa182c47129e73e50449f12399c2e332621
large,output/notebook3_gnn_encoder/link_prediction/polblogs/k10/hybrid_degree/graphsage_edge_s46.emb,747954,92eb23505aec0a4ea169a244623dfb98d0190e02b87fcf78966d87390065b83f
large,output/notebook3_gnn_encoder/link_prediction/polblogs/k10/hybrid_degree/graphsage_edge_s47.emb,747573,01fdaba8a3ececd06a623d8d5cfebd9aff9569e86a180ccb81109d73192a0566
large,output/notebook3_gnn_encoder/link_prediction/polblogs/k10/original/graphsage_edge_s42.emb,748473,b2ce6371febb67b9b300e8646f8b3cab35118f5a777c865933e0c43a7387f6c8
large,output/notebook3_gnn_encoder/link_prediction/polblogs/k10/original/graphsage_edge_s43.emb,751690,bbeecf7bc4d1d86263fd45156035ac1d39dbfe0234c2934c62bdcb4ae96eed4a
large,output/notebook3_gnn_encoder/link_prediction/polblogs/k10/original/graphsage_edge_s44.emb,749782,409c40fc5215f8470e365ceb8f3c786d3582e862c3bd8c7d0581b49ac9378394
large,output/notebook3_gnn_encoder/link_prediction/polblogs/k10/original/graphsage_edge_s45.emb,750892,c9f611098134f4b15c23e21842ab1f60ef588f15c31098431dd25a4ed85b24c8
large,output/notebook3_gnn_encoder/link_prediction/polblogs/k10/original/graphsage_edge_s46.emb,749295,7dfb78c4a82385d82fdf6414892839bfa8db56ad39951877c7ae13e6c5cc7273
large,output/notebook3_gnn_encoder/link_prediction/polblogs/k10/original/graphsage_edge_s47.emb,749752,eb61e82bdccd51893fb9ab3dc7ad52c0e550b8a0c06ed377207319eccfaa7635
large,output/notebook3_gnn_encoder/link_prediction/polblogs/k10/psi/graphsage_edge_s42.emb,748789,a1e52b22637be274951f76816888331ef3953aa1b8030c12a7d8616d7640e460
large,output/notebook3_gnn_encoder/link_prediction/polblogs/k10/psi/graphsage_edge_s43.emb,749430,21cb7a9f1e9885a27f2198c52c863247ec31dea94db00e0d646c62d87baa30e7
large,output/notebook3_gnn_encoder/link_prediction/polblogs/k10/psi/graphsage_edge_s44.emb,750088,5bacd9779c03ab2cdcff669d9a67becc18d235d130b78a8ec2651fcaf851e88d
large,output/notebook3_gnn_encoder/link_prediction/polblogs/k10/psi/graphsage_edge_s45.emb,748328,5528fa42c8e682d2d657ce0ffbd7550993c191d8c32ff242ab3347cdd2c2e867
large,output/notebook3_gnn_encoder/link_prediction/polblogs/k10/psi/graphsage_edge_s46.emb,751030,099e531801c4feb53a6123425550189520a12bc39604b29f79156e198f7843ed
large,output/notebook3_gnn_encoder/link_prediction/polblogs/k10/psi/graphsage_edge_s47.emb,748785,d142331b2ae48f62df4fae2b0becca12f98c8789ca4268905035ff669a4c0e7e
large,output/notebook3_gnn_encoder/link_prediction/ppi_fly/k10/centrality/graphsage_edge_s42.emb,6954160,2332f9fbf143202f1e1d65aaba41fc50154d9dab24f5f16dfece05b061cda385
large,output/notebook3_gnn_encoder/link_prediction/ppi_fly/k10/centrality/graphsage_edge_s43.emb,6951090,9d5973cbf5a652d89e5b193e6964ce999015f2327c6997d99154d9e2ee130070
large,output/notebook3_gnn_encoder/link_prediction/ppi_fly/k10/centrality/graphsage_edge_s44.emb,6959926,3ee00fdabc9f68e7213eda0740633eab1dc535a10c04bc4a8a3c0fb0649f0e2e
large,output/notebook3_gnn_encoder/link_prediction/ppi_fly/k10/degree/graphsage_edge_s42.emb,6949656,3bebafadceb692320e2925e6921a5e187dd4d4b94f21cec9ccfb9c8bc1f1aac0
large,output/notebook3_gnn_encoder/link_prediction/ppi_fly/k10/degree/graphsage_edge_s43.emb,6943335,d046c999e42cb9de27a850df2fbd53110912d88bef32e93a6bfeb91d472be36e
large,output/notebook3_gnn_encoder/link_prediction/ppi_fly/k10/degree/graphsage_edge_s44.emb,6971582,742dbea3d1373fe73cea8d1427eb773b8f677f86c69a4fa51a4996cec902f994
large,output/notebook3_gnn_encoder/link_prediction/ppi_fly/k10/hybrid/graphsage_edge_s42.emb,6981629,6d065d92ea826fc7c11aa1426e79fe9ee420f2bad0dfcffc353ba0bbac1c894a
large,output/notebook3_gnn_encoder/link_prediction/ppi_fly/k10/hybrid/graphsage_edge_s43.emb,6954839,ddebc54397af9ec2d93ed9d5c2b1234ecfec41f01677ee3bd7c06359d9a59546
large,output/notebook3_gnn_encoder/link_prediction/ppi_fly/k10/hybrid/graphsage_edge_s44.emb,6970760,c29c25eac6f80bbe47c2d7b749be42106f3b516b7ac5dc75484c62ac341bd5f6
large,output/notebook3_gnn_encoder/link_prediction/ppi_fly/k10/hybrid_centrality/graphsage_edge_s42.emb,6982934,32dd623f1570bfc3d5816b84c4b116fecd49f729d67c2190267b76ed711d56f8
large,output/notebook3_gnn_encoder/link_prediction/ppi_fly/k10/hybrid_centrality/graphsage_edge_s43.emb,6948480,b4ad9a94c9c84e7d37c81e6e47bca36ba824c049077d94096460bcd1d9979351
large,output/notebook3_gnn_encoder/link_prediction/ppi_fly/k10/hybrid_centrality/graphsage_edge_s44.emb,6975218,b1179f0330486d3b6f2bf4e2785b9b3aef457fb9de3efe1582529cb957568f13
large,output/notebook3_gnn_encoder/link_prediction/ppi_fly/k10/hybrid_degree/graphsage_edge_s42.emb,6977907,6534c3dda623f64ebaebc2ab3c685ddbd7b7fa10a6f4b03b477f6dfb70fb2f08
large,output/notebook3_gnn_encoder/link_prediction/ppi_fly/k10/hybrid_degree/graphsage_edge_s43.emb,6952875,a97441b017cf9a2eddf8fbd8b399ed8a3c269878831024f329bf04bb03ead98e
large,output/notebook3_gnn_encoder/link_prediction/ppi_fly/k10/hybrid_degree/graphsage_edge_s44.emb,6971426,5222519425bba86fe11c12f393d2e244ab270c39909add86dcfffb072d160bea
large,output/notebook3_gnn_encoder/link_prediction/ppi_fly/k10/original/graphsage_edge_s42.emb,6957033,8147f9fa0008cc51532158a64ebe8d39ad87e24235c6ee642ed90635d3b43921
large,output/notebook3_gnn_encoder/link_prediction/ppi_fly/k10/original/graphsage_edge_s43.emb,6966928,13a1cb93cd07cac751be60cb3e4536e80ec14a78b16be658c8eb7dfd5a0d6e01
large,output/notebook3_gnn_encoder/link_prediction/ppi_fly/k10/original/graphsage_edge_s44.emb,6967991,cfb45b0a1c03111ac06de4ee60a2bde145ce82f91732cb38cafcab10f10298f5
large,output/notebook3_gnn_encoder/link_prediction/ppi_fly/k10/psi/graphsage_edge_s42.emb,6943018,b47d57c2fce86aea776ee86da86cc297d945d79fe96188976ddc18ad4dc97e3e
large,output/notebook3_gnn_encoder/link_prediction/ppi_fly/k10/psi/graphsage_edge_s43.emb,6953835,95aac4f461eca44949c74c0c9405bf16b5d1ecee6e17f08a9711aa97e60112b4
large,output/notebook3_gnn_encoder/link_prediction/ppi_fly/k10/psi/graphsage_edge_s44.emb,6960743,39379e8b8188b89934a17e01b2cf74a1bc8983005b093e1f1d7a7470502eb80e
large,output/notebook3_gnn_encoder/link_prediction/ppi_human/k10/centrality/graphsage_edge_s42.emb,16930558,e06adbfa4fb56f60ad645ef22b4f35aa8328ae0f9e2db67da1d6c55f4493f795
large,output/notebook3_gnn_encoder/link_prediction/ppi_human/k10/centrality/graphsage_edge_s43.emb,16923345,44f9117e8c227b026a464912996a7144b21bc4cd7b80b11134480e8e9d2b6be9
large,output/notebook3_gnn_encoder/link_prediction/ppi_human/k10/centrality/graphsage_edge_s44.emb,16944536,43306df4b43aa096244b209b4134860845794f859b3bf3d10be66ed357097a14
large,output/notebook3_gnn_encoder/link_prediction/ppi_human/k10/degree/graphsage_edge_s42.emb,16937819,663977b848e691d9a8906003f6448c3ca841f08fe1b0022384490ed86f7e25e8
large,output/notebook3_gnn_encoder/link_prediction/ppi_human/k10/degree/graphsage_edge_s43.emb,16929195,89343a447db482fc97bdc3dfcb913abe467cfb670aedc6ae5cf2ff1e96dbfc21
large,output/notebook3_gnn_encoder/link_prediction/ppi_human/k10/degree/graphsage_edge_s44.emb,16967309,87bbf2659b9bcfdcff1dfe3ad13ddbd3be114c5fd78483e09e944c7d2a1f3dd9
large,output/notebook3_gnn_encoder/link_prediction/ppi_human/k10/hybrid/graphsage_edge_s42.emb,17006592,e3525f531554a78702225c14f2607b282387b172ad3966803c51457b72e54a13
large,output/notebook3_gnn_encoder/link_prediction/ppi_human/k10/hybrid/graphsage_edge_s43.emb,16944472,1dca17d31506737e0f5682c3707336ce186692816a19997acc8e945289f60930
large,output/notebook3_gnn_encoder/link_prediction/ppi_human/k10/hybrid/graphsage_edge_s44.emb,16956957,884812e69909e2166cb053cb76ddac46f287463ea9859bf54631eadc5a0f1b58
large,output/notebook3_gnn_encoder/link_prediction/ppi_human/k10/hybrid_centrality/graphsage_edge_s42.emb,16992258,76c75f6817ba8d1f6b1f156a639c7c07fbaab1aea66664db7c300e2b0843e72a
large,output/notebook3_gnn_encoder/link_prediction/ppi_human/k10/hybrid_centrality/graphsage_edge_s43.emb,16959934,a9fe99dc8aa92fa16fc1b493d1bbefdd2a804dc886130a2d3011daff36fc9e42
large,output/notebook3_gnn_encoder/link_prediction/ppi_human/k10/hybrid_centrality/graphsage_edge_s44.emb,16969209,41f8fa0abe39741bbf5c1c95355ef068213782980e2cec95155a5fd780ea53be
large,output/notebook3_gnn_encoder/link_prediction/ppi_human/k10/hybrid_degree/graphsage_edge_s42.emb,16999328,9bd35b888a6bdcb4eb3219e8f082a068edbad23cecbd1c458ab2bfbff8183eab
large,output/notebook3_gnn_encoder/link_prediction/ppi_human/k10/hybrid_degree/graphsage_edge_s43.emb,16940009,1f4d3e214f8caa80dd49f671cd4dffa07613bac76aa69c244db0f6b3b409f8d8
large,output/notebook3_gnn_encoder/link_prediction/ppi_human/k10/hybrid_degree/graphsage_edge_s44.emb,16960063,0a5a4bc957840c037795521a8c7f1f94d53a4756a29c9684fe6c1aa21460a945
large,output/notebook3_gnn_encoder/link_prediction/ppi_human/k10/original/graphsage_edge_s42.emb,16937203,f784572a3c39f70fb13568338f09224f7016372d1a8374551c37de7ac1be67b3
large,output/notebook3_gnn_encoder/link_prediction/ppi_human/k10/original/graphsage_edge_s43.emb,17020146,57532f50b13b903b8d051d3621152c2d249f630fdd028d9a3731cf8d704c1a66
large,output/notebook3_gnn_encoder/link_prediction/ppi_human/k10/original/graphsage_edge_s44.emb,16885970,8194899fb3b953dee0e890a7fb58d1d33e2dfd2294c6fb1062aca24f83b5ed08
large,output/notebook3_gnn_encoder/link_prediction/ppi_human/k10/psi/graphsage_edge_s42.emb,16927368,fbf32755638d588946d3d17829f2fcca92c7aa9ef6d159e90d83e1ef1901f419
large,output/notebook3_gnn_encoder/link_prediction/ppi_human/k10/psi/graphsage_edge_s43.emb,16947820,a30b08bf08b6e60e48623050ef98146972fc545df2f6b5c2c6e0fa6943909add
large,output/notebook3_gnn_encoder/link_prediction/ppi_human/k10/psi/graphsage_edge_s44.emb,16958352,516852a102e5b1e2dd71f3024e74daee491508aab71f74acdd88ce6070a10155
large,output/notebook3_gnn_encoder/link_prediction/ppi_mouse/k10/centrality/graphsage_edge_s42.emb,11531026,7155c3dd9e0c77d30e885fdfead68a35f8cab4175abdb16134fdbdde273d737c
large,output/notebook3_gnn_encoder/link_prediction/ppi_mouse/k10/centrality/graphsage_edge_s43.emb,11512361,2228531eb63ac6df7ac79da7d96556b1b2c4f877633f367f30d3cb94528cbd21
large,output/notebook3_gnn_encoder/link_prediction/ppi_mouse/k10/centrality/graphsage_edge_s44.emb,11518624,d0e52a5acbe60d96e590f31407e30517a7fee9c63de799f2511af985057b3d9c
large,output/notebook3_gnn_encoder/link_prediction/ppi_mouse/k10/centrality/graphsage_edge_s45.emb,11450036,5cdff8a3ba4c3ac90089a424e388497d0bd8201bee89dc5c1aa41b082b1c430d
large,output/notebook3_gnn_encoder/link_prediction/ppi_mouse/k10/centrality/graphsage_edge_s46.emb,11524589,6009d0eb8b5cda2495dd73b3feb1e95a0a8fbac84691decda8e73179853bec7c
large,output/notebook3_gnn_encoder/link_prediction/ppi_mouse/k10/centrality/graphsage_edge_s47.emb,11574217,2d1f5bf0e5d32de257c2628b3c067fe241b9f64dd675595114cbb2ccb7c903cd
large,output/notebook3_gnn_encoder/link_prediction/ppi_mouse/k10/centrality/graphsage_edge_s48.emb,11538551,03d9c8ce4945721a53aaa7d1a991670fcc53539226dc03c5269334e978c25540
large,output/notebook3_gnn_encoder/link_prediction/ppi_mouse/k10/centrality/graphsage_edge_s49.emb,11487662,5e444495283b39be173b6d9489e5e188f13cebeb9661d5b7f6f4390a39db353b
large,output/notebook3_gnn_encoder/link_prediction/ppi_mouse/k10/centrality/graphsage_edge_s50.emb,11539018,569cd6e4dd6d00a1368dd5c28623eb43a4123693f76dc86798193913ee851aba
large,output/notebook3_gnn_encoder/link_prediction/ppi_mouse/k10/centrality/graphsage_edge_s51.emb,11564264,158036751f929908c56f2484fe1cce640aab88e87a4fe454d1959bb9e3e28899
large,output/notebook3_gnn_encoder/link_prediction/ppi_mouse/k10/degree/graphsage_edge_s42.emb,11547276,0a37d50cf13d0f50b7d3ce16fa7801824ad77ef493b14b05cf001621d17a72b8
large,output/notebook3_gnn_encoder/link_prediction/ppi_mouse/k10/degree/graphsage_edge_s43.emb,11531284,a42bfde39c340d8f439dcba7299b253b1875ceb80a7f152ee624643538bbb8a5
large,output/notebook3_gnn_encoder/link_prediction/ppi_mouse/k10/degree/graphsage_edge_s44.emb,11538241,548fa2d83c2606f206b35d8a2d3edd4a77ae1e3c2f1d60ee959fc05e303e0d87
large,output/notebook3_gnn_encoder/link_prediction/ppi_mouse/k10/degree/graphsage_edge_s45.emb,11482005,efaeb8c889c4fbde3fb8f328e4666da494fc2d39b9b83d6de9b24883085795e7
large,output/notebook3_gnn_encoder/link_prediction/ppi_mouse/k10/degree/graphsage_edge_s46.emb,11551958,d925d452deb91ed2e57fa17f4be912b9e17dc73230ea712a5d3197d6670bd6eb
large,output/notebook3_gnn_encoder/link_prediction/ppi_mouse/k10/degree/graphsage_edge_s47.emb,11552829,bafed65a20d1451725d03fca616fdc4a1e6116c071c33765a2980e8e904c12e8
large,output/notebook3_gnn_encoder/link_prediction/ppi_mouse/k10/degree/graphsage_edge_s48.emb,11529786,6fa484e74f801871392c79168718ef9c65ea2feff333a8eee813b4edf323b7b9
large,output/notebook3_gnn_encoder/link_prediction/ppi_mouse/k10/degree/graphsage_edge_s49.emb,11519440,c343f74592fd2062070d4c015c241fd31bce004e8b9cea7a10ca4edd77ba5024
large,output/notebook3_gnn_encoder/link_prediction/ppi_mouse/k10/degree/graphsage_edge_s50.emb,11533195,d9a4c1d93fe64226cecc4dd4f47edad14ba583d8e2752ae2d3f00092f77388f1
large,output/notebook3_gnn_encoder/link_prediction/ppi_mouse/k10/degree/graphsage_edge_s51.emb,11534138,96b04596f3d2bfc703bfce2c17b13445be1c2abc61a1cdefc1451f5aef4358c3
large,output/notebook3_gnn_encoder/link_prediction/ppi_mouse/k10/hybrid/graphsage_edge_s42.emb,11544388,620d87c50bce56bc4c4bb479096649803ddbb336db8adf92a4a55b78b4e0f2d6
large,output/notebook3_gnn_encoder/link_prediction/ppi_mouse/k10/hybrid/graphsage_edge_s43.emb,11548626,17b928451315e9c5216fddea33eee472e310213233c6cfec3c1ccb151c8443e7
large,output/notebook3_gnn_encoder/link_prediction/ppi_mouse/k10/hybrid/graphsage_edge_s44.emb,11565446,28c26562d97753dc954462486134c8bad0dce10c855a0221366995f1f1bc5565
large,output/notebook3_gnn_encoder/link_prediction/ppi_mouse/k10/hybrid/graphsage_edge_s45.emb,11537160,ddbb234aca3f959ba6f25a8f71a8d4d1ac809937655da99ab6026d5848341ae2
large,output/notebook3_gnn_encoder/link_prediction/ppi_mouse/k10/hybrid/graphsage_edge_s46.emb,11543201,08cee90a905b7cf957e094816dabbd49b6f613a5a8613427fb66941a337ccacc
large,output/notebook3_gnn_encoder/link_prediction/ppi_mouse/k10/hybrid/graphsage_edge_s47.emb,11532734,4864f5b7cff94a57137a73e42106f9ec7fced5f1c9d2e6ecfa04661e55d5261b
large,output/notebook3_gnn_encoder/link_prediction/ppi_mouse/k10/hybrid/graphsage_edge_s48.emb,11526458,8ec9d66315781d1acc281a437cb7505e6299ef5358433be3495e3666a182778f
large,output/notebook3_gnn_encoder/link_prediction/ppi_mouse/k10/hybrid/graphsage_edge_s49.emb,11544124,512fd36918f39838bfc48121dae382ccc57f46494eab76e787571ff8e2f338d9
large,output/notebook3_gnn_encoder/link_prediction/ppi_mouse/k10/hybrid/graphsage_edge_s50.emb,11520122,c4ca0698d3f3d47962bbf2809359d1353fbc29347f05d3a491477c9b2ad75265
large,output/notebook3_gnn_encoder/link_prediction/ppi_mouse/k10/hybrid/graphsage_edge_s51.emb,11488247,8122ad1057e3eb1abfc7d91a74313126772a404256d4995374cb97f5a29e3811
large,output/notebook3_gnn_encoder/link_prediction/ppi_mouse/k10/hybrid_centrality/graphsage_edge_s42.emb,11559870,5079898402067de15040f2ce0adbbcc4fca8de00e29842b3e66403e4ee882da9
large,output/notebook3_gnn_encoder/link_prediction/ppi_mouse/k10/hybrid_centrality/graphsage_edge_s43.emb,11560133,5df335ec59d4da2867a7f8f345b5c5731b02b5d3be04317183975eb619ea1423
large,output/notebook3_gnn_encoder/link_prediction/ppi_mouse/k10/hybrid_centrality/graphsage_edge_s44.emb,11565977,710f2b3b7ae9f2e00d626eb367b038264505aa8261f99508c2a545215411ca27
large,output/notebook3_gnn_encoder/link_prediction/ppi_mouse/k10/hybrid_centrality/graphsage_edge_s45.emb,11499509,dfbc2d972bb735c76dfdbc77e14e639c5dc9fa787376bedcf2f419edc04e034b
large,output/notebook3_gnn_encoder/link_prediction/ppi_mouse/k10/hybrid_centrality/graphsage_edge_s46.emb,11524113,27bbd7c4b23f025fcfc7f23eb969a88b92beaaaaf1dd9f9cb196582560eda724
large,output/notebook3_gnn_encoder/link_prediction/ppi_mouse/k10/hybrid_centrality/graphsage_edge_s47.emb,11492795,ba5ca4021aa1baf68eecc002b41b8b23fa57fa6ba09d966f61ab0b3b0b95ebd0
large,output/notebook3_gnn_encoder/link_prediction/ppi_mouse/k10/hybrid_centrality/graphsage_edge_s48.emb,11574742,49522bec102f6cfce74c4f2c02690e611c97d69ade84429eabd643533c74c3c2
large,output/notebook3_gnn_encoder/link_prediction/ppi_mouse/k10/hybrid_centrality/graphsage_edge_s49.emb,11500526,e4d2262ae1fa2baeef7f20b09ff93752f62ea4a8be5eb5bd641629432364c155
large,output/notebook3_gnn_encoder/link_prediction/ppi_mouse/k10/hybrid_centrality/graphsage_edge_s50.emb,11545023,b7f158dfb3a6912e08f52779006b14a7bc8e698f68849722f42f9955029a6ca2
large,output/notebook3_gnn_encoder/link_prediction/ppi_mouse/k10/hybrid_centrality/graphsage_edge_s51.emb,11479092,13474b32b9df9b932e9edbbf33d07b9338ed505c5e684f06eac6101435ec2f55
large,output/notebook3_gnn_encoder/link_prediction/ppi_mouse/k10/hybrid_degree/graphsage_edge_s42.emb,11543721,00c30714b11fe317830deda96e85bdbf078dd4b80728bf7f843ac7d195eeac9d
large,output/notebook3_gnn_encoder/link_prediction/ppi_mouse/k10/hybrid_degree/graphsage_edge_s43.emb,11539945,efa44385ee4990463a1b47e2cc0fac4fe3d1feccc648b625f8b397e96ab753cf
large,output/notebook3_gnn_encoder/link_prediction/ppi_mouse/k10/hybrid_degree/graphsage_edge_s44.emb,11565773,5a6f98198410eedeae659c11e4b94c11f6f53c27d72f3b276832edfeacf4a3eb
large,output/notebook3_gnn_encoder/link_prediction/ppi_mouse/k10/hybrid_degree/graphsage_edge_s45.emb,11534630,0d6c0c7cb02fdec0d02b9054e00e5dcddb23e209d854aa75c0025e69a627c02b
large,output/notebook3_gnn_encoder/link_prediction/ppi_mouse/k10/hybrid_degree/graphsage_edge_s46.emb,11526966,3c49b9c0e8b60eca4a9fa3be4a56bfb63879be9c3c7f0b199a681b70193bd401
large,output/notebook3_gnn_encoder/link_prediction/ppi_mouse/k10/hybrid_degree/graphsage_edge_s47.emb,11547618,a7c5a2481f447591ad0207a5f8e2ca761d15f09aa87bb1e8056e4e19f31ab5ea
large,output/notebook3_gnn_encoder/link_prediction/ppi_mouse/k10/hybrid_degree/graphsage_edge_s48.emb,11528503,6b17b69897736bed62ebc15cda801e1fb5a6ee409103c7f4a1befe41e0a9201c
large,output/notebook3_gnn_encoder/link_prediction/ppi_mouse/k10/hybrid_degree/graphsage_edge_s49.emb,11526952,bb95030878087dfc06828fe14a786dcf0a9ea816aeec90450ac6d483d394b842
large,output/notebook3_gnn_encoder/link_prediction/ppi_mouse/k10/hybrid_degree/graphsage_edge_s50.emb,11518674,c0e05bcc2d42670c147fa5aada4a51cd6d7a047cfa60c827c8c152dbc7799beb
large,output/notebook3_gnn_encoder/link_prediction/ppi_mouse/k10/hybrid_degree/graphsage_edge_s51.emb,11496824,161a03e6894037af02a572a598fe3e86b0133795e644f73a6a390ae8c7b953f5
large,output/notebook3_gnn_encoder/link_prediction/ppi_mouse/k10/original/graphsage_edge_s42.emb,11564733,34e27542d1517afd58e8a7913d347d0914cf9c262306081a4542b5324aa05237
large,output/notebook3_gnn_encoder/link_prediction/ppi_mouse/k10/original/graphsage_edge_s43.emb,11578665,756191225df34a2498095adcb3d0fbfc28b9f391f735093b2e4e7105bc4aa757
large,output/notebook3_gnn_encoder/link_prediction/ppi_mouse/k10/original/graphsage_edge_s44.emb,11539807,f5d34b9797308cb755daa87f4db3aed53fcd57df2b09fb216c1d5b4688f66bf1
large,output/notebook3_gnn_encoder/link_prediction/ppi_mouse/k10/original/graphsage_edge_s45.emb,11467764,b7742e4aa676cd48f3de687f7866407efee2c26a69479ab587431356a456ad1f
large,output/notebook3_gnn_encoder/link_prediction/ppi_mouse/k10/original/graphsage_edge_s46.emb,11533905,d04b57cad99ace27200a158ea71179d40e01647bd22382ea96947e83deb2928d
large,output/notebook3_gnn_encoder/link_prediction/ppi_mouse/k10/original/graphsage_edge_s47.emb,11479807,53a18a36e43811b72f632dc0d793495e429745626c2e126cc0e8bdfdd73cbc19
large,output/notebook3_gnn_encoder/link_prediction/ppi_mouse/k10/original/graphsage_edge_s48.emb,11538200,0e024f4f809550729380d2903dd77c0fc36446d24bd330f8ffff0dea2241952b
large,output/notebook3_gnn_encoder/link_prediction/ppi_mouse/k10/original/graphsage_edge_s49.emb,11540881,a80f0743e895bed928435cede3e790d2181dbc628858d407a98f7397b2ddc0f7
large,output/notebook3_gnn_encoder/link_prediction/ppi_mouse/k10/original/graphsage_edge_s50.emb,11518649,b996a4a575f1d7a41f406a2f8de605c0ef4f152b10127c4a59f3b42971196452
large,output/notebook3_gnn_encoder/link_prediction/ppi_mouse/k10/original/graphsage_edge_s51.emb,11464692,8e77ba86d8cb868443032a68d17f96fba1bbf1e1e0f078770f67e0ab2460fdb3
large,output/notebook3_gnn_encoder/link_prediction/ppi_mouse/k10/psi/graphsage_edge_s42.emb,11536554,21133685df994de19f0f0df68200bcfe156c877de8c454244af92f55329ac9f2
large,output/notebook3_gnn_encoder/link_prediction/ppi_mouse/k10/psi/graphsage_edge_s43.emb,11558580,2cb714212580d0c0506de188606a0f786b9966abdd6a3edd98dacd7c5751b0a3
large,output/notebook3_gnn_encoder/link_prediction/ppi_mouse/k10/psi/graphsage_edge_s44.emb,11505930,a24904f9671416f3570f327f01ddcf2944caf70199184ad67585ab5fc197bee2
large,output/notebook3_gnn_encoder/link_prediction/ppi_mouse/k10/psi/graphsage_edge_s45.emb,11491040,e6a2047529c324302927c2d0f87446236060dabd344c7574ab521f1438948c05
large,output/notebook3_gnn_encoder/link_prediction/ppi_mouse/k10/psi/graphsage_edge_s46.emb,11503972,d0c3e1217c981c27cfc6d6f00004c9962fdcb479e3f9b126a52440f5a493bfa9
large,output/notebook3_gnn_encoder/link_prediction/ppi_mouse/k10/psi/graphsage_edge_s47.emb,11558737,c9410f6be42e03a778e81ebe8e661e9ef064becb2f04c4071189d9468824318e
large,output/notebook3_gnn_encoder/link_prediction/ppi_mouse/k10/psi/graphsage_edge_s48.emb,11551332,51c1df854824b01063eb3a524f0640011af8c068f156d4873f0b3391eebd19c1
large,output/notebook3_gnn_encoder/link_prediction/ppi_mouse/k10/psi/graphsage_edge_s49.emb,11523423,44f5ed397d680c953594d1d9e6feda3265b932f7b8bb2e25c4df2b8b9a8bcf64
large,output/notebook3_gnn_encoder/link_prediction/ppi_mouse/k10/psi/graphsage_edge_s50.emb,11536519,d73cf5dd7a82b87fe64b4f6977220dd0f69aa5cbe4fe4b1abfd69454f7e090f8
large,output/notebook3_gnn_encoder/link_prediction/ppi_mouse/k10/psi/graphsage_edge_s51.emb,11528749,e42ab86ced19bdc6d65f1ec86038808bb6409135a86fc520b8c1be2284257cc3
large,output/notebook3_gnn_encoder/link_prediction/ppi_rat/k10/centrality/graphsage_edge_s42.emb,4307876,3a8dd6a71549b052df194368c9566ecf37e26b9ae7343f7744015a7bbe06201f
large,output/notebook3_gnn_encoder/link_prediction/ppi_rat/k10/centrality/graphsage_edge_s43.emb,4304757,23ab53cb05ead14d9a12bdac40b8830e2dbe7391b9c6c168e2406bee5eec08e3
large,output/notebook3_gnn_encoder/link_prediction/ppi_rat/k10/centrality/graphsage_edge_s44.emb,4301019,ed638b580e9129e59b198518807a902402572ac420c701b76cd63ced1e0bc8d7
large,output/notebook3_gnn_encoder/link_prediction/ppi_rat/k10/centrality/graphsage_edge_s45.emb,4290914,a25605d8a0dfe6695e96ca16fd8b0ca8fccfd5fb357cabc956269652326ab5b9
large,output/notebook3_gnn_encoder/link_prediction/ppi_rat/k10/centrality/graphsage_edge_s46.emb,4307198,b2858ff8556491dc1631428f3a6e9efb1a5fbf9a0ef09ab950dc9eaf0683b6db
large,output/notebook3_gnn_encoder/link_prediction/ppi_rat/k10/centrality/graphsage_edge_s47.emb,4322479,14d5a4757703f92c52a1b6bd50d5265cec784a859b62ff598947350dc4e87957
large,output/notebook3_gnn_encoder/link_prediction/ppi_rat/k10/centrality/graphsage_edge_s48.emb,4314777,4271ac5d186963bb6bba10f4af03e8f9a0efcee6b36b21df963ca29c5991fb55
large,output/notebook3_gnn_encoder/link_prediction/ppi_rat/k10/centrality/graphsage_edge_s49.emb,4293765,cb075a6ba8365026c83ea98a0e7729c35de1c4f7792804a116be9e565ebeb530
large,output/notebook3_gnn_encoder/link_prediction/ppi_rat/k10/centrality/graphsage_edge_s50.emb,4306718,2c50726405c6a352bb6655680a3ddb9c85ec91eb6925b4da4b2d05a605f537e7
large,output/notebook3_gnn_encoder/link_prediction/ppi_rat/k10/centrality/graphsage_edge_s51.emb,4305741,82639d050c6bf72be296d8ce22a63599e36a773df5ab6572acae5626cfacb962
large,output/notebook3_gnn_encoder/link_prediction/ppi_rat/k10/degree/graphsage_edge_s42.emb,4310307,5d71cb2eea3a9d380b5cf4759796cf5504c91183fd0b27c901b04aebaeb68307
large,output/notebook3_gnn_encoder/link_prediction/ppi_rat/k10/degree/graphsage_edge_s43.emb,4323241,39482a3b75965120a846cd5d2afbd608303524efe066fe48bfaa59d35c56834c
large,output/notebook3_gnn_encoder/link_prediction/ppi_rat/k10/degree/graphsage_edge_s44.emb,4306841,a0aa46f654733dd3128ad41ac66b873c310853ef2bf83ef713b69b5e977cf356
large,output/notebook3_gnn_encoder/link_prediction/ppi_rat/k10/degree/graphsage_edge_s45.emb,4298685,3f33da743a10d661c10b99d6eb992506c630a31654cca1bdaf9eb484826b473a
large,output/notebook3_gnn_encoder/link_prediction/ppi_rat/k10/degree/graphsage_edge_s46.emb,4317879,c9002c2e212f0d298bf9d35da272e60048604d9da5db5b45cb8d334af1cae83c
large,output/notebook3_gnn_encoder/link_prediction/ppi_rat/k10/degree/graphsage_edge_s47.emb,4317895,8c8a8c3fc5c0c4ba939a202a0487e558cd266789eb253edaf439c9e3a55a6838
large,output/notebook3_gnn_encoder/link_prediction/ppi_rat/k10/degree/graphsage_edge_s48.emb,4316582,0a444f35217b004f2a6208c56c5f47348e7fe28c3e7fb9b2eab826efc7ef4ba9
large,output/notebook3_gnn_encoder/link_prediction/ppi_rat/k10/degree/graphsage_edge_s49.emb,4302812,6b07a8a2c8b28b13e13aea9f289affc04d352b6ddc73175718c79d09cb1694d2
large,output/notebook3_gnn_encoder/link_prediction/ppi_rat/k10/degree/graphsage_edge_s50.emb,4308454,f7fe40253b51188f82311403fb59afb9d209971be7d6ce56778201bce7b48f21
large,output/notebook3_gnn_encoder/link_prediction/ppi_rat/k10/degree/graphsage_edge_s51.emb,4309880,a9c507661e7c91193061e3950556c41cecae9676ccc97d9911f06d1a894bac11
large,output/notebook3_gnn_encoder/link_prediction/ppi_rat/k10/hybrid/graphsage_edge_s42.emb,4323065,4881a79f5b83ff40b5d4124d1b1c0d104da298366e38d7080cb8628d4ea1ac3d
large,output/notebook3_gnn_encoder/link_prediction/ppi_rat/k10/hybrid/graphsage_edge_s43.emb,4308550,4f54ee39c676411fa086973d39b19a1cbe757c9c2b66b15f2b0044d66792c210
large,output/notebook3_gnn_encoder/link_prediction/ppi_rat/k10/hybrid/graphsage_edge_s44.emb,4322485,087bd68d94b79185a1f188abdf9587fc6634f2396076bfcc05f4b242322d85ce
large,output/notebook3_gnn_encoder/link_prediction/ppi_rat/k10/hybrid/graphsage_edge_s45.emb,4304909,9548220b0034f688d0d9d650690fcb3f10738be8dca4315462b5b276a31d9302
large,output/notebook3_gnn_encoder/link_prediction/ppi_rat/k10/hybrid/graphsage_edge_s46.emb,4309427,2d30ec5a4e8fc862872ef83de44eda295a81263bbe93195ec30fa0ea54964387
large,output/notebook3_gnn_encoder/link_prediction/ppi_rat/k10/hybrid/graphsage_edge_s47.emb,4315261,df55bc10b2e23fb28b62e56c6aaf0fb65bc91d3402fd74c758b1cd0a2528d699
large,output/notebook3_gnn_encoder/link_prediction/ppi_rat/k10/hybrid/graphsage_edge_s48.emb,4314372,311a511fc488965a3cc7ab15e2babc4f0e80a866c99590233933231db923f5c7
large,output/notebook3_gnn_encoder/link_prediction/ppi_rat/k10/hybrid/graphsage_edge_s49.emb,4315344,d7a9c81dd2234d4a1e1cbb3cf6b1f2399c6905e37d949f3d0214a47acc86a647
large,output/notebook3_gnn_encoder/link_prediction/ppi_rat/k10/hybrid/graphsage_edge_s50.emb,4314305,40a93d21885a53efb71cebd4b8e1112109f49e0282108fa01133e4d105d878a8
large,output/notebook3_gnn_encoder/link_prediction/ppi_rat/k10/hybrid/graphsage_edge_s51.emb,4307461,099674574d633036fe1890cb33d2fd96fc200aef7ff45c0529cf63b48f8d16f2
large,output/notebook3_gnn_encoder/link_prediction/ppi_rat/k10/hybrid_centrality/graphsage_edge_s42.emb,4323808,9639d897ce7f72c868c3a1f37f0d61872b4140b1f31313fcd11a20f78925da03
large,output/notebook3_gnn_encoder/link_prediction/ppi_rat/k10/hybrid_centrality/graphsage_edge_s43.emb,4326712,b74e48f312247d6426a3e02d5b394a6df21fb41e07fdbb180768e14f213d8f40
large,output/notebook3_gnn_encoder/link_prediction/ppi_rat/k10/hybrid_centrality/graphsage_edge_s44.emb,4320286,a6ef5f9f515ea42137c6027dda46788d22dcc96ad657d3ef9b7636032a26358a
large,output/notebook3_gnn_encoder/link_prediction/ppi_rat/k10/hybrid_centrality/graphsage_edge_s45.emb,4306512,294560ee49a039aefb6d6dd33c7632657e61ca707d712395f940eaa1866d38d5
large,output/notebook3_gnn_encoder/link_prediction/ppi_rat/k10/hybrid_centrality/graphsage_edge_s46.emb,4311218,958e65651a317e5fd7603a3c7145fcbb2f8bc050c0142c2d64bc0633ebfd417f
large,output/notebook3_gnn_encoder/link_prediction/ppi_rat/k10/hybrid_centrality/graphsage_edge_s47.emb,4306495,3061386214be7a65984c564890a16a82ee83e55584100ecf64ccdbfa70598295
large,output/notebook3_gnn_encoder/link_prediction/ppi_rat/k10/hybrid_centrality/graphsage_edge_s48.emb,4329237,9b47da6240eb7e78210cbbfca52bf11e104db030fc5e8bc2e91f37b0d522ca5b
large,output/notebook3_gnn_encoder/link_prediction/ppi_rat/k10/hybrid_centrality/graphsage_edge_s49.emb,4311048,2a979d11e1e768096048a1ea6342ff9c5c20a25de2d3e9def4088267e558718a
large,output/notebook3_gnn_encoder/link_prediction/ppi_rat/k10/hybrid_centrality/graphsage_edge_s50.emb,4309942,1466768328edd87c2cf341d731ab04251c1902d08c3d165a6a5d11e36eceb234
large,output/notebook3_gnn_encoder/link_prediction/ppi_rat/k10/hybrid_centrality/graphsage_edge_s51.emb,4305766,3008e0c2a75e4a24aeb211b075833aa623c6c9dcfa5285e8edc5d5459b1187db
large,output/notebook3_gnn_encoder/link_prediction/ppi_rat/k10/hybrid_degree/graphsage_edge_s42.emb,4330259,65e4443f29471da85d7aec71f5ff1efff9878c30284514c74b0ae6a55dc1d6fc
large,output/notebook3_gnn_encoder/link_prediction/ppi_rat/k10/hybrid_degree/graphsage_edge_s43.emb,4313521,1f472d86096d7bc4d28bdce6db7056e70a9d6f9744acbb5fdd23f270781a7e02
large,output/notebook3_gnn_encoder/link_prediction/ppi_rat/k10/hybrid_degree/graphsage_edge_s44.emb,4323511,c2cdcbc0d2fcb16164996472a2a682fc2602314c9284a9862016598bdb834c00
large,output/notebook3_gnn_encoder/link_prediction/ppi_rat/k10/hybrid_degree/graphsage_edge_s45.emb,4303421,22c5849d504dfed8fa8c703c5804e2e45575897349c281a37e9d15830dc5e4de
large,output/notebook3_gnn_encoder/link_prediction/ppi_rat/k10/hybrid_degree/graphsage_edge_s46.emb,4312569,7daeccb3b15167396a1723b6358476d60e545958cbf7c799d324289a2ec7db41
large,output/notebook3_gnn_encoder/link_prediction/ppi_rat/k10/hybrid_degree/graphsage_edge_s47.emb,4303042,ca9f1e60e7c1f1b5793a9ae94fc9c3d3408fa44563e900ad08f89deae80e9a0e
large,output/notebook3_gnn_encoder/link_prediction/ppi_rat/k10/hybrid_degree/graphsage_edge_s48.emb,4313175,ef5a425d72c1dad279d080534b7d2c035318b59621a7cd377eb488f25b6839fc
large,output/notebook3_gnn_encoder/link_prediction/ppi_rat/k10/hybrid_degree/graphsage_edge_s49.emb,4308370,27d8ef7ce8c088cd22f604e7f5221dd0eb0e3e52d06a55baa17c45bcbcc462c8
large,output/notebook3_gnn_encoder/link_prediction/ppi_rat/k10/hybrid_degree/graphsage_edge_s50.emb,4304565,4f9c4058ff540971e492f25c721a7efd246856ce050377e7c3d09440d04e8aed
large,output/notebook3_gnn_encoder/link_prediction/ppi_rat/k10/hybrid_degree/graphsage_edge_s51.emb,4315575,471d58e7444dd59fd1582f8d685ab7aa132e3129a35fa898daa4df8452b1fbe2
large,output/notebook3_gnn_encoder/link_prediction/ppi_rat/k10/original/graphsage_edge_s42.emb,4327043,d7ebfec8437e665aaf3b2b424f8bbb8971eccba089836b2a5d24648426f867b5
large,output/notebook3_gnn_encoder/link_prediction/ppi_rat/k10/original/graphsage_edge_s43.emb,4338899,12b93996ff4c7e110d1068fabaeac4b862fcd4b10745cb14386ad06dbc32bd33
large,output/notebook3_gnn_encoder/link_prediction/ppi_rat/k10/original/graphsage_edge_s44.emb,4320599,3ea85de222bf0429959a04ba08a860d0330130e62be5df570b14414e6ec326e1
large,output/notebook3_gnn_encoder/link_prediction/ppi_rat/k10/original/graphsage_edge_s45.emb,4299726,f3f723695f731aab722fba8095ccfb57e29ce329871e1162f91a0f9b4720c852
large,output/notebook3_gnn_encoder/link_prediction/ppi_rat/k10/original/graphsage_edge_s46.emb,4305577,fdec8e63901e6d2ec992330ee9527f35ea3fcf0370b92985dbf3f45dbf8afdc3
large,output/notebook3_gnn_encoder/link_prediction/ppi_rat/k10/original/graphsage_edge_s47.emb,4304304,1ca1c6b1877480dbfbdeb976800bac720f0cca7afafa9c85f364fcc64e665eca
large,output/notebook3_gnn_encoder/link_prediction/ppi_rat/k10/original/graphsage_edge_s48.emb,4309300,d2b6052b518ac93f04b871b8a2c6f3878ebd4739235140f11b1106f2538b24c7
large,output/notebook3_gnn_encoder/link_prediction/ppi_rat/k10/original/graphsage_edge_s49.emb,4320709,4a1e6178a63dc6e74c6a9099b51aedf1c8ada693e265ee5510c9b34ae84f3bff
large,output/notebook3_gnn_encoder/link_prediction/ppi_rat/k10/original/graphsage_edge_s50.emb,4309647,42c2512ac8e36e2b5ccf2f9762c9e3c2723bd7c19e57b999581720855e5d53b0
large,output/notebook3_gnn_encoder/link_prediction/ppi_rat/k10/original/graphsage_edge_s51.emb,4291444,e74208670bd1ff6ddb9f86b68dc7038c164ca4c12c42f30f0b90e7f0716f1d1a
large,output/notebook3_gnn_encoder/link_prediction/ppi_rat/k10/psi/graphsage_edge_s42.emb,4310086,60a4299321b572d151fd9e507e6f503a119016593aba2103cfb30bce22e61948
large,output/notebook3_gnn_encoder/link_prediction/ppi_rat/k10/psi/graphsage_edge_s43.emb,4303427,3d308e94fa9705d3284324b118743bcad3aae1e9e3d38fd9681d2a73a7660f20
large,output/notebook3_gnn_encoder/link_prediction/ppi_rat/k10/psi/graphsage_edge_s44.emb,4310561,6ab7f6859c680d2b14714a92f5771a544360968d2dfdd96c62363c22b49d69dc
large,output/notebook3_gnn_encoder/link_prediction/ppi_rat/k10/psi/graphsage_edge_s45.emb,4302818,9bd664a1e151e38329be117f029bd2f71453e9e723318b985475e6bf7f1a08d4
large,output/notebook3_gnn_encoder/link_prediction/ppi_rat/k10/psi/graphsage_edge_s46.emb,4319130,3819c00153a7f39f712b31b106ae01663e99a78d1bd0677dfc2ed291b4550d16
large,output/notebook3_gnn_encoder/link_prediction/ppi_rat/k10/psi/graphsage_edge_s47.emb,4322165,3e603c48eec90320b772d68bf8733028df480ab1b61782aef530cb551a8c01db
large,output/notebook3_gnn_encoder/link_prediction/ppi_rat/k10/psi/graphsage_edge_s48.emb,4315010,ceac7dd6d2963ac46550d9073c6f43d20f416d48aa6b63b725094e50c0c18ca4
large,output/notebook3_gnn_encoder/link_prediction/ppi_rat/k10/psi/graphsage_edge_s49.emb,4296918,c300afc43ceb1cb6c01e557676fb2ff13e0f53df81f43b652afb09265fc7c69d
large,output/notebook3_gnn_encoder/link_prediction/ppi_rat/k10/psi/graphsage_edge_s50.emb,4308408,7eae7a6a061b20ec365e93f720dedd713312a52372199f3fa76b873a522a0240
large,output/notebook3_gnn_encoder/link_prediction/ppi_rat/k10/psi/graphsage_edge_s51.emb,4304134,0dc56a6ca21679439a1338ac799f54cb90460d3947a5f1e4922d7f0e316a3116
large,output/notebook3_gnn_encoder/link_prediction/ppi_rat/k10/psi_lambda/graphsage_edge_s42.emb,4306297,9dde48dedc55c0eeb5146d934bac3db2174cb33b1cce50593dd1e56081199ce2
large,output/notebook3_gnn_encoder/link_prediction/ppi_rat/k10/psi_lambda/graphsage_edge_s43.emb,4302467,51e55cb2a62810d9362e2f96ccb204fa2ea5760ef20b61c4aaa59849714b934c
large,output/notebook3_gnn_encoder/link_prediction/ppi_rat/k10/psi_lambda/graphsage_edge_s44.emb,4302835,d4a155214c1df110db937aea50291f96e112ff0e50b16a6de8a8880f746327f6
large,output/notebook3_gnn_encoder/link_prediction/ppi_rat/k10/psi_pqnorm/graphsage_edge_s42.emb,4315989,03a9f1a3f72456724d342198b884c6a132ed3972442c17ce4d24a8caa944d75b
large,output/notebook3_gnn_encoder/link_prediction/ppi_rat/k10/psi_pqnorm/graphsage_edge_s43.emb,4313580,c8049f8eb3c1d35764e59c5bf1a897d5924ea0dd2e08ca5eaad047d60bcd914f
large,output/notebook3_gnn_encoder/link_prediction/ppi_rat/k10/psi_pqnorm/graphsage_edge_s44.emb,4300426,ec1ac841f59be162bcd2b94cb55452922a7564c430e240bb212f413c52d482a7
large,output/notebook3_gnn_encoder/link_prediction/ppi_rat/k10/psi_shift/graphsage_edge_s42.emb,4303052,3d214c51fc4b8d57ae30331bb3fce2575acf3c558a25c977213c1e08c7e5a307
large,output/notebook3_gnn_encoder/link_prediction/ppi_rat/k10/psi_shift/graphsage_edge_s43.emb,4298392,0ab078ab4650671ed82dea449c3aaab43090284b79b26baa56416ff378508d5f
large,output/notebook3_gnn_encoder/link_prediction/ppi_rat/k10/psi_shift/graphsage_edge_s44.emb,4311292,21ee23b4cb300f7a4005800b5ae7a9f1f6de01d248bb707e3414397a575b78ac
large,output/notebook3_gnn_encoder/link_prediction/ppi_yeast/k10/centrality/graphsage_edge_s42.emb,4462146,eb39c2f3fd04e98b65c0dc58158e29115560ccea799bb3aab6a08355abf6ff15
large,output/notebook3_gnn_encoder/link_prediction/ppi_yeast/k10/centrality/graphsage_edge_s43.emb,4460883,5150f112d3b080922d3da14ba4dfa1844dd1c5f9b1373514e31e6757f5575ed0
large,output/notebook3_gnn_encoder/link_prediction/ppi_yeast/k10/centrality/graphsage_edge_s44.emb,4466581,3cfedee1f02550ae98f05b1137efff6338f6d644a09a9230d73a65063e77ed77
large,output/notebook3_gnn_encoder/link_prediction/ppi_yeast/k10/degree/graphsage_edge_s42.emb,4456416,e20205fbd0cea0ce93984088ff17443ebcd352e5a104bc89f5bb064252a0055e
large,output/notebook3_gnn_encoder/link_prediction/ppi_yeast/k10/degree/graphsage_edge_s43.emb,4466702,c4b012a87cb3ceacb46d599896359df729a3fae83e4f0a87da3469d1a46142c5
large,output/notebook3_gnn_encoder/link_prediction/ppi_yeast/k10/degree/graphsage_edge_s44.emb,4460430,1ff8466d8663eba336cfd1d6775090facc2cd000dc5ae8fe4794ef21f8a73804
large,output/notebook3_gnn_encoder/link_prediction/ppi_yeast/k10/hybrid/graphsage_edge_s42.emb,4459914,4408d60d052beff031d7eb19c1c83cc30b0a7ef640aedf8722eb8b9602446674
large,output/notebook3_gnn_encoder/link_prediction/ppi_yeast/k10/hybrid/graphsage_edge_s43.emb,4459312,e1411512b8e357162774e0ee3539f37a45296f098c80b073b9e54650a95ce525
large,output/notebook3_gnn_encoder/link_prediction/ppi_yeast/k10/hybrid/graphsage_edge_s44.emb,4447531,b19c180cc47f59167908f30ecbfc37fc7edc1630891dfe6fa19d3a9e99b15797
large,output/notebook3_gnn_encoder/link_prediction/ppi_yeast/k10/hybrid_centrality/graphsage_edge_s42.emb,4463092,f75d4981b8902e6f38c23388f73686c3d2e0afc92bbf63a0174b5027ce458d06
large,output/notebook3_gnn_encoder/link_prediction/ppi_yeast/k10/hybrid_centrality/graphsage_edge_s43.emb,4462481,3e8340a844cf5a7b000f644c6b852a27c699d281280bd9e60c5cf3ea82b3096b
large,output/notebook3_gnn_encoder/link_prediction/ppi_yeast/k10/hybrid_centrality/graphsage_edge_s44.emb,4446678,0e600ecc944b20e5f1949041f8eae2b88ea542a03457967644a64ea32f08159a
large,output/notebook3_gnn_encoder/link_prediction/ppi_yeast/k10/hybrid_degree/graphsage_edge_s42.emb,4460067,d4a4004f3f093249f234c0cad0af33bd15ef277f8550c28f4b669be73e563d87
large,output/notebook3_gnn_encoder/link_prediction/ppi_yeast/k10/hybrid_degree/graphsage_edge_s43.emb,4460982,6df070446112b3610685f060525396605b34e4ca6e88058d7e83b3f7ffaf3235
large,output/notebook3_gnn_encoder/link_prediction/ppi_yeast/k10/hybrid_degree/graphsage_edge_s44.emb,4449672,0339c61cc3b418fac31e3849f730033c1a016b83054325289a8bcea193896a3b
large,output/notebook3_gnn_encoder/link_prediction/ppi_yeast/k10/original/graphsage_edge_s42.emb,4456175,65588b25a4aeeea3023fc55d57c2c53520b692dd2127fe4c7722c230fc920ea8
large,output/notebook3_gnn_encoder/link_prediction/ppi_yeast/k10/original/graphsage_edge_s43.emb,4473936,ddfc7aa25a31bfa6adab1772c7ee29cac76cae99752729e6c74536b11a3821e0
large,output/notebook3_gnn_encoder/link_prediction/ppi_yeast/k10/original/graphsage_edge_s44.emb,4452649,e2121775d68ebef79da1820ef7d08bb953f938fb05a6838ff1fa0c0caa895391
large,output/notebook3_gnn_encoder/link_prediction/ppi_yeast/k10/psi/graphsage_edge_s42.emb,4454299,4206da0d45e3756453c606559fe8a7785ac0fef03a75f453c60872386627e186
large,output/notebook3_gnn_encoder/link_prediction/ppi_yeast/k10/psi/graphsage_edge_s43.emb,4466829,fd97d5a80c508ef9a3f81c2470cd042bec2c274b6ac3164936460dce3773b0ff
large,output/notebook3_gnn_encoder/link_prediction/ppi_yeast/k10/psi/graphsage_edge_s44.emb,4453083,638b4ba4c8ee8fca21b676596d91f5d0a3914f956fe4d8d65d4a5376a19f83fd
large,output/notebook3_gnn_encoder/link_prediction/proteins/k10/centrality/gatv2_edge_s42.emb,26725350,1385d41a27c9684fba430e85e2bf4f809e433dccd2c57ab7fd96fdc050bc7364
large,output/notebook3_gnn_encoder/link_prediction/proteins/k10/centrality/gatv2_edge_s43.emb,26714108,95d22452f41f7997b2f5446abcff2fd25bb2b2281780c7b1ee01110dcfca5a30
large,output/notebook3_gnn_encoder/link_prediction/proteins/k10/centrality/gatv2_edge_s44.emb,26699618,1e87f46d3e8069e33da9d0a9be878d184327813827a160e5c06d313af01d4680
large,output/notebook3_gnn_encoder/link_prediction/proteins/k10/centrality/graphsage_edge_s42.emb,26691369,bc15d8f2e60fe671ccbb6eeabdcfcc708b37f831d3f3ec6f23f48ebafcb480f3
large,output/notebook3_gnn_encoder/link_prediction/proteins/k10/centrality/graphsage_edge_s43.emb,26717290,84d1d9a11755360abd6d707fddd7ac490ad4ab3e78b59505cd938478aea7b8db
large,output/notebook3_gnn_encoder/link_prediction/proteins/k10/centrality/graphsage_edge_s44.emb,26659955,c775df56efca69fdaa554dddbb6e8de586e39b15b14a5b99351252e60dbc2033
large,output/notebook3_gnn_encoder/link_prediction/proteins/k10/centrality/graphsage_edge_s45.emb,26695210,7d1232227f3785455ef81f45bd96880d4bb91c24cb39b81fec4de9b2bda907c9
large,output/notebook3_gnn_encoder/link_prediction/proteins/k10/centrality/graphsage_edge_s46.emb,26702459,fe9a006983c291f00a683662b16cd5fc074c4f5468738faa134984fc0df453e9
large,output/notebook3_gnn_encoder/link_prediction/proteins/k10/centrality/graphsage_edge_s47.emb,26717142,c80d3ecdbb69a520ef26017f7047028ea9aade3ce1399be56f891faed7ce0dcd
large,output/notebook3_gnn_encoder/link_prediction/proteins/k10/centrality/graphsage_edge_s48.emb,26697212,6408a12fcd420fa9c871852251bf644e47ac84aa9ca84c63ce77fdae62a9964b
large,output/notebook3_gnn_encoder/link_prediction/proteins/k10/centrality/graphsage_edge_s49.emb,26706110,4adcad6dab85dd196323aa2a59c61726d384ad3a5024f0a5fd84ed71d7185f64
large,output/notebook3_gnn_encoder/link_prediction/proteins/k10/centrality/graphsage_edge_s50.emb,26677610,e19ffdbb674a6a8c8c61c23459efd4ea886af66d36168707e89c7cd55158aa3a
large,output/notebook3_gnn_encoder/link_prediction/proteins/k10/centrality/graphsage_edge_s51.emb,26704762,e8aea3fbcb1ea5c53a5da8173b569b7ea11640d703f8f6048ecc6c30cffeddda
large,output/notebook3_gnn_encoder/link_prediction/proteins/k10/degree/gatv2_edge_s42.emb,26744709,e08a2ba273217bec7c9c3624b0cf5090a48b3bb5ecf27d65e724cc31ad1ef72d
large,output/notebook3_gnn_encoder/link_prediction/proteins/k10/degree/gatv2_edge_s43.emb,26745015,5eaa261b26ca3640451797bb9d1464fd6b85edd31c260ad9e92041c5aa76524e
large,output/notebook3_gnn_encoder/link_prediction/proteins/k10/degree/gatv2_edge_s44.emb,26613136,f3b177191439f93db8bf0f7dca9df4e2cdb118691267679ef11724af2ca57900
large,output/notebook3_gnn_encoder/link_prediction/proteins/k10/degree/graphsage_edge_s42.emb,26687953,d1c48516cbbcec6bb58f26f5c996add110a8615fdceec9632c0cca57ec19846a
large,output/notebook3_gnn_encoder/link_prediction/proteins/k10/degree/graphsage_edge_s43.emb,26687166,8f55f30d29386d645ba220ca21476cd96d77f0f92b50c68dea6d9c7cd17a7f52
large,output/notebook3_gnn_encoder/link_prediction/proteins/k10/degree/graphsage_edge_s44.emb,26708715,5992be4958750fb5ad26076ddd4f04530b5eefe155cd03c11459640d73ef6d4f
large,output/notebook3_gnn_encoder/link_prediction/proteins/k10/degree/graphsage_edge_s45.emb,26665465,912269d2bc3bf223030ed754e6a8f4e518240ce6f39f2513e41205a2446eb701
large,output/notebook3_gnn_encoder/link_prediction/proteins/k10/degree/graphsage_edge_s46.emb,26677060,fc5de99aee2378e14fdddeda8c5b6a6e9a07cf349502bddf7ca06728ddb375da
large,output/notebook3_gnn_encoder/link_prediction/proteins/k10/degree/graphsage_edge_s47.emb,26691539,25126fcb46ff2c7fe4f784d4bda871341c5a53d7c9be288f065d99e1d726dbc6
large,output/notebook3_gnn_encoder/link_prediction/proteins/k10/degree/graphsage_edge_s48.emb,26679401,294871ce0c83036d999f4d939c5b7bee81fb0872fd14ea7d3c3fa86f0761d678
large,output/notebook3_gnn_encoder/link_prediction/proteins/k10/degree/graphsage_edge_s49.emb,26663870,77f82ddd8768db44bba2c2fadf1bb5582a2b2d73188bab913ab1b382e036d843
large,output/notebook3_gnn_encoder/link_prediction/proteins/k10/degree/graphsage_edge_s50.emb,26679320,bd1883045d08d3cb63ceaa6ec34728fe8cc3e95e27bb2af20caba1c2241b820d
large,output/notebook3_gnn_encoder/link_prediction/proteins/k10/degree/graphsage_edge_s51.emb,26613290,292b1c15996bb6fa9f36742352270a8721d0667078e3b57b3ac745277eb63c41
large,output/notebook3_gnn_encoder/link_prediction/proteins/k10/hybrid/gatv2_edge_s42.emb,26614228,95bc98c5249faf520b079700c15484b0cc51e6b3e16b70f28249ada82be1fa81
large,output/notebook3_gnn_encoder/link_prediction/proteins/k10/hybrid/gatv2_edge_s43.emb,26769537,cb426ca1fcd2ab5952aa1565d3c796f3196ffd9e8031e813f7075f1a6bbaea66
large,output/notebook3_gnn_encoder/link_prediction/proteins/k10/hybrid/gatv2_edge_s44.emb,26812578,383bfbed67d6c3508ae8856f323102a03e0b00a19a7050d12933d3796977dbc6
large,output/notebook3_gnn_encoder/link_prediction/proteins/k10/hybrid/graphsage_edge_s42.emb,26695355,c897e439a569be45451d33988118d5a2fce7f551c6b15dd1e6b083a0c0f46467
large,output/notebook3_gnn_encoder/link_prediction/proteins/k10/hybrid/graphsage_edge_s43.emb,26672194,9ccb2d7381c27072fb7230663c1467ec28c60a5b1d43a0f618a90c1a4bcd6600
large,output/notebook3_gnn_encoder/link_prediction/proteins/k10/hybrid/graphsage_edge_s44.emb,26684653,b4c4e5396b5ff1b983cc581ebc1001feb7b09ee68f4353edb9b03a37f5c9f77b
large,output/notebook3_gnn_encoder/link_prediction/proteins/k10/hybrid/graphsage_edge_s45.emb,26714989,88c51a2e455ef0577410caf9643b72f6d5605536615446c1d1c16eb025d2c2bf
large,output/notebook3_gnn_encoder/link_prediction/proteins/k10/hybrid/graphsage_edge_s46.emb,26686228,1d4ccc1bcefc86c89b1b937399ea3c208a0c7b677f14e710595acbb9cfb6c4c2
large,output/notebook3_gnn_encoder/link_prediction/proteins/k10/hybrid/graphsage_edge_s47.emb,26680125,9e0c00439ff2f27dca6c5f6ea1c5ef3177dbb5b46a9bbe1adb07d3becbf495ac
large,output/notebook3_gnn_encoder/link_prediction/proteins/k10/hybrid/graphsage_edge_s48.emb,26673252,f6d5a07e5d2b0c44ebe00f13c1670f579d8fb59a01313ea2f59e89ef8a97bda9
large,output/notebook3_gnn_encoder/link_prediction/proteins/k10/hybrid/graphsage_edge_s49.emb,26670602,627f093f5e7622ac3dd04b4e5c501183e11afa58f4549b43c8ddccd87cbfe344
large,output/notebook3_gnn_encoder/link_prediction/proteins/k10/hybrid/graphsage_edge_s50.emb,26701804,beb2eeb45dee9578aab7689aec22f2acddea11a90621fffc9835e7c89e045d5d
large,output/notebook3_gnn_encoder/link_prediction/proteins/k10/hybrid/graphsage_edge_s51.emb,26704119,ec4cd4372e8014737899c2da24bc53df907541cd140edb473a0d6c65041f6abc
large,output/notebook3_gnn_encoder/link_prediction/proteins/k10/hybrid_centrality/gatv2_edge_s42.emb,26694372,8fc409e5cc0f8daa82230f6a5e4c2bf7ebed12a7bb63f5af2adc664316c51566
large,output/notebook3_gnn_encoder/link_prediction/proteins/k10/hybrid_centrality/gatv2_edge_s43.emb,26728049,ca4359bbfc5bf6d598cc59735100318b5416100e99c71590c81d4d3bab185273
large,output/notebook3_gnn_encoder/link_prediction/proteins/k10/hybrid_centrality/gatv2_edge_s44.emb,26710062,6dddcdc56b8b26896fde96fcc5a27fa7a1e8c375f8d31472e5390302a2ee85e6
large,output/notebook3_gnn_encoder/link_prediction/proteins/k10/hybrid_centrality/graphsage_edge_s42.emb,26706099,2561ba585175e0028b21e03dbce3b6e960572afb13e2a1e4c2b36083f26a84ca
large,output/notebook3_gnn_encoder/link_prediction/proteins/k10/hybrid_centrality/graphsage_edge_s43.emb,26720744,868be2088d7793886064fb95c98eb49c6c5535d96b15fb0505269cc7adb7f9a1
large,output/notebook3_gnn_encoder/link_prediction/proteins/k10/hybrid_centrality/graphsage_edge_s44.emb,26696412,1409ff62620a23bc941da6eff05b68ec9a1144fca565b58ddc8193393b84cbd6
large,output/notebook3_gnn_encoder/link_prediction/proteins/k10/hybrid_centrality/graphsage_edge_s45.emb,26701680,28fb9318122ad31ed0b053d41cac7740b4e542923ee995b4d1ca16b0bf8c4478
large,output/notebook3_gnn_encoder/link_prediction/proteins/k10/hybrid_centrality/graphsage_edge_s46.emb,26680595,fdb75437c4e4ac1cecb35afcd8b1290b47bfe7853b4d55e02629336dd7dd839c
large,output/notebook3_gnn_encoder/link_prediction/proteins/k10/hybrid_centrality/graphsage_edge_s47.emb,26712701,540e579604a9a4c918cc471db3a037703585819d634c3a1fa7e87be3db4e3184
large,output/notebook3_gnn_encoder/link_prediction/proteins/k10/hybrid_centrality/graphsage_edge_s48.emb,26696252,cc72107f9d7c2805756d28bce690b7e0fd68409a7a3ac4f5200473befffce368
large,output/notebook3_gnn_encoder/link_prediction/proteins/k10/hybrid_centrality/graphsage_edge_s49.emb,26701252,21041a277e628480ef8193c4a40ecda421d4129083fc986be094729885bcb907
large,output/notebook3_gnn_encoder/link_prediction/proteins/k10/hybrid_centrality/graphsage_edge_s50.emb,26678119,ee327b385a9df1da3fcb8e23776e890b6307e7f28f60cefa6aca02a400379112
large,output/notebook3_gnn_encoder/link_prediction/proteins/k10/hybrid_centrality/graphsage_edge_s51.emb,26714081,eba347b768520ecbe4dc91039b67febfc3841db6887a95171ea18af803a2d6d7
large,output/notebook3_gnn_encoder/link_prediction/proteins/k10/hybrid_degree/gatv2_edge_s42.emb,26697081,1c62c51c0d3b679604051934997619e1b032a3d342cacaed673898b40abf510d
large,output/notebook3_gnn_encoder/link_prediction/proteins/k10/hybrid_degree/gatv2_edge_s43.emb,26685822,52b5f3520a29b012498691dd5b06ab26c89a326331f342451d1f5dcedffbda2d
large,output/notebook3_gnn_encoder/link_prediction/proteins/k10/hybrid_degree/gatv2_edge_s44.emb,26654079,249108eb2b21819a724f0878a983cd68be0b158248b77e17343d9d4eb270df74
large,output/notebook3_gnn_encoder/link_prediction/proteins/k10/hybrid_degree/graphsage_edge_s42.emb,26674264,17913cc756ebb470b6c8954cd97694881e157f90049cf33dfe566fc287858e57
large,output/notebook3_gnn_encoder/link_prediction/proteins/k10/hybrid_degree/graphsage_edge_s43.emb,26674492,f428e513f068795ab6f907eebafb9546073e575ae8858d0ee213c423366ffa44
large,output/notebook3_gnn_encoder/link_prediction/proteins/k10/hybrid_degree/graphsage_edge_s44.emb,26732029,7e18d2bfb02d1f7f4bcaf926a113769a34d993ffda7bd8b25da01b32ed761034
large,output/notebook3_gnn_encoder/link_prediction/proteins/k10/hybrid_degree/graphsage_edge_s45.emb,26663420,15b53332a4f7c7ae70912261570e6371bab16e2c03c31fd05e747d7848b1bd58
large,output/notebook3_gnn_encoder/link_prediction/proteins/k10/hybrid_degree/graphsage_edge_s46.emb,26686788,0d4a469bbd63e01617d0140209cfdb906c43d57ab6a940521ec774a63ced1966
large,output/notebook3_gnn_encoder/link_prediction/proteins/k10/hybrid_degree/graphsage_edge_s47.emb,26665172,7e8bce54552ac15585c979b9c0f39be97cad925f98c95b1429db3016187c758b
large,output/notebook3_gnn_encoder/link_prediction/proteins/k10/hybrid_degree/graphsage_edge_s48.emb,26684980,7ff90c57c9dcc8d629c0d0ca62778fb26f605c351449dcafbd8054e3209ea231
large,output/notebook3_gnn_encoder/link_prediction/proteins/k10/hybrid_degree/graphsage_edge_s49.emb,26655101,ee6e80bd5af735fdecc5e1746371aaf32555790008f363f05e00421b663aacbd
large,output/notebook3_gnn_encoder/link_prediction/proteins/k10/hybrid_degree/graphsage_edge_s50.emb,26645487,179621f44cc1110beb336d3f25f2d31f358179e4d3be4d440a9526638841e464
large,output/notebook3_gnn_encoder/link_prediction/proteins/k10/hybrid_degree/graphsage_edge_s51.emb,26582101,d60de169762ce080ba8630ff94dbb8175576ecb293cf52d132b66a885c24f48d
large,output/notebook3_gnn_encoder/link_prediction/proteins/k10/original/gatv2_edge_s42.emb,26680303,8d580b6751671ffb1d3e81bd6424bc8c1481e42f87b1dfd1d59eaf466b679714
large,output/notebook3_gnn_encoder/link_prediction/proteins/k10/original/gatv2_edge_s43.emb,26695679,e2316864c7a096a5c616b53dad1aaa894311826273578fd971e3c091288f2e27
large,output/notebook3_gnn_encoder/link_prediction/proteins/k10/original/gatv2_edge_s44.emb,26717581,adea7316598194a70ec656ece65d0e03d71c50b421f02c9dec46c1d43a5ef685
large,output/notebook3_gnn_encoder/link_prediction/proteins/k10/original/graphsage_edge_s42.emb,26669984,13ddb8b6bf00cbb4f25c53629caecabdbefb63929e372fd0f77621d64e7f3fa6
large,output/notebook3_gnn_encoder/link_prediction/proteins/k10/original/graphsage_edge_s43.emb,26677566,bc6b3e0c36bade8c428601d2f985ffc0cf1040b763e92e0fc6f677c2dadb88e5
large,output/notebook3_gnn_encoder/link_prediction/proteins/k10/original/graphsage_edge_s44.emb,26693741,36e1c41a073eff48caacbf250e5704b9d69146cce2a77f37bbf60c70a1a94de3
large,output/notebook3_gnn_encoder/link_prediction/proteins/k10/original/graphsage_edge_s45.emb,26668247,4ff5e2781c2d2a1a407a501ecc31fca95a5278470b68f3134a389c31b1d615b1
large,output/notebook3_gnn_encoder/link_prediction/proteins/k10/original/graphsage_edge_s46.emb,26674588,b33534b6ca4bc9c29515266cb934bd391d359571719dee2fa794bb0beae4382a
large,output/notebook3_gnn_encoder/link_prediction/proteins/k10/original/graphsage_edge_s47.emb,26705024,c14b058ea908cd35a5a26e3a3667be3a54df86bdc18fad255558f87d2aa2980d
large,output/notebook3_gnn_encoder/link_prediction/proteins/k10/original/graphsage_edge_s48.emb,26704739,be0bd4a899be12f515a750443da2c873e134fadb4a43bc11d30eaf6f2a9d8c00
large,output/notebook3_gnn_encoder/link_prediction/proteins/k10/original/graphsage_edge_s49.emb,26676145,9fb3a0e4838204c9f23b0ba7dabd071c06554b9a94a3088b37afc99e8bc59370
large,output/notebook3_gnn_encoder/link_prediction/proteins/k10/original/graphsage_edge_s50.emb,26690130,1fbc5ccc381915f956f39e10bdf4c76ea3dc256e5fcf5b299b2d8d686581f91b
large,output/notebook3_gnn_encoder/link_prediction/proteins/k10/original/graphsage_edge_s51.emb,26683009,542a1423d13afc09e0d4ff52dac57a81e557acf7ca0aa9dff8b73dca5ec5f70d
large,output/notebook3_gnn_encoder/link_prediction/proteins/k10/psi/features_only_s42.emb,1906794,7352d8f84bbf22d8268840991e05d272e874758c73714769600b90027643ce6a
large,output/notebook3_gnn_encoder/link_prediction/proteins/k10/psi/features_only_s43.emb,1906697,52995a980d1213d78445e9cfaa71d7f036c647ff51e77a1e4bf0306a6a7892a4
large,output/notebook3_gnn_encoder/link_prediction/proteins/k10/psi/features_only_s44.emb,1906810,0253a53e3273fa79ed2c18d8b6642a1a8622800c9847281c62f290c59b37c87c
large,output/notebook3_gnn_encoder/link_prediction/proteins/k10/psi/gatv2_edge_s42.emb,26664315,86fac55a79937d950fbcd4e22c1af3352bf0990311523012c7446427eb91fad0
large,output/notebook3_gnn_encoder/link_prediction/proteins/k10/psi/gatv2_edge_s43.emb,26733344,78656e950f5a138aceaf68bb2abdc855c79895cac3e56d5b25fe8335d39e216e
large,output/notebook3_gnn_encoder/link_prediction/proteins/k10/psi/gatv2_edge_s44.emb,26786020,99ea5430715792257e7d1143cb6ba88fefe45c36ef6124e235dd6efb3cd25825
large,output/notebook3_gnn_encoder/link_prediction/proteins/k10/psi/graphsage_edge_feat_centrality_s42.emb,26780676,32738f794181ae77cb22088b24c4a8837c255d39229da2e4f206d3efe2e9f9d5
large,output/notebook3_gnn_encoder/link_prediction/proteins/k10/psi/graphsage_edge_feat_centrality_s43.emb,26604469,62063fd7da6a114cf5f4bb8fddaf70102ec738749ec4508e78aba9fde4cb79b6
large,output/notebook3_gnn_encoder/link_prediction/proteins/k10/psi/graphsage_edge_feat_centrality_s44.emb,26699818,65cb13998d26914ca1c76fb23904b3562da17544049bd24eeeb795a43b5e8342
large,output/notebook3_gnn_encoder/link_prediction/proteins/k10/psi/graphsage_edge_feat_clustering_s42.emb,26792401,16c2874cc5fed3f866395b63b45d5b193284ace66f54f7cf61ed2effa6be9cb0
large,output/notebook3_gnn_encoder/link_prediction/proteins/k10/psi/graphsage_edge_feat_clustering_s43.emb,26734648,1c08ff57ad90e27d9cee5716190feadbc0724fae810ae3a9bbc36f7a5e6cef40
large,output/notebook3_gnn_encoder/link_prediction/proteins/k10/psi/graphsage_edge_feat_clustering_s44.emb,26646008,ef5cd36579aa2a01ba5e494f51b1e66ea31dce0c9c847aff560c999ab5573f8c
large,output/notebook3_gnn_encoder/link_prediction/proteins/k10/psi/graphsage_edge_feat_const_s42.emb,26503163,45b2fb79e98e24dbbce2761ccf358222df364ff03ebdf0d63d3c9b99a81d30e6
large,output/notebook3_gnn_encoder/link_prediction/proteins/k10/psi/graphsage_edge_feat_const_s43.emb,26503163,d823df2ed3ac24f03dd7655f4b6082576cb781acba685cf0c17791fab883e433
large,output/notebook3_gnn_encoder/link_prediction/proteins/k10/psi/graphsage_edge_feat_const_s44.emb,26894357,230346f712b79a690356f6dd13cb5ae0b00bd04280c64bed94732e62c59c0ec9
large,output/notebook3_gnn_encoder/link_prediction/proteins/k10/psi/graphsage_edge_feat_deg_cent_s42.emb,26661991,f34ef6428130b71c23929f833913928a3c2234e7c10a3159bf92f3c9834bf7ce
large,output/notebook3_gnn_encoder/link_prediction/proteins/k10/psi/graphsage_edge_feat_deg_cent_s43.emb,26731892,ab5da42ed4c377a2a5ed72c5218e5506212552a3f43b74f16f1b75f5fe2d267f
large,output/notebook3_gnn_encoder/link_prediction/proteins/k10/psi/graphsage_edge_feat_deg_cent_s44.emb,26710626,0f06cb000cdcea7413ee60a69f0f87ee5e973560b92fd1ca6655bf7af3519476
large,output/notebook3_gnn_encoder/link_prediction/proteins/k10/psi/graphsage_edge_feat_degree_s42.emb,26725882,5dc3d3231b4446265df2643c9197592125c7ce739ee5828c2bea68114453ca7a
large,output/notebook3_gnn_encoder/link_prediction/proteins/k10/psi/graphsage_edge_feat_degree_s43.emb,26625956,9a53d1b53f4d1490e40262aea427d4baed4987ba080b09e7b1e84be243f631c7
large,output/notebook3_gnn_encoder/link_prediction/proteins/k10/psi/graphsage_edge_feat_degree_s44.emb,26738453,53e4e7956017e4ee23dc5061d8f1c092835157bc7a2bfae3bd4c8da0f32ad802
large,output/notebook3_gnn_encoder/link_prediction/proteins/k10/psi/graphsage_edge_feat_psi_s42.emb,26717777,17009d75f30525137658fb31aeb7abc7643cde8215ab66313ddb9a0e39776713
large,output/notebook3_gnn_encoder/link_prediction/proteins/k10/psi/graphsage_edge_feat_psi_s43.emb,26546511,f332b89a0c0b64ec138c981421eff7e111a4dbe842cdbca9d24a15c8d7f5d9f9
large,output/notebook3_gnn_encoder/link_prediction/proteins/k10/psi/graphsage_edge_feat_psi_s44.emb,26561358,a97f33a559efa6010d02eb57bb77aa0ae6b66664755e2868589f875b099b5cc7
large,output/notebook3_gnn_encoder/link_prediction/proteins/k10/psi/graphsage_edge_feat_random_s42.emb,26667036,4af1b4c56ed74c6822b428882597e44ce7b17c7d7ce90ebefc1ebdeba6f9b62f
large,output/notebook3_gnn_encoder/link_prediction/proteins/k10/psi/graphsage_edge_feat_random_s43.emb,26666010,a54fd0d31b1bdacc0d6f1683e549a59396ea1cdb0409dc26ce5cd099c29e8c02
large,output/notebook3_gnn_encoder/link_prediction/proteins/k10/psi/graphsage_edge_feat_random_s44.emb,26677070,76581b36889073e334d696b42ec649cdd7881b3182d286bdc0c730f00de9d947
large,output/notebook3_gnn_encoder/link_prediction/proteins/k10/psi/graphsage_edge_s42.emb,26699411,f32475aa923f57d05493aa4ad9c80bd6e8cee721a19196dbe512c31624d1f85a
large,output/notebook3_gnn_encoder/link_prediction/proteins/k10/psi/graphsage_edge_s43.emb,26653368,fa7701a9c32a55a8415e253f037e600d319747d15225da6e855cb2f21b72a6b9
large,output/notebook3_gnn_encoder/link_prediction/proteins/k10/psi/graphsage_edge_s44.emb,26691212,68d5b6030629d29e001af2c0efa6213bde1420a322cf752d2885379c086c6723
large,output/notebook3_gnn_encoder/link_prediction/proteins/k10/psi/graphsage_edge_s45.emb,26715221,8dffe018e31d1047ffa2edebe5b4b9523037898f516ff24ac5bcc71a24b21b61
large,output/notebook3_gnn_encoder/link_prediction/proteins/k10/psi/graphsage_edge_s46.emb,26688253,9be75353375da7ae82e9a7f3cf560ddb6c2b1704fa0b923bfb074795fe26d936
large,output/notebook3_gnn_encoder/link_prediction/proteins/k10/psi/graphsage_edge_s47.emb,26673820,8fd60eaabd31f9fe517e90c8c3d21a45f6a236fc0f6c49e4126569a922a59a83
large,output/notebook3_gnn_encoder/link_prediction/proteins/k10/psi/graphsage_edge_s48.emb,26652475,f3b224b5e36eac684fdee2acbac72be772de88bee4192a9b742fc16e9ef326e0
large,output/notebook3_gnn_encoder/link_prediction/proteins/k10/psi/graphsage_edge_s49.emb,26670754,5ecd4dc7fc06f4e05e473a423c29fa28e11133772282c6a533c8dcd2f92165e7
large,output/notebook3_gnn_encoder/link_prediction/proteins/k10/psi/graphsage_edge_s50.emb,26689254,7f8e0dbeec7a3fbf61b7fb14a65df591f23ee73f0990b7a3fd719ff06aff7ced
large,output/notebook3_gnn_encoder/link_prediction/proteins/k10/psi/graphsage_edge_s51.emb,26694237,a8c164ecd63b123408108e21f58f359de5cd0e6dce1ca735ea32b30f3f25939d
large,output/notebook3_gnn_encoder/link_prediction/proteins/k10/psi_pqnorm/graphsage_edge_s42.emb,26673071,5852de9842567b88309fff04c09a38d609dcf34cf4829afa738f13f5bf8ba414
large,output/notebook3_gnn_encoder/link_prediction/proteins/k10/psi_pqnorm/graphsage_edge_s43.emb,26690671,690b443c949ecf98acaff4abce0207d8db1b25ce1de31e8a97f280f48fd1b460
large,output/notebook3_gnn_encoder/link_prediction/proteins/k10/psi_pqnorm/graphsage_edge_s44.emb,26672140,dab09d2baacd5ab62a4369b326650579f53eccdc1260f7c46123294e1a609f53
large,output/notebook3_gnn_encoder/link_prediction/proteins/k10/psi_shift/graphsage_edge_s42.emb,26668512,6540b098847b67c67417db44995cc6784e0d6bb65fb9b65743fb4f533cb3f64f
large,output/notebook3_gnn_encoder/link_prediction/proteins/k10/psi_shift/graphsage_edge_s43.emb,26663054,7055e526dd7287f00e36724049940bc71636d79168d8591412b979f5e4e2143b
large,output/notebook3_gnn_encoder/link_prediction/proteins/k10/psi_shift/graphsage_edge_s44.emb,26651139,105583c457084e5976483de5dfeb0b3336b555d1488c8f69d99f9c64869c29b7
large,output/notebook3_gnn_encoder/link_prediction/pubmed/k10/centrality/gatv2_edge_s42.emb,12106732,3665a17e7258b20fcabec3700bb64c9d333a5c31c9ebe41f8cfeb83f4db20b17
large,output/notebook3_gnn_encoder/link_prediction/pubmed/k10/centrality/gatv2_edge_s43.emb,12079553,4300b128dc12e0d8de2692efb35d67c35cacb0e822285ac048c95320c282735e
large,output/notebook3_gnn_encoder/link_prediction/pubmed/k10/centrality/gatv2_edge_s44.emb,12103579,6957448a14290ef23d12e23a4e206c04e565c24e0351dfd2f51a31966a5e6342
large,output/notebook3_gnn_encoder/link_prediction/pubmed/k10/centrality/graphsage_edge_s42.emb,12112959,b694b9982498a1a9f30d8b3773d7f3d7224b2f61a925745498292a035913db26
large,output/notebook3_gnn_encoder/link_prediction/pubmed/k10/centrality/graphsage_edge_s43.emb,12101034,4fe8fd498912a7c9eb059b7bb6db8e77c93aa910777965053259eae3c1da8f7c
large,output/notebook3_gnn_encoder/link_prediction/pubmed/k10/centrality/graphsage_edge_s44.emb,12076167,ae8ca0706eee3c034804ad43fb322472ee7dd3d59e1ff85932da2683441cc65f
large,output/notebook3_gnn_encoder/link_prediction/pubmed/k10/centrality/graphsage_edge_s45.emb,12051897,82f73dbf2fd7255895d5b21bb057ec8789acd617d015d4fa8f9f4205a4f1ae26
large,output/notebook3_gnn_encoder/link_prediction/pubmed/k10/centrality/graphsage_edge_s46.emb,12111862,22fc9857ed519aced036496c9f85b37ceac6ee39dec7d92031ef26f746f63f14
large,output/notebook3_gnn_encoder/link_prediction/pubmed/k10/centrality/graphsage_edge_s47.emb,12155064,d2157b6ef7e9356124b6b762818ede345ff7f3b725e07f90cac32e33128974cf
large,output/notebook3_gnn_encoder/link_prediction/pubmed/k10/centrality/graphsage_edge_s48.emb,12114503,461cd3d935b65abb27fc230caa4c5467a9f55ccc4c7c9449a1495850c56ced8b
large,output/notebook3_gnn_encoder/link_prediction/pubmed/k10/centrality/graphsage_edge_s49.emb,12072868,c704110568aa3275389cdac879c19ce548e0bf64b54ff7eb07fa6a7910b7807c
large,output/notebook3_gnn_encoder/link_prediction/pubmed/k10/centrality/graphsage_edge_s50.emb,12086459,9b0c61941515b99451fceebe0f24295a5f6aeebceadcc3b319fc1c32e7d23c91
large,output/notebook3_gnn_encoder/link_prediction/pubmed/k10/centrality/graphsage_edge_s51.emb,12066387,eaa10c1c20d207df9b80f617b0bf5dbfd582d682886307d7daf9c787dd0b999f
large,output/notebook3_gnn_encoder/link_prediction/pubmed/k10/degree/gatv2_edge_s42.emb,12120167,b704e78378615b8072565b227f33d08bcd85fc5475a02af911631ad8861fb4ad
large,output/notebook3_gnn_encoder/link_prediction/pubmed/k10/degree/gatv2_edge_s43.emb,12060953,809bbbe0f7f5e4e51a342bdcd5961dbb58268f0b8dc7f14096d1d4f21e437d20
large,output/notebook3_gnn_encoder/link_prediction/pubmed/k10/degree/gatv2_edge_s44.emb,12116154,1b6a1a30665633fc63e5939ccef599b98fb139c70703226c7db9cbfdb45512fd
large,output/notebook3_gnn_encoder/link_prediction/pubmed/k10/degree/graphsage_edge_s42.emb,12084519,6ea0d98b4a8ac88efb9b2bf5a6189e6e7abaa3d0ebe44c443a799400dc1a3631
large,output/notebook3_gnn_encoder/link_prediction/pubmed/k10/degree/graphsage_edge_s43.emb,12089254,b4ab66896f9b377a983a7913eaf5f5a86824b7d66173779d0da621ce157e4d1d
large,output/notebook3_gnn_encoder/link_prediction/pubmed/k10/degree/graphsage_edge_s44.emb,12144108,cec4f29de314e948e4e8eaba5639f2cd048c07c4fd30cf34396867c2586a75b2
large,output/notebook3_gnn_encoder/link_prediction/pubmed/k10/degree/graphsage_edge_s45.emb,12092046,d34f0ce6d74c517adb9c846ef4d53c80758346045e1d7de4bf1348d88742a04a
large,output/notebook3_gnn_encoder/link_prediction/pubmed/k10/degree/graphsage_edge_s46.emb,12119290,02ab24150653a6df5396283965d7f178db54506b71b1cf4ddbcf848b1aa1aca2
large,output/notebook3_gnn_encoder/link_prediction/pubmed/k10/degree/graphsage_edge_s47.emb,12135017,7259df855e701bf3bc2c8bb28f0c9003c8fce0c35fe381d2d8cd83879cc2349d
large,output/notebook3_gnn_encoder/link_prediction/pubmed/k10/degree/graphsage_edge_s48.emb,12080990,71d1f3c1a2f56e24bbba3f341121739a7823712482b6e44f81417b025ba7cf85
large,output/notebook3_gnn_encoder/link_prediction/pubmed/k10/degree/graphsage_edge_s49.emb,12068960,a9f1353a725fcdba48fddbb0f6af3a488c935211925627605784c8b23ab7ca00
large,output/notebook3_gnn_encoder/link_prediction/pubmed/k10/degree/graphsage_edge_s50.emb,12077238,a574fed1adfe7730040dff6681e4ddef105b40b20b30912cc919ff269fc4e047
large,output/notebook3_gnn_encoder/link_prediction/pubmed/k10/degree/graphsage_edge_s51.emb,12110022,894703e57eb6f82a4d9ef9071459d646f88fdf053170d002cee4c312e5c2d975
large,output/notebook3_gnn_encoder/link_prediction/pubmed/k10/hybrid/gatv2_edge_s42.emb,12117449,201a185eac6728e1b64c685aaffe095d78b6ae201ed49b3dae814005e0b3e464
large,output/notebook3_gnn_encoder/link_prediction/pubmed/k10/hybrid/gatv2_edge_s43.emb,12067134,201882358779e647566e9550f3ea245e3828208acf78a3d1a158152a674e8cb2
large,output/notebook3_gnn_encoder/link_prediction/pubmed/k10/hybrid/gatv2_edge_s44.emb,12074804,358403e07fef7ffb941c1d970c492a492e1247dcddadaec5ac0f1e1be9cebda9
large,output/notebook3_gnn_encoder/link_prediction/pubmed/k10/hybrid/graphsage_edge_s42.emb,12075780,ea90dbcd57ba0c75635c9435c0933fbfc997c653807ffecc455688ba06b92378
large,output/notebook3_gnn_encoder/link_prediction/pubmed/k10/hybrid/graphsage_edge_s43.emb,12134775,85ba410aecf7851595d969b0de2af3da6327997bd60fc62b601b01ace0f079ab
large,output/notebook3_gnn_encoder/link_prediction/pubmed/k10/hybrid/graphsage_edge_s44.emb,12066612,dc5f11ab5cc434cbf917bba97a0cbde5dbe885de69fc8a353493a86de5832951
large,output/notebook3_gnn_encoder/link_prediction/pubmed/k10/hybrid/graphsage_edge_s45.emb,12055823,b9f01c10bda7a711366b226f00b1bc52d8ecb17dc534d59f9f54bf5b58049d29
large,output/notebook3_gnn_encoder/link_prediction/pubmed/k10/hybrid/graphsage_edge_s46.emb,12113036,a507198b5794dfe10d61d3bec0ac5dbf90a3654dada7b1126ac6ac63ad9c5860
large,output/notebook3_gnn_encoder/link_prediction/pubmed/k10/hybrid/graphsage_edge_s47.emb,12123609,74372320924e2367fd098b90a154405c565c47057e68fd6032de3fa689ef8383
large,output/notebook3_gnn_encoder/link_prediction/pubmed/k10/hybrid/graphsage_edge_s48.emb,12093480,f073d7e73e092b5b7d1d98603346d158b7f4390bbf5d0eba505b12d28f9c6c0c
large,output/notebook3_gnn_encoder/link_prediction/pubmed/k10/hybrid/graphsage_edge_s49.emb,12088784,dd29ca468acdfc0d5e17510b5884df6b05914d56953e8e360ff8a96706076409
large,output/notebook3_gnn_encoder/link_prediction/pubmed/k10/hybrid/graphsage_edge_s50.emb,12096117,184f54831b2f109cf20e9b7c8cdfa81af24a265f25add6c57ba2563197ac38d5
large,output/notebook3_gnn_encoder/link_prediction/pubmed/k10/hybrid/graphsage_edge_s51.emb,12099043,84092fbcc00f907328f7450117d2238d685fffefbc19fb4ba60949629c3a8f27
large,output/notebook3_gnn_encoder/link_prediction/pubmed/k10/hybrid_centrality/gatv2_edge_s42.emb,12132265,c68b295cad8b39136dc238ceca9c8625bb0430d5649f26c76c312359db949624
large,output/notebook3_gnn_encoder/link_prediction/pubmed/k10/hybrid_centrality/gatv2_edge_s43.emb,12108047,11aece913ba0c69b51b87c021910716bcbe3b17266a7e6d5dcd3145c4766f78c
large,output/notebook3_gnn_encoder/link_prediction/pubmed/k10/hybrid_centrality/gatv2_edge_s44.emb,12116664,5acc5e0c57a575df58ec46a4a827764133f6ed615289ecdaf9c4e8d0d135a3fb
large,output/notebook3_gnn_encoder/link_prediction/pubmed/k10/hybrid_centrality/graphsage_edge_s42.emb,12095673,5e6f088ac1b90c7f21fcc7bb54f6e0253c206571f3082318f4f80bf5173d58bd
large,output/notebook3_gnn_encoder/link_prediction/pubmed/k10/hybrid_centrality/graphsage_edge_s43.emb,12118698,80aee85ef71a48129706f0a60239544215b2eb1719e1d51d8af9fca730b35fe8
large,output/notebook3_gnn_encoder/link_prediction/pubmed/k10/hybrid_centrality/graphsage_edge_s44.emb,12098084,7cfaf263f185bf73e74b13c7844a5949692fc56cc8636335dd9f6f6413971d04
large,output/notebook3_gnn_encoder/link_prediction/pubmed/k10/hybrid_centrality/graphsage_edge_s45.emb,12053682,235f136c3237e5ca16cd6d2bf83eb6b841efc41af5566ae4f63bb9f440d6e176
large,output/notebook3_gnn_encoder/link_prediction/pubmed/k10/hybrid_centrality/graphsage_edge_s46.emb,12103741,20e7dd8cd8f16211514fbdb141a2eea4f971868a24730688a3b44dc1dad45428
large,output/notebook3_gnn_encoder/link_prediction/pubmed/k10/hybrid_centrality/graphsage_edge_s47.emb,12121728,32f9283339cbc0580ee7e6f5e672cba0f28410a9f4cfa26b935d1640c76852c3
large,output/notebook3_gnn_encoder/link_prediction/pubmed/k10/hybrid_centrality/graphsage_edge_s48.emb,12094192,388664de7862cae34c2e5c0e98c9f01a4b2fd15be7032e226db83f0e02c09629
large,output/notebook3_gnn_encoder/link_prediction/pubmed/k10/hybrid_centrality/graphsage_edge_s49.emb,12086561,ee09c43e18443a771e19f2eed2aa19e6d23bdce3dee1d7b0d6b34f2d3495ac2c
large,output/notebook3_gnn_encoder/link_prediction/pubmed/k10/hybrid_centrality/graphsage_edge_s50.emb,12084796,6c1ab7501d673f7e72bf53bfceffcccdf7610922d81d31d7f056b4db44ac55e1
large,output/notebook3_gnn_encoder/link_prediction/pubmed/k10/hybrid_centrality/graphsage_edge_s51.emb,12076802,93cd8c9eb2e2d24197a2f1e31f52ee484f8bd27da0bc5510e49dd6b72195acd5
large,output/notebook3_gnn_encoder/link_prediction/pubmed/k10/hybrid_degree/gatv2_edge_s42.emb,12154728,53d621693c0d90bd5342327f7bcd1e6d5cfbfa0acef3c32b00d71b7b837dc9f4
large,output/notebook3_gnn_encoder/link_prediction/pubmed/k10/hybrid_degree/gatv2_edge_s43.emb,12111792,c31e9149be2402cba8cf199c3bde2f33aa363cfee3a6fedb1054279e48694695
large,output/notebook3_gnn_encoder/link_prediction/pubmed/k10/hybrid_degree/gatv2_edge_s44.emb,12095770,ce540ebbcc99ec58b05be1999d2386dce2fe64edff6c3969899280b7dfa36da1
large,output/notebook3_gnn_encoder/link_prediction/pubmed/k10/hybrid_degree/graphsage_edge_s42.emb,12115192,cd5f68409669d06165e33634528ab4e3e59cfa457ac8fad4f6f74b532c553122
large,output/notebook3_gnn_encoder/link_prediction/pubmed/k10/hybrid_degree/graphsage_edge_s43.emb,12089678,cd99b5f0ace17486a690b0266d5c532a494438a9394bf37015727a5071c55178
large,output/notebook3_gnn_encoder/link_prediction/pubmed/k10/hybrid_degree/graphsage_edge_s44.emb,12079986,a05e5c2d81eaeabd52f7aebcf04862a81670476e8d20d86eb2a29818a6840e07
large,output/notebook3_gnn_encoder/link_prediction/pubmed/k10/hybrid_degree/graphsage_edge_s45.emb,12062212,9af3457e42295c58c2b3a489bcbf8e91dc9ad3e51f3a42a223f55e327d0af0af
large,output/notebook3_gnn_encoder/link_prediction/pubmed/k10/hybrid_degree/graphsage_edge_s46.emb,12127242,073e26482609df34e2d2d69a2a206f346c1e2770ebad98c1f0e6d72f9dee2fc2
large,output/notebook3_gnn_encoder/link_prediction/pubmed/k10/hybrid_degree/graphsage_edge_s47.emb,12128624,b7a5c8a0965833dea8cca867f76d114052d2545714c30de052d647f934a47d85
large,output/notebook3_gnn_encoder/link_prediction/pubmed/k10/hybrid_degree/graphsage_edge_s48.emb,12131392,2a18b7270f246ca714869eb87312a1cf39aef0861460dca28463be577b9ac2d6
large,output/notebook3_gnn_encoder/link_prediction/pubmed/k10/hybrid_degree/graphsage_edge_s49.emb,12069810,0fc0bd3d4d73d5f20b156e29ee1c7b201f16956bb7beb1505a5024282877e41d
large,output/notebook3_gnn_encoder/link_prediction/pubmed/k10/hybrid_degree/graphsage_edge_s50.emb,12075492,6888af042956b08dfaa91a1d86464e3d0ce522d14add3879063f7adab5765d0d
large,output/notebook3_gnn_encoder/link_prediction/pubmed/k10/hybrid_degree/graphsage_edge_s51.emb,12100169,4091bcb54fe323debde331cdc16740d04a591fbce0a07ec0af491553e878f166
large,output/notebook3_gnn_encoder/link_prediction/pubmed/k10/original/gatv2_edge_s42.emb,12139051,c7b0747c155719339277cbc0acf1d3a4f4d5e4a53ed56798b3a1a7bace574e21
large,output/notebook3_gnn_encoder/link_prediction/pubmed/k10/original/gatv2_edge_s43.emb,12117923,89accf500031b29d5c79bbab2470e084fb6082916e955310fc8da5837b912d2f
large,output/notebook3_gnn_encoder/link_prediction/pubmed/k10/original/gatv2_edge_s44.emb,12090282,8bd3b3bbef9bfd8145d8888d89ad4e45f20d98145c6ed5fe9972d6e64861ea78
large,output/notebook3_gnn_encoder/link_prediction/pubmed/k10/original/graphsage_edge_s42.emb,12113890,234ced991727ed436e3ee1271ccb27fe0b63c1a5ed5906073abdb91b73d585b8
large,output/notebook3_gnn_encoder/link_prediction/pubmed/k10/original/graphsage_edge_s43.emb,12121905,c7e6570ab8f2872d0dd57d18dfca39e6d499c4f2562f5098fbfe6388b2a16991
large,output/notebook3_gnn_encoder/link_prediction/pubmed/k10/original/graphsage_edge_s44.emb,12124647,46267b43de726aedcdd92bd59d0927b7adc34cbf405ebd5a1e9f3126f6c1a989
large,output/notebook3_gnn_encoder/link_prediction/pubmed/k10/original/graphsage_edge_s45.emb,12088667,01502ffedd978ecd9c60e64944ff30e4e25be97271d8e5e1417e14aea84c348d
large,output/notebook3_gnn_encoder/link_prediction/pubmed/k10/original/graphsage_edge_s46.emb,12095012,102ddc91076f607a9b9eac1a79c969cda4e7ebabe319d3b2d79de02fc365280a
large,output/notebook3_gnn_encoder/link_prediction/pubmed/k10/original/graphsage_edge_s47.emb,12080649,724ba228660eb5d425d8e8424c27e5cda3464e37aa4d93c2d675e7b792a53870
large,output/notebook3_gnn_encoder/link_prediction/pubmed/k10/original/graphsage_edge_s48.emb,12098485,8b762dfa47133b04f9059421a4efbb1b7e117df0f019b1186f773cf8e2039c43
large,output/notebook3_gnn_encoder/link_prediction/pubmed/k10/original/graphsage_edge_s49.emb,12115898,ee5c64660c3e14c8038d369e38dc6ea7f7138f1a558086b6b31166e269958fdf
large,output/notebook3_gnn_encoder/link_prediction/pubmed/k10/original/graphsage_edge_s50.emb,12073734,8e36c92034f239a1d533b33367383e2eeba3fb1aa909268d7859900d61844783
large,output/notebook3_gnn_encoder/link_prediction/pubmed/k10/original/graphsage_edge_s51.emb,12065771,f7e133cb9e5851b37a78c50f39a4b46437a65cf20f3d152cab179f9ee23ab93c
large,output/notebook3_gnn_encoder/link_prediction/pubmed/k10/psi/gatv2_edge_s42.emb,12103550,39b76a5bff6cf8d775cd088c6a8646784b3ea294e8d453e5ca69172df4a8f004
large,output/notebook3_gnn_encoder/link_prediction/pubmed/k10/psi/gatv2_edge_s43.emb,12101565,5fc0daa8c219111960f169edd2a1e57ebe672dc289890a331604b4aad43c8a31
large,output/notebook3_gnn_encoder/link_prediction/pubmed/k10/psi/gatv2_edge_s44.emb,12125092,ddd4dd0e7eaddaf0ef0c61c2bb3f10611304fd10ff48e12d142bc2c390ee707b
large,output/notebook3_gnn_encoder/link_prediction/pubmed/k10/psi/graphsage_edge_s42.emb,12111719,af6b6d64e316c817e29f213e654db1fa8a46c01c21a25ab8a247d3dbc0a7db88
large,output/notebook3_gnn_encoder/link_prediction/pubmed/k10/psi/graphsage_edge_s43.emb,12132547,6dd32abef6d0c413e5d3106262f9e2e2cce115b26abdcc307b494f423a510b75
large,output/notebook3_gnn_encoder/link_prediction/pubmed/k10/psi/graphsage_edge_s44.emb,12051908,6bf9dcfb395fc9e0b85d3407bd7522c31da12a31ed5f320fb8eb9d63282c2d32
large,output/notebook3_gnn_encoder/link_prediction/pubmed/k10/psi/graphsage_edge_s45.emb,12047836,be462305f3f6ee0bb3b40e0c4c8820be21abf2e17a1d71beb328b1d779d842be
large,output/notebook3_gnn_encoder/link_prediction/pubmed/k10/psi/graphsage_edge_s46.emb,12105371,4a603eb6dea46e81c31159bfaccf21215b8a56f8b4b0dca56bcb84e68f09d4f8
large,output/notebook3_gnn_encoder/link_prediction/pubmed/k10/psi/graphsage_edge_s47.emb,12134920,20f567b16183d43e56576efabbfffb44dca12eb1a4663fa5c054cee4c4192122
large,output/notebook3_gnn_encoder/link_prediction/pubmed/k10/psi/graphsage_edge_s48.emb,12127378,2ca49d91bcbc1d971a6612f8796076ede79622756cc6d1cc932133897f32cd55
large,output/notebook3_gnn_encoder/link_prediction/pubmed/k10/psi/graphsage_edge_s49.emb,12067379,e95ae924ba45ae2875d52c13b9ed3e1340c3fc55a40fb12b8ebb6dd4f10ca500
large,output/notebook3_gnn_encoder/link_prediction/pubmed/k10/psi/graphsage_edge_s50.emb,12094958,a758daddee84d71cfdaa61c5c866840e89fccd212dc420f6470471d9d683c201
large,output/notebook3_gnn_encoder/link_prediction/pubmed/k10/psi/graphsage_edge_s51.emb,12051693,3b626cb62b6dd96112aa2aa4614ca68fd9b93885a8b196da1afc207095eae1aa
large,output/notebook3_gnn_encoder/link_prediction/pubmed/k10/psi_pqnorm/graphsage_edge_s42.emb,12082734,3381bb23f50f2e372e9a361e427c7de511607bd05342b4568b7ce341ffb23aea
large,output/notebook3_gnn_encoder/link_prediction/pubmed/k10/psi_pqnorm/graphsage_edge_s43.emb,12084668,da526a893a39901f3e49ae03c20513acdfedbdabe02920271812cb24a22e0527
large,output/notebook3_gnn_encoder/link_prediction/pubmed/k10/psi_pqnorm/graphsage_edge_s44.emb,12091558,765a9dc5b25e7a2319c56bfca60374e0af67472f9a616313d18ce0b466ad2b04
large,output/notebook3_gnn_encoder/link_prediction/pubmed/k10/psi_shift/graphsage_edge_s42.emb,12080516,a43bf57cd9d3a5ac900eaea4cf1c5c8da5a86b7b5a7f4b115f80e25b31350f18
large,output/notebook3_gnn_encoder/link_prediction/pubmed/k10/psi_shift/graphsage_edge_s43.emb,12089086,90098722ac04e9611918cf8b90143afaf9e812d979d4d5866c5aba0e42db4dfe
large,output/notebook3_gnn_encoder/link_prediction/pubmed/k10/psi_shift/graphsage_edge_s44.emb,12066219,3447de373cb7d7b360cf9aa479631ecc2955afc81a8b47e3e92895bf0eab1a10
large,output/notebook3_gnn_encoder/link_prediction/questions/k10/centrality/gatv2_edge_s42.emb,30073688,986a967f409cd38c8b436a706bff64d49bca89ca87766f729e15add5435b211c
large,output/notebook3_gnn_encoder/link_prediction/questions/k10/centrality/gatv2_edge_s43.emb,29904009,c4d6369e4fa18cfe3161efe5c67161f298518f3dc6f41f05c385c4d7fa25793d
large,output/notebook3_gnn_encoder/link_prediction/questions/k10/centrality/gatv2_edge_s44.emb,30054311,9b64fe5a4751ec450844b95c1af3728b361ab7a9462133c9bc45f12806ce506a
large,output/notebook3_gnn_encoder/link_prediction/questions/k10/centrality/graphsage_edge_s42.emb,30090860,1cb17c926092bbbaca38dfbe4d4e345003c4c112eb7174bd1d5b5ad99106cac5
large,output/notebook3_gnn_encoder/link_prediction/questions/k10/centrality/graphsage_edge_s43.emb,30072684,5783dc61af9230f115dab66ebfb6b9b23861bbd50010c70104079f13c90b27df
large,output/notebook3_gnn_encoder/link_prediction/questions/k10/centrality/graphsage_edge_s44.emb,30108260,2a281234222ee0948cbb4b3fe6fd37f913173ba48d95dd2d19825ac96b849164
large,output/notebook3_gnn_encoder/link_prediction/questions/k10/centrality/graphsage_edge_s45.emb,29924435,94645be804e27e6b1325a235f10b1b9d21b548ffa1d9a355bebf08263d61e083
large,output/notebook3_gnn_encoder/link_prediction/questions/k10/centrality/graphsage_edge_s46.emb,29976375,258ad0cdaa90c325c0067234c6770fa21b6d0d21604e375f143ea0828565332f
large,output/notebook3_gnn_encoder/link_prediction/questions/k10/centrality/graphsage_edge_s47.emb,30118447,81be9ae90d8ec3d25c2035c55b541b892b2312d4fbac29c9ba1606ae52abdc90
large,output/notebook3_gnn_encoder/link_prediction/questions/k10/centrality/graphsage_edge_s48.emb,30103278,2965bbc3ea51dcffa02ad36ee936c8aac310f60dd14f1b404b467ccc6a80472d
large,output/notebook3_gnn_encoder/link_prediction/questions/k10/centrality/graphsage_edge_s49.emb,29866451,9084fb3c1807e0137229b613dd6c5ee396005ccea74545c35a25070c42020b14
large,output/notebook3_gnn_encoder/link_prediction/questions/k10/centrality/graphsage_edge_s50.emb,29942398,bf8342d3854e46e1a5e67bf2f7d7493011143b3ab061cf53f61898df9b806c47
large,output/notebook3_gnn_encoder/link_prediction/questions/k10/centrality/graphsage_edge_s51.emb,29957247,89b7afc8faa0732a7ed23d2b74df6e26b3d48df5b4017ac6f341222c84369b9b
large,output/notebook3_gnn_encoder/link_prediction/questions/k10/degree/gatv2_edge_s42.emb,30041923,db4c5a14c6e2a88718e08191413bf3409e63ab391634e2a4f7acbe26693c0879
large,output/notebook3_gnn_encoder/link_prediction/questions/k10/degree/gatv2_edge_s43.emb,30046496,0a28cc3813dc99b30b03e700d227c95f78315c19310d61f5e062674e0c41176a
large,output/notebook3_gnn_encoder/link_prediction/questions/k10/degree/gatv2_edge_s44.emb,30073203,524a21d3d938593de44ea46e6cb221145eb42943031d4e366e1a313114f29fbc
large,output/notebook3_gnn_encoder/link_prediction/questions/k10/degree/graphsage_edge_s42.emb,30062973,95ce4ddf3f8a213143ce26d1e6c219651e911835ee4cbedf1ed707b1aebbf83a
large,output/notebook3_gnn_encoder/link_prediction/questions/k10/degree/graphsage_edge_s43.emb,30143532,8a109287fcfe1f8180d0ded7128646d2169d751c4cdd1032d09e34229d9b5fcf
large,output/notebook3_gnn_encoder/link_prediction/questions/k10/degree/graphsage_edge_s44.emb,30028103,4b849e4f6c75324ebb8437652bc6793e2c01cf6f7a571e989841e6f1cd21c6ac
large,output/notebook3_gnn_encoder/link_prediction/questions/k10/degree/graphsage_edge_s45.emb,29874033,f5f92a0a3dee87db340bfcf74f0f4c95bc5459b897201fec3c84355aeab41b78
large,output/notebook3_gnn_encoder/link_prediction/questions/k10/degree/graphsage_edge_s46.emb,29948879,6ae089f508d522b56c5525b72fe99c3afdf97526d276ec76de89506bb85dae44
large,output/notebook3_gnn_encoder/link_prediction/questions/k10/degree/graphsage_edge_s47.emb,30026550,5242f8a6fb1de0e2ccc4ceb55c6d2e6048272b90e121ed7d20ff3262b36c69bf
large,output/notebook3_gnn_encoder/link_prediction/questions/k10/degree/graphsage_edge_s48.emb,30069852,8f2d0b2153f2aa055ce2bbc65f9f7eef77166826ab6f55a2bad9d84f9c3ef3f5
large,output/notebook3_gnn_encoder/link_prediction/questions/k10/degree/graphsage_edge_s49.emb,29913258,893a8d9746d0bc4370b0314ec6acec7f8129624bc031a8227d57f8d696b14109
large,output/notebook3_gnn_encoder/link_prediction/questions/k10/degree/graphsage_edge_s50.emb,29849048,c24278ebaf644024ca7c91f72b96d638b06a0cc81793333fb94be3058c1f1425
large,output/notebook3_gnn_encoder/link_prediction/questions/k10/degree/graphsage_edge_s51.emb,29956019,5c7256ff811ddbb56cf8affc717e9afadcd003d2c06fef8b184f1642d0da642a
large,output/notebook3_gnn_encoder/link_prediction/questions/k10/hybrid/gatv2_edge_s42.emb,30155634,9a6d7ff4fdf867570577ec1667ccd2fa798988abde819f94f370fdd22bb24b98
large,output/notebook3_gnn_encoder/link_prediction/questions/k10/hybrid/gatv2_edge_s43.emb,30201066,1c8426ef0faa8b6904df8eba94090699737dbd71ad516f62097242f907ad0714
large,output/notebook3_gnn_encoder/link_prediction/questions/k10/hybrid/gatv2_edge_s44.emb,30091983,4e4fca45ca94789b08531f20d95ac5d424671056f07005e1c542098ec8723129
large,output/notebook3_gnn_encoder/link_prediction/questions/k10/hybrid/graphsage_edge_s42.emb,30210860,ef1b752e2b936493c977e1530ab7fb77df72f6bcada5fe7e30b305e6c5fd958d
large,output/notebook3_gnn_encoder/link_prediction/questions/k10/hybrid/graphsage_edge_s43.emb,30126268,bbd345d1cef299e822b91bc9e2b32275324b439731e6443857ad452d2722162e
large,output/notebook3_gnn_encoder/link_prediction/questions/k10/hybrid/graphsage_edge_s44.emb,30092805,b36b5d336329a3fb970be09bcb5cd10dd729c7032c545a371318e58cc0c51c57
large,output/notebook3_gnn_encoder/link_prediction/questions/k10/hybrid/graphsage_edge_s45.emb,29957704,037ce379f261a510807962d742d2e4c474db9b41c3b2f30308b61a42f15e4ed3
large,output/notebook3_gnn_encoder/link_prediction/questions/k10/hybrid/graphsage_edge_s46.emb,30046142,60d862f46635c9a3c6373f473b4c2af335447bf1a6413c636396a1b47be3c4f9
large,output/notebook3_gnn_encoder/link_prediction/questions/k10/hybrid/graphsage_edge_s47.emb,30076206,aade646d15c989463d9ad398244ce10684dfe09905c6ffa4123c85bfde1fe539
large,output/notebook3_gnn_encoder/link_prediction/questions/k10/hybrid/graphsage_edge_s48.emb,30092931,3277d25b02df7f3751b7ab9857c93d42b268d79f70bf6ba2068ec5c6673eb69b
large,output/notebook3_gnn_encoder/link_prediction/questions/k10/hybrid/graphsage_edge_s49.emb,29986875,c00647b111bc80ef9940a8bdf050e3d5df5da6a25727ead78cb63c116215ef6d
large,output/notebook3_gnn_encoder/link_prediction/questions/k10/hybrid/graphsage_edge_s50.emb,30066450,8822653a98c90ae4c87ce25a19da045be593bf52092726c0d43c61a55fb5db38
large,output/notebook3_gnn_encoder/link_prediction/questions/k10/hybrid/graphsage_edge_s51.emb,30173432,c0332559e77a8402d39e76c1397d8ccb4de378a8c82c8fee62e9c04bc7f87432
large,output/notebook3_gnn_encoder/link_prediction/questions/k10/hybrid_centrality/gatv2_edge_s42.emb,30144946,801ccf012734a2fb59cda8600e7c2e9fbc0eac2c220ddc452af0eb275e24d7d7
large,output/notebook3_gnn_encoder/link_prediction/questions/k10/hybrid_centrality/gatv2_edge_s43.emb,30115254,f7f08ba63b3652572f4445a0c6069a4957b5153fa4dc14eff2d3e91d63d16725
large,output/notebook3_gnn_encoder/link_prediction/questions/k10/hybrid_centrality/gatv2_edge_s44.emb,30128749,2ccb8ffd15cef4b44d5d0e7807ab6557f8510e06b126691062c8561de7048894
large,output/notebook3_gnn_encoder/link_prediction/questions/k10/hybrid_centrality/graphsage_edge_s42.emb,30175963,67b88ed5f1b571ea7a56f560102998cb621150f0e67592ecdff1fb50d3a88793
large,output/notebook3_gnn_encoder/link_prediction/questions/k10/hybrid_centrality/graphsage_edge_s43.emb,30149042,4e9427a3c7ad3d901be4a9268acf6f20e81f98e8c83972587159c3d814fc0ee5
large,output/notebook3_gnn_encoder/link_prediction/questions/k10/hybrid_centrality/graphsage_edge_s44.emb,30085039,20118a77160b38c5fc0d55f0793d30c0722f6b99219be50fbd0e43a22b730954
large,output/notebook3_gnn_encoder/link_prediction/questions/k10/hybrid_centrality/graphsage_edge_s45.emb,29930925,9a35926812fb8feee6e8fd53162c2c5b7d9701ff4339c5e9dfa5efe89f5f203b
large,output/notebook3_gnn_encoder/link_prediction/questions/k10/hybrid_centrality/graphsage_edge_s46.emb,30062723,3676f738b0ea0741f2bf60ef375ab965c03259e060bfa414b69e5ac289af4144
large,output/notebook3_gnn_encoder/link_prediction/questions/k10/hybrid_centrality/graphsage_edge_s47.emb,30042353,43ce6eb74503410eb2bcbf080a771822684ab0b9e46c4e2b2d28033ff83a5eba
large,output/notebook3_gnn_encoder/link_prediction/questions/k10/hybrid_centrality/graphsage_edge_s48.emb,30116331,5170cc75febdd584c54d8895037a222e19294eef1be73c39717476691eb817f8
large,output/notebook3_gnn_encoder/link_prediction/questions/k10/hybrid_centrality/graphsage_edge_s49.emb,30038411,6b3b30a483bcaed2c7bca487796cadf4fcbf67618ed552e10ca4a7c7d10eeca0
large,output/notebook3_gnn_encoder/link_prediction/questions/k10/hybrid_centrality/graphsage_edge_s50.emb,30076703,c2c52cb5cdad5c6176cac4d468b065ac7121cdf55f2811d79d7077f0b99dcb05
large,output/notebook3_gnn_encoder/link_prediction/questions/k10/hybrid_centrality/graphsage_edge_s51.emb,30096998,b49e7b3e527b7a6ca83781e929b546049d5c7d6ef40dfa43cf9b45f2eeec5435
large,output/notebook3_gnn_encoder/link_prediction/questions/k10/hybrid_degree/gatv2_edge_s42.emb,30235162,1039f07ef77f0f4083a7913cacc42b2f1cdf5800c62bb831c564878accc0d0f8
large,output/notebook3_gnn_encoder/link_prediction/questions/k10/hybrid_degree/gatv2_edge_s43.emb,30092019,ed9b8f9db3df9ba990d566bcfd2e47585d4016cbbfcbc200d443399e3888092e
large,output/notebook3_gnn_encoder/link_prediction/questions/k10/hybrid_degree/gatv2_edge_s44.emb,29905030,8d8454ecdb2573c1e2f12fbd10b2adb8a803b7fac52991fb09abb07947190768
large,output/notebook3_gnn_encoder/link_prediction/questions/k10/hybrid_degree/graphsage_edge_s42.emb,30222778,d002edc35c17c858f3567928a981699c0e0f06cab83fade96b1b326c3fbabe9b
large,output/notebook3_gnn_encoder/link_prediction/questions/k10/hybrid_degree/graphsage_edge_s43.emb,30128992,65e59139bfd9995a3e8fce4b205af4f859f107cd132515f5a3131654268193d0
large,output/notebook3_gnn_encoder/link_prediction/questions/k10/hybrid_degree/graphsage_edge_s44.emb,30082486,e2b75e3477ad3fb1c8492bbb8e847f899b2881fdffc8bb71d7fb3341b03da3ae
large,output/notebook3_gnn_encoder/link_prediction/questions/k10/hybrid_degree/graphsage_edge_s45.emb,29964775,21a22c46362c23949bbb81f606cd8c37784c75d947769f0b55384adea9cda849
large,output/notebook3_gnn_encoder/link_prediction/questions/k10/hybrid_degree/graphsage_edge_s46.emb,29975179,efddc090da84f075745e8728f5a49b29a1ffb792e432374d878825fc8df65c9b
large,output/notebook3_gnn_encoder/link_prediction/questions/k10/hybrid_degree/graphsage_edge_s47.emb,30067016,17cd4db5f06d67ebf5dfbea6a2da2fb950c749321fb0564f1d08076396ab5314
large,output/notebook3_gnn_encoder/link_prediction/questions/k10/hybrid_degree/graphsage_edge_s48.emb,30055635,4badd07b992e4bb17124cc4359176e6ea2914fc3cccf8dfed0ba5dbdf4d497b8
large,output/notebook3_gnn_encoder/link_prediction/questions/k10/hybrid_degree/graphsage_edge_s49.emb,29956971,38b01e063fe32594af9d266e1bfe718c05bc9f877da4b596d04a97ad84ddf67c
large,output/notebook3_gnn_encoder/link_prediction/questions/k10/hybrid_degree/graphsage_edge_s50.emb,30034162,e92dc4796230692468867826a1f6c759a12a6bf840de3f4d53b98be31cdeef97
large,output/notebook3_gnn_encoder/link_prediction/questions/k10/hybrid_degree/graphsage_edge_s51.emb,30074476,f69ec2b3a41172067275a45c73692ee7da48c1cadfd83b02b8cbe2b95cb59b11
large,output/notebook3_gnn_encoder/link_prediction/questions/k10/original/gatv2_edge_s42.emb,30190193,21689ec88551be5fee5eb6a0608ac3b5a2b9889ac0b981fad3bfea5d49c388ea
large,output/notebook3_gnn_encoder/link_prediction/questions/k10/original/gatv2_edge_s43.emb,30310530,3002dc8e81eed17f58d510c5190565481626b874efbd1694dbb9cc3c3339f200
large,output/notebook3_gnn_encoder/link_prediction/questions/k10/original/gatv2_edge_s44.emb,30017214,0aa71a90333a771c6f563c1dc857e31f0a729d62b84f9300110b5ab852cb276a
large,output/notebook3_gnn_encoder/link_prediction/questions/k10/original/graphsage_edge_s42.emb,30085554,c58e0b446098a22acf72b5d0dc9c494e59dcb428bce80ed90af084c6c5aaff15
large,output/notebook3_gnn_encoder/link_prediction/questions/k10/original/graphsage_edge_s43.emb,30030785,c718ba5c3ceaf5e49f89b02f9fa775f45d040228c6560aa19ad838fe7b85a961
large,output/notebook3_gnn_encoder/link_prediction/questions/k10/original/graphsage_edge_s44.emb,30092932,725f48958a001cf9caebf536fb9d54be8a93f8d4925a480cdd04dbf35e323ff4
large,output/notebook3_gnn_encoder/link_prediction/questions/k10/original/graphsage_edge_s45.emb,30008971,b01ccbc7c69ef5648c578786eea0c0f87bb52068c2083bb09472e728e5cc5758
large,output/notebook3_gnn_encoder/link_prediction/questions/k10/original/graphsage_edge_s46.emb,29935969,32701c8463ddd74565c4fe98ade262b50ee86d739b8dace76823ebffa45897d2
large,output/notebook3_gnn_encoder/link_prediction/questions/k10/original/graphsage_edge_s47.emb,30061196,f5e84e88c50e8f44de38576aa6e5c92114f0da643d393c27e734704d3552cf7c
large,output/notebook3_gnn_encoder/link_prediction/questions/k10/original/graphsage_edge_s48.emb,30120514,331a79c93ee775a805596720c1615e75eb78f834bde9ac364fd4042789a96759
large,output/notebook3_gnn_encoder/link_prediction/questions/k10/original/graphsage_edge_s49.emb,30089400,c935cf61a58aa407b9e23a24d8b323e897b7ac657ffcbafdfd8fafc375165136
large,output/notebook3_gnn_encoder/link_prediction/questions/k10/original/graphsage_edge_s50.emb,29992895,9217213e1735d31644e54010402bb08c56e0777794a0b4ba997028eb52f989cc
large,output/notebook3_gnn_encoder/link_prediction/questions/k10/original/graphsage_edge_s51.emb,29965797,3e762953e9ed17300f53e255ddb1d7b1d09b33f264877580044fb39db8b7cdb0
large,output/notebook3_gnn_encoder/link_prediction/questions/k10/psi/gatv2_edge_s42.emb,30168012,c03ee770c0b2e2add7dc4ee358c34faf95ae94aef0edc9d9cef0823b06e06458
large,output/notebook3_gnn_encoder/link_prediction/questions/k10/psi/gatv2_edge_s43.emb,29974622,91f276ae971d1953ba25e68a3e00255d701d72eb3822a8b9a0185261076415ce
large,output/notebook3_gnn_encoder/link_prediction/questions/k10/psi/gatv2_edge_s44.emb,30123562,6b4b9c318dd6f9d1185c6d1968093c3e877634336d8a483d42915a2bcdd24783
large,output/notebook3_gnn_encoder/link_prediction/questions/k10/psi/graphsage_edge_feat_centrality_s42.emb,30124024,db0c0f5ec995288813fe09ae59c7852f80bc4ed4231a6f82fcce9c0f34844b12
large,output/notebook3_gnn_encoder/link_prediction/questions/k10/psi/graphsage_edge_feat_centrality_s43.emb,29930201,d2957ecae632c88615cccf77404bd4deb9238a5f9116a14fb626a7738b50e7f0
large,output/notebook3_gnn_encoder/link_prediction/questions/k10/psi/graphsage_edge_feat_centrality_s44.emb,30049799,8b4ae9beca0a668b2197d7ab7651deb3fed640b81535a1bd04f44da86b721252
large,output/notebook3_gnn_encoder/link_prediction/questions/k10/psi/graphsage_edge_feat_clustering_s42.emb,30065294,7b773b767e636032d9e74f5f2f0f4d8a4011c12c06dc59d5586862c7994941cd
large,output/notebook3_gnn_encoder/link_prediction/questions/k10/psi/graphsage_edge_feat_clustering_s43.emb,30102316,d41dc3bc7056f98adbe82a7b58c299d3f5feb5faa8a0458bb1bf11b438985af2
large,output/notebook3_gnn_encoder/link_prediction/questions/k10/psi/graphsage_edge_feat_clustering_s44.emb,30089378,885e201878615b20388c3b9e5feafe7d9eed0abf16907595652543b71fdc73b5
large,output/notebook3_gnn_encoder/link_prediction/questions/k10/psi/graphsage_edge_feat_const_s42.emb,29830709,d18cf5d4da8ca5f4dd5f34cc93c2959af86ea4440f3e3f766d4ba6f038d11879
large,output/notebook3_gnn_encoder/link_prediction/questions/k10/psi/graphsage_edge_feat_const_s43.emb,29830709,3736246efe8288f06ee1ee09507410777be89c059c61127f219aed30656522f4
large,output/notebook3_gnn_encoder/link_prediction/questions/k10/psi/graphsage_edge_feat_const_s44.emb,30270998,c134ce997860d9adb405cce7419a3b59ddd2cbaf4c9a1855e7c82721c81a05bf
large,output/notebook3_gnn_encoder/link_prediction/questions/k10/psi/graphsage_edge_feat_deg_cent_s42.emb,30001344,d0774c1048527b910b56ebb3acf5956d16fc866c8c79fabe302561c395fab161
large,output/notebook3_gnn_encoder/link_prediction/questions/k10/psi/graphsage_edge_feat_deg_cent_s43.emb,30267804,bb2a90d68d029cc99c455619280980390e5c213e68a733580d2219285dd3b573
large,output/notebook3_gnn_encoder/link_prediction/questions/k10/psi/graphsage_edge_feat_deg_cent_s44.emb,29774197,984ee3a47de77f9f87ada2e227add46312a54a28ee8f4552706d10d616c05126
large,output/notebook3_gnn_encoder/link_prediction/questions/k10/psi/graphsage_edge_feat_degree_s42.emb,30162415,33d11a32d4007e42421ec4eabd46aec2eb8bbc19fce2ea66e690917bb9a2f4aa
large,output/notebook3_gnn_encoder/link_prediction/questions/k10/psi/graphsage_edge_feat_degree_s43.emb,29951679,d72928fba92eb076721100c60492100bcd444640443533db02c25e5982504ba5
large,output/notebook3_gnn_encoder/link_prediction/questions/k10/psi/graphsage_edge_feat_degree_s44.emb,30225940,a2712ac16a69ef5540117f8dd139175a850c9a98c711c5cfe4559e4086a35e83
large,output/notebook3_gnn_encoder/link_prediction/questions/k10/psi/graphsage_edge_feat_psi_s42.emb,30012623,6445cf876d1b69c601dc58b58301464a5da816ec763383fad7d9efb1302e0ad5
large,output/notebook3_gnn_encoder/link_prediction/questions/k10/psi/graphsage_edge_feat_psi_s43.emb,29981027,a53f817d8b062b9011bb78a1c708132901c012050e621712b10c1bc107dbb29b
large,output/notebook3_gnn_encoder/link_prediction/questions/k10/psi/graphsage_edge_feat_psi_s44.emb,30128351,3b32c11a2cc747f58dac89b061652d89277ceec58ad280d6bf13249decdf6f60
large,output/notebook3_gnn_encoder/link_prediction/questions/k10/psi/graphsage_edge_feat_random_s42.emb,30016681,7fc2be5c610e96cbd1749272b317d860ab353f8b8e4fdfa1889b016c9774d5fb
large,output/notebook3_gnn_encoder/link_prediction/questions/k10/psi/graphsage_edge_feat_random_s43.emb,30011438,803d9b6f47f4444814e8777614b46cad15ae622478864a977c6a10a4bd7bf887
large,output/notebook3_gnn_encoder/link_prediction/questions/k10/psi/graphsage_edge_feat_random_s44.emb,30027557,f4cd4438e77f376a7b3c9460640ad3a95a091cf1efe33ed8504b0f6586f9952e
large,output/notebook3_gnn_encoder/link_prediction/questions/k10/psi/graphsage_edge_s42.emb,30021645,05e8705087f9cdcfde57a0930028831136db01ba3de0f60e0b66f546d5bae43d
large,output/notebook3_gnn_encoder/link_prediction/questions/k10/psi/graphsage_edge_s43.emb,30146235,0df110013868cdf07faac057a4695812de655dc1f7eaf9be88555e72c05915a8
large,output/notebook3_gnn_encoder/link_prediction/questions/k10/psi/graphsage_edge_s44.emb,30079987,e8b8d2a986031b19079d1b55464b9b758ab7f5e12ee3bc30dd284c787471d9ec
large,output/notebook3_gnn_encoder/link_prediction/questions/k10/psi/graphsage_edge_s45.emb,29892982,204aaf9770f4331aeba6324e06fbae399e5e817c9274fc1e1b89d4006fbb9635
large,output/notebook3_gnn_encoder/link_prediction/questions/k10/psi/graphsage_edge_s46.emb,30047302,e1a027bb600c322e4b53c8a35e54b14eb79a9af8dbeb1beb3eb9c2222fda4440
large,output/notebook3_gnn_encoder/link_prediction/questions/k10/psi/graphsage_edge_s47.emb,30113533,2422a316a03660075221ec4fccedb3a4d29719e0056cf63b1eda38101b71379a
large,output/notebook3_gnn_encoder/link_prediction/questions/k10/psi/graphsage_edge_s48.emb,30117075,3838c02656ec7d7320f5bbad96e9cc37b7398123009391f100c0ed87d4a041a2
large,output/notebook3_gnn_encoder/link_prediction/questions/k10/psi/graphsage_edge_s49.emb,29808408,01c1754cdbd7a7e43ed24e957ce32e16d907996c34b9d41d46f8f4945415c3b5
large,output/notebook3_gnn_encoder/link_prediction/questions/k10/psi/graphsage_edge_s50.emb,29898391,81fb8ad6cdb6715508102db46bb90a5d660333350c9e7eaf428cc54ca6d622d6
large,output/notebook3_gnn_encoder/link_prediction/questions/k10/psi/graphsage_edge_s51.emb,29893859,e40ced929b35eb61e653a360368e580c8dc9cd5d6111302bf65e9d477dcdb1e3
large,output/notebook3_gnn_encoder/link_prediction/questions/k10/psi_pqnorm/graphsage_edge_s42.emb,30029826,10cf11304247531ac439c659365ca3fd1c1a3bdb7d99a820d259eb55880b8dc3
large,output/notebook3_gnn_encoder/link_prediction/questions/k10/psi_pqnorm/graphsage_edge_s43.emb,30132126,832ac45f13ad2a488a2c0d9be2c6bbe4921d360e60255b2896545a83181662b0
large,output/notebook3_gnn_encoder/link_prediction/questions/k10/psi_pqnorm/graphsage_edge_s44.emb,29995552,1380859223218ea56b3df126b0d098e86b4822f469ed804feeb1fe8a52a7be23
large,output/notebook3_gnn_encoder/link_prediction/questions/k10/psi_shift/graphsage_edge_s42.emb,30075928,18eb3943d668fc1b824378fa3808ebf33f51e9b3246833a9ae417f8555a3bd39
large,output/notebook3_gnn_encoder/link_prediction/questions/k10/psi_shift/graphsage_edge_s43.emb,30034132,ef3d11cebf9937991dbd75f035ad243c7857c68a250c69f3152c6819b619f903
large,output/notebook3_gnn_encoder/link_prediction/questions/k10/psi_shift/graphsage_edge_s44.emb,30102838,d9349eb5a13daf5eef7043c372b4ec5cd6c441596367771baf57e4f8af5d3e16
large,output/notebook3_gnn_encoder/link_prediction/reed98/k10/centrality/gatv2_edge_s42.emb,589135,2c85f605a1a9d1e56969d3805cfb70941c789a156679f250663cc7b504d8ac3c
large,output/notebook3_gnn_encoder/link_prediction/reed98/k10/centrality/gatv2_edge_s43.emb,589998,7e47abbfeb3f0657f7e0fc77db5f03616dfcdd2686be6482190cf0a439354b10
large,output/notebook3_gnn_encoder/link_prediction/reed98/k10/centrality/gatv2_edge_s44.emb,589028,110da946e2b8544a0d75f9cc334e52540368725932d53132b5178f6af2dc9a8e
large,output/notebook3_gnn_encoder/link_prediction/reed98/k10/centrality/graphsage_edge_s42.emb,589162,dfa20aca9b767726f658f39b50f8425b0c4c73451c542bb2e5aa5e709850839f
large,output/notebook3_gnn_encoder/link_prediction/reed98/k10/centrality/graphsage_edge_s43.emb,588520,c875c62b7fc0e856d7787e23ecd90562b10a873f269a3cde11735a82dcc22907
large,output/notebook3_gnn_encoder/link_prediction/reed98/k10/centrality/graphsage_edge_s44.emb,589065,10b90ad8bb79f9c95be2b0ff58829c1df6e94601ca8e4ab2df751711532c7929
large,output/notebook3_gnn_encoder/link_prediction/reed98/k10/centrality/graphsage_edge_s45.emb,587577,60952eb1786cc9a9596ac724d5c2b93d217003369d5b1704b9b20f1e2c08df61
large,output/notebook3_gnn_encoder/link_prediction/reed98/k10/centrality/graphsage_edge_s46.emb,589915,b0a36c7aba2e4ee9638db083b37df5483037e9c5da9f98ee045c6b252b73e350
large,output/notebook3_gnn_encoder/link_prediction/reed98/k10/centrality/graphsage_edge_s47.emb,588029,2dcf212e9cf620fccc4e18e9b40d048c90f29ae79aa932533837b4899f6b2c96
large,output/notebook3_gnn_encoder/link_prediction/reed98/k10/centrality/graphsage_edge_s48.emb,588625,f64a73c37303735000c1f8adb777cf00e0302a6448822cab306ec15ad87e9ed7
large,output/notebook3_gnn_encoder/link_prediction/reed98/k10/centrality/graphsage_edge_s49.emb,589571,5d26e8b6f43bf839a5459cd76214bc21cd64b131dfc4d28d5b8490c43ab22c0b
large,output/notebook3_gnn_encoder/link_prediction/reed98/k10/centrality/graphsage_edge_s50.emb,588566,dfb846b975f98d3038914e6f412022dc3eeb47271f40339616097de1ba73ce67
large,output/notebook3_gnn_encoder/link_prediction/reed98/k10/centrality/graphsage_edge_s51.emb,587716,ea1bb052c448b2d1be6e0fb74afb9babb7e5cc7765eeb874b60b676838fab9f3
large,output/notebook3_gnn_encoder/link_prediction/reed98/k10/degree/gatv2_edge_s42.emb,589083,dd53f24f05fa258e6c54fd076a84942bd6fa58400ef0782465b4de7de022bf21
large,output/notebook3_gnn_encoder/link_prediction/reed98/k10/degree/gatv2_edge_s43.emb,589895,f3ddaf301e9adf32712aec3f8670df76dc565f89412accaf4108036f23b81090
large,output/notebook3_gnn_encoder/link_prediction/reed98/k10/degree/gatv2_edge_s44.emb,588753,416a842847d664e9416646e01091d71ad0318b8784a075120bb55af505d243be
large,output/notebook3_gnn_encoder/link_prediction/reed98/k10/degree/graphsage_edge_s42.emb,588671,435100549acfdae2ad6eadb3712ff3ace911e542d66b24cd6d03f07da6bf3727
large,output/notebook3_gnn_encoder/link_prediction/reed98/k10/degree/graphsage_edge_s43.emb,588679,742af1624ef29da6b97df2fb553a7b27f869d73f4a5745446b78da31f6b1bad2
large,output/notebook3_gnn_encoder/link_prediction/reed98/k10/degree/graphsage_edge_s44.emb,588787,ca615b4a26025d1d47818b44eaeb0d72014f6668842010581a28a539ea67128f
large,output/notebook3_gnn_encoder/link_prediction/reed98/k10/degree/graphsage_edge_s45.emb,587584,70f99300b66b3d93d1b932e558c72aeb090660718cc684cbedafd990f15e61de
large,output/notebook3_gnn_encoder/link_prediction/reed98/k10/degree/graphsage_edge_s46.emb,589051,f13deea06e2b130d5ef1d777212fef9aae2aba791527bc70a35442a14b9d7d68
large,output/notebook3_gnn_encoder/link_prediction/reed98/k10/degree/graphsage_edge_s47.emb,588981,fa45de28a2ed99513c5a0a550e6d1d0e60cab7311827db4e83653a884aede7e8
large,output/notebook3_gnn_encoder/link_prediction/reed98/k10/degree/graphsage_edge_s48.emb,589145,188043ec42345873f7211e6cbb125552f163bd99909590c92848f08b3df7df51
large,output/notebook3_gnn_encoder/link_prediction/reed98/k10/degree/graphsage_edge_s49.emb,588906,dfa9242bde08e7e9ec02dd6c5b0d817cfabaf78d5b0a28e7ecac6aa53f9b1e35
large,output/notebook3_gnn_encoder/link_prediction/reed98/k10/degree/graphsage_edge_s50.emb,588044,90c522ec41bcc816b28f7fac7860d57887b25bcd69a3c85970c1beaa97869dea
large,output/notebook3_gnn_encoder/link_prediction/reed98/k10/degree/graphsage_edge_s51.emb,586882,617a910de230890c602aabfabaa4534e094f240da6c4a070dfd6fa762d668ebb
large,output/notebook3_gnn_encoder/link_prediction/reed98/k10/hybrid/gatv2_edge_s42.emb,589753,9443bd8b6554cc70ed41f3e8ff11e64ddd102288d9d296327c2b0d49a92597f8
large,output/notebook3_gnn_encoder/link_prediction/reed98/k10/hybrid/gatv2_edge_s43.emb,588444,c0a002b7ef750698d241f779060855d8215946336ad166dd137082f8fac97366
large,output/notebook3_gnn_encoder/link_prediction/reed98/k10/hybrid/gatv2_edge_s44.emb,589263,550f4e6213135ca655a72f647b18359d6728a54d3def03c6eb4a35944d0b3419
large,output/notebook3_gnn_encoder/link_prediction/reed98/k10/hybrid/graphsage_edge_s42.emb,589742,59c578eb714331a3a72663bd8b7740001709a196e5dafb0fb68aebd927f7e972
large,output/notebook3_gnn_encoder/link_prediction/reed98/k10/hybrid/graphsage_edge_s43.emb,588888,dc26e6797b148cf47bf7c875108187558e5dc90f58b37b2392573194eb74642d
large,output/notebook3_gnn_encoder/link_prediction/reed98/k10/hybrid/graphsage_edge_s44.emb,589268,d4eb56cda71dc476e427f774c0f664b98f7b8332379e89f4dda5577c8300b6ba
large,output/notebook3_gnn_encoder/link_prediction/reed98/k10/hybrid/graphsage_edge_s45.emb,589352,0d81dda13686deaf2d0fdec8b56769270f1d2bc4b3c15a4e1ba123b19aa58887
large,output/notebook3_gnn_encoder/link_prediction/reed98/k10/hybrid/graphsage_edge_s46.emb,587438,8c89d7974746dd4acab235f4cc1aa3d242aae89ab25f95e8c5d901203025a005
large,output/notebook3_gnn_encoder/link_prediction/reed98/k10/hybrid/graphsage_edge_s47.emb,587101,698df28fc0deac7e3d43e67c80283c5b6f43a920db9c816199a6906be31ba393
large,output/notebook3_gnn_encoder/link_prediction/reed98/k10/hybrid/graphsage_edge_s48.emb,589592,b14f739ee33d5fb60ab8e8c2bed8b736f4b4651fa718cfe39fa085cae20c0b5c
large,output/notebook3_gnn_encoder/link_prediction/reed98/k10/hybrid/graphsage_edge_s49.emb,588429,9efd6c32f866901beca448cc83806b24ae4392630e94b07d632bb487fcde9bd1
large,output/notebook3_gnn_encoder/link_prediction/reed98/k10/hybrid/graphsage_edge_s50.emb,587160,927946200840a4254bff28e4737203064625b9751b6ed869b5a27d220f2625fc
large,output/notebook3_gnn_encoder/link_prediction/reed98/k10/hybrid/graphsage_edge_s51.emb,588668,09842c5c9c4575330999d6d13dd70315fb70bc22c02377f1cdb09e7cdf615a94
large,output/notebook3_gnn_encoder/link_prediction/reed98/k10/hybrid_centrality/gatv2_edge_s42.emb,589841,10db613c380080a172448aafe29691d501c3f42842ea3df99944dbfe913aec2a
large,output/notebook3_gnn_encoder/link_prediction/reed98/k10/hybrid_centrality/gatv2_edge_s43.emb,588604,117ae9d9c13d3ca0c1f99c7bc2ffdddd42968a85e3475f93adc9523341149970
large,output/notebook3_gnn_encoder/link_prediction/reed98/k10/hybrid_centrality/gatv2_edge_s44.emb,588956,2799689ab6aebd881c433c92046a44d7b0007fb3602cb87879b22b98b6d05802
large,output/notebook3_gnn_encoder/link_prediction/reed98/k10/hybrid_degree/gatv2_edge_s42.emb,589421,91b156737d24f9d77963ab0cb3bd3e8e20473d1fc84143e5c792889a9b62a22c
large,output/notebook3_gnn_encoder/link_prediction/reed98/k10/hybrid_degree/gatv2_edge_s43.emb,587455,9762abfcd9cb58ec5501443bc26f52281602b28db4f932818583fffa3fc38a92
large,output/notebook3_gnn_encoder/link_prediction/reed98/k10/hybrid_degree/gatv2_edge_s44.emb,588939,734de0d0aaec452d0458df66cb2dfa5b51b2e52311ade1de21a691dac43aa8cf
large,output/notebook3_gnn_encoder/link_prediction/reed98/k10/hybrid_degree/graphsage_edge_s42.emb,589843,825386cebfe2657dce83c6d4f82261fd763d927a56bd413fbe9a4a13c67f6b42
large,output/notebook3_gnn_encoder/link_prediction/reed98/k10/hybrid_degree/graphsage_edge_s43.emb,588203,88b4e4fcc9fad1236349f178c1a1e8dc609da814555f19574ad737ca90f69b19
large,output/notebook3_gnn_encoder/link_prediction/reed98/k10/hybrid_degree/graphsage_edge_s44.emb,589097,b13de1871b5527b399a3d5297d2672f6793af9a48ec9b4d9309e16c919ac4231
large,output/notebook3_gnn_encoder/link_prediction/reed98/k10/hybrid_degree/graphsage_edge_s45.emb,589492,812b65d469c6fc2fcebbca023aa6d3b316158df31f9efbccc97681b795a4b92a
large,output/notebook3_gnn_encoder/link_prediction/reed98/k10/hybrid_degree/graphsage_edge_s46.emb,587600,0be174c5716c8db03dce5814c82c613575ee9b03624dc6336d9640be085b3a9d
large,output/notebook3_gnn_encoder/link_prediction/reed98/k10/original/gatv2_edge_s42.emb,590953,b9b716b4769b1cbfd077fb06db94f2e05ce29d13186ae74d12420333d9a527f3
large,output/notebook3_gnn_encoder/link_prediction/reed98/k10/original/gatv2_edge_s43.emb,589208,6d0e9423468fbd091c043b58bb8897a493b0298673ae8b9a37e4379e7a96e8e3
large,output/notebook3_gnn_encoder/link_prediction/reed98/k10/original/gatv2_edge_s44.emb,588770,19e8e4efc87406b500191a44e4609df7c3e94162a17d418bd69cf2fd31ecd4be
large,output/notebook3_gnn_encoder/link_prediction/reed98/k10/original/graphsage_edge_s42.emb,588859,2e3c0dd7bf9286042362c524330909300913051ac4c5d1b22c936f2e1314635a
large,output/notebook3_gnn_encoder/link_prediction/reed98/k10/original/graphsage_edge_s43.emb,589563,5b0398729ceded9d7e9260815fc82d06ca9a5552e29ae04df5a314e27eb62921
large,output/notebook3_gnn_encoder/link_prediction/reed98/k10/original/graphsage_edge_s44.emb,589063,72f577d838136190a2739576d33e9d05bb707791299d37a3466b9c97d64627f6
large,output/notebook3_gnn_encoder/link_prediction/reed98/k10/original/graphsage_edge_s45.emb,589360,52f3fb93f0817350a446556a8d25ddc348b04da5369d8593e07aa603bb3e313b
large,output/notebook3_gnn_encoder/link_prediction/reed98/k10/original/graphsage_edge_s46.emb,588447,c882b0c923ec4eab49bc88fb9d86e64fd9fc3289739e44ba2e979471192ee777
large,output/notebook3_gnn_encoder/link_prediction/reed98/k10/original/graphsage_edge_s47.emb,588068,bae97aeaaa8183354918fddd4aede9c3d5e5f7391102b484cfdcacb8070d5a9d
large,output/notebook3_gnn_encoder/link_prediction/reed98/k10/original/graphsage_edge_s48.emb,589509,c085bc0170106d45d75e56a2c09e6041d7c17bdd04d5b4972dc4e90d3b9fc9d6
large,output/notebook3_gnn_encoder/link_prediction/reed98/k10/original/graphsage_edge_s49.emb,589916,9791f231fe13fe2123db42690eac26684243c6f99f3629fcf4caeba31bbda9f8
large,output/notebook3_gnn_encoder/link_prediction/reed98/k10/original/graphsage_edge_s50.emb,588000,4857cbbe6859748e1b57c7016e8af3ce3642fa9ff6de22122ee196aabc7cf3cd
large,output/notebook3_gnn_encoder/link_prediction/reed98/k10/original/graphsage_edge_s51.emb,589776,9dea66c63e37ede3558925d944f2035f0c26dbebc4c5387ae988cb926ffbfd53
large,output/notebook3_gnn_encoder/link_prediction/reed98/k10/psi/gatv2_edge_s42.emb,589558,842a4d5ff7d332d25e48929604003173d5cbfebedb54e21003bc9a606301ed9f
large,output/notebook3_gnn_encoder/link_prediction/reed98/k10/psi/gatv2_edge_s43.emb,590345,2f9c20d5f1194330f64a0bd9c81f6296c4f7f512e7e318f7ce889adb55c567b1
large,output/notebook3_gnn_encoder/link_prediction/reed98/k10/psi/gatv2_edge_s44.emb,588730,ad9f76bb4d26b5f2da85171a7d45e1c415ce0843ad6df2278f226eed9e870da4
large,output/notebook3_gnn_encoder/link_prediction/reed98/k10/psi/graphsage_edge_s42.emb,588775,6a20c379911e0cf8a8e2ddef0975ff62a88dd8090857274597c864cb94e70670
large,output/notebook3_gnn_encoder/link_prediction/reed98/k10/psi/graphsage_edge_s43.emb,588671,d78c13e8f964d163da50b758c9317804b5dc6940c1f40b3b52689c482b158f76
large,output/notebook3_gnn_encoder/link_prediction/reed98/k10/psi/graphsage_edge_s44.emb,588599,943535d8516661cce3b95f2cf7de71b8afe691d4044a01d41edd2df751f59c81
large,output/notebook3_gnn_encoder/link_prediction/reed98/k10/psi/graphsage_edge_s45.emb,587545,195d3431d9945002a07b3bb69093c913595f7654f5a1a1b05afa0cdab4431683
large,output/notebook3_gnn_encoder/link_prediction/reed98/k10/psi/graphsage_edge_s46.emb,589280,527b65882256289ab37a71af48196850871f26f6b09f9c5bbc0222578b80bb6b
large,output/notebook3_gnn_encoder/link_prediction/reed98/k10/psi/graphsage_edge_s47.emb,588951,9467721777480b56bebd0ee5d3273027ba81de86e5cdc3f0456f5852c7cf57fb
large,output/notebook3_gnn_encoder/link_prediction/reed98/k10/psi/graphsage_edge_s48.emb,589029,66245925e6cb99c065496914a3da1af524eb3adca5dd701580b97944008449cf
large,output/notebook3_gnn_encoder/link_prediction/reed98/k10/psi/graphsage_edge_s49.emb,589311,9f2fa879bdbe1932de3a2f6e8b8243fe3795d0e60c378dfeb07b6924fb649070
large,output/notebook3_gnn_encoder/link_prediction/reed98/k10/psi/graphsage_edge_s50.emb,588105,036325720f5c87c15d1fd772b8035071fc709e1588ed2798e1422177e4edb6ca
large,output/notebook3_gnn_encoder/link_prediction/reed98/k10/psi/graphsage_edge_s51.emb,586900,9b79b6c9891defe393fa3b6a0258f8174c305d779d3109c5c68e52dec3ea9899
large,output/notebook3_gnn_encoder/link_prediction/reed98/k10/psi_pqnorm/graphsage_edge_s42.emb,588803,fa75cff56e0b6bd8cdcc3b6c75c0e11f93a0ee50b8e8455efb18ee8cc4cf8792
large,output/notebook3_gnn_encoder/link_prediction/reed98/k10/psi_pqnorm/graphsage_edge_s43.emb,588399,830e20c34f94888592aa95332f595f5ad93c2c0e931031a48a6ba76f52b63d3a
large,output/notebook3_gnn_encoder/link_prediction/reed98/k10/psi_pqnorm/graphsage_edge_s44.emb,589479,1df410b598f82bca4b60fc5ba3035e861805b5820f70818324db103b37aae603
large,output/notebook3_gnn_encoder/link_prediction/reed98/k10/psi_shift/graphsage_edge_s42.emb,588736,607a4c9b382e461f4244702d33e8845eabbf5361001e2803bcc07fd4d61b996e
large,output/notebook3_gnn_encoder/link_prediction/reed98/k10/psi_shift/graphsage_edge_s43.emb,588337,5644e25c139a1b7da93d90061078ee966be20397ebb43bc99325b0464e5d80b8
large,output/notebook3_gnn_encoder/link_prediction/reed98/k10/psi_shift/graphsage_edge_s44.emb,589152,3ddaf1b0994cac014a3c51c70da97933a0e06ae3fb70ba59c95523c141014638
large,output/notebook3_gnn_encoder/link_prediction/roman_empire/k10/centrality/gatv2_edge_s42.emb,13924378,23d4703956b0d989a5c04493540a74a11e68c3614d180733d598b86699abe460
large,output/notebook3_gnn_encoder/link_prediction/roman_empire/k10/centrality/gatv2_edge_s43.emb,13926810,a3435c3f65e05e332f282ead572113e758175b1bf6dd92d672d4dd1baf96e47d
large,output/notebook3_gnn_encoder/link_prediction/roman_empire/k10/centrality/gatv2_edge_s44.emb,13922521,d28973e50f11477ab8b6fe0c4dd8a4a7d83ec90befe232804caf770216724ffa
large,output/notebook3_gnn_encoder/link_prediction/roman_empire/k10/centrality/graphsage_edge_s42.emb,13921855,744b8238bbc84447f03030bdf2e8e7f52dced1575f0424a282a94fe981528b1b
large,output/notebook3_gnn_encoder/link_prediction/roman_empire/k10/centrality/graphsage_edge_s43.emb,13917250,2a21b85259e91a219696398073c4b3a8953b47dae4928063a066b5e5441f5353
large,output/notebook3_gnn_encoder/link_prediction/roman_empire/k10/centrality/graphsage_edge_s44.emb,13905424,7e2e3ee52275e64e3b5ece13521ce34de025accf8e5d0ad39ca3313972479573
large,output/notebook3_gnn_encoder/link_prediction/roman_empire/k10/centrality/graphsage_edge_s45.emb,13865380,26a959adfa605ba5c29c026abe502126a57e97aec29c4c90fc4573112e535b61
large,output/notebook3_gnn_encoder/link_prediction/roman_empire/k10/centrality/graphsage_edge_s46.emb,13931962,ae3c349ac01874b273222d98af9fbee86230adc480b0b7953d5553ce02f347d5
large,output/notebook3_gnn_encoder/link_prediction/roman_empire/k10/centrality/graphsage_edge_s47.emb,13927124,1abda72c328959920bc49fa3ec84247d935499fb37e9c8fa9cc269a4b9cfcae3
large,output/notebook3_gnn_encoder/link_prediction/roman_empire/k10/centrality/graphsage_edge_s48.emb,13929194,3b62ee9e04487116a032199db0c1f16c22596d3f3026a553a5bc5df2eccc996f
large,output/notebook3_gnn_encoder/link_prediction/roman_empire/k10/centrality/graphsage_edge_s49.emb,13891929,ab65d7122fdedbecb0a6fa2ddb947ad57d017099b068bb8692e72244505a4ec5
large,output/notebook3_gnn_encoder/link_prediction/roman_empire/k10/centrality/graphsage_edge_s50.emb,13893650,6e98d1783a31a1a8d51db6a5af622e1a9bbf25ce215c5ca4bbc8477a733e2919
large,output/notebook3_gnn_encoder/link_prediction/roman_empire/k10/centrality/graphsage_edge_s51.emb,13884296,3d334c505eccf9b88c9166fbd4f4213818709713e5348d91ad4c53dd325be2bb
large,output/notebook3_gnn_encoder/link_prediction/roman_empire/k10/degree/gatv2_edge_s42.emb,13924379,287c2141b0373299e73d3092a35b3cd812862f6ef60c7e0cc8f47ad608387259
large,output/notebook3_gnn_encoder/link_prediction/roman_empire/k10/degree/gatv2_edge_s43.emb,13943195,29b87b3a0a0c58ac4de4ae34ee76049b5d80f81ed527e8de64eaed863c3d869a
large,output/notebook3_gnn_encoder/link_prediction/roman_empire/k10/degree/gatv2_edge_s44.emb,13913307,7f2c1737cbd78cce3f18e82eef44cc6646eb02d5684cba02e667f10cef6425e8
large,output/notebook3_gnn_encoder/link_prediction/roman_empire/k10/degree/graphsage_edge_s42.emb,13919808,41f89758f7032b93dbda4d3abf39fee70b46b2752d8afebf5f9e5906109f41f8
large,output/notebook3_gnn_encoder/link_prediction/roman_empire/k10/degree/graphsage_edge_s43.emb,13917313,7a1b924caa94d867108996ab7c1794acffe7356e037b1039864f01dc7967f467
large,output/notebook3_gnn_encoder/link_prediction/roman_empire/k10/degree/graphsage_edge_s44.emb,13909565,6dd2aeba39f3d91e4b11cb3862533717db093326c78d5c690d138c23a61448be
large,output/notebook3_gnn_encoder/link_prediction/roman_empire/k10/degree/graphsage_edge_s45.emb,13899797,305424140c7ddf8b3acf834631a54450eb749a960c4ed1e8bb4b4dba7ff60151
large,output/notebook3_gnn_encoder/link_prediction/roman_empire/k10/degree/graphsage_edge_s46.emb,13904941,b9bd6f6756562676d70fa7a1b6754c56394dd4356ec39cb27de9ca438eebfb7e
large,output/notebook3_gnn_encoder/link_prediction/roman_empire/k10/degree/graphsage_edge_s47.emb,13908164,cc3311bf4227cd7a6dec2871230b5e348d195c13d1c5029524ed4c5dbe0bf524
large,output/notebook3_gnn_encoder/link_prediction/roman_empire/k10/degree/graphsage_edge_s48.emb,13930198,1c9457192db07f442dcee2a1522ee5d2432b04f661c9fd10c6dda00124d9fc01
large,output/notebook3_gnn_encoder/link_prediction/roman_empire/k10/degree/graphsage_edge_s49.emb,13874865,7aa8b94a52618f1ed7b02eaa7bd68ff8abb01003b5150b48d7369223cf00c6f3
large,output/notebook3_gnn_encoder/link_prediction/roman_empire/k10/degree/graphsage_edge_s50.emb,13897981,88b260055b4d53566cef3ef7292feebfae2d3e4a8f216f4b3a2d4501a3c47936
large,output/notebook3_gnn_encoder/link_prediction/roman_empire/k10/degree/graphsage_edge_s51.emb,13890471,51a98e26f4ba44b0960d4c6362e5c375a0296d033c0a6e213dfc40aaa6e63e5c
large,output/notebook3_gnn_encoder/link_prediction/roman_empire/k10/hybrid/gatv2_edge_s42.emb,13945533,dff6d4b24145fbc2d3a93a17c3ec706ef1a6742d718d071f4ebff6fbad489188
large,output/notebook3_gnn_encoder/link_prediction/roman_empire/k10/hybrid/gatv2_edge_s43.emb,13913622,221c6227bb4e89b7d8cf527b1aaae7fe87f3271a145a0e5bec1a181ea8afa077
large,output/notebook3_gnn_encoder/link_prediction/roman_empire/k10/hybrid/gatv2_edge_s44.emb,13929048,b06f7023a86941b458ac619731ef7d32c4ac05288214ad766e5616d527328148
large,output/notebook3_gnn_encoder/link_prediction/roman_empire/k10/hybrid/graphsage_edge_s42.emb,13925762,5518828951255ad70eab250680b2628b4906f4ad4a53123bf7ad729f8f32dacc
large,output/notebook3_gnn_encoder/link_prediction/roman_empire/k10/hybrid/graphsage_edge_s43.emb,13901160,da01c976994a82596a0c3cdbc9452222abdf978d3d0bfc0a8b175a624ecbe5ab
large,output/notebook3_gnn_encoder/link_prediction/roman_empire/k10/hybrid/graphsage_edge_s44.emb,13896989,518baae34fa0d95453b167573a92a37479e4ea3f531dc0d08e17ff1874f89c85
large,output/notebook3_gnn_encoder/link_prediction/roman_empire/k10/hybrid/graphsage_edge_s45.emb,13868329,55cf5a48a4b0333d4e1208e2ede1cd3374432917a4706b79030ac2d6a34aa7d4
large,output/notebook3_gnn_encoder/link_prediction/roman_empire/k10/hybrid/graphsage_edge_s46.emb,13894457,15cba1ddfec34ae7d82d5b326501f9b4b61810b1e01513708a615791c880600d
large,output/notebook3_gnn_encoder/link_prediction/roman_empire/k10/hybrid/graphsage_edge_s47.emb,13918531,aca336e6dd970b5129c53a9b0e3d851a1ee90f3d1b5b31992eec2d38ac692cf4
large,output/notebook3_gnn_encoder/link_prediction/roman_empire/k10/hybrid/graphsage_edge_s48.emb,13922377,406ce7f4b36c587c491c6a8363a00cb2a343ce9d73b39de483ace12541352f00
large,output/notebook3_gnn_encoder/link_prediction/roman_empire/k10/hybrid/graphsage_edge_s49.emb,13898075,cfade38f42a3a0d749a0d64eeb945425cdcbe13477d8af73ecaf6294ca6e9570
large,output/notebook3_gnn_encoder/link_prediction/roman_empire/k10/hybrid/graphsage_edge_s50.emb,13888183,fce7982356d2977764f5354b526c8fe50942c2996ce0cc66011a16ac92a2ba24
large,output/notebook3_gnn_encoder/link_prediction/roman_empire/k10/hybrid/graphsage_edge_s51.emb,13894170,7534bf2a4fa953b68322686bf0314ba7de3f59893e280465e946198cbb7fb3d3
large,output/notebook3_gnn_encoder/link_prediction/roman_empire/k10/hybrid_centrality/gatv2_edge_s42.emb,13942020,291db050d6b9e8833ac9acdda69b5ac8d3715a7e71a3d7585bd0406745e99552
large,output/notebook3_gnn_encoder/link_prediction/roman_empire/k10/hybrid_centrality/gatv2_edge_s43.emb,13915339,90d9f7220bb88777bc538eb7d65cc02efd53d553139162701221634250d65363
large,output/notebook3_gnn_encoder/link_prediction/roman_empire/k10/hybrid_centrality/gatv2_edge_s44.emb,13912090,afe066bdb76d667c428a3ce6dfc73071720d51ebe2927d2c66d505e657452f66
large,output/notebook3_gnn_encoder/link_prediction/roman_empire/k10/hybrid_centrality/graphsage_edge_s42.emb,13912075,38f4d1874cdfc274686d6fb1f694291edfac4566a41b8352d2057448b8b047bf
large,output/notebook3_gnn_encoder/link_prediction/roman_empire/k10/hybrid_centrality/graphsage_edge_s43.emb,13929342,06478b31cafe7f7704b0029a8a6b3bc57f6f85958a0552bceeec41e39e56cf45
large,output/notebook3_gnn_encoder/link_prediction/roman_empire/k10/hybrid_centrality/graphsage_edge_s44.emb,13910723,75f169a6276126b4bfa84503cacd027a75eb9d83d076b6e4b7a069928abdf750
large,output/notebook3_gnn_encoder/link_prediction/roman_empire/k10/hybrid_centrality/graphsage_edge_s45.emb,13873453,55b82db3a4e1bf51ba4870438b77e474baa659bd117382dee659afa9c0e07d12
large,output/notebook3_gnn_encoder/link_prediction/roman_empire/k10/hybrid_centrality/graphsage_edge_s46.emb,13924383,05ba21f7c773128ff403fb4c88b27faf8cdbced585714b994632e782519ae1e3
large,output/notebook3_gnn_encoder/link_prediction/roman_empire/k10/hybrid_centrality/graphsage_edge_s47.emb,13920295,781415e3d31806aa68c07dba837815e7aa932405d799979a18de45b077a13082
large,output/notebook3_gnn_encoder/link_prediction/roman_empire/k10/hybrid_centrality/graphsage_edge_s48.emb,13932509,6c4b2ddaed160fbb6e78361546214f58d250956e5223f60b6900ff8c56b15cdf
large,output/notebook3_gnn_encoder/link_prediction/roman_empire/k10/hybrid_centrality/graphsage_edge_s49.emb,13892977,f1722e128c4fbf66c26c3ae412e2c50d974577d90fc6a84e16cfee3ca37b87f7
large,output/notebook3_gnn_encoder/link_prediction/roman_empire/k10/hybrid_centrality/graphsage_edge_s50.emb,13896918,52104920e5764acbc74ae73f7e0d54c6e1d2df135a6d739c21ea8ecafb0c618b
large,output/notebook3_gnn_encoder/link_prediction/roman_empire/k10/hybrid_centrality/graphsage_edge_s51.emb,13889783,63a7c9b33e0f0169aac2154416b32aabe55d97b307c1d43d2ed7398eb76467f3
large,output/notebook3_gnn_encoder/link_prediction/roman_empire/k10/hybrid_degree/gatv2_edge_s42.emb,13974070,0d21ab6aae1d89280e2f9a555658d9ed4469d66c334ee97c96f7a2b484d6a910
large,output/notebook3_gnn_encoder/link_prediction/roman_empire/k10/hybrid_degree/gatv2_edge_s43.emb,13958090,9758545e652e86e8837a458ae613494346143a409cb77cba513b4c363f35ab5f
large,output/notebook3_gnn_encoder/link_prediction/roman_empire/k10/hybrid_degree/gatv2_edge_s44.emb,13851217,446ade2955852b008b387aeb3fc7b188d61ced1cbda24b86bebe272faa3c5ecc
large,output/notebook3_gnn_encoder/link_prediction/roman_empire/k10/hybrid_degree/graphsage_edge_s42.emb,13924838,20213159bdd117c28ba424203dec88842bd8794c080453d71288d0e9c97c7494
large,output/notebook3_gnn_encoder/link_prediction/roman_empire/k10/hybrid_degree/graphsage_edge_s43.emb,13919013,bc9252ac3aa94f05fed9f39126f9e8886313f3b91951ce50d13f56383ed320cc
large,output/notebook3_gnn_encoder/link_prediction/roman_empire/k10/hybrid_degree/graphsage_edge_s44.emb,13914308,3d2ebb791b629bd94d1439f62404646562fb0bca58e8569bf48adf1e98646536
large,output/notebook3_gnn_encoder/link_prediction/roman_empire/k10/hybrid_degree/graphsage_edge_s45.emb,13894829,0d2cbe738b3ca1d93f59918ccedcbde0e0921cc79c2a1be34f85006a48719547
large,output/notebook3_gnn_encoder/link_prediction/roman_empire/k10/hybrid_degree/graphsage_edge_s46.emb,13922489,2ecc4578ca8bceaed8ddb1252215ee5e487ad6fd8ef6a256880f2c82f8a86527
large,output/notebook3_gnn_encoder/link_prediction/roman_empire/k10/hybrid_degree/graphsage_edge_s47.emb,13917777,71b4e9fc459481acc9a1dd463b859d25feb3786891ce17d12f9d632764d1d017
large,output/notebook3_gnn_encoder/link_prediction/roman_empire/k10/hybrid_degree/graphsage_edge_s48.emb,13940728,73afc5564a8603f08a99de13ce858de4189563a45e36433c08d494bc2d890fd2
large,output/notebook3_gnn_encoder/link_prediction/roman_empire/k10/hybrid_degree/graphsage_edge_s49.emb,13876149,b6564088639159b6dae5388e486398fd7c0c85c8a07bec1e0761a1502df2b53a
large,output/notebook3_gnn_encoder/link_prediction/roman_empire/k10/hybrid_degree/graphsage_edge_s50.emb,13886258,b7a6e0399c75ba68830963e57eb1225d9139f1f821f993a7e3ef6170be809ed7
large,output/notebook3_gnn_encoder/link_prediction/roman_empire/k10/hybrid_degree/graphsage_edge_s51.emb,13889742,efd4ca21b18fb4add04f28311240d11a8977c96d3012d0174f474d8f9f3b68ce
large,output/notebook3_gnn_encoder/link_prediction/roman_empire/k10/original/gatv2_edge_s42.emb,13951547,73b881b3e49ced00ceea0e127a3754be34b27e4215ae36f6fbbf9fd300eb6f9c
large,output/notebook3_gnn_encoder/link_prediction/roman_empire/k10/original/gatv2_edge_s43.emb,13889427,a4f46f5e9e7aea98e5db754af8ae5db260c716bcdde3861700de6e1b81795060
large,output/notebook3_gnn_encoder/link_prediction/roman_empire/k10/original/gatv2_edge_s44.emb,13888050,287cc6328635dc8e9d799cbeb4f049bfa31e9a6a210a35fc034e3c9a79ef3105
large,output/notebook3_gnn_encoder/link_prediction/roman_empire/k10/original/graphsage_edge_s42.emb,13924022,7d13059acd59d900c443912d506fdeaa397775bb71d1ce4a2aea6fe5a7097c32
large,output/notebook3_gnn_encoder/link_prediction/roman_empire/k10/original/graphsage_edge_s43.emb,13908381,bf1172a0d6db39cde1414abf586f86f8b60dc4e2e860c5bb49b8de302e92ea23
large,output/notebook3_gnn_encoder/link_prediction/roman_empire/k10/original/graphsage_edge_s44.emb,13934077,ede20387f6c65ddc6ad8a5c03b77e1216da650ea788d1a5a8e838ae11b8fec60
large,output/notebook3_gnn_encoder/link_prediction/roman_empire/k10/original/graphsage_edge_s45.emb,13865831,8e79435ae6b33a5899e2da3d7834c9be4632d1fc368013232a0366dc4c879e99
large,output/notebook3_gnn_encoder/link_prediction/roman_empire/k10/original/graphsage_edge_s46.emb,13920090,4c07a5bcb9805acdd67b2c78bc5166bf5fe286f12a2ffae13aeacff701fa1cd7
large,output/notebook3_gnn_encoder/link_prediction/roman_empire/k10/original/graphsage_edge_s47.emb,13882363,0c9493e52fb7fc36616c15960a1d8f790e30cf4cd10f136a9c8dba5cbc0e371e
large,output/notebook3_gnn_encoder/link_prediction/roman_empire/k10/original/graphsage_edge_s48.emb,13931560,bab43ccd54855f1c8bb4ec5d043efe51bc0a59c0e3cedff63267ee3c9a4787fb
large,output/notebook3_gnn_encoder/link_prediction/roman_empire/k10/original/graphsage_edge_s49.emb,13923481,bba3bef25bcac00ece82f76e47f17d65e84100275cacc929fd303c50952821fd
large,output/notebook3_gnn_encoder/link_prediction/roman_empire/k10/original/graphsage_edge_s50.emb,13890601,73d55556e3f37aa9ec00c4a7f58fc06b8b351a39fc32ac4cd88aad89f5e8ab35
large,output/notebook3_gnn_encoder/link_prediction/roman_empire/k10/original/graphsage_edge_s51.emb,13882824,fe682d494e726a4dc33c24ccf0263adce146db363decc32d5e8b6c67baff99aa
large,output/notebook3_gnn_encoder/link_prediction/roman_empire/k10/psi/gatv2_edge_s42.emb,13949473,b2fc270e3bef69fdc344d30e00ef4842160f09144baa57ed45dc93f366dfb6de
large,output/notebook3_gnn_encoder/link_prediction/roman_empire/k10/psi/gatv2_edge_s43.emb,13918188,3608b20ae0251731f0872825eea10fbba89b8d9d4844d8de4cb4a20959995909
large,output/notebook3_gnn_encoder/link_prediction/roman_empire/k10/psi/gatv2_edge_s44.emb,13906276,7f81d0dc1be76f4ddcb0e83ee0aed094c9e82525ef63b5223066f646dc7b9229
large,output/notebook3_gnn_encoder/link_prediction/roman_empire/k10/psi/graphsage_edge_feat_centrality_s42.emb,13924661,fe701ff26bbdef60d12ee7236786b8f31475035aff5fd567da3fa104199db4d0
large,output/notebook3_gnn_encoder/link_prediction/roman_empire/k10/psi/graphsage_edge_feat_centrality_s43.emb,13819280,6d09b718ed8613092145f99691fb7cb61a176bd70ea98f26159c61d2f0d655ec
large,output/notebook3_gnn_encoder/link_prediction/roman_empire/k10/psi/graphsage_edge_feat_centrality_s44.emb,14055598,62e4f0c311ab0473cfc68630a69904a20d41a27e909cc152592fdfaaf723c42d
large,output/notebook3_gnn_encoder/link_prediction/roman_empire/k10/psi/graphsage_edge_feat_clustering_s42.emb,13952386,c66f98ada9cc8b588f389288520e927cc1321be24f95d0846de72b369894760f
large,output/notebook3_gnn_encoder/link_prediction/roman_empire/k10/psi/graphsage_edge_feat_clustering_s43.emb,13939086,f14a0bf181bd9f9f6bead5d78f94020335f4998b1437bd1b9cb38af06b1a3240
large,output/notebook3_gnn_encoder/link_prediction/roman_empire/k10/psi/graphsage_edge_feat_clustering_s44.emb,13901920,f907ef3632e6b609ff9326da8690956d65e65d1cb334ad965a158adf545b7797
large,output/notebook3_gnn_encoder/link_prediction/roman_empire/k10/psi/graphsage_edge_feat_const_s42.emb,13812719,fcc18327f12c1743a213addd4694411cfedef41d31573372705addb48654e43c
large,output/notebook3_gnn_encoder/link_prediction/roman_empire/k10/psi/graphsage_edge_feat_const_s43.emb,13812719,348ad33fb1ed0c25c8830e603cef9f3cae5904468d7a874c746445bb664f3ed9
large,output/notebook3_gnn_encoder/link_prediction/roman_empire/k10/psi/graphsage_edge_feat_const_s44.emb,14016677,52a8f073b1b10887bf44b072aebcbc6ec4d5c1cdb043d1103c27000669b9b477
large,output/notebook3_gnn_encoder/link_prediction/roman_empire/k10/psi/graphsage_edge_feat_deg_cent_s42.emb,13903793,19ad372e67c75ea66b9943e734ebe5b6952fed0a57816f08588cdff16d281904
large,output/notebook3_gnn_encoder/link_prediction/roman_empire/k10/psi/graphsage_edge_feat_deg_cent_s43.emb,13904707,cea6b2e305b80d97f1a76499b8cb7fba6ac64fc100d20101464780eb3810478d
large,output/notebook3_gnn_encoder/link_prediction/roman_empire/k10/psi/graphsage_edge_feat_deg_cent_s44.emb,13842224,9b0756ea0158b027f28595039508e5e6020f27de5e76ad1235607e70dcab0320
large,output/notebook3_gnn_encoder/link_prediction/roman_empire/k10/psi/graphsage_edge_feat_degree_s42.emb,13918982,8ab2ccbc4d3ea2757136f9a641825a81f3458bd7164b6cb32ad8b3f1a8950c3f
large,output/notebook3_gnn_encoder/link_prediction/roman_empire/k10/psi/graphsage_edge_feat_degree_s43.emb,13880660,74b4c8da8565ad76220756ccb1d8457dd5dc5002b951dc34f8bb49403f60827a
large,output/notebook3_gnn_encoder/link_prediction/roman_empire/k10/psi/graphsage_edge_feat_degree_s44.emb,13915473,c5566e708dab8e44b906b4fc78a678ebc813b95b5bc35151145fa87164198c93
large,output/notebook3_gnn_encoder/link_prediction/roman_empire/k10/psi/graphsage_edge_feat_psi_s42.emb,13944420,d3b5513ca67e48f18193fb0fc0f3b4d284f635aaf26928a92e2bb34105505f81
large,output/notebook3_gnn_encoder/link_prediction/roman_empire/k10/psi/graphsage_edge_feat_psi_s43.emb,13866455,0912a06c744efe8038d4d3964d2d808c12ebdafdaaaa80f879b0eca437867f04
large,output/notebook3_gnn_encoder/link_prediction/roman_empire/k10/psi/graphsage_edge_feat_psi_s44.emb,13901691,da23fbcad9f9564db4921270aaa9c4975f28eeabfdb20deea45f64a890fdf5f0
large,output/notebook3_gnn_encoder/link_prediction/roman_empire/k10/psi/graphsage_edge_feat_random_s42.emb,13898467,b03ce9ae9682db8b6837b344725d2ea0fc1de627449e5e0f0c659c51a4c99167
large,output/notebook3_gnn_encoder/link_prediction/roman_empire/k10/psi/graphsage_edge_feat_random_s43.emb,13896747,62754af07b50214f5933e2cf9e4aaa8654222eb4f6ae1e08be9cfaa66e0043ef
large,output/notebook3_gnn_encoder/link_prediction/roman_empire/k10/psi/graphsage_edge_feat_random_s44.emb,13903695,dd4ff69891f3bbad0aa93be96a2819dbb49b24f93f4015ac97b233347eb8a27c
large,output/notebook3_gnn_encoder/link_prediction/roman_empire/k10/psi/graphsage_edge_s42.emb,13931448,524629a180ae3a5dc700b437a5bbd25f6210db1eeb75fe1bad2a91d85040f1e1
large,output/notebook3_gnn_encoder/link_prediction/roman_empire/k10/psi/graphsage_edge_s43.emb,13916378,ff3db8c75a7738d623de3697bde08a65257693ee5727ada55d5e11794d669947
large,output/notebook3_gnn_encoder/link_prediction/roman_empire/k10/psi/graphsage_edge_s44.emb,13888741,208c0e1467d5771b57425a361b0c71c96ef77e4fc996605fa3644dd69cec0b6d
large,output/notebook3_gnn_encoder/link_prediction/roman_empire/k10/psi/graphsage_edge_s45.emb,13865786,23cac26e94e7780d9eb0fe71cec79d7fb76e72702901a70d69bf50cd5caf9c62
large,output/notebook3_gnn_encoder/link_prediction/roman_empire/k10/psi/graphsage_edge_s46.emb,13901683,b8a7d3eaf25445a84ba74fe99f0bdc9908e886883218a86dc057f9fde7ab8209
large,output/notebook3_gnn_encoder/link_prediction/roman_empire/k10/psi/graphsage_edge_s47.emb,13923350,c840da9e9c55fe8b0c9121cc40200633c1d0872b6a952bf36d1553cfacad7746
large,output/notebook3_gnn_encoder/link_prediction/roman_empire/k10/psi/graphsage_edge_s48.emb,13912066,9d418f8222dd7d2ed2d7c51d722f118ace91d565368eb396499ac1219d4da917
large,output/notebook3_gnn_encoder/link_prediction/roman_empire/k10/psi/graphsage_edge_s49.emb,13891994,e263969e7ecdfc665d61c4039014b2bd3e7dff083ed86880bd3d2d7815065f90
large,output/notebook3_gnn_encoder/link_prediction/roman_empire/k10/psi/graphsage_edge_s50.emb,13895861,54180a231969ac361ca3c98f82a991703c3f9b2ab4b9e682d7f61894cca74bd0
large,output/notebook3_gnn_encoder/link_prediction/roman_empire/k10/psi/graphsage_edge_s51.emb,13908066,0c5c0962d8440ae3cc80ac4d827e88be4d5fdfeaff7840ff2f6dacd87d04b558
large,output/notebook3_gnn_encoder/link_prediction/roman_empire/k10/psi_lambda/graphsage_edge_s42.emb,13910261,ac33d3d4a9549d5149149b4a0a7728b8acc94652a69aa812769b198203c1ea70
large,output/notebook3_gnn_encoder/link_prediction/roman_empire/k10/psi_lambda/graphsage_edge_s43.emb,13907516,0eb31762b69ca4ff63d928cf8d2f1a75daed19fdaf43571081834b791b9f770c
large,output/notebook3_gnn_encoder/link_prediction/roman_empire/k10/psi_lambda/graphsage_edge_s44.emb,13903088,51a1b638a5e945583ed1d9f302df53b86a77dabfd0d22ac91335923091691319
large,output/notebook3_gnn_encoder/link_prediction/roman_empire/k10/psi_pqnorm/graphsage_edge_s42.emb,13919213,a7d1735c12144ad8d3fe6d183f65db732dafa801849120d5aec2637485e8d116
large,output/notebook3_gnn_encoder/link_prediction/roman_empire/k10/psi_pqnorm/graphsage_edge_s43.emb,13901954,442b71676c00faf2002a7f5bb8e7aa124cb1ba683e0ae620180ca82ba1a4abe7
large,output/notebook3_gnn_encoder/link_prediction/roman_empire/k10/psi_pqnorm/graphsage_edge_s44.emb,13907375,27b53df36f0f07a98a10b50feb28d463f12c77b3ced7c61fdc0f06f637f99fed
large,output/notebook3_gnn_encoder/link_prediction/roman_empire/k10/psi_qnorm/graphsage_edge_s42.emb,13925922,f6ec24df25c72095893ed487f9fad6b7818d53b3ecf8b6451b12fdff13f7b6ea
large,output/notebook3_gnn_encoder/link_prediction/roman_empire/k10/psi_qnorm/graphsage_edge_s43.emb,13902884,128804744da4b9bfe28ad8a41ce4bb204b52d4bc7e040c3be443e5ce7a9cea32
large,output/notebook3_gnn_encoder/link_prediction/roman_empire/k10/psi_qnorm/graphsage_edge_s44.emb,13906600,286e1d7e0bb52b724c40e55afcbb13a87e6b0098e77f0c90622a78777b6a52ef
large,output/notebook3_gnn_encoder/link_prediction/roman_empire/k10/psi_shift/graphsage_edge_s42.emb,13936575,228c1f6ae90760c8103c8e9056f0d24560efc9a752722689659ac2ee4206c26f
large,output/notebook3_gnn_encoder/link_prediction/roman_empire/k10/psi_shift/graphsage_edge_s43.emb,13928556,729847f3bf255936b77a93b897556b9cf39335b7da2040b9f03f678f9353bd88
large,output/notebook3_gnn_encoder/link_prediction/roman_empire/k10/psi_shift/graphsage_edge_s44.emb,13880207,397ca59ccab44df5fdfc1cea359be48c39b271fd839278af48218cee63036071
large,output/notebook3_gnn_encoder/link_prediction/spanish_highschool_6/k10/centrality/graphsage_edge_s42.emb,326744,822fc90411608be470a92212b0923254a714278af79b7487d9800219be9e2e75
large,output/notebook3_gnn_encoder/link_prediction/spanish_highschool_6/k10/centrality/graphsage_edge_s43.emb,325971,ce87c143fad82ff88b041c8341b602a2aa32220f9866e9502b0d607350e58e82
large,output/notebook3_gnn_encoder/link_prediction/spanish_highschool_6/k10/centrality/graphsage_edge_s44.emb,326458,c07d736278deebbf0b14ca47d4ce5b77d3236c9006033888daefbd21ff601aec
large,output/notebook3_gnn_encoder/link_prediction/spanish_highschool_6/k10/degree/graphsage_edge_s42.emb,326602,9886ed2f20965e49c77c9f9cf174064b919ffd0c63a14518c885983525374263
large,output/notebook3_gnn_encoder/link_prediction/spanish_highschool_6/k10/degree/graphsage_edge_s43.emb,326495,6dd3190b4ec39aa3368a23872f2f31dca895afbcaf8fd81591aff50ec2705b46
large,output/notebook3_gnn_encoder/link_prediction/spanish_highschool_6/k10/degree/graphsage_edge_s44.emb,326857,2931e3219fe3973735e9cc8df50b6a9f064fd37f5dd39af2490649cc477cb2e7
large,output/notebook3_gnn_encoder/link_prediction/spanish_highschool_6/k10/hybrid/graphsage_edge_s42.emb,327672,ac7eee431c8dadd97b2893f108d2092f31d74f09d63d1933be7d9350b7afed90
large,output/notebook3_gnn_encoder/link_prediction/spanish_highschool_6/k10/hybrid/graphsage_edge_s43.emb,326547,fd8d65abbeb1047c3775bcfaa1d010c85a42aa06b09525da95ea48a11541740c
large,output/notebook3_gnn_encoder/link_prediction/spanish_highschool_6/k10/hybrid/graphsage_edge_s44.emb,326785,e60827e7a4107b60ec0501373b451edb52331f3c6dfa1e8f4ef9c61a1787261f
large,output/notebook3_gnn_encoder/link_prediction/spanish_highschool_6/k10/original/graphsage_edge_s42.emb,327639,0d2d40f67b7978bab309ef64432c4ae497e473c92b52b71360667f795d9d84a0
large,output/notebook3_gnn_encoder/link_prediction/spanish_highschool_6/k10/original/graphsage_edge_s43.emb,327511,e35fb703e57c39054679eb36cd943e5a2a61dcec18857ac7aa4a8e053496934e
large,output/notebook3_gnn_encoder/link_prediction/spanish_highschool_6/k10/original/graphsage_edge_s44.emb,326443,e2ff19347973db9128b7fa94c44f3f56817443b076e5d65be0dbf310b695764b
large,output/notebook3_gnn_encoder/link_prediction/spanish_highschool_6/k10/psi/graphsage_edge_s42.emb,326661,ab5e6e4a605f62faec948b544aae7fdf55984d3aa0c1889ed55bb00cf7e4cea0
large,output/notebook3_gnn_encoder/link_prediction/spanish_highschool_6/k10/psi/graphsage_edge_s43.emb,326041,9cc3b1fe5da1af4b32441fa686fa00a11f71fb6a3d1e310b5c613468f5a888e2
large,output/notebook3_gnn_encoder/link_prediction/spanish_highschool_6/k10/psi/graphsage_edge_s44.emb,326493,ecde06fb1701528015a0a73615c8b58f61702271a2abcae37feeab69589fcfba
large,output/notebook3_gnn_encoder/link_prediction/squirrel/k10/centrality/graphsage_edge_s42.emb,3194342,d84a67d56199d0eb68cb8e5ca8743719c78dc8973a146c28b743bd3474e19249
large,output/notebook3_gnn_encoder/link_prediction/squirrel/k10/centrality/graphsage_edge_s43.emb,3178685,cfa12747695c17b65c4e940426388893b21db6a6045c280c3e70e7c1d4181f2c
large,output/notebook3_gnn_encoder/link_prediction/squirrel/k10/centrality/graphsage_edge_s44.emb,3185501,612c6e28b8d336c449b434660de046638cdc3ddbeffc952565c72d406654fab4
large,output/notebook3_gnn_encoder/link_prediction/squirrel/k10/centrality/graphsage_edge_s45.emb,3187631,19f131272ee9cb624b09773f2e8c608cb3346b32d46862e51946724de2207b43
large,output/notebook3_gnn_encoder/link_prediction/squirrel/k10/centrality/graphsage_edge_s46.emb,3190986,f88884eb857ae6c73c8e616137136f54a41eee56452ed9411472d9123ccd5fbc
large,output/notebook3_gnn_encoder/link_prediction/squirrel/k10/centrality/graphsage_edge_s47.emb,3194376,01de9e249d60953595a13abd2b77f6f74f1a7f88be74754ca45fed1a180504d1
large,output/notebook3_gnn_encoder/link_prediction/squirrel/k10/degree/graphsage_edge_s42.emb,3182929,3927481b214f8c528d9ed5eb7be6decbb51d81a8dec6f63b44ba6fe21cbb97d5
large,output/notebook3_gnn_encoder/link_prediction/squirrel/k10/degree/graphsage_edge_s43.emb,3178540,44ecd7a11cdf2bf56c5da87ec1487578bf500a6bc607ac4124d31703f64177f1
large,output/notebook3_gnn_encoder/link_prediction/squirrel/k10/degree/graphsage_edge_s44.emb,3189453,041b40e5f329429f10e7d52cd2916dfd1a244064af254bfe189b7f8f15bd5db3
large,output/notebook3_gnn_encoder/link_prediction/squirrel/k10/degree/graphsage_edge_s45.emb,3181882,853e26eaf7aa29f3f5ef973a380dc6ad52f9572da34adbea7f25fbcec9f45820
large,output/notebook3_gnn_encoder/link_prediction/squirrel/k10/degree/graphsage_edge_s46.emb,3181500,b8d8daa1603a80f4b61ef44d8759db24006f6b72936d9c0fee8ad3eae36ffad2
large,output/notebook3_gnn_encoder/link_prediction/squirrel/k10/degree/graphsage_edge_s47.emb,3186483,aa585301505c011f4b6b4c21f1eca37796dd892121f936eeb81329f517ad343b
large,output/notebook3_gnn_encoder/link_prediction/squirrel/k10/hybrid/graphsage_edge_s42.emb,3201165,e52a7528cb32dcf20c7d8f5a3f4672bc9afe5987fdad1a47ef150a7dc5bb9fd9
large,output/notebook3_gnn_encoder/link_prediction/squirrel/k10/hybrid/graphsage_edge_s43.emb,3185475,9b34d587bc7b33100742c51b3ffdebd34c532ec7600e100f119fe236ce2c6615
large,output/notebook3_gnn_encoder/link_prediction/squirrel/k10/hybrid/graphsage_edge_s44.emb,3192016,d7c4e99eeb17177b162a4dc245a79f9e5a3268551916bce711eeae48f960f596
large,output/notebook3_gnn_encoder/link_prediction/squirrel/k10/hybrid/graphsage_edge_s45.emb,3198477,ae4e7852795c0e9c23eaf49bdbdf8ebb8208325f7f26d8c681286a132b660ce4
large,output/notebook3_gnn_encoder/link_prediction/squirrel/k10/hybrid/graphsage_edge_s46.emb,3196936,33817ead068d6ebf72ddfd4a386af355bfab8f5e769fdd98d71fe6b68743eea8
large,output/notebook3_gnn_encoder/link_prediction/squirrel/k10/hybrid/graphsage_edge_s47.emb,3188400,5ee49c2533ebc1886d12f48691c95420ebb0559fc191e46c20e636d565d72c77
large,output/notebook3_gnn_encoder/link_prediction/squirrel/k10/hybrid_centrality/graphsage_edge_s42.emb,3199099,a1623f3516209be055121cf9efb053647ccd0776e5fe3471b56f6b2fe4c420df
large,output/notebook3_gnn_encoder/link_prediction/squirrel/k10/hybrid_centrality/graphsage_edge_s43.emb,3187871,6f91a80e5ee31dd9d9caf49f8b5fbd67730b872c123c88ef3d6478615e60ea38
large,output/notebook3_gnn_encoder/link_prediction/squirrel/k10/hybrid_centrality/graphsage_edge_s44.emb,3189867,c1394cd0cb215d835cded3183cec682ddb490593b57cfe3c86d988cef8242aa8
large,output/notebook3_gnn_encoder/link_prediction/squirrel/k10/hybrid_centrality/graphsage_edge_s45.emb,3198723,a0b17455119ae5f3a03db690c6ba2729f336a21fe30ed19b680f856cce3d2718
large,output/notebook3_gnn_encoder/link_prediction/squirrel/k10/hybrid_centrality/graphsage_edge_s46.emb,3197455,43c37e77813f27214ce3ceff1e15adf992e00550fb33e72257a94e0f528c04ae
large,output/notebook3_gnn_encoder/link_prediction/squirrel/k10/hybrid_centrality/graphsage_edge_s47.emb,3188717,6cb55f50c2be257502a1d691617e3f206eed6ffa439efe552814624247e6816d
large,output/notebook3_gnn_encoder/link_prediction/squirrel/k10/hybrid_degree/graphsage_edge_s42.emb,3205422,4e972557d3fd73dd57cef74b882032ac7508ad736174cdd7c1137e90a02e44ff
large,output/notebook3_gnn_encoder/link_prediction/squirrel/k10/hybrid_degree/graphsage_edge_s43.emb,3177304,e91a7453acb421c1a40491d3c890aa9c4e8ed47d70f3c749d363e1b55c9bc059
large,output/notebook3_gnn_encoder/link_prediction/squirrel/k10/hybrid_degree/graphsage_edge_s44.emb,3193201,d19a670686ecf9956b709ee6b9ff3da103b9662652a4d0596f54324beee07fe7
large,output/notebook3_gnn_encoder/link_prediction/squirrel/k10/hybrid_degree/graphsage_edge_s45.emb,3203114,7e9f9ef3bc82a87b887070b47ba25a4fe0f2f944f337a5a3105d12030ede270b
large,output/notebook3_gnn_encoder/link_prediction/squirrel/k10/hybrid_degree/graphsage_edge_s46.emb,3197012,c75dd90c29350ff3204156ba0074bbbb3185f13355a907c752a7b33173b267da
large,output/notebook3_gnn_encoder/link_prediction/squirrel/k10/hybrid_degree/graphsage_edge_s47.emb,3188203,1c61e4c22cb2a3079e3facf1cf9e6e49838db584fdae6a0e69d7a0b32b1a61af
large,output/notebook3_gnn_encoder/link_prediction/squirrel/k10/original/graphsage_edge_s42.emb,3189829,50d8853247bf8eac9117a9a3da8b3ffc51aef80a2bcfb9c4383c55f529a44df0
large,output/notebook3_gnn_encoder/link_prediction/squirrel/k10/original/graphsage_edge_s43.emb,3191362,fc492d56c36afb2508c47d5b9dccfaa8ac2c7ae3ab5e125a8269afcb52d208da
large,output/notebook3_gnn_encoder/link_prediction/squirrel/k10/original/graphsage_edge_s44.emb,3185713,921d6f5d73e137055bb9e000bcfb9a34e3af626eb436f3be100f510de4219399
large,output/notebook3_gnn_encoder/link_prediction/squirrel/k10/original/graphsage_edge_s45.emb,3200056,1b08615ade6103ff3c54b07a2b63123e9834e7aa2e857d8c141820f1200b8729
large,output/notebook3_gnn_encoder/link_prediction/squirrel/k10/original/graphsage_edge_s46.emb,3189305,7c575fed4e6bcf1e5bf994bf0facd18617070f923aeb8643d8bad00e4d6d9180
large,output/notebook3_gnn_encoder/link_prediction/squirrel/k10/original/graphsage_edge_s47.emb,3193520,9ecdd639386e55f7cfbb6349f5ae2ed3143423c9c122960889d996b174c4bb99
large,output/notebook3_gnn_encoder/link_prediction/squirrel/k10/psi/graphsage_edge_s42.emb,3193119,3a6df480539f292dda750638852c7d0bcd4518285d6733b8e1e4f1af8f353a77
large,output/notebook3_gnn_encoder/link_prediction/squirrel/k10/psi/graphsage_edge_s43.emb,3178632,dfa8db3a96370cffb950a06ac5166f05d3476423aa653cb8c7f20c42fc204d5e
large,output/notebook3_gnn_encoder/link_prediction/squirrel/k10/psi/graphsage_edge_s44.emb,3183010,b2e9d7a7ab2a24f8ddd5b6cee4bca66b7310deba26df00e0f7003817ae98c748
large,output/notebook3_gnn_encoder/link_prediction/squirrel/k10/psi/graphsage_edge_s45.emb,3189127,897e8f508b04d7ca65e7940daa83eb4c79354a1dcd9dab090cc20cd498316a9f
large,output/notebook3_gnn_encoder/link_prediction/squirrel/k10/psi/graphsage_edge_s46.emb,3188094,6cd949632d6d6ba787d2d84e74d48dbaf8cf3345d631e4dc42a10d81695c335a
large,output/notebook3_gnn_encoder/link_prediction/squirrel/k10/psi/graphsage_edge_s47.emb,3191338,403f4160b59455c8419de0582f6946d87fdbc43282da2d58c4b80df98c58f2e5
large,output/notebook3_gnn_encoder/link_prediction/squirrel_filtered/k10/centrality/gatv2_edge_s42.emb,1363734,b60ecf0ca565e90402c71244dd934a6abc9977a63d3085d978bf594116b6af82
large,output/notebook3_gnn_encoder/link_prediction/squirrel_filtered/k10/centrality/gatv2_edge_s43.emb,1361639,a2074dbaa163401a1e56dd69b69170112ccba17de08d1d418fe7237063a7101c
large,output/notebook3_gnn_encoder/link_prediction/squirrel_filtered/k10/centrality/gatv2_edge_s44.emb,1359419,e107ee4fca5aed37d7c33f888b4635cb41dfc6970b9cdaea3c5a2bebf281164b
large,output/notebook3_gnn_encoder/link_prediction/squirrel_filtered/k10/centrality/graphsage_edge_s42.emb,1361571,6501da095abed6590bb24151ef382d1f8e03fc41c5204c9412c17b87b4994fa8
large,output/notebook3_gnn_encoder/link_prediction/squirrel_filtered/k10/centrality/graphsage_edge_s43.emb,1360739,1448e9a264c901a673414ac59887e92255e96b23992ee3f55df26d96565a9fd4
large,output/notebook3_gnn_encoder/link_prediction/squirrel_filtered/k10/centrality/graphsage_edge_s44.emb,1360893,da7f1060f027374473c2416f79534358967071cb9c910beca398b67560db75dd
large,output/notebook3_gnn_encoder/link_prediction/squirrel_filtered/k10/centrality/graphsage_edge_s45.emb,1360123,6eba7500119d23e8a4ae757761ceb9d4ace214cfa1b5c04e886cdb4848b090e2
large,output/notebook3_gnn_encoder/link_prediction/squirrel_filtered/k10/centrality/graphsage_edge_s46.emb,1362625,c4069ec4f42531276e2ea44badefe87bd664091fcd2b2d58f609d2bfafe763e7
large,output/notebook3_gnn_encoder/link_prediction/squirrel_filtered/k10/centrality/graphsage_edge_s47.emb,1362772,cddc9b3afa6e58e1a0c00f0d939ce8b0eb1089fff947ab73009cfb3b352554eb
large,output/notebook3_gnn_encoder/link_prediction/squirrel_filtered/k10/centrality/graphsage_edge_s48.emb,1361378,23454efc16b75e41ca37db89c92102915da8fc30759ea96095291e6a1ac5dfac
large,output/notebook3_gnn_encoder/link_prediction/squirrel_filtered/k10/centrality/graphsage_edge_s49.emb,1361966,7f1a935846717f13acdb8982b4d1eba52928848b0c40dbd25d403abe5a2a9de1
large,output/notebook3_gnn_encoder/link_prediction/squirrel_filtered/k10/centrality/graphsage_edge_s50.emb,1358712,f4ce84d86687d5086707f3a6486c45d50490cd90cbea55caa38cca75d0033999
large,output/notebook3_gnn_encoder/link_prediction/squirrel_filtered/k10/centrality/graphsage_edge_s51.emb,1360930,75a28ae5ff7f7b6defd04bfa66ca32fafacd96d822e56f6526d433878a16f80b
large,output/notebook3_gnn_encoder/link_prediction/squirrel_filtered/k10/degree/gatv2_edge_s42.emb,1364204,f8e369c291b980c62c328a88cb9edbdd9da2bfabd1052bce70f282c7105900ea
large,output/notebook3_gnn_encoder/link_prediction/squirrel_filtered/k10/degree/gatv2_edge_s43.emb,1357922,ecf1f030a5cc0541cfbaa9eb01d0033807d125fb59bd8b97537b22c83245d382
large,output/notebook3_gnn_encoder/link_prediction/squirrel_filtered/k10/degree/gatv2_edge_s44.emb,1362404,1c3ae373b5e72ab338fe1689a4583eff32c6f9dd3f22e5218bf3fdb8d8130cc5
large,output/notebook3_gnn_encoder/link_prediction/squirrel_filtered/k10/degree/graphsage_edge_s42.emb,1359468,6cf44f7eb6d2e9a7a60b3e8e71ff2690b4f2227cf2ac84ce3e62cb18291ea503
large,output/notebook3_gnn_encoder/link_prediction/squirrel_filtered/k10/degree/graphsage_edge_s43.emb,1358149,00b4b3faafd80ba7e35529ec568361a15bbb08d497e14ea040c71160c01cfb5e
large,output/notebook3_gnn_encoder/link_prediction/squirrel_filtered/k10/degree/graphsage_edge_s44.emb,1363145,6c63470ed332105ba41f888906ac80ff0c4a24ebe6a02f5ede8d402f169498df
large,output/notebook3_gnn_encoder/link_prediction/squirrel_filtered/k10/degree/graphsage_edge_s45.emb,1358222,05f5659ff0439a4871da89283907c85352b61b05cb7e549ac1daff3b0d2f1885
large,output/notebook3_gnn_encoder/link_prediction/squirrel_filtered/k10/degree/graphsage_edge_s46.emb,1361986,bc7f2b36e87468a4613578ff04660af106dce4b32f7d7fa79465807c86ea944e
large,output/notebook3_gnn_encoder/link_prediction/squirrel_filtered/k10/degree/graphsage_edge_s47.emb,1361111,8985eb2c79f32444c2a8bd05f3e891e8107db690af195750a12d51e365e76e15
large,output/notebook3_gnn_encoder/link_prediction/squirrel_filtered/k10/degree/graphsage_edge_s48.emb,1361865,0478891add7fd98112164aba469150b39d550bf52b1786b57cb19abd1fd8a134
large,output/notebook3_gnn_encoder/link_prediction/squirrel_filtered/k10/degree/graphsage_edge_s49.emb,1361704,c0d9ad5870fc70d1283232a6e538fbbfdecdf40596b2633e710eaca72bf0abae
large,output/notebook3_gnn_encoder/link_prediction/squirrel_filtered/k10/degree/graphsage_edge_s50.emb,1355408,323fc954fbedd455f45a4762f5fa9efb5f533537a64f5feff40712e9227da66b
large,output/notebook3_gnn_encoder/link_prediction/squirrel_filtered/k10/degree/graphsage_edge_s51.emb,1354182,e6401ed8162646dc0259693c85b23be6f3d55af32ad12b461e4c5dc61e92f1fb
large,output/notebook3_gnn_encoder/link_prediction/squirrel_filtered/k10/hybrid/gatv2_edge_s42.emb,1370570,062650cc03d91f3e22ad655deb8ca7ea7e56378f7290b0a1d77c846da98e143a
large,output/notebook3_gnn_encoder/link_prediction/squirrel_filtered/k10/hybrid/gatv2_edge_s43.emb,1362781,8dc361582a47f20b7214b0b5890416daad6f63a6a974f3468da4d6c8fc306df0
large,output/notebook3_gnn_encoder/link_prediction/squirrel_filtered/k10/hybrid/gatv2_edge_s44.emb,1365839,63ced0d31a58796a18fba48abaa0d133e30292e931687c50c2c6f364aa58a17c
large,output/notebook3_gnn_encoder/link_prediction/squirrel_filtered/k10/hybrid/graphsage_edge_s42.emb,1368021,d1ce8818cd5f0c2d0b37e81e6f95e3f5d00c89dc7ba671998a9a7beb4f790ab2
large,output/notebook3_gnn_encoder/link_prediction/squirrel_filtered/k10/hybrid/graphsage_edge_s43.emb,1359262,d30828ffed7b68f10732ebaafc35b1c77734a6d8c1bf8aa81ba147ed3055ff47
large,output/notebook3_gnn_encoder/link_prediction/squirrel_filtered/k10/hybrid/graphsage_edge_s44.emb,1367055,e7e875ae7ec9955d235f37528e5dbe38056c5d3123179fa389054ae507d02111
large,output/notebook3_gnn_encoder/link_prediction/squirrel_filtered/k10/hybrid/graphsage_edge_s45.emb,1368641,c966d9d021c0e3b2056215ed8af0815cd0d10ef3dbfa800b2ad1d10439e1370f
large,output/notebook3_gnn_encoder/link_prediction/squirrel_filtered/k10/hybrid/graphsage_edge_s46.emb,1363933,785d08f348b924fa4a16f50bc8230832e5bc03d6cc9a19c66220eb7df51dc1d7
large,output/notebook3_gnn_encoder/link_prediction/squirrel_filtered/k10/hybrid/graphsage_edge_s47.emb,1359174,a9738b6f9c6a5c15604238975725274901696ba4692b212808d02d68e61e60df
large,output/notebook3_gnn_encoder/link_prediction/squirrel_filtered/k10/hybrid/graphsage_edge_s48.emb,1363818,bfe74b8158c9873e9b015b1420ec489c251ea0917584de0af1bb2c7dd709a0a6
large,output/notebook3_gnn_encoder/link_prediction/squirrel_filtered/k10/hybrid/graphsage_edge_s49.emb,1363653,cf2d6db7257855a0519ff36a367f5a2a3cda5b66874c7b9b64037951c8bc9a40
large,output/notebook3_gnn_encoder/link_prediction/squirrel_filtered/k10/hybrid/graphsage_edge_s50.emb,1352784,bfd558fbd71e2731d4283f80319f609d541f9c63870e2122cf6784a3e5a40851
large,output/notebook3_gnn_encoder/link_prediction/squirrel_filtered/k10/hybrid/graphsage_edge_s51.emb,1368756,cb4f4184fd49f10b1a326d5f8696c77e8ff5e84889dbb34c8a8801f3f577e008
large,output/notebook3_gnn_encoder/link_prediction/squirrel_filtered/k10/hybrid_centrality/gatv2_edge_s42.emb,1369251,0da7f5b8a643facaa9ce14221b6ffac5249bb0e4facbf11d37a45a19c8020cef
large,output/notebook3_gnn_encoder/link_prediction/squirrel_filtered/k10/hybrid_centrality/gatv2_edge_s43.emb,1363017,e8f962ca07db93ae21de77fae44dc811c0cb2a2c6d860d943c5471b2ff22b8af
large,output/notebook3_gnn_encoder/link_prediction/squirrel_filtered/k10/hybrid_centrality/gatv2_edge_s44.emb,1363755,94b7932cca3d8d488531c9fc6b70d586a180d42c131fd5a1c46f44f6dc6fcafa
large,output/notebook3_gnn_encoder/link_prediction/squirrel_filtered/k10/hybrid_centrality/graphsage_edge_s42.emb,1366845,165513b528d04b6eb144cf6bf311af5eecc8bd443cd7c863356ec73f6eca9060
large,output/notebook3_gnn_encoder/link_prediction/squirrel_filtered/k10/hybrid_centrality/graphsage_edge_s43.emb,1358803,119a7a3705fd0d70f78393657e294fdc1ef3e5aa36f306bc0ff52e49d450e33e
large,output/notebook3_gnn_encoder/link_prediction/squirrel_filtered/k10/hybrid_centrality/graphsage_edge_s44.emb,1367563,55e77fc29884ecf0d878c165a576501c27ae9a8da18fd5921a2d1953ab4edea0
large,output/notebook3_gnn_encoder/link_prediction/squirrel_filtered/k10/hybrid_centrality/graphsage_edge_s45.emb,1368910,ab369c0190ff97c15d78d1773923591cd5f7e73d02d65a83c225d8d8c9d6de2d
large,output/notebook3_gnn_encoder/link_prediction/squirrel_filtered/k10/hybrid_centrality/graphsage_edge_s46.emb,1363017,2efd473a7463a343052ac400d27b3f31839809354e269e7143080e15818597c6
large,output/notebook3_gnn_encoder/link_prediction/squirrel_filtered/k10/hybrid_centrality/graphsage_edge_s47.emb,1359648,7c7fb6bbc164d81376f837bda9f6bbef6b602410b8ea2b460143df619e2902dd
large,output/notebook3_gnn_encoder/link_prediction/squirrel_filtered/k10/hybrid_centrality/graphsage_edge_s48.emb,1363555,b4916b4b3545b0e6035111114b5dedd4797c019e286f3945f2f2f4055b725e3d
large,output/notebook3_gnn_encoder/link_prediction/squirrel_filtered/k10/hybrid_centrality/graphsage_edge_s49.emb,1364244,57d6e4d79f1f314356c60a7dadf21cee2d7678795e6a8af20111b43be6b7c0bd
large,output/notebook3_gnn_encoder/link_prediction/squirrel_filtered/k10/hybrid_centrality/graphsage_edge_s50.emb,1354992,988b73bd81d17e0e589b1be6daf84a5a0cf6e5a7af798c3ffa0d75ab4cfb34d9
large,output/notebook3_gnn_encoder/link_prediction/squirrel_filtered/k10/hybrid_centrality/graphsage_edge_s51.emb,1369656,7d5dc928606c064273ec7db0675bcbd21968554e4f67a15fa007917def21a3dd
large,output/notebook3_gnn_encoder/link_prediction/squirrel_filtered/k10/hybrid_degree/gatv2_edge_s42.emb,1369899,a612f9e5e9928f6730b7c40da3c641259dfd271a636d98e6d116d4dd43add40e
large,output/notebook3_gnn_encoder/link_prediction/squirrel_filtered/k10/hybrid_degree/gatv2_edge_s43.emb,1367903,67993b742c41508a73036ea9a34956194895ba31485687bd72826683bcdf218b
large,output/notebook3_gnn_encoder/link_prediction/squirrel_filtered/k10/hybrid_degree/gatv2_edge_s44.emb,1367001,5d38d39216dc70d5341477795f95514709ad80eca1d6741e0d411e0811b7c35f
large,output/notebook3_gnn_encoder/link_prediction/squirrel_filtered/k10/hybrid_degree/graphsage_edge_s42.emb,1366364,2abbbd80b2691b11aeedcd64cf900c2c8bbda8dea2c976087d684ccb4c5b5da9
large,output/notebook3_gnn_encoder/link_prediction/squirrel_filtered/k10/hybrid_degree/graphsage_edge_s43.emb,1355282,5a366cce17e3872fa5db50409021ac5b84140b25879252a012f21c2fce73dc5f
large,output/notebook3_gnn_encoder/link_prediction/squirrel_filtered/k10/hybrid_degree/graphsage_edge_s44.emb,1366188,525b653de1a99be56eb98c49db12bbbb6eba6ab09e64b0a956e46434c7446323
large,output/notebook3_gnn_encoder/link_prediction/squirrel_filtered/k10/hybrid_degree/graphsage_edge_s45.emb,1363899,bb90d69c7be9639a99f97e3fb5165987326964c34a19befdb106f24978ad6820
large,output/notebook3_gnn_encoder/link_prediction/squirrel_filtered/k10/hybrid_degree/graphsage_edge_s46.emb,1362273,c6999b5e4a9430d9eefa74f7747e12c3fd6be7c57ca04a2df4f113f6d88de950
large,output/notebook3_gnn_encoder/link_prediction/squirrel_filtered/k10/hybrid_degree/graphsage_edge_s47.emb,1359625,647c2159b95c3b5fbf06da29097bd1699dfb87285cb8b95dd599811f462c2eab
large,output/notebook3_gnn_encoder/link_prediction/squirrel_filtered/k10/hybrid_degree/graphsage_edge_s48.emb,1364793,b5dd798cd42fc15d5d95fba24fcd41bef0f3ce502f9f9b5ca3a496f7b6d4c82c
large,output/notebook3_gnn_encoder/link_prediction/squirrel_filtered/k10/hybrid_degree/graphsage_edge_s49.emb,1363684,80b5d10ed34fadc8de76a07630a0cf5b0782237d1e8814b615067b215f374f07
large,output/notebook3_gnn_encoder/link_prediction/squirrel_filtered/k10/hybrid_degree/graphsage_edge_s50.emb,1355685,af31941ff1188187333d147f9b516cea2b4bd56e31ae4e7d8910e758ecdcbad0
large,output/notebook3_gnn_encoder/link_prediction/squirrel_filtered/k10/hybrid_degree/graphsage_edge_s51.emb,1365594,7aa37632dda9c49f2f7ddf2de2d23bcc6e594b31c08e3d9c4945843d2cbe01c0
large,output/notebook3_gnn_encoder/link_prediction/squirrel_filtered/k10/original/gatv2_edge_s42.emb,1376288,71c23299bd20c9849060904322d01c69b09dc7bcd6d6f3dbc36a46932859ea95
large,output/notebook3_gnn_encoder/link_prediction/squirrel_filtered/k10/original/gatv2_edge_s43.emb,1369492,f3ad6998ea32c8894fe53e6c8f388356a955bc5f2e38e9aae6acbed6a58ff444
large,output/notebook3_gnn_encoder/link_prediction/squirrel_filtered/k10/original/gatv2_edge_s44.emb,1362744,9787b10e0aa77f5d23188dc9f95fabdef2e15adbe841a9f0fbd36aefc6d86162
large,output/notebook3_gnn_encoder/link_prediction/squirrel_filtered/k10/original/graphsage_edge_s42.emb,1369503,94a4774241c64a22ad67b8f0809a7d4516eecc3a7834e51b0052cf4a4f32cff1
large,output/notebook3_gnn_encoder/link_prediction/squirrel_filtered/k10/original/graphsage_edge_s43.emb,1363773,9dd77e0bb3ef327852c070d960ca0fce8ff6e7be0927bf2c1cd34a07af996cdc
large,output/notebook3_gnn_encoder/link_prediction/squirrel_filtered/k10/original/graphsage_edge_s44.emb,1363126,a9cd98543496f6e94b43083222bdf860ca21cb6b4113dd006a6e825b9770df69
large,output/notebook3_gnn_encoder/link_prediction/squirrel_filtered/k10/original/graphsage_edge_s45.emb,1367666,e28f4102235ebf8eba5f076df8f1587a3a66502c77d940de08cf500eaa52efc8
large,output/notebook3_gnn_encoder/link_prediction/squirrel_filtered/k10/original/graphsage_edge_s46.emb,1363538,3904a1e88e6c2b816be8f0ae0ab3e1a868154ba20700f4acb64de8891134cbf8
large,output/notebook3_gnn_encoder/link_prediction/squirrel_filtered/k10/original/graphsage_edge_s47.emb,1362109,1e8ec5116cb988339db49761c2f288d45d2df66f705b3cdfcd70f4dee3ef72b5
large,output/notebook3_gnn_encoder/link_prediction/squirrel_filtered/k10/original/graphsage_edge_s48.emb,1363833,64f23076aad21baf18dafd3c2ac9efc6eb6be187416bd5def70bde2da28f6e99
large,output/notebook3_gnn_encoder/link_prediction/squirrel_filtered/k10/original/graphsage_edge_s49.emb,1362103,b354b3aacd301cbf2f70f2b2326cf5d8e533c7fe9de8dd3e5e933bbc6da135d5
large,output/notebook3_gnn_encoder/link_prediction/squirrel_filtered/k10/original/graphsage_edge_s50.emb,1360307,c00b6f53bcb89b2d3cf1a6a0808aafb2988eb2269cfc8020101b407053dc312a
large,output/notebook3_gnn_encoder/link_prediction/squirrel_filtered/k10/original/graphsage_edge_s51.emb,1367506,967426e56303fd68b4bafe4eff4eb2836c995be83c8e18ef7ad1a876e460ab72
large,output/notebook3_gnn_encoder/link_prediction/squirrel_filtered/k10/psi/gatv2_edge_s42.emb,1363127,5d273da8b78d258d778adf60d1c1b08b445988617dae6da3c2fd950da0fba83a
large,output/notebook3_gnn_encoder/link_prediction/squirrel_filtered/k10/psi/gatv2_edge_s43.emb,1359718,de463720373bec07f8c1bc797cc2bfa3fb7849237af2989ca01e7a3448780872
large,output/notebook3_gnn_encoder/link_prediction/squirrel_filtered/k10/psi/gatv2_edge_s44.emb,1360503,f99ee48d382b182fcde7714a3b4996f17fd0716c727c75636558910403db86dd
large,output/notebook3_gnn_encoder/link_prediction/squirrel_filtered/k10/psi/graphsage_edge_s42.emb,1362008,674ba785ca1f6bbd90676caefa454aaa4e38ad25323d16cf253ee819a9577347
large,output/notebook3_gnn_encoder/link_prediction/squirrel_filtered/k10/psi/graphsage_edge_s43.emb,1358591,5cfba97fa4631862830192facbdd65aef258e27e27c07da200a56354f2c50e47
large,output/notebook3_gnn_encoder/link_prediction/squirrel_filtered/k10/psi/graphsage_edge_s44.emb,1360286,62bff4a322625a7c5b14d46c2135fbc99f063c5649dffb027ddce98e7115c7e0
large,output/notebook3_gnn_encoder/link_prediction/squirrel_filtered/k10/psi/graphsage_edge_s45.emb,1359632,65cdf2525b09a6a08b450bdc8acd6e8206b9b2f536a42088e052f8209e64e1a0
large,output/notebook3_gnn_encoder/link_prediction/squirrel_filtered/k10/psi/graphsage_edge_s46.emb,1363538,5fbf0b78b7656d2cab52f5549a518b899c0cedebae76fecb069c4db6db292ecb
large,output/notebook3_gnn_encoder/link_prediction/squirrel_filtered/k10/psi/graphsage_edge_s47.emb,1361799,d4b767ba0e0305159e0b17f880cc5bfadd76db28ec5911e578c498e67e881d9c
large,output/notebook3_gnn_encoder/link_prediction/squirrel_filtered/k10/psi/graphsage_edge_s48.emb,1361867,b3d6b09a7c5dcf0096579d8e45187dfcf85fd4c3ad9a6dfcbb3d6c615f57cb8e
large,output/notebook3_gnn_encoder/link_prediction/squirrel_filtered/k10/psi/graphsage_edge_s49.emb,1360775,25bd8235f88cc102bea66e1faf5f549bcb7c4cabff389bfcb57d0a5541ffeafd
large,output/notebook3_gnn_encoder/link_prediction/squirrel_filtered/k10/psi/graphsage_edge_s50.emb,1358580,e96dd975532d81e3c0b3c64b9a889d665b37a7e05c31b7fd3890b2271563bd63
large,output/notebook3_gnn_encoder/link_prediction/squirrel_filtered/k10/psi/graphsage_edge_s51.emb,1362311,41e98b0f3f2ce4504e52a00935dfa353442fe70f4c7aa15f92abb0ed29f88301
large,output/notebook3_gnn_encoder/link_prediction/squirrel_filtered/k10/psi_pqnorm/graphsage_edge_s42.emb,1359790,37cfcbb0798e85abbeb87a74739f873db9fb2338e3ddeb85a35403b1a640a8f3
large,output/notebook3_gnn_encoder/link_prediction/squirrel_filtered/k10/psi_pqnorm/graphsage_edge_s43.emb,1361523,390c400a4b82831a8c7021ecfe7a6fb07fbd77241414414ddf94025ba26e01ec
large,output/notebook3_gnn_encoder/link_prediction/squirrel_filtered/k10/psi_pqnorm/graphsage_edge_s44.emb,1361451,a45722959c0ff87941aae6486371d64aa5539e6d746370a1df08a788d493b905
large,output/notebook3_gnn_encoder/link_prediction/squirrel_filtered/k10/psi_shift/graphsage_edge_s42.emb,1360336,d970efebf6e8ee1a3b0c2fc004105b4f63137fc7d02b12e146351d2fc1098f73
large,output/notebook3_gnn_encoder/link_prediction/squirrel_filtered/k10/psi_shift/graphsage_edge_s43.emb,1358824,fa80978cf0a4595fb5bcf89b6271e961b6f9e75b2dc4429e90a05b5c0d778f88
large,output/notebook3_gnn_encoder/link_prediction/squirrel_filtered/k10/psi_shift/graphsage_edge_s44.emb,1361083,35643d74caa489220fc446a24637701a6a8e382ea669a4bcfe414d2d8b51de13
large,output/notebook3_gnn_encoder/link_prediction/squirrel_filtered/k10/psi_w_deg/graphsage_edge_s42.emb,1361809,4f03e409db2bd2cb1f3afc0781cf5e3c8af75e2757300fc84298e316bcd03b81
large,output/notebook3_gnn_encoder/link_prediction/squirrel_filtered/k10/psi_w_deg/graphsage_edge_s43.emb,1360261,c332a9995148cbf5c3fdd60790414396b82129a3193ae642aefdc8ccc67ea5df
large,output/notebook3_gnn_encoder/link_prediction/squirrel_filtered/k10/psi_w_deg/graphsage_edge_s44.emb,1359803,dd7fa1f088f3b9acfeee5d26b599b7a64dfbf6e4b003e69263e256e5583fa163
large,output/notebook3_gnn_encoder/link_prediction/squirrel_filtered/k10/psi_w_delta/graphsage_edge_s42.emb,1362230,926b89e708258ffa1ff35a90ec8883552419b72ba86957bbe3a9fee20d108afd
large,output/notebook3_gnn_encoder/link_prediction/squirrel_filtered/k10/psi_w_delta/graphsage_edge_s43.emb,1359399,587cf969faeb799b4001afe8bf4fda19cc349b7fbc142cb4fbae6efd8090ff05
large,output/notebook3_gnn_encoder/link_prediction/squirrel_filtered/k10/psi_w_delta/graphsage_edge_s44.emb,1360539,99f579117a33ba53d0de7e1109e157b909805c12d2ee17c30ac7f4fb9f215091
large,output/notebook3_gnn_encoder/link_prediction/squirrel_filtered/k10/psi_w_ev/graphsage_edge_s42.emb,1359824,736998354b88db26480e8a9570cc67a121938e3dfe36dfdb31dec6a5a0324f03
large,output/notebook3_gnn_encoder/link_prediction/squirrel_filtered/k10/psi_w_ev/graphsage_edge_s43.emb,1360388,1a3cc38e654dc9c721c505f7836460478775123a12bd495a0262a2ae562f5447
large,output/notebook3_gnn_encoder/link_prediction/squirrel_filtered/k10/psi_w_ev/graphsage_edge_s44.emb,1362687,fa4dac94520e21ddab5c24d982f717abd7a957a9be7e308c86b41f0e979f675b
large,output/notebook3_gnn_encoder/link_prediction/texas/k10/centrality/graphsage_edge_s42.emb,112041,e9efba1d1ce2be2ec892f1148982fc9d91fa6b022c33b89ee55738ea177be77d
large,output/notebook3_gnn_encoder/link_prediction/texas/k10/centrality/graphsage_edge_s43.emb,111731,d07228d77247f6b8fdea67bf0cce7af3b6bffd0fb5a35d8a4314528cabb9b37f
large,output/notebook3_gnn_encoder/link_prediction/texas/k10/centrality/graphsage_edge_s44.emb,112091,3e0c93a7cbc9957e9deea17b22e6db465330d068d340315634fcb2e9ce5ecfb9
large,output/notebook3_gnn_encoder/link_prediction/texas/k10/degree/graphsage_edge_s42.emb,111920,f3c116ef84150668fc11c31d289b933078da9eab8523d5d9389f1961853eba34
large,output/notebook3_gnn_encoder/link_prediction/texas/k10/degree/graphsage_edge_s43.emb,111679,3df21fbf03212f547c8fe2cbf24d8576d3c4d46686e765cda6078a551a79017a
large,output/notebook3_gnn_encoder/link_prediction/texas/k10/degree/graphsage_edge_s44.emb,111987,b52e287bff9ed5d9e69f4f1de8291c495fa857137007b2ffd31dbd79098b2d34
large,output/notebook3_gnn_encoder/link_prediction/texas/k10/hybrid_centrality/graphsage_edge_s42.emb,111757,0ab7476e71468322caebd22221f93051e64911981df47d3673b700c2e1d9747e
large,output/notebook3_gnn_encoder/link_prediction/texas/k10/hybrid_centrality/graphsage_edge_s43.emb,112042,32485582257c18ece5d86a853433c388a22baa59668adae76468cf9af93a40be
large,output/notebook3_gnn_encoder/link_prediction/texas/k10/hybrid_centrality/graphsage_edge_s44.emb,112144,f83f0ef334237d25d5e145184d31940facf33be33104e252c05f17135a20f0b7
large,output/notebook3_gnn_encoder/link_prediction/texas/k10/hybrid_degree/graphsage_edge_s42.emb,112154,eedcb393f9f03e39edeb96013018692414de6c9b3db0013de19aa7cd9bce1a89
large,output/notebook3_gnn_encoder/link_prediction/texas/k10/hybrid_degree/graphsage_edge_s43.emb,111914,8a65b4cec6d05e6c019d10b6ac20bad44c8948979aadcf55f9e281e5de9abe09
large,output/notebook3_gnn_encoder/link_prediction/texas/k10/hybrid_degree/graphsage_edge_s44.emb,112320,4e005e4591dc43954d34b193d63425e24f584e8ef63a3389c7d540c8c1a9445f
large,output/notebook3_gnn_encoder/link_prediction/texas/k10/original/graphsage_edge_s42.emb,111752,dcd7ae94c34e2f9a71f799cdf98e46ab890a15db8ae3544e48d4e561db4f2214
large,output/notebook3_gnn_encoder/link_prediction/texas/k10/original/graphsage_edge_s43.emb,111765,865c4f622df407ba7cbe11691d95c55bdd9b7d9105a11526061c76977717c4bb
large,output/notebook3_gnn_encoder/link_prediction/texas/k10/original/graphsage_edge_s44.emb,112009,8af6912a89d12ed5b28594e56ae28c7622fb81cff5a18fe0885ffb56152690ea
large,output/notebook3_gnn_encoder/link_prediction/texas/k10/psi/graphsage_edge_s42.emb,112023,89603a8f0ccc7810e464cf4cc9a811c1e8e00cf04ee3c69017108bb6a8bee9ad
large,output/notebook3_gnn_encoder/link_prediction/texas/k10/psi/graphsage_edge_s43.emb,111577,1986b319f7739a01ebb8fac329f6df831b3707205821d7c63d01338869a1bc95
large,output/notebook3_gnn_encoder/link_prediction/texas/k10/psi/graphsage_edge_s44.emb,111997,c7494e4aac45bec8a8644ef726369b620d5833e0e0fa13579bf5a7724fd264f1
large,output/notebook3_gnn_encoder/link_prediction/texas/k10/psi_pqnorm/graphsage_edge_s42.emb,111940,0f86436f805550efcd0941d454bc5e996f42a637a159fe224511b3b33f04e3b7
large,output/notebook3_gnn_encoder/link_prediction/texas/k10/psi_pqnorm/graphsage_edge_s43.emb,111306,cca759767b4c33e4eb776fe053111d76913f4fbad76e9450f78bc6f7b09f9d0a
large,output/notebook3_gnn_encoder/link_prediction/texas/k10/psi_pqnorm/graphsage_edge_s44.emb,111798,b3664ceaeb22c9302bd237b8f5f06c57707ef1b74e920978f3cbb3ad0a78388d
large,output/notebook3_gnn_encoder/link_prediction/texas/k10/psi_shift/graphsage_edge_s42.emb,112036,0dd3075802df1d20c9522f64f87bf22648f8a31cf7fd3f2117d71adf2eaf41db
large,output/notebook3_gnn_encoder/link_prediction/texas/k10/psi_shift/graphsage_edge_s43.emb,111724,90c47206941f83eb4398e8e42644045dd4fe15e83a0fb6004ffe57212716275a
large,output/notebook3_gnn_encoder/link_prediction/texas/k10/psi_shift/graphsage_edge_s44.emb,112036,7505d151dda723b5f022fa50149dffb1d4639d68f13e6078f4efa7aeb7cafc5f
large,output/notebook3_gnn_encoder/link_prediction/tolokers/k10/centrality/gatv2_edge_s42.emb,7195736,fb055bc6fd27c25f3a5635e2d7dda3db83da407edb5948bfd8f6828129d25738
large,output/notebook3_gnn_encoder/link_prediction/tolokers/k10/centrality/gatv2_edge_s43.emb,7206235,0e596a0950374c35994a0f6e6f8c13813ba85d933110739d83eefad55261e359
large,output/notebook3_gnn_encoder/link_prediction/tolokers/k10/centrality/gatv2_edge_s44.emb,7199315,f93a705ca21037e58c0333be451ed2d43c1c4479aab2dcaa21816ac65fe5fbbe
large,output/notebook3_gnn_encoder/link_prediction/tolokers/k10/centrality/graphsage_edge_s42.emb,7210273,cf901e1e3ab64482abd84ed9e9364227b68cc2c6b79c45001c149382336b69a3
large,output/notebook3_gnn_encoder/link_prediction/tolokers/k10/centrality/graphsage_edge_s43.emb,7195256,4a5e4df91b24170eb01e661bbf302f1b965f37dfae832d2a63cf25e4563a3eae
large,output/notebook3_gnn_encoder/link_prediction/tolokers/k10/centrality/graphsage_edge_s44.emb,7201638,53c89a7348b9484dfde10b80dd8ba311ae45a4fe6c71cf9ad17784ce085edf9e
large,output/notebook3_gnn_encoder/link_prediction/tolokers/k10/centrality/graphsage_edge_s45.emb,7195149,e7d4f6d1f881ae5e2c47c4bc8ce7afac8a5812af6edde9d130b9050250a7856b
large,output/notebook3_gnn_encoder/link_prediction/tolokers/k10/centrality/graphsage_edge_s46.emb,7206772,9fcd86b99c24610e153924a6bfd086c56a2718cdd3ae463e4808dd91487b9626
large,output/notebook3_gnn_encoder/link_prediction/tolokers/k10/centrality/graphsage_edge_s47.emb,7228041,e0804680841ba69655ac881c1e1ce627b6e4d431ffdd06c12386929758773123
large,output/notebook3_gnn_encoder/link_prediction/tolokers/k10/centrality/graphsage_edge_s48.emb,7219654,66d5d1e4104a799bd1af8fecfef1bef6dfe3c0c4bf2ea5991beea1bc3d563bdb
large,output/notebook3_gnn_encoder/link_prediction/tolokers/k10/centrality/graphsage_edge_s49.emb,7214299,56b4274286599f2ecc2821d8be5cad7883ff4c186a1c940a8556af4e3b29173d
large,output/notebook3_gnn_encoder/link_prediction/tolokers/k10/centrality/graphsage_edge_s50.emb,7196266,0ad46b8472eff2b6c8c88d1b37bca2ec913db3966b750a431f78afc29ea87f86
large,output/notebook3_gnn_encoder/link_prediction/tolokers/k10/centrality/graphsage_edge_s51.emb,7201189,e10b1428de2cea12c8abc71da0139d2b46c7cfaf386788e8d9ca50055814435e
large,output/notebook3_gnn_encoder/link_prediction/tolokers/k10/degree/gatv2_edge_s42.emb,7196915,fc86fb279b6a8942f8b866c637ae61fdcb0da6fc30d581d96cad05c412672a81
large,output/notebook3_gnn_encoder/link_prediction/tolokers/k10/degree/gatv2_edge_s43.emb,7218645,34fcd3d62f4417dba8cdd14be32d075b2d5904b8e87c5bbd47575c0f683afabe
large,output/notebook3_gnn_encoder/link_prediction/tolokers/k10/degree/gatv2_edge_s44.emb,7214984,2fe8d83609325a8c1a82f135c5cedf652d9c28fb9ff96f6142a554b87fc80f2f
large,output/notebook3_gnn_encoder/link_prediction/tolokers/k10/degree/graphsage_edge_s42.emb,7200075,7bb9d91bd0cb06744e3c781d5aefcf49ad1da3430768f875e7e3a73b001c3c4e
large,output/notebook3_gnn_encoder/link_prediction/tolokers/k10/degree/graphsage_edge_s43.emb,7196454,4e076c868f2ae8e746fe286b43df0eb9a3ba17900b7c891173d0eefbbe2927c4
large,output/notebook3_gnn_encoder/link_prediction/tolokers/k10/degree/graphsage_edge_s44.emb,7214282,a2559c508f952864bb1343af923d2074f54656251d6d989077731fd772f4c9ed
large,output/notebook3_gnn_encoder/link_prediction/tolokers/k10/degree/graphsage_edge_s45.emb,7193429,a1e8dcee173dda9c187e5be3b6d18ab187ceccf66edc43fe2f11e168d9e5beca
large,output/notebook3_gnn_encoder/link_prediction/tolokers/k10/degree/graphsage_edge_s46.emb,7215650,f7dabe453a3530615d4ee0219221849ce45f18b715ad791dd1c404a0f84755ef
large,output/notebook3_gnn_encoder/link_prediction/tolokers/k10/degree/graphsage_edge_s47.emb,7217224,6c1de4bcab8e0d6363ede50afc4630dc5614bfccae8f181240bdc537439cae00
large,output/notebook3_gnn_encoder/link_prediction/tolokers/k10/degree/graphsage_edge_s48.emb,7227922,422b5aee1cbb07f4d4a405d6f45064b6f650a5317afed4d0110b786a87f386bb
large,output/notebook3_gnn_encoder/link_prediction/tolokers/k10/degree/graphsage_edge_s49.emb,7206861,5fb6d4d8100a9924fa671421e2f712b023d50609594dc53827a48bbacd72d3a2
large,output/notebook3_gnn_encoder/link_prediction/tolokers/k10/degree/graphsage_edge_s50.emb,7202003,81ee628dea8a4e3df2f365438d8686e0bf4ea9d38adcd0dcc11e88d1229584bf
large,output/notebook3_gnn_encoder/link_prediction/tolokers/k10/degree/graphsage_edge_s51.emb,7168080,be0058c1cda92fa9b7977c2deef7edfa62d6db8e7deb5ae8fe5382e4832a492f
large,output/notebook3_gnn_encoder/link_prediction/tolokers/k10/hybrid/gatv2_edge_s42.emb,7225470,fba680c05743cfe0ed10c0edb6297541eddf1415270cf20d0ab7872828d1eeac
large,output/notebook3_gnn_encoder/link_prediction/tolokers/k10/hybrid/gatv2_edge_s43.emb,7189593,7e7c99618b96c4596ec7627a7c3065761595293b56addc479ba3810db4bdc075
large,output/notebook3_gnn_encoder/link_prediction/tolokers/k10/hybrid/gatv2_edge_s44.emb,7190137,e70d177f357c3e4649b47871f645f06559e401d014d35f5fe002865acab91a0d
large,output/notebook3_gnn_encoder/link_prediction/tolokers/k10/hybrid/graphsage_edge_s42.emb,7245920,cb2b14b2fe63501b6d78f63d4fc8aea168095ce85ff632295b06d5e5b96645d2
large,output/notebook3_gnn_encoder/link_prediction/tolokers/k10/hybrid/graphsage_edge_s43.emb,7207848,8c9df8c9d64d741eac4098ec90a20ef1cf0042ac357e206f8876d8f728a52226
large,output/notebook3_gnn_encoder/link_prediction/tolokers/k10/hybrid/graphsage_edge_s44.emb,7214434,1c4268abf8031300fbc2c4e4af37470281efe5edf85be18f75787bdc85be30f6
large,output/notebook3_gnn_encoder/link_prediction/tolokers/k10/hybrid/graphsage_edge_s45.emb,7213791,923d17cbe25e3a0b291777bdecc161f151ad830ff122046ef1737ac84cf8eced
large,output/notebook3_gnn_encoder/link_prediction/tolokers/k10/hybrid/graphsage_edge_s46.emb,7213745,3b67ba6dda19baacd25400db89bc5a1edb5d0c5411718b531263c067d5c6a0a6
large,output/notebook3_gnn_encoder/link_prediction/tolokers/k10/hybrid/graphsage_edge_s47.emb,7205293,31188423303be0101f4a6eb3101e110ee55faaa164514890d95d0040d2e4ff16
large,output/notebook3_gnn_encoder/link_prediction/tolokers/k10/hybrid/graphsage_edge_s48.emb,7214753,8d0e8a948a289fbef943e11bdcb37657a47f5707ff6ca0e73ae473d03c983a55
large,output/notebook3_gnn_encoder/link_prediction/tolokers/k10/hybrid/graphsage_edge_s49.emb,7232292,9fd5bc384a68f8f2f5c28117bfd96072f7a50bc8503e730ea022595849ab64cc
large,output/notebook3_gnn_encoder/link_prediction/tolokers/k10/hybrid/graphsage_edge_s50.emb,7192665,3c76b010b4cbacd41e4109625f6feeaa2912ac9b8a01032b8bc7a1f6205d7ea1
large,output/notebook3_gnn_encoder/link_prediction/tolokers/k10/hybrid/graphsage_edge_s51.emb,7222451,89a95be0c4c89b8da4dd9a42cbd5d7ff18d70218beb473450b74cd300a817dc7
large,output/notebook3_gnn_encoder/link_prediction/tolokers/k10/hybrid_centrality/gatv2_edge_s42.emb,7225305,27ec7b0aa49635beaebbbbd9c4b7567dc117adecd01618b738f29fbfcbcdff5a
large,output/notebook3_gnn_encoder/link_prediction/tolokers/k10/hybrid_centrality/gatv2_edge_s43.emb,7230545,da79361ce5633df1d3736864e9a2947dbf17cee7a44b85ac206cd2ce243dcd1d
large,output/notebook3_gnn_encoder/link_prediction/tolokers/k10/hybrid_centrality/gatv2_edge_s44.emb,7192511,26f3cb5d13ac81253ec090a0e08ac9b3849f5b1a241fd129e0532cc8dd7dfdb3
large,output/notebook3_gnn_encoder/link_prediction/tolokers/k10/hybrid_centrality/graphsage_edge_s42.emb,7237059,f38b9bf5c9ff1d4adac878c1ea7f5afb98a349abcfe13c0a64fcabca8fbc7564
large,output/notebook3_gnn_encoder/link_prediction/tolokers/k10/hybrid_centrality/graphsage_edge_s43.emb,7217125,9b3c828ce555606690970bfb7ffa8b3364c7310aeb8abee3c492001670ae3870
large,output/notebook3_gnn_encoder/link_prediction/tolokers/k10/hybrid_centrality/graphsage_edge_s44.emb,7215446,b7623b772f2eb491a1ef62d4365028a98b05e8df10822903c37c82e91e6e9e6f
large,output/notebook3_gnn_encoder/link_prediction/tolokers/k10/hybrid_centrality/graphsage_edge_s45.emb,7221927,c87daa07d85ce5f137ee4f7e3aab389e93102b7a37a0e887722a753d87342bb1
large,output/notebook3_gnn_encoder/link_prediction/tolokers/k10/hybrid_centrality/graphsage_edge_s46.emb,7206369,1688791db5aac042b2360036e38f9eac9477dffbb44529f7f31082857759278b
large,output/notebook3_gnn_encoder/link_prediction/tolokers/k10/hybrid_centrality/graphsage_edge_s47.emb,7206841,dedeffb6cbfffa6ab74237cfe92d586a09c2a21b1925b5cd0734d98bc0c08afb
large,output/notebook3_gnn_encoder/link_prediction/tolokers/k10/hybrid_centrality/graphsage_edge_s48.emb,7212077,f8aa5c2c548bbeae92d5c9c15d4b8863e5e5bff846a71d9e5b9d80fca72c1dbb
large,output/notebook3_gnn_encoder/link_prediction/tolokers/k10/hybrid_centrality/graphsage_edge_s49.emb,7233199,a062adeb60f63dfc92ea2e9023cee3a12317ce4fdbdf0f6b0dfe055faa70e6f8
large,output/notebook3_gnn_encoder/link_prediction/tolokers/k10/hybrid_centrality/graphsage_edge_s50.emb,7198946,4e9af3a749bf2baab16f21737596fd3ea7d63b8f42da407ea120ca495927004a
large,output/notebook3_gnn_encoder/link_prediction/tolokers/k10/hybrid_centrality/graphsage_edge_s51.emb,7222151,6bd867e53518894b58cd3acfaaac238d1bc8b68685122cdc4e87ccf25c780085
large,output/notebook3_gnn_encoder/link_prediction/tolokers/k10/hybrid_degree/gatv2_edge_s42.emb,7229448,4c28b68597f3dae15b292535b9a7cfcc4a44e956adca4008ad254804e54ed4b9
large,output/notebook3_gnn_encoder/link_prediction/tolokers/k10/hybrid_degree/gatv2_edge_s43.emb,7179488,38a8490b480c6ad5cd896362b72c66a548a73e758a61fabd31d7cd87a75864bd
large,output/notebook3_gnn_encoder/link_prediction/tolokers/k10/hybrid_degree/gatv2_edge_s44.emb,7190026,953e06cb122d4457916b0e018a9f4eefab1bcadc22a74ac9821bb5cf9b198a98
large,output/notebook3_gnn_encoder/link_prediction/tolokers/k10/hybrid_degree/graphsage_edge_s42.emb,7246631,a2668758c5ec93a8eb8351704e952b6ebc0f217d8c150440b2dc1ddcbad45338
large,output/notebook3_gnn_encoder/link_prediction/tolokers/k10/hybrid_degree/graphsage_edge_s43.emb,7202416,d53bf22ecb4af65ec988c51a10b7100d097d1c66e8f39f6044e5ef40c5c08cc2
large,output/notebook3_gnn_encoder/link_prediction/tolokers/k10/hybrid_degree/graphsage_edge_s44.emb,7214992,89416ff29600086884e0097f7f249c9d3eb57a5f93b72fab6ed0b92ab887d887
large,output/notebook3_gnn_encoder/link_prediction/tolokers/k10/hybrid_degree/graphsage_edge_s45.emb,7212658,014b624cbb7488d6891db7629a874a564a718b78a29d4157b833eca13270bd3e
large,output/notebook3_gnn_encoder/link_prediction/tolokers/k10/hybrid_degree/graphsage_edge_s46.emb,7202905,0e9ab9c69b8418e7a7c14f523cdbae2d460b533016fcd4e081684f9ea8a0e96d
large,output/notebook3_gnn_encoder/link_prediction/tolokers/k10/hybrid_degree/graphsage_edge_s47.emb,7203855,359e91aab7f5a2156ca154e16394bb994bf2fc36c4912dbe1b7b5ff9c6ab0263
large,output/notebook3_gnn_encoder/link_prediction/tolokers/k10/hybrid_degree/graphsage_edge_s48.emb,7217249,45b18158cb879a1507b0b47d5520133b73e6c0774f7ee3064e2c83e989738e94
large,output/notebook3_gnn_encoder/link_prediction/tolokers/k10/hybrid_degree/graphsage_edge_s49.emb,7231540,0073096d948cf8af52e72b94bf88610735cd6bace6709e2766c66d362ed81c20
large,output/notebook3_gnn_encoder/link_prediction/tolokers/k10/hybrid_degree/graphsage_edge_s50.emb,7195823,5d927163ce674fce7ee3f24c013a075725a5f2b84168166779c4c084c15f78d5
large,output/notebook3_gnn_encoder/link_prediction/tolokers/k10/hybrid_degree/graphsage_edge_s51.emb,7225036,0d9e850cd30647624b8a9e08ba88a3a923f8d1affc8fcb75a2fb5e61a4e2df74
large,output/notebook3_gnn_encoder/link_prediction/tolokers/k10/original/gatv2_edge_s42.emb,7204666,d152329b113e17777be3aa27d3a25e0b2c9fd54a965879fb774915a9f57517d1
large,output/notebook3_gnn_encoder/link_prediction/tolokers/k10/original/gatv2_edge_s43.emb,7276825,87cef11922611a97c23298850ef6c7f8b5bf66f424ed959e0591232ef1eafce3
large,output/notebook3_gnn_encoder/link_prediction/tolokers/k10/original/gatv2_edge_s44.emb,7194361,667d88744c541a662f15b78479d4a3d112cf6b14c9ee7112ed87d30bfa57c38f
large,output/notebook3_gnn_encoder/link_prediction/tolokers/k10/original/graphsage_edge_s42.emb,7222508,f27e86f740b3d1290c92b6f1f507277727625e2eb6958d4d55dd65729bb07931
large,output/notebook3_gnn_encoder/link_prediction/tolokers/k10/original/graphsage_edge_s43.emb,7234773,d73a330f79deb72c3bc247d0e726b18e4160e38322065d7842cd96a4bc339cb1
large,output/notebook3_gnn_encoder/link_prediction/tolokers/k10/original/graphsage_edge_s44.emb,7213752,267db4a0e382bc5dd50f5102e51d613bdff26ca89b9134b86722d5f64132fb1e
large,output/notebook3_gnn_encoder/link_prediction/tolokers/k10/original/graphsage_edge_s45.emb,7227761,6eee6e9a6d084699fa00960203207275e4d31e0c27ecdfd4e3fb0be4b9b92649
large,output/notebook3_gnn_encoder/link_prediction/tolokers/k10/original/graphsage_edge_s46.emb,7197035,8f8e0f76d9eb3517ba778bfde18e1d899b7e58d8298553998b05f82b47c27f3d
large,output/notebook3_gnn_encoder/link_prediction/tolokers/k10/original/graphsage_edge_s47.emb,7213707,c21393b65bb463f3634e267eba8f020c607fe42604d76b8afd6bb87ef85a2f24
large,output/notebook3_gnn_encoder/link_prediction/tolokers/k10/original/graphsage_edge_s48.emb,7191911,af028821f21b9c94468a473024638800a9b2d66f2561d2233c5d909f445ef4af
large,output/notebook3_gnn_encoder/link_prediction/tolokers/k10/original/graphsage_edge_s49.emb,7222427,fa7b15aa4c8846aae94ff62798c4c341b25ee8db0be5826c1b3834d54d3ed25c
large,output/notebook3_gnn_encoder/link_prediction/tolokers/k10/original/graphsage_edge_s50.emb,7199172,76492342c63225e3ba25a93f58cfe84e627f9400471bbd1be3421d59ee9a9afd
large,output/notebook3_gnn_encoder/link_prediction/tolokers/k10/original/graphsage_edge_s51.emb,7218472,a481a1b3310a440a0c4d53aea296817b344f7f590891f74be32cfd1e013cb01c
large,output/notebook3_gnn_encoder/link_prediction/tolokers/k10/psi/gatv2_edge_s42.emb,7200275,abf5394c06f9b4f60363a5314bfa3d413ff80e6c47a4f9f5875105f102728c44
large,output/notebook3_gnn_encoder/link_prediction/tolokers/k10/psi/gatv2_edge_s43.emb,7215548,9e838e5555357b28cd277c29f66c0542c6779d01fad7710621e74a29e7218c6a
large,output/notebook3_gnn_encoder/link_prediction/tolokers/k10/psi/gatv2_edge_s44.emb,7206802,6a3be306c2060f1d71cab8817add6d4d06bf9c4fe9672620f4dcd49598197c60
large,output/notebook3_gnn_encoder/link_prediction/tolokers/k10/psi/graphsage_edge_feat_centrality_s42.emb,7226898,7e363cf41bd3fc523181270081dbc146ac8eb07e85bfd00809e588c0bef5cbf0
large,output/notebook3_gnn_encoder/link_prediction/tolokers/k10/psi/graphsage_edge_feat_centrality_s43.emb,7179329,f45d528482b5b65b0d86b90ba90f7f36f2e6fe83a139a1b11679d80ef899b1ab
large,output/notebook3_gnn_encoder/link_prediction/tolokers/k10/psi/graphsage_edge_feat_centrality_s44.emb,7197409,66c733ee4c98f3bca64e00e22f1fcf5d876dfdbd16d9615c16497b58fde9318b
large,output/notebook3_gnn_encoder/link_prediction/tolokers/k10/psi/graphsage_edge_feat_clustering_s42.emb,7219003,e2ac4446e70cc2c0b823bf126423f0cf9ac0c1cdcce5d910a6860d66059b7470
large,output/notebook3_gnn_encoder/link_prediction/tolokers/k10/psi/graphsage_edge_feat_clustering_s43.emb,7206950,119023935fe34bbd4e3a9def147ef174aca397db1b39cf4d79dc4783975f3ffb
large,output/notebook3_gnn_encoder/link_prediction/tolokers/k10/psi/graphsage_edge_feat_clustering_s44.emb,7217541,39634d4d2c6504f130a172c64647d0e750be46d71ec9ad82c727057be3c31558
large,output/notebook3_gnn_encoder/link_prediction/tolokers/k10/psi/graphsage_edge_feat_const_s42.emb,7161279,92a2c788d836b7c26527c9a67419d75a3078bd2c65040f3718526e0c3c7029b4
large,output/notebook3_gnn_encoder/link_prediction/tolokers/k10/psi/graphsage_edge_feat_const_s43.emb,7161279,f47c3b7327c63d8c1f3f95b2b029a7094b472f8782a074acf0f3fc21ea97e731
large,output/notebook3_gnn_encoder/link_prediction/tolokers/k10/psi/graphsage_edge_feat_const_s44.emb,7267101,b8bee93aa86c6c07472c39abfa30acb6388246e5d61302e636a98ec28f3ff6e3
large,output/notebook3_gnn_encoder/link_prediction/tolokers/k10/psi/graphsage_edge_feat_deg_cent_s42.emb,7209020,3fbc45fa338a77c0c593562184487ee34b1d54da93cf9258fc949008e7f9e74d
large,output/notebook3_gnn_encoder/link_prediction/tolokers/k10/psi/graphsage_edge_feat_deg_cent_s43.emb,7229346,1c2841ad34e4fd6a483ae9467da7565d5159167ef86d39c91b68eb4006c70faa
large,output/notebook3_gnn_encoder/link_prediction/tolokers/k10/psi/graphsage_edge_feat_deg_cent_s44.emb,7189006,471e4df1e111f6e0bb8da708930abeda8aa9091552ec91f19af071a73277445c
large,output/notebook3_gnn_encoder/link_prediction/tolokers/k10/psi/graphsage_edge_feat_degree_s42.emb,7210580,3dc385e2bc93356ca5eb1ed6e91a380c4e4ff277e6ac77f2349f87389ec76c10
large,output/notebook3_gnn_encoder/link_prediction/tolokers/k10/psi/graphsage_edge_feat_degree_s43.emb,7164935,2536734717a6886d959c5770ce1adc1d12ad1c9fbf5e5e45e14be50506bd7a78
large,output/notebook3_gnn_encoder/link_prediction/tolokers/k10/psi/graphsage_edge_feat_degree_s44.emb,7199274,052be17ed90db7ab51072efaabbf8ccf2b507080940cca8b74faedafa7ed5542
large,output/notebook3_gnn_encoder/link_prediction/tolokers/k10/psi/graphsage_edge_feat_psi_s42.emb,7235566,7546c1b62edd3aa441a0228cb8962c4180b748ed3d57938e9a5ffb79b5936466
large,output/notebook3_gnn_encoder/link_prediction/tolokers/k10/psi/graphsage_edge_feat_psi_s43.emb,7190263,b9c88705f09c741876782b9c063e76141fa4e932e71cf237d05e1f2e7ab6aa46
large,output/notebook3_gnn_encoder/link_prediction/tolokers/k10/psi/graphsage_edge_feat_psi_s44.emb,7236489,6f2d74cf7b0affb1197075e25cf613d997715e26741381e534e910cae2c9ef2d
large,output/notebook3_gnn_encoder/link_prediction/tolokers/k10/psi/graphsage_edge_feat_random_s42.emb,7204345,613e9bf6acb70751704891ba1cfdadcbded56b9fe00e0ad3530dea1788c1e9c3
large,output/notebook3_gnn_encoder/link_prediction/tolokers/k10/psi/graphsage_edge_feat_random_s43.emb,7205311,74848ea281888677516e2e3b8ea2b9c0d9ff56a5bf44ca28f4e82d96b5febb93
large,output/notebook3_gnn_encoder/link_prediction/tolokers/k10/psi/graphsage_edge_feat_random_s44.emb,7207791,1c34eea0313466d80d80bb2c356f23dbbe380076724d9836b47830c6852caa66
large,output/notebook3_gnn_encoder/link_prediction/tolokers/k10/psi/graphsage_edge_s42.emb,7198508,0ebfe3f3abcf97cedab70acefd94c7017d7c9ffc05f093d2ce8809f24672db0b
large,output/notebook3_gnn_encoder/link_prediction/tolokers/k10/psi/graphsage_edge_s43.emb,7198449,caccb3e48ece49e5dbab3c78ba695b2addc0825a84140936aa27b79f43bf4ccd
large,output/notebook3_gnn_encoder/link_prediction/tolokers/k10/psi/graphsage_edge_s44.emb,7211459,3620cb30bd781aa7c0108d7e7455e0b32a7c07600eb97b4f37ee7829490bf590
large,output/notebook3_gnn_encoder/link_prediction/tolokers/k10/psi/graphsage_edge_s45.emb,7198349,3a04dbccee70da9a3478d04daecbfadc28f1ed0a3a4ac64b4314d30cbc980a76
large,output/notebook3_gnn_encoder/link_prediction/tolokers/k10/psi/graphsage_edge_s46.emb,7222564,c572b9c613805318886fd7189f949673145948cb9ea15147ce12583323579e82
large,output/notebook3_gnn_encoder/link_prediction/tolokers/k10/psi/graphsage_edge_s47.emb,7223201,1c13601797fd82da4841437e2ae6854a87434e00898c1937d44f438c260718e3
large,output/notebook3_gnn_encoder/link_prediction/tolokers/k10/psi/graphsage_edge_s48.emb,7222378,ff07f0fe109719a6b195e4b4ac732973cdfdc0f3cdf58e6a577d4c4885de40b2
large,output/notebook3_gnn_encoder/link_prediction/tolokers/k10/psi/graphsage_edge_s49.emb,7207644,789f8e393734ba7786308fcec790334b98ace01c87da5600494840224e551ff1
large,output/notebook3_gnn_encoder/link_prediction/tolokers/k10/psi/graphsage_edge_s50.emb,7197947,f005056add3b43e5034a3f5a31ddb2e384cf2fb7046983f3105df2c49ebaa0e1
large,output/notebook3_gnn_encoder/link_prediction/tolokers/k10/psi/graphsage_edge_s51.emb,7184485,eceeb5350056442fbcee85c3b62b66e2b8f16bd67365a8f97780ce1a3f3ba63f
large,output/notebook3_gnn_encoder/link_prediction/tolokers/k10/psi_pqnorm/graphsage_edge_s42.emb,7208583,612b43dbf685f478dfabfc8f8a47c3523629ea5b296e41cef5f1b4365f65d629
large,output/notebook3_gnn_encoder/link_prediction/tolokers/k10/psi_pqnorm/graphsage_edge_s43.emb,7211654,5ef4ae970f1966be5442ef0ac0293ad54a975fe702d1b8f878809613101b4d4a
large,output/notebook3_gnn_encoder/link_prediction/tolokers/k10/psi_pqnorm/graphsage_edge_s44.emb,7227298,524fe793768cdf70cac8701884d638326dbccd681d1433d5114cb1d0aee8134f
large,output/notebook3_gnn_encoder/link_prediction/tolokers/k10/psi_shift/graphsage_edge_s42.emb,7201350,7eaf3ce123daebb2c567e31038b93afba95e5cba00ef1830648e7661c038f3db
large,output/notebook3_gnn_encoder/link_prediction/tolokers/k10/psi_shift/graphsage_edge_s43.emb,7207046,0e3a688eb427ca6333514b2b1a83c2d666ea31ebda2d940bebb02a713516bb84
large,output/notebook3_gnn_encoder/link_prediction/tolokers/k10/psi_shift/graphsage_edge_s44.emb,7214783,322894269ea7b833318172fb8cdcec8c5bbeb06e94dff757b5d5a8a3628fc490
large,output/notebook3_gnn_encoder/link_prediction/twitch_de/k10/centrality/gatv2_edge_s42.emb,5826328,fa744ffa2c854abb1e3d210be9f679d1e69988cd34de1523bcc1330b71d13caa
large,output/notebook3_gnn_encoder/link_prediction/twitch_de/k10/centrality/gatv2_edge_s43.emb,5831225,261681aa25ba8f6f7c78aa538784718b2ab8d6248d6acef6f6795ae0cd2c6311
large,output/notebook3_gnn_encoder/link_prediction/twitch_de/k10/centrality/gatv2_edge_s44.emb,5817693,8c81891a3f898cd27207669dafc4d0248a01996a6cfd4d4c4fa0d177c2f1e898
large,output/notebook3_gnn_encoder/link_prediction/twitch_de/k10/centrality/graphsage_edge_s42.emb,5824504,4cdeed6cb61050c65f848c4118dd5dd38c24bf930a4dedafc3ca80ed278009ba
large,output/notebook3_gnn_encoder/link_prediction/twitch_de/k10/centrality/graphsage_edge_s43.emb,5820858,8bb6c9674061c4a1e6908e752567fedb904c89376a727f7440022db2c032e65a
large,output/notebook3_gnn_encoder/link_prediction/twitch_de/k10/centrality/graphsage_edge_s44.emb,5825921,771b21abb6e97edf79329ea1481f5a7802670633ec34ff33c032865b76d6234d
large,output/notebook3_gnn_encoder/link_prediction/twitch_de/k10/degree/gatv2_edge_s42.emb,5825962,98dd66b89adfb34794a61d9185d4553be36cbdc5486b08cfdc0453771a162e14
large,output/notebook3_gnn_encoder/link_prediction/twitch_de/k10/degree/gatv2_edge_s43.emb,5846675,77bd81dc8de39cddeb75ef8be7ac3bfc174b5ec6aec7e1cd8feaf41d2c72cdc7
large,output/notebook3_gnn_encoder/link_prediction/twitch_de/k10/degree/gatv2_edge_s44.emb,5810568,3ee950009ad6c9f3d4a021f132249ac5c5578ae71bb6738cee4ed9177b6d1e13
large,output/notebook3_gnn_encoder/link_prediction/twitch_de/k10/degree/graphsage_edge_s42.emb,5824125,e110d373512320199dd06bf63694b2e2b5c7f90ed573b20adfe1e57a32913284
large,output/notebook3_gnn_encoder/link_prediction/twitch_de/k10/degree/graphsage_edge_s43.emb,5814324,987267b9a12405901d1648f0dfaa51a2b96cfdcd8ffbac09086d6eaca9b29763
large,output/notebook3_gnn_encoder/link_prediction/twitch_de/k10/degree/graphsage_edge_s44.emb,5825295,ddee9c0a0c2afed84ba6e9ef26c162990331720da990d6f46f6be56a3d3b0db8
large,output/notebook3_gnn_encoder/link_prediction/twitch_de/k10/hybrid/gatv2_edge_s42.emb,5832958,79f93db3bbdd77d61329211ac75206b0e1ad20eae27a79127cb5f79a8cc5fb22
large,output/notebook3_gnn_encoder/link_prediction/twitch_de/k10/hybrid/gatv2_edge_s43.emb,5843750,e953b1ec1cf5b5a4afb6a07d9b410e006716253817f93089bbde33aa7c859ea9
large,output/notebook3_gnn_encoder/link_prediction/twitch_de/k10/hybrid/gatv2_edge_s44.emb,5819270,ecb31eda3e94cef16387d8f404b68fdb3f74ef629bb01fb1af94993b8f99dd1b
large,output/notebook3_gnn_encoder/link_prediction/twitch_de/k10/hybrid/graphsage_edge_s42.emb,5825442,a775d9cec50e8b07b6d191eb055bb4f6918c588e9eada4018195874c9ce07691
large,output/notebook3_gnn_encoder/link_prediction/twitch_de/k10/hybrid/graphsage_edge_s43.emb,5827492,43c2d0629147cbb8ec7dd5097cdc8619b8c2b1be8787378c79e901d7f69e8127
large,output/notebook3_gnn_encoder/link_prediction/twitch_de/k10/hybrid/graphsage_edge_s44.emb,5823171,1f2ad72584c258c166afee390089cad3863c0eae4d715cc1d74944537f14dcb5
large,output/notebook3_gnn_encoder/link_prediction/twitch_de/k10/hybrid_centrality/gatv2_edge_s42.emb,5841374,a145090e68e9e9106a21e03eba94b0d8fbeb54b5368e9a3e297996e082c87d12
large,output/notebook3_gnn_encoder/link_prediction/twitch_de/k10/hybrid_centrality/gatv2_edge_s43.emb,5842634,5ee75a6555f2d1c53d26e09b8fab68f77e932ce00fe5ae05600d1a2b0ba12c86
large,output/notebook3_gnn_encoder/link_prediction/twitch_de/k10/hybrid_centrality/gatv2_edge_s44.emb,5821492,022d15606f814571bf1050b260a857a063980ba53750ed97684b72997afde3d4
large,output/notebook3_gnn_encoder/link_prediction/twitch_de/k10/hybrid_centrality/graphsage_edge_s42.emb,5830515,c259ae47130caea39142e466013fff6c20849aa711d72440a38f86740bcb6b84
large,output/notebook3_gnn_encoder/link_prediction/twitch_de/k10/hybrid_centrality/graphsage_edge_s43.emb,5820206,faf3e7d71277de3bf482af02162855a89b0d6e367d8f23687033ce06cf90df33
large,output/notebook3_gnn_encoder/link_prediction/twitch_de/k10/hybrid_centrality/graphsage_edge_s44.emb,5824552,a8642ee9e261afd98aa369f936cdc7bb00f9b9a642073928b243ea43e7a8d74a
large,output/notebook3_gnn_encoder/link_prediction/twitch_de/k10/hybrid_degree/gatv2_edge_s42.emb,5839722,a342db26e2a714ceb096ca10b6c3ea31dac0c0e527a4b52c09ef50afa6e905f0
large,output/notebook3_gnn_encoder/link_prediction/twitch_de/k10/hybrid_degree/gatv2_edge_s43.emb,5843420,2ea047d6954fd22aae4abd91a79a9208a7a58acf8c82083bc5c3eca490838274
large,output/notebook3_gnn_encoder/link_prediction/twitch_de/k10/hybrid_degree/gatv2_edge_s44.emb,5820669,9f6c0a583e26fb676f04f9cee71e8f5aaabdf122f1c4beb4298ba8c2eff2cbac
large,output/notebook3_gnn_encoder/link_prediction/twitch_de/k10/hybrid_degree/graphsage_edge_s42.emb,5832808,eab3809b847de67b8f3acc4567c0b686b399374ef93c78657e16b3b1c18d7ea5
large,output/notebook3_gnn_encoder/link_prediction/twitch_de/k10/hybrid_degree/graphsage_edge_s43.emb,5824800,5ca805e419b24c97b22ba2da378d6c73e7f293621ae4aa4f8915eb98ba141e5e
large,output/notebook3_gnn_encoder/link_prediction/twitch_de/k10/hybrid_degree/graphsage_edge_s44.emb,5822613,035c4ed46b24f01c3b381136ad473bddfe59e43c2782dfc0ced355ba4bab72f1
large,output/notebook3_gnn_encoder/link_prediction/twitch_de/k10/original/gatv2_edge_s42.emb,5861564,6fdbc7500d5b696fa251c8be540377bc99557e5f251d4e2bdcb30e0f40e1cc6f
large,output/notebook3_gnn_encoder/link_prediction/twitch_de/k10/original/gatv2_edge_s43.emb,5842742,c4bca7b8e86731a64eefe53a0f9067a6abb7530a13b4614b9a9e9e25890de5c0
large,output/notebook3_gnn_encoder/link_prediction/twitch_de/k10/original/gatv2_edge_s44.emb,5820447,c4b215fbc554f655f5b371bdc11de695a2a81cd54a3e7f3246320d27c91004dc
large,output/notebook3_gnn_encoder/link_prediction/twitch_de/k10/original/graphsage_edge_s42.emb,5823811,7ca852a357ad880b97090f18c516c022b59aabdcee71c06d1a9ecb34e8850196
large,output/notebook3_gnn_encoder/link_prediction/twitch_de/k10/original/graphsage_edge_s43.emb,5840630,c9b60fcf4bd7d80a48b97f93323f83f6deeaa9c1704a9717e3e673acd965395e
large,output/notebook3_gnn_encoder/link_prediction/twitch_de/k10/original/graphsage_edge_s44.emb,5817500,f22937d1f1866310cb7d0e2d491c85a7f1e7606ff00880c1976cf4cb970a46fd
large,output/notebook3_gnn_encoder/link_prediction/twitch_de/k10/psi/gatv2_edge_s42.emb,5828375,ae22927584128e93387c971698d27e321e4514cd6fb17705bc87e1d81860c575
large,output/notebook3_gnn_encoder/link_prediction/twitch_de/k10/psi/gatv2_edge_s43.emb,5843511,c1749bf595a00e6d89efbf03fedf81f25bebdead24f951af4400990ca2a98fe5
large,output/notebook3_gnn_encoder/link_prediction/twitch_de/k10/psi/gatv2_edge_s44.emb,5816713,9fdf0324c02728711df323415a4e8326b30921df19fcae7217d9f0897aad0359
large,output/notebook3_gnn_encoder/link_prediction/twitch_de/k10/psi/graphsage_edge_s42.emb,5822404,1bba7a21497c48c0f179098b6d6ed18267a8fb9db2fa7a0b65d35b10d5b079d4
large,output/notebook3_gnn_encoder/link_prediction/twitch_de/k10/psi/graphsage_edge_s43.emb,5827616,9652d5d66e0f2ff10dcdd07230151606694e8c7ff7bcd8eb1757fc48e3132163
large,output/notebook3_gnn_encoder/link_prediction/twitch_de/k10/psi/graphsage_edge_s44.emb,5818094,6c444c89d3cfbfaed925bd7eec3d9b014f69c6dbfc34cb41bfb5ee9786259aa3
large,output/notebook3_gnn_encoder/link_prediction/twitch_de/k10/psi_pqnorm/graphsage_edge_s42.emb,5825447,87f5d2c32419a270f40afa7c093349cd15229a9308896f34602bb9926d2dcbcb
large,output/notebook3_gnn_encoder/link_prediction/twitch_de/k10/psi_pqnorm/graphsage_edge_s43.emb,5817790,6ba60b60db3ee8cc6ccb01869cd123f006b26a5b45b454dcf9c1a422c101e56d
large,output/notebook3_gnn_encoder/link_prediction/twitch_de/k10/psi_pqnorm/graphsage_edge_s44.emb,5823246,94a7fe56c133416cd3053dece2b262d206edbc1eea0881f80874ea47b250196f
large,output/notebook3_gnn_encoder/link_prediction/twitch_de/k10/psi_shift/graphsage_edge_s42.emb,5827538,ec2ec45a7bd303fd705f6f0983346283c1104503eec7b5de77e8545e09f32ff2
large,output/notebook3_gnn_encoder/link_prediction/twitch_de/k10/psi_shift/graphsage_edge_s43.emb,5816728,23da91d6a3661e0084a8527d516a73a8771c2ae771ac050311b232c21bb250e9
large,output/notebook3_gnn_encoder/link_prediction/twitch_de/k10/psi_shift/graphsage_edge_s44.emb,5825867,ecd18fba7b094c84491a6f5197491708bbfa35020b62f2bb85852dafea9f2adf
large,output/notebook3_gnn_encoder/link_prediction/twitch_engb/k10/centrality/gatv2_edge_s42.emb,4372916,7482701a373aa1e588bce99df989eb42f674ba574ffbaa79a2a588a816a3076e
large,output/notebook3_gnn_encoder/link_prediction/twitch_engb/k10/centrality/gatv2_edge_s43.emb,4369099,eea7601f071cd6ea9c059bf3d841b601af9075f119b6c108ef329f0190679590
large,output/notebook3_gnn_encoder/link_prediction/twitch_engb/k10/centrality/gatv2_edge_s44.emb,4374593,a4c133b7e59cd00ee489d1959429db3bf1fb46323f8f8f3d4901185fefdfde1e
large,output/notebook3_gnn_encoder/link_prediction/twitch_engb/k10/centrality/graphsage_edge_s42.emb,4372584,49c4e43141c746d87f492769b1101e99bd4e71ca860ea4fdb0a7ca3960edf98c
large,output/notebook3_gnn_encoder/link_prediction/twitch_engb/k10/centrality/graphsage_edge_s43.emb,4366420,b9cdef474a16daa7246bfad09d487b4319a2e964488148bc93ca5a21cdc83e4a
large,output/notebook3_gnn_encoder/link_prediction/twitch_engb/k10/centrality/graphsage_edge_s44.emb,4367969,382ff12651f3783ab10558cf7881142e31b76581b860293ab9d27f5e7782ce29
large,output/notebook3_gnn_encoder/link_prediction/twitch_engb/k10/degree/gatv2_edge_s42.emb,4366410,da860f660fe3d040eb6306809c28dcefc570a46d1491b2addab73512970c3900
large,output/notebook3_gnn_encoder/link_prediction/twitch_engb/k10/degree/gatv2_edge_s43.emb,4370212,794912094db55ad26ab2b857e159b2fec809b3aeb4232d888974a6de82855036
large,output/notebook3_gnn_encoder/link_prediction/twitch_engb/k10/degree/gatv2_edge_s44.emb,4370365,17e7c9127a8e04f3ed7e2d57665f28a3a20dd58587eb2f3e7fbc371486463a03
large,output/notebook3_gnn_encoder/link_prediction/twitch_engb/k10/degree/graphsage_edge_s42.emb,4365558,b86ecd8e1dc39eeb1c8a888989dda524c68f62551deecb15d4bf59e001557f42
large,output/notebook3_gnn_encoder/link_prediction/twitch_engb/k10/degree/graphsage_edge_s43.emb,4367084,c0bd029d83c37734eafdb16f8ab74e224fc3bdc9d688715dd933cd939d9bab37
large,output/notebook3_gnn_encoder/link_prediction/twitch_engb/k10/degree/graphsage_edge_s44.emb,4368284,cc5b3b97a9d22a9a3c5621100c76d0b78f5749a7b93f90f7b8eb6a4de7298bde
large,output/notebook3_gnn_encoder/link_prediction/twitch_engb/k10/hybrid/gatv2_edge_s42.emb,4377953,647154272f3792c3cfbe61c4063999339941474176f854621a890c18aebb4396
large,output/notebook3_gnn_encoder/link_prediction/twitch_engb/k10/hybrid/gatv2_edge_s43.emb,4372231,2ab87b1b2a75d266f78666bdc9005ae7f00f3b44756da4c43e321dfcb5de12d8
large,output/notebook3_gnn_encoder/link_prediction/twitch_engb/k10/hybrid/gatv2_edge_s44.emb,4371378,f6aee4fd3be03fdf794c45e4751cdd1a60bc06e5021bfee8d14689a1ac7c0506
large,output/notebook3_gnn_encoder/link_prediction/twitch_engb/k10/hybrid/graphsage_edge_s42.emb,4379362,005005886ad745a7bc69c792b917c08ccf4911320d0fa448d5e0991eade21e1b
large,output/notebook3_gnn_encoder/link_prediction/twitch_engb/k10/hybrid/graphsage_edge_s43.emb,4377952,747a6b17c27faf0b927bfbbf6da18466d7bd5571fd16c8b055cbe767ef8e7015
large,output/notebook3_gnn_encoder/link_prediction/twitch_engb/k10/hybrid/graphsage_edge_s44.emb,4366670,9611708413392b4507595a3fbd60c4e20bf2dba53a3b4ca243a18a02ea1666bc
large,output/notebook3_gnn_encoder/link_prediction/twitch_engb/k10/hybrid_centrality/gatv2_edge_s42.emb,4370648,46f1ede66f691ca95d9cf40830429e8b6bda63317e0f59c26abf6095718fe262
large,output/notebook3_gnn_encoder/link_prediction/twitch_engb/k10/hybrid_centrality/gatv2_edge_s43.emb,4370302,e7cefaa2a7e4f80070f44d309a89ace1135b07e20516f41f47c36ad5732441e4
large,output/notebook3_gnn_encoder/link_prediction/twitch_engb/k10/hybrid_centrality/gatv2_edge_s44.emb,4387981,25f8eb3fa42277524257ed7c6a4ecbd3ab891fa0453efb74475c8cce7358d266
large,output/notebook3_gnn_encoder/link_prediction/twitch_engb/k10/hybrid_centrality/graphsage_edge_s42.emb,4381722,f98f0d3b406849abb176548d9ddd1de25db7333084722df2c63b95b3f75e997d
large,output/notebook3_gnn_encoder/link_prediction/twitch_engb/k10/hybrid_centrality/graphsage_edge_s43.emb,4373713,7baf180583a46bc90d0cc1558c8737d4265b25b3ad1555c7534bbdb3ad31759f
large,output/notebook3_gnn_encoder/link_prediction/twitch_engb/k10/hybrid_centrality/graphsage_edge_s44.emb,4367792,a1f835ea21e63e497673c9d50717d7a2dda3dab5c72651025d231e5a1ac729dd
large,output/notebook3_gnn_encoder/link_prediction/twitch_engb/k10/hybrid_degree/gatv2_edge_s42.emb,4376519,781504a08d3b07b435969740793dfc760e6a88c87a7518d42cf913d38827f068
large,output/notebook3_gnn_encoder/link_prediction/twitch_engb/k10/hybrid_degree/gatv2_edge_s43.emb,4366000,2d6edd50d5e8a08047bbbac7d954b6342daecdb1359c64303ff943c0da8c889b
large,output/notebook3_gnn_encoder/link_prediction/twitch_engb/k10/hybrid_degree/gatv2_edge_s44.emb,4354339,4ae7e68579540380c4a3ccc283ca5f7bd6d0d13ab7c21dcc0ef8f8f3d4ee7722
large,output/notebook3_gnn_encoder/link_prediction/twitch_engb/k10/hybrid_degree/graphsage_edge_s42.emb,4374268,cfa0451dbac1654ed4d7fe9fc7997e77514cfa994c8955b6fe5df2a2fdc93d5b
large,output/notebook3_gnn_encoder/link_prediction/twitch_engb/k10/hybrid_degree/graphsage_edge_s43.emb,4372984,6568971d86ad56a20b1db7c634887abb3b8cb4212c41de95744a9d1138c3735f
large,output/notebook3_gnn_encoder/link_prediction/twitch_engb/k10/hybrid_degree/graphsage_edge_s44.emb,4365254,81665b3b8962fa123e57b07b08fb9eac78f7863b7c647e7a64ec57f8c8a0ff6a
large,output/notebook3_gnn_encoder/link_prediction/twitch_engb/k10/original/gatv2_edge_s42.emb,4386916,5950b7affd62b8fc852884f25b5afe1811a49acda9b4e993a1409b0bdea83a37
large,output/notebook3_gnn_encoder/link_prediction/twitch_engb/k10/original/gatv2_edge_s43.emb,4387263,cac8b520696820d09b59e5e73b476a75fa69d065684f4e50e2c77fc9c1534576
large,output/notebook3_gnn_encoder/link_prediction/twitch_engb/k10/original/gatv2_edge_s44.emb,4380812,c689d177e56883f98b14be8ecc6d009683dbaaa78bf0a8c9f181e1b504757aac
large,output/notebook3_gnn_encoder/link_prediction/twitch_engb/k10/original/graphsage_edge_s42.emb,4380463,013121cbccc779627881c30837629c8e24b6646159c9b170717b8f326a6f735f
large,output/notebook3_gnn_encoder/link_prediction/twitch_engb/k10/original/graphsage_edge_s43.emb,4362544,7f858307cf86945f0916eddf06ef065dd0f692c243c9c7bf20bc51a00e893c0e
large,output/notebook3_gnn_encoder/link_prediction/twitch_engb/k10/original/graphsage_edge_s44.emb,4374917,8ff59d54e4aa0218a9b6f4afca372925c13c46938f3c58dd2dd47aca2d071238
large,output/notebook3_gnn_encoder/link_prediction/twitch_engb/k10/psi/gatv2_edge_s42.emb,4366485,2c8e0c4ec75948f15dff9f89852747a0448c9c5faab5b112b09a21fdb1e046ef
large,output/notebook3_gnn_encoder/link_prediction/twitch_engb/k10/psi/gatv2_edge_s43.emb,4372911,b0606a87d8140cf0e5d549c2c9b94eda7b4dd05580727477445adcdcccb3ab21
large,output/notebook3_gnn_encoder/link_prediction/twitch_engb/k10/psi/gatv2_edge_s44.emb,4366195,c553ad0cdcbc21c6d70ee9277990a94b30db033cd0a56655b8b7f220b65ca1ec
large,output/notebook3_gnn_encoder/link_prediction/twitch_engb/k10/psi/graphsage_edge_s42.emb,4370111,97713337a16f2f80d3bb6f72a2b0e466575982696f7b74b7e16f517c6e5174c3
large,output/notebook3_gnn_encoder/link_prediction/twitch_engb/k10/psi/graphsage_edge_s43.emb,4382859,eb8bfbb06a6926e7d788f587a1a0b6ddc4ecc375c390be418a4f6d525806e231
large,output/notebook3_gnn_encoder/link_prediction/twitch_engb/k10/psi/graphsage_edge_s44.emb,4362618,bbbb4d5e38d0051f59eb737a648e6e7a5384f376d2a577a9e4d9b98db8264978
large,output/notebook3_gnn_encoder/link_prediction/twitch_es/k10/centrality/gatv2_edge_s42.emb,2845068,c8d1b171867ffc35c704a77c6fa848dd5f0f268e2ce717593646e29a1b602d53
large,output/notebook3_gnn_encoder/link_prediction/twitch_es/k10/centrality/gatv2_edge_s43.emb,2850903,c6b408186e5ce577f4c7fcc2c2ab3a8ec99fd02fac0961bb32a02dc74e09c3b2
large,output/notebook3_gnn_encoder/link_prediction/twitch_es/k10/centrality/gatv2_edge_s44.emb,2843242,f57dd3a8d20dbcc033eea29f564f7c1f0b9cc8ef7f0aab660804eed4092abbd7
large,output/notebook3_gnn_encoder/link_prediction/twitch_es/k10/centrality/graphsage_edge_s42.emb,2850083,c5e7a48e98ac34bca3aec7c778705d1ac9aac425dcbef25fdd41f632543b76bc
large,output/notebook3_gnn_encoder/link_prediction/twitch_es/k10/centrality/graphsage_edge_s43.emb,2845858,039217beafff0c4aa871504ce9116d990e70b6498f973d0b62f0137e3d936337
large,output/notebook3_gnn_encoder/link_prediction/twitch_es/k10/centrality/graphsage_edge_s44.emb,2846314,93ba8e5c1533072711c8a8d85a309c1553af47791af142292981f089ff3e229f
large,output/notebook3_gnn_encoder/link_prediction/twitch_es/k10/centrality/graphsage_edge_s45.emb,2845462,faccc8bb1a9d253bc5bd7cb4e069a14e3983d4ca230dd4b8347c2512ed5eb1cd
large,output/notebook3_gnn_encoder/link_prediction/twitch_es/k10/centrality/graphsage_edge_s46.emb,2853522,f2a8f836a3ce3be4b463beb3dd012e9c612ac2183fadd39fa268a33db76988c7
large,output/notebook3_gnn_encoder/link_prediction/twitch_es/k10/centrality/graphsage_edge_s47.emb,2853067,4f9cce4898a191a1565ef10c9601738a45557c55651d6b573ca3d88ce0cbb250
large,output/notebook3_gnn_encoder/link_prediction/twitch_es/k10/degree/gatv2_edge_s42.emb,2847837,21241bf6154ab25b63a1ae2e23465d94440ed8b7e53c1208bb11d7c22d32774e
large,output/notebook3_gnn_encoder/link_prediction/twitch_es/k10/degree/gatv2_edge_s43.emb,2848653,a70fc5bba7682a8fe16042128f5040034e0b80056f91910a9be3bf4bd8dbc0f2
large,output/notebook3_gnn_encoder/link_prediction/twitch_es/k10/degree/gatv2_edge_s44.emb,2844133,1009fa93fd2695caf9abda25e682f795053dc8d0f8e84c916fb0064c5b458f4c
large,output/notebook3_gnn_encoder/link_prediction/twitch_es/k10/degree/graphsage_edge_s42.emb,2847145,147ddbaf99633c1b3c95e8b4ad20f49064d73de48fc1cdadd1badc59b9d62306
large,output/notebook3_gnn_encoder/link_prediction/twitch_es/k10/degree/graphsage_edge_s43.emb,2846521,0bb3029a6c1d8ad478111a0c66da7bcb0dae2afcc7b5d11ee1c986681da0706a
large,output/notebook3_gnn_encoder/link_prediction/twitch_es/k10/degree/graphsage_edge_s44.emb,2849342,2ae6d44b532f263248821cf237c0a369b6a7aae79f36b8de106940021a04e4a0
large,output/notebook3_gnn_encoder/link_prediction/twitch_es/k10/degree/graphsage_edge_s45.emb,2843767,b23698e17f4a52bf558d2c31d970131b246cffe1b9c587dc2167f7850491434a
large,output/notebook3_gnn_encoder/link_prediction/twitch_es/k10/degree/graphsage_edge_s46.emb,2852166,80e277f217282da13b2c850910c6a677614c71832f484538c9c8f1d886e1bc0d
large,output/notebook3_gnn_encoder/link_prediction/twitch_es/k10/degree/graphsage_edge_s47.emb,2850153,9eb2119342c1f3857509a1416e5a1ca197fbf1ba70e2a185c0bc2892aec19410
large,output/notebook3_gnn_encoder/link_prediction/twitch_es/k10/hybrid/gatv2_edge_s42.emb,2853384,5e0cf46760f0226d8c8eb80aff54f8b262620ad2dde4bc11148f587fd169c069
large,output/notebook3_gnn_encoder/link_prediction/twitch_es/k10/hybrid/gatv2_edge_s43.emb,2843063,7270880c0665d3620d12a290fe8d6b07a102eae1506a164f846ca24b396d70c5
large,output/notebook3_gnn_encoder/link_prediction/twitch_es/k10/hybrid/gatv2_edge_s44.emb,2843980,2068e90eb24563a79bbd22d500000c6de06d5300885a8849d8a5fdfcc36f6251
large,output/notebook3_gnn_encoder/link_prediction/twitch_es/k10/hybrid/graphsage_edge_s42.emb,2851541,936dce2160f79e0996ec32e52b2507374df053ae379f716088644bb563279632
large,output/notebook3_gnn_encoder/link_prediction/twitch_es/k10/hybrid/graphsage_edge_s43.emb,2849769,efac418d3622c575cbe1e0595251066e15540659a7a41df91df6cab9dcda0447
large,output/notebook3_gnn_encoder/link_prediction/twitch_es/k10/hybrid/graphsage_edge_s44.emb,2847703,b2b4d32c3ed6ff80f10b873ddf6245d84d13243b2e6ecd04963fd911486abee1
large,output/notebook3_gnn_encoder/link_prediction/twitch_es/k10/hybrid/graphsage_edge_s45.emb,2848686,019b10800c809a6b7a372d6c7722bbcf8cc5f5bd14291bbf968468e9b2a8df8f
large,output/notebook3_gnn_encoder/link_prediction/twitch_es/k10/hybrid/graphsage_edge_s46.emb,2849272,c5a1340350e66fe56dd039790a6d30552f19ad4179f4978a950a25e7fa6da9f4
large,output/notebook3_gnn_encoder/link_prediction/twitch_es/k10/hybrid/graphsage_edge_s47.emb,2851977,f71379eb48c3692f5d41e731478627e2ed372e089865302465dbc07892662760
large,output/notebook3_gnn_encoder/link_prediction/twitch_es/k10/hybrid_centrality/gatv2_edge_s42.emb,2847980,bcb35f198dae4866a1461ee20e2967703147204b3b0dd5dd552498812c4612b7
large,output/notebook3_gnn_encoder/link_prediction/twitch_es/k10/hybrid_centrality/gatv2_edge_s43.emb,2857018,0fde04053d960538d21a24ba22739f18ebf355a9725218616472cc4a094d0c70
large,output/notebook3_gnn_encoder/link_prediction/twitch_es/k10/hybrid_centrality/gatv2_edge_s44.emb,2846599,1c6f3a946fba857b6c7babc12df6a34e53ddf1d55dc52e38d00f3767d65f7925
large,output/notebook3_gnn_encoder/link_prediction/twitch_es/k10/hybrid_centrality/graphsage_edge_s42.emb,2853773,90a9694673c4118a9b17dec4c680e012b878ee1c050eca8331562bfec699d22d
large,output/notebook3_gnn_encoder/link_prediction/twitch_es/k10/hybrid_centrality/graphsage_edge_s43.emb,2849737,ef14584d6b9eac3e7733e2dc2647ec8846d89f0df872e508abd4e21544f9b4c7
large,output/notebook3_gnn_encoder/link_prediction/twitch_es/k10/hybrid_centrality/graphsage_edge_s44.emb,2847704,308d73b4fb63821083870d5e04cb02f351079327f50300ef98a773e90c268b33
large,output/notebook3_gnn_encoder/link_prediction/twitch_es/k10/hybrid_centrality/graphsage_edge_s45.emb,2846982,339d21f4de34b29f4781d0090b25dcf2312880888df83b9ca94377355c0ba420
large,output/notebook3_gnn_encoder/link_prediction/twitch_es/k10/hybrid_centrality/graphsage_edge_s46.emb,2852920,08427980f0a3e076c26d42dece6870d66ec701d03ee485d5385d36e6e6784ad9
large,output/notebook3_gnn_encoder/link_prediction/twitch_es/k10/hybrid_centrality/graphsage_edge_s47.emb,2851604,0bf680be0ec3d788a030524b7153df0e1e02d256980c5c6b3a1fce7ac7d35745
large,output/notebook3_gnn_encoder/link_prediction/twitch_es/k10/hybrid_degree/gatv2_edge_s42.emb,2851798,c2ad06921623177fed219768318cf3b9f310f677daf9b3624d31634f3cecfbc3
large,output/notebook3_gnn_encoder/link_prediction/twitch_es/k10/hybrid_degree/gatv2_edge_s43.emb,2842504,4805e788155e4f225837ebc27934cee96528ba6c2470300c37994dc73c68d96a
large,output/notebook3_gnn_encoder/link_prediction/twitch_es/k10/hybrid_degree/gatv2_edge_s44.emb,2844591,631983e30fc91ba927cbf1f803525d4dee05ddc764eca797dfe79b32d59b83bd
large,output/notebook3_gnn_encoder/link_prediction/twitch_es/k10/hybrid_degree/graphsage_edge_s42.emb,2853410,a800e50acc5e9f46d49dc2ab340480d8085f27a09898b62c4b9637af1d846586
large,output/notebook3_gnn_encoder/link_prediction/twitch_es/k10/hybrid_degree/graphsage_edge_s43.emb,2848295,6e93eaa32a835a858f805ca77b1a56f3fb3c5f3137d7a4feededb7accba87fa1
large,output/notebook3_gnn_encoder/link_prediction/twitch_es/k10/hybrid_degree/graphsage_edge_s44.emb,2849977,8f7aa99a73c67e703384e13808859729695b1f8e89484d309a4ba840ff377a3d
large,output/notebook3_gnn_encoder/link_prediction/twitch_es/k10/hybrid_degree/graphsage_edge_s45.emb,2847463,a800f41f86e764ddc4da0cbc3e72370197df19c4e08653f177b8b45fdd65c54d
large,output/notebook3_gnn_encoder/link_prediction/twitch_es/k10/hybrid_degree/graphsage_edge_s46.emb,2848605,2680f8e0ef7245c4cfca6af097c2434d6381d4d6d4cc36db454bc64dde5388c1
large,output/notebook3_gnn_encoder/link_prediction/twitch_es/k10/hybrid_degree/graphsage_edge_s47.emb,2851037,8d592c11ef33a3867273777f336cd1ec447351ba5a2377d696c2771787f6e8de
large,output/notebook3_gnn_encoder/link_prediction/twitch_es/k10/original/gatv2_edge_s42.emb,2867297,9934a6daa0337eb42e1774ea03675f8edf6121974bd15aa6e7aa5ce7a7f82390
large,output/notebook3_gnn_encoder/link_prediction/twitch_es/k10/original/gatv2_edge_s43.emb,2882618,9678cd80cb55c2287de32a960d94244a27d9ac6c3daa10cb84c46f2c669e1d9c
large,output/notebook3_gnn_encoder/link_prediction/twitch_es/k10/original/gatv2_edge_s44.emb,2843548,dd1f803a5e1abd1c3c68e5d77a41c56b9bf899353f89827aa20318738a31b236
large,output/notebook3_gnn_encoder/link_prediction/twitch_es/k10/original/graphsage_edge_s42.emb,2852160,3b9bae0890ef0895a42d4c2763f0005ec0fd526cf6112bba1cd0d747e58a779c
large,output/notebook3_gnn_encoder/link_prediction/twitch_es/k10/original/graphsage_edge_s43.emb,2856366,6b846ec7aa7008caf886483a6a04809f89270fa40b53804302f80dfb7bbe49db
large,output/notebook3_gnn_encoder/link_prediction/twitch_es/k10/original/graphsage_edge_s44.emb,2845649,723c5edc5dce734e6f504372cac3a98293da3e7082363211386c0194d03039cf
large,output/notebook3_gnn_encoder/link_prediction/twitch_es/k10/original/graphsage_edge_s45.emb,2846983,7ea13846f885f120b4d0ce2857c54c9242ced5437533e34f244ef37467f5e87e
large,output/notebook3_gnn_encoder/link_prediction/twitch_es/k10/original/graphsage_edge_s46.emb,2851804,a61e28b89595e5a542d92d928a1726e17bebd844f98fe9bb43c3a1a1829ddb3f
large,output/notebook3_gnn_encoder/link_prediction/twitch_es/k10/original/graphsage_edge_s47.emb,2852870,5a47700b69eb27a9fd3c455f9744ed099d63b92fbb9b6b7076349555c1c4c018
large,output/notebook3_gnn_encoder/link_prediction/twitch_es/k10/psi/gatv2_edge_s42.emb,2851318,7afdbc1a538046c55b66c2460ebabd7436a06308d38410d9b969ab30387c1990
large,output/notebook3_gnn_encoder/link_prediction/twitch_es/k10/psi/gatv2_edge_s43.emb,2856249,dab62764e9710ab31546ca9be632399252a0189a4bb67e7da7e8b7a2bc8534f8
large,output/notebook3_gnn_encoder/link_prediction/twitch_es/k10/psi/gatv2_edge_s44.emb,2845399,6fc6cec7b1e488657926ec823cdf150b6025fb7080a5fdf3e82d114bbe6a5d74
large,output/notebook3_gnn_encoder/link_prediction/twitch_es/k10/psi/graphsage_edge_s42.emb,2846131,6ed782c316e79c5178d696f74425246479d8c904c237e20f01ab80b8ce3e14c6
large,output/notebook3_gnn_encoder/link_prediction/twitch_es/k10/psi/graphsage_edge_s43.emb,2849100,6d872eefc09906764ead4c584b5aaaa2fd7b8076e03188e7da04cde13994faad
large,output/notebook3_gnn_encoder/link_prediction/twitch_es/k10/psi/graphsage_edge_s44.emb,2845745,c4796e9982f7e54463d9fbb343ea6efe7231c0f04ee0786bbf40ce93f33d0544
large,output/notebook3_gnn_encoder/link_prediction/twitch_es/k10/psi/graphsage_edge_s45.emb,2846850,b86106f674fad2f16919aad0860af1fd5e5842348d490628864e26f1167b6982
large,output/notebook3_gnn_encoder/link_prediction/twitch_es/k10/psi/graphsage_edge_s46.emb,2850995,8459d6d83381b2eb48e3231ed4f81dd0754c287c2ff799e26f406d7641ddff20
large,output/notebook3_gnn_encoder/link_prediction/twitch_es/k10/psi/graphsage_edge_s47.emb,2852404,add0a4c7a868b3dc74f3cb1ad596cac655c917c54f60ed0769b0555079e0ffa0
large,output/notebook3_gnn_encoder/link_prediction/twitch_es/k10/psi_lambda/graphsage_edge_s42.emb,2848688,739fe40ae966480ee6117aaf54932a8ab3f0a8b19285872cc0f32da78f4b5ea0
large,output/notebook3_gnn_encoder/link_prediction/twitch_es/k10/psi_lambda/graphsage_edge_s43.emb,2849614,48ef327c4e6ed90aa2026e41fee11a8eef0d1841fef2f7d5e88d584305f23901
large,output/notebook3_gnn_encoder/link_prediction/twitch_es/k10/psi_lambda/graphsage_edge_s44.emb,2849195,b58b884240ed7d7d9f79c1b11580229c64610a598ae0b94ce0d071beae38075e
large,output/notebook3_gnn_encoder/link_prediction/twitch_es/k10/psi_pqnorm/graphsage_edge_s42.emb,2848671,2271fa0eb41bceb728e2d816874441ad7e0e13f79974bb2013c98f31c2d0d73a
large,output/notebook3_gnn_encoder/link_prediction/twitch_es/k10/psi_pqnorm/graphsage_edge_s43.emb,2847490,45d4706da9fce7b34ee4123d9b7b58c7bdd3c99e6a61a95c103d7d10ef564795
large,output/notebook3_gnn_encoder/link_prediction/twitch_es/k10/psi_pqnorm/graphsage_edge_s44.emb,2848106,c0dcd8f3387909bd1c3792bacf94e953056ce364abc882107f4722f1cfb2b5c8
large,output/notebook3_gnn_encoder/link_prediction/twitch_es/k10/psi_shift/graphsage_edge_s42.emb,2848262,2277094fa265e3b7a05c44cfec02872c3f8666b4fac5812508c61bc9bad520fc
large,output/notebook3_gnn_encoder/link_prediction/twitch_es/k10/psi_shift/graphsage_edge_s43.emb,2847702,91cb51ed192f3c8f0f5660fb94b9e3fc9df2f8718ef75491a167baf322b7ea26
large,output/notebook3_gnn_encoder/link_prediction/twitch_es/k10/psi_shift/graphsage_edge_s44.emb,2847409,4c5c65c470148af34a1fcb146a89ace292b33dd9ebb9ed53616faad7c0801a60
large,output/notebook3_gnn_encoder/link_prediction/twitch_fr/k10/centrality/graphsage_edge_s42.emb,4016714,3597e6ace9d2ef19f5d4e9787e337a8c154d726a47c2a59220581c8caf48b532
large,output/notebook3_gnn_encoder/link_prediction/twitch_fr/k10/centrality/graphsage_edge_s43.emb,4013042,d74be1b8811d9beb65cc53b923acc6e83f552fa493237af8f71c224fc6683574
large,output/notebook3_gnn_encoder/link_prediction/twitch_fr/k10/centrality/graphsage_edge_s44.emb,4014144,7802daf3f98676960229c33b4973bb5e82f11577f079a5dcc455f8daa7e15a74
large,output/notebook3_gnn_encoder/link_prediction/twitch_fr/k10/centrality/graphsage_edge_s45.emb,4005815,68dff10d2e23218335ac8de7c7b09a1364747680356bfc42d41e8a2c8b12d3fb
large,output/notebook3_gnn_encoder/link_prediction/twitch_fr/k10/centrality/graphsage_edge_s46.emb,4020936,36d3aad423dbef315cfb298bcc0459d86e3fa1f28856ead8dbf8788e0b57704c
large,output/notebook3_gnn_encoder/link_prediction/twitch_fr/k10/centrality/graphsage_edge_s47.emb,4021437,5f4f741b9a6059a10bbde410dd730968d6c92ae5a120a642a213f6b53caf9ac8
large,output/notebook3_gnn_encoder/link_prediction/twitch_fr/k10/degree/graphsage_edge_s42.emb,4012063,270c14ab30f2648c37264148321e614ce63558e084b5f460663dabc27b92c9c0
large,output/notebook3_gnn_encoder/link_prediction/twitch_fr/k10/degree/graphsage_edge_s43.emb,4009690,961be593155167103251b16e697c7c9592a4bf82c717f826d9b6a83a834aeef2
large,output/notebook3_gnn_encoder/link_prediction/twitch_fr/k10/degree/graphsage_edge_s44.emb,4016331,da14b20f68c540af628dc3c4a8fbf17d7e5d5ae118c9254a1008b5d01733b3a7
large,output/notebook3_gnn_encoder/link_prediction/twitch_fr/k10/degree/graphsage_edge_s45.emb,4001099,5b2c238163648512050f188870811b493aae67cf723e761e705939ef1f73e55e
large,output/notebook3_gnn_encoder/link_prediction/twitch_fr/k10/degree/graphsage_edge_s46.emb,4022480,74ae06f02d5664fc4b5c8351282a241a43cc4698f23efae004fdf2d4029ac331
large,output/notebook3_gnn_encoder/link_prediction/twitch_fr/k10/degree/graphsage_edge_s47.emb,4016241,f2fcd20d4964d7be1a9f35ef3406c21a73da9fb4e265ee1559e6c6001d5bdaeb
large,output/notebook3_gnn_encoder/link_prediction/twitch_fr/k10/hybrid/graphsage_edge_s42.emb,4021815,9fcd758b0f7c44438c01f6c5f04f99ea13404a5ec661ba2c42c9f4149d9f350c
large,output/notebook3_gnn_encoder/link_prediction/twitch_fr/k10/hybrid/graphsage_edge_s43.emb,4020584,08483f77c84e4f8f6853ef68400485444fd32484cd7be41ecbff754f522c26a2
large,output/notebook3_gnn_encoder/link_prediction/twitch_fr/k10/hybrid/graphsage_edge_s44.emb,4007093,8184a678f5bfd115e06d7532bc11d5bc355f6e097526c0e023649564eec73caa
large,output/notebook3_gnn_encoder/link_prediction/twitch_fr/k10/hybrid/graphsage_edge_s45.emb,4013952,03e5a52c2773649dffd180c2f1457ebcdd5e21c577fdf790f4cccc18b5e6d644
large,output/notebook3_gnn_encoder/link_prediction/twitch_fr/k10/hybrid/graphsage_edge_s46.emb,4016458,1e5120331794ce8d8da1e7b7e4d6f5d1abb5b2426be6667d04ffafbbaadb7785
large,output/notebook3_gnn_encoder/link_prediction/twitch_fr/k10/hybrid/graphsage_edge_s47.emb,4013487,2202b057113ff4fe07c4f05065850c12990a1c5e9c1f85d127b3939c618aeaed
large,output/notebook3_gnn_encoder/link_prediction/twitch_fr/k10/hybrid_centrality/graphsage_edge_s42.emb,4022656,6bc10f0ab59c5f2e959739906d2c9ef4f0224d90bafe222c3018de9d7aa7b5e7
large,output/notebook3_gnn_encoder/link_prediction/twitch_fr/k10/hybrid_centrality/graphsage_edge_s43.emb,4018580,2b343e37f52bfeb138b8394fc30dd868527c67f0323c8f2193b4baab5b53ee0f
large,output/notebook3_gnn_encoder/link_prediction/twitch_fr/k10/hybrid_centrality/graphsage_edge_s44.emb,4010134,7f43d60017634dc171ac93c35d83131f2cf5e84c61ed364c0102017eb1f0740c
large,output/notebook3_gnn_encoder/link_prediction/twitch_fr/k10/hybrid_centrality/graphsage_edge_s45.emb,4021023,ae8964387dae11dfe189b671514f46757b2e210c65903f240381b31a492765ad
large,output/notebook3_gnn_encoder/link_prediction/twitch_fr/k10/hybrid_centrality/graphsage_edge_s46.emb,4017238,96fcec3ca225506e928b99096377f98304c79ba04efb89e67385df56aed06801
large,output/notebook3_gnn_encoder/link_prediction/twitch_fr/k10/hybrid_centrality/graphsage_edge_s47.emb,4017976,f75a04bd9783d75ae85ce1f3943ef23b2819afdb70178709768c75c0dc63c05b
large,output/notebook3_gnn_encoder/link_prediction/twitch_fr/k10/hybrid_degree/graphsage_edge_s42.emb,4017553,a83db90c030f955406284a9b1c4f2c3e01664d887b022a4d9d51ac085ef25d2c
large,output/notebook3_gnn_encoder/link_prediction/twitch_fr/k10/hybrid_degree/graphsage_edge_s43.emb,4017757,07a396e5669c293b9c7af654fbf708e6581d97a52175643c77a13cb6e2e921ca
large,output/notebook3_gnn_encoder/link_prediction/twitch_fr/k10/hybrid_degree/graphsage_edge_s44.emb,4010270,6245c5dd18683d5d0c79d6c0a308e6ed3ed2535d346034df86bd4469d72f19cd
large,output/notebook3_gnn_encoder/link_prediction/twitch_fr/k10/hybrid_degree/graphsage_edge_s45.emb,4011576,6af5ed4ebc834a2955cb7906fd26d16380e91856b836ee61d63ef2c9c3ccf269
large,output/notebook3_gnn_encoder/link_prediction/twitch_fr/k10/hybrid_degree/graphsage_edge_s46.emb,4020114,13c36d62e2b2a496de19e72f2c4956ba943a9359653391acf987d38edcd7c113
large,output/notebook3_gnn_encoder/link_prediction/twitch_fr/k10/hybrid_degree/graphsage_edge_s47.emb,4013132,dffa4fb58538373f280bbafb2c474a807ef29bf4ee445687998ebda9a3b3bde9
large,output/notebook3_gnn_encoder/link_prediction/twitch_fr/k10/original/graphsage_edge_s42.emb,4018277,b03db4491f892c1a8b5d229fcf2dde85d86f1faad40f522630ad187b6ee8c6da
large,output/notebook3_gnn_encoder/link_prediction/twitch_fr/k10/original/graphsage_edge_s43.emb,4020696,776b0a617fad1e9d29da49d05336bf1239e9f5e9388f5081b74890716d1453ae
large,output/notebook3_gnn_encoder/link_prediction/twitch_fr/k10/original/graphsage_edge_s44.emb,4012604,7fe1353e01b787be1cf00263757f3568eef63b389541905e93ac964726a0dab0
large,output/notebook3_gnn_encoder/link_prediction/twitch_fr/k10/original/graphsage_edge_s45.emb,4007435,5098c767417e4e20836c5ded857907548f5d320f19614d6bfb47fd52839dbaeb
large,output/notebook3_gnn_encoder/link_prediction/twitch_fr/k10/original/graphsage_edge_s46.emb,4014139,f82e7cf166431e04d88ac2a06d3c78c39e6b29f7c73f9c310398453a64e2535b
large,output/notebook3_gnn_encoder/link_prediction/twitch_fr/k10/original/graphsage_edge_s47.emb,4017999,71966f8021602212616cd9239e9bd352e9838e20625ce745cf719aed90cd8633
large,output/notebook3_gnn_encoder/link_prediction/twitch_fr/k10/psi/graphsage_edge_s42.emb,4012098,22547a5400ef2c65f807ced4f4f29dae00016714c11032a6b669f11cad26804b
large,output/notebook3_gnn_encoder/link_prediction/twitch_fr/k10/psi/graphsage_edge_s43.emb,4016710,e5c5677f29a08cf4774986a6121617bc9caadaffadec05d0de79b0df98920694
large,output/notebook3_gnn_encoder/link_prediction/twitch_fr/k10/psi/graphsage_edge_s44.emb,4009922,0e016469905db690e0c3aaca11e929f4b58aa42108a091533e3646aa537af9bc
large,output/notebook3_gnn_encoder/link_prediction/twitch_fr/k10/psi/graphsage_edge_s45.emb,4005055,27b201c0ef809ca12b2e56fd9d0e80eaf30ac54855a58bec42b8d2c5ff845fca
large,output/notebook3_gnn_encoder/link_prediction/twitch_fr/k10/psi/graphsage_edge_s46.emb,4020748,1fa4fac0aefe971f0f91d07878ec1697b2336f63769e9f0d0d060a9b0b2445c8
large,output/notebook3_gnn_encoder/link_prediction/twitch_fr/k10/psi/graphsage_edge_s47.emb,4017201,3d7c7c1a1505ececd9f7c11d23352c3ff09151c25c74bcfb6a4061855818fb1a
large,output/notebook3_gnn_encoder/link_prediction/twitch_fr/k10/psi_pqnorm/graphsage_edge_s42.emb,4018491,8d1dc6c768f9e139721ae5bd6aef92f62cefb1214a28cbd35010fb957d689078
large,output/notebook3_gnn_encoder/link_prediction/twitch_fr/k10/psi_pqnorm/graphsage_edge_s43.emb,4014691,1339087f74cfa59becd009a3fd4eaabec8a1373024d18c348d853a9ef28eb59d
large,output/notebook3_gnn_encoder/link_prediction/twitch_fr/k10/psi_pqnorm/graphsage_edge_s44.emb,4012323,77cc502eec06f7f9e0bdf585424149276a29b6a8558a422b3bfa149460c3a7f8
large,output/notebook3_gnn_encoder/link_prediction/twitch_fr/k10/psi_shift/graphsage_edge_s42.emb,4017268,4e7c6e9b9f7e6b45d4927a35941a5b816a735921966d76ad53c4b1fa3249cf2b
large,output/notebook3_gnn_encoder/link_prediction/twitch_fr/k10/psi_shift/graphsage_edge_s43.emb,4013769,333cf5162e6cff8284b6ab198819197fa45322e64786fb9e570de25f16da8f8d
large,output/notebook3_gnn_encoder/link_prediction/twitch_fr/k10/psi_shift/graphsage_edge_s44.emb,4011793,a488ae4d8aacd42d57da1be6c1ba1472e61f4352fae2328e9f0101c5e7dc88c2
large,output/notebook3_gnn_encoder/link_prediction/twitch_gamers/k10/centrality/gatv2_edge_s42.emb,103696278,9db588880d8f8e31f1ac07e5e16e3c28a19a5f9f4be9f7ae9f91f99a8922a87f
large,output/notebook3_gnn_encoder/link_prediction/twitch_gamers/k10/centrality/gatv2_edge_s43.emb,103232985,0ca4d84969f2e49bd041c64ebc67cc5e8006327b62a6d5a01836aec53131d375
large,output/notebook3_gnn_encoder/link_prediction/twitch_gamers/k10/centrality/gatv2_edge_s44.emb,103287626,9b887c31f97d08e7b5b78652b4f5186f682eb6994dff7e28cbe68ed82dbd585d
large,output/notebook3_gnn_encoder/link_prediction/twitch_gamers/k10/centrality/graphsage_edge_s42.emb,103402159,4632cc2a00968fa74eae7fce66650cb01f082bcd0295213257cbbc43be7347bc
large,output/notebook3_gnn_encoder/link_prediction/twitch_gamers/k10/centrality/graphsage_edge_s43.emb,103166257,e347da01333c1c1226386c1477456cb0ef5773bc1153b136096d6fcfcd67f439
large,output/notebook3_gnn_encoder/link_prediction/twitch_gamers/k10/centrality/graphsage_edge_s44.emb,103398049,4a606aa5c0e7c8906bf9ea2b5822c8836eefb8dcf8600b019fd57cd892993680
large,output/notebook3_gnn_encoder/link_prediction/twitch_gamers/k10/degree/gatv2_edge_s42.emb,103633078,6cce5b8eb56e0a1dfd1a91c20251776210420eafa85729a60234bcbe2f77a60b
large,output/notebook3_gnn_encoder/link_prediction/twitch_gamers/k10/degree/gatv2_edge_s43.emb,103529560,6278713f311ec261051c662ae82e97e462ba17113808853baa87a45e2e704642
large,output/notebook3_gnn_encoder/link_prediction/twitch_gamers/k10/degree/gatv2_edge_s44.emb,103160778,7793ac049df9353c196f6e7b59a49feb3f1e9e6e4231c5ca2718fe6f9b59a478
large,output/notebook3_gnn_encoder/link_prediction/twitch_gamers/k10/degree/graphsage_edge_s42.emb,103290497,c28f4fafa87ab12f8adda8e4c20db191c579320b50b15a8fa363c38f4edb4aa2
large,output/notebook3_gnn_encoder/link_prediction/twitch_gamers/k10/degree/graphsage_edge_s43.emb,103055791,d13e128d5e4d7984e980c9bcd32843586e04bbfb560da42fe9b7dd19200fd409
large,output/notebook3_gnn_encoder/link_prediction/twitch_gamers/k10/degree/graphsage_edge_s44.emb,103417974,75a5ef93626ddcdc41fb51503ed4a7cb5e85af4a6e9ea303563a9a0f70231465
large,output/notebook3_gnn_encoder/link_prediction/twitch_gamers/k10/hybrid/gatv2_edge_s42.emb,103566925,985fab6a92e0f0c2aafaeb4a4c3d8b4b9ab6a0c6069b1d9c4b8a2450b83cbe1e
large,output/notebook3_gnn_encoder/link_prediction/twitch_gamers/k10/hybrid/gatv2_edge_s43.emb,103976953,e9fcd0e5a90408216b1fd0b432c53e117ebc109706ecec2329ebea479dbad007
large,output/notebook3_gnn_encoder/link_prediction/twitch_gamers/k10/hybrid/gatv2_edge_s44.emb,103538982,46c933ee8cab58e3d9f90d636ccfd9e711aba8ef1cc48e33213a7976b6520bb8
large,output/notebook3_gnn_encoder/link_prediction/twitch_gamers/k10/hybrid/graphsage_edge_s42.emb,103503090,302c58cbf5c32ce32c16ef6b85d3dce930bfb5d1c53dc84393a6f004c0e49f42
large,output/notebook3_gnn_encoder/link_prediction/twitch_gamers/k10/hybrid/graphsage_edge_s43.emb,103326606,993373b9e04eaefb55adfed9523bcadb835949eeb62df42b8c64cd870abf75d5
large,output/notebook3_gnn_encoder/link_prediction/twitch_gamers/k10/hybrid/graphsage_edge_s44.emb,103183790,5129c74648d573b79495f9f4d3df0bc05fd04e154bf66a0738c5140045ee7bcd
large,output/notebook3_gnn_encoder/link_prediction/twitch_gamers/k10/hybrid_centrality/gatv2_edge_s42.emb,103535261,87f8951801942117fc6a691c6878563ba4e6d8d4fca77ac4ed9de71aa9551ff5
large,output/notebook3_gnn_encoder/link_prediction/twitch_gamers/k10/hybrid_centrality/gatv2_edge_s43.emb,103961362,a4f1d3814b7576567711e1055fba34a8afbf71562c6d302c2d7a4a164b712aa6
large,output/notebook3_gnn_encoder/link_prediction/twitch_gamers/k10/hybrid_centrality/gatv2_edge_s44.emb,103149919,c2823b1bd0d43e3501a2ac3977d07e76681378ea965632c156515af050abae9e
large,output/notebook3_gnn_encoder/link_prediction/twitch_gamers/k10/hybrid_centrality/graphsage_edge_s42.emb,103480913,5e22afbef751b02dbcd7353649f1ad2e03a2092c7d8561871d961c41e27cb30d
large,output/notebook3_gnn_encoder/link_prediction/twitch_gamers/k10/hybrid_centrality/graphsage_edge_s43.emb,103242298,55f6528a334a91306e6490bf9ea1d6186a901eb0c94e02cde52def85438a4e9f
large,output/notebook3_gnn_encoder/link_prediction/twitch_gamers/k10/hybrid_centrality/graphsage_edge_s44.emb,103226967,b2666d8b388a0b24de2d8c6bf99507ad41ea4743605d67f6de56e06ca86a21f3
large,output/notebook3_gnn_encoder/link_prediction/twitch_gamers/k10/hybrid_degree/gatv2_edge_s42.emb,103629137,6071e4db15a48c1688f8900f5d7477f2d2a5a36329dda01962f3038413c2fb58
large,output/notebook3_gnn_encoder/link_prediction/twitch_gamers/k10/hybrid_degree/gatv2_edge_s43.emb,103698004,d437b6776874179cbfcecec4225955dc3072b1c9e3b1396c41bcfb6bbd007501
large,output/notebook3_gnn_encoder/link_prediction/twitch_gamers/k10/hybrid_degree/gatv2_edge_s44.emb,103421277,6500a79bb1af0cbe6ea5e0c7241b0ec48a2118074b3d0338bbba90e58352a9f6
large,output/notebook3_gnn_encoder/link_prediction/twitch_gamers/k10/hybrid_degree/graphsage_edge_s42.emb,103517488,46fca2cf486beca31c0c1ba6a0851544e479692d28593f242fcb5a168145e1dd
large,output/notebook3_gnn_encoder/link_prediction/twitch_gamers/k10/hybrid_degree/graphsage_edge_s43.emb,103470680,841180438225a454a48ff00da6e9c23fc262abb8c12801e2aceeff539220dd20
large,output/notebook3_gnn_encoder/link_prediction/twitch_gamers/k10/hybrid_degree/graphsage_edge_s44.emb,103297425,6f0de8b24c7535ca0151f4602480d24204e99a3bb86dcd07a0b1db0e0681df48
large,output/notebook3_gnn_encoder/link_prediction/twitch_gamers/k10/original/gatv2_edge_s42.emb,103386420,b0569301e6241e48754e615844020eb557f8822952f57b2f6e1dabe2fdfc34ca
large,output/notebook3_gnn_encoder/link_prediction/twitch_gamers/k10/original/gatv2_edge_s43.emb,103737572,32935a9ec944970a9b2d488e3f7308760b72a165fb352489eba6d0e34c3eda0c
large,output/notebook3_gnn_encoder/link_prediction/twitch_gamers/k10/original/gatv2_edge_s44.emb,103541179,db3b4c6d208173796802f17fb69a93e98e59cca032046a0aa4a1e00028925062
large,output/notebook3_gnn_encoder/link_prediction/twitch_gamers/k10/original/graphsage_edge_s42.emb,103390197,fb1a3f884fb1de06fd3722abaa283197101da95b41aebe06c3b68b91f42dd323
large,output/notebook3_gnn_encoder/link_prediction/twitch_gamers/k10/original/graphsage_edge_s43.emb,103229504,fb71719b08fae381c98e529230dd7a412bacc90727dcfcb1dac02e9e1af0b040
large,output/notebook3_gnn_encoder/link_prediction/twitch_gamers/k10/original/graphsage_edge_s44.emb,103147530,17bea4490ce52bcca3d210283e7e736c8c2dee7cd4a9a7ba2cd62a9414ed35e8
large,output/notebook3_gnn_encoder/link_prediction/twitch_gamers/k10/psi/gatv2_edge_s42.emb,103676879,0696d8d710c3052b68095a661b473d5e9af2bca8efa4c92135593794e535ba8c
large,output/notebook3_gnn_encoder/link_prediction/twitch_gamers/k10/psi/gatv2_edge_s43.emb,103530790,edf41b6c23b1a789506d4013aabb8dc913e4320e4da5244ad606d5514760f695
large,output/notebook3_gnn_encoder/link_prediction/twitch_gamers/k10/psi/gatv2_edge_s44.emb,103276826,36af3eba13de9efa37b9e88cdf5fde76ef03f8f8414555cb26f975906b4e4735
large,output/notebook3_gnn_encoder/link_prediction/twitch_gamers/k10/psi/graphsage_edge_s42.emb,103322109,2511f4f8c515cb06076f5ffd54d880d6ad056eaf1e1baf9ad620b7268a4548b3
large,output/notebook3_gnn_encoder/link_prediction/twitch_gamers/k10/psi/graphsage_edge_s43.emb,103271628,39f2e4f6310f73c9dc4e44ec42c44b34691cce3150d27a8e88d09982d11daa1f
large,output/notebook3_gnn_encoder/link_prediction/twitch_gamers/k10/psi/graphsage_edge_s44.emb,103342665,38e75e0cf3f2e303ad4bc7f2570eb17678ef6616e82bea40e8a527908e17aae5
large,output/notebook3_gnn_encoder/link_prediction/twitch_gamers/k10/psi_pqnorm/graphsage_edge_s42.emb,103433075,afbe23160b20e91c87034bda452d2904d9db30b8a6561ce1217257796c000f97
large,output/notebook3_gnn_encoder/link_prediction/twitch_gamers/k10/psi_pqnorm/graphsage_edge_s43.emb,103146838,998c763fe1d3e518b1a5f23a377113bb957bea3aca6391095ce509154b1a2500
large,output/notebook3_gnn_encoder/link_prediction/twitch_gamers/k10/psi_pqnorm/graphsage_edge_s44.emb,103380905,e00a3f3742705d4cc042c25dfacbbe28ad805bf2cfd8adea61ce0644b5631387
large,output/notebook3_gnn_encoder/link_prediction/twitch_gamers/k10/psi_shift/graphsage_edge_s42.emb,103378280,80d026ed1d35d141d1d6a5a5299da66d98b9d831e0c00e3f13322f15dbb15f01
large,output/notebook3_gnn_encoder/link_prediction/twitch_gamers/k10/psi_shift/graphsage_edge_s43.emb,103135389,1411f8ade123d64025d75669cf8be89f986404f48a21bdce80087628d4aae367
large,output/notebook3_gnn_encoder/link_prediction/twitch_gamers/k10/psi_shift/graphsage_edge_s44.emb,103384581,f90dab3719a903e89119fd19303bec70ef386beb868884d0a7e0bda98b984cd7
large,output/notebook3_gnn_encoder/link_prediction/twitch_ptbr/k10/centrality/gatv2_edge_s42.emb,1168837,5e612cbab85de6f62f757b63f63e120c0190167d83a7c2942f1550bd5d967dd4
large,output/notebook3_gnn_encoder/link_prediction/twitch_ptbr/k10/centrality/gatv2_edge_s43.emb,1171955,e259502af43bee6dec68cb8a3ca3b04711fa1dda18cc15f51b7bb4f0325e81fc
large,output/notebook3_gnn_encoder/link_prediction/twitch_ptbr/k10/centrality/gatv2_edge_s44.emb,1169365,75d5e38531cea5fe20d78eb617fbc66ca52a06109776293178e6b6f37362cdde
large,output/notebook3_gnn_encoder/link_prediction/twitch_ptbr/k10/centrality/graphsage_edge_s42.emb,1170020,a6e0ea736932ef0d3d745abdc558616c2ff9c45e44ce70855eaa695683f670d2
large,output/notebook3_gnn_encoder/link_prediction/twitch_ptbr/k10/centrality/graphsage_edge_s43.emb,1169407,11a153979f7b3f53e4157ddbb8f4e038cd6ff3a5730dce6e5b4274b099f13b0e
large,output/notebook3_gnn_encoder/link_prediction/twitch_ptbr/k10/centrality/graphsage_edge_s44.emb,1170538,ff2e3d86b637f4e416f36bc8ba9c06900bd4abb6c5ac9201f4de0ee10abf1c45
large,output/notebook3_gnn_encoder/link_prediction/twitch_ptbr/k10/centrality/graphsage_edge_s45.emb,1169559,18df0f3b34b7f598dc7fe166b7da75d6fa605cb11ae9087c23314fe4a0716134
large,output/notebook3_gnn_encoder/link_prediction/twitch_ptbr/k10/centrality/graphsage_edge_s46.emb,1173236,27aadaf694084e595e4ec81d1450f2d99d1f1ed792954f3c6d6fd4a023cb1c7c
large,output/notebook3_gnn_encoder/link_prediction/twitch_ptbr/k10/centrality/graphsage_edge_s47.emb,1173004,7505fd8197b4d0049fc3605649c21f3b3387b68a3f25ae1bb793ac7b0485d556
large,output/notebook3_gnn_encoder/link_prediction/twitch_ptbr/k10/degree/gatv2_edge_s42.emb,1170580,a8cfe79ac22a94bbff9b2664c4ebe93e4e13c6ab3476b30e5f57db9523a3425e
large,output/notebook3_gnn_encoder/link_prediction/twitch_ptbr/k10/degree/gatv2_edge_s43.emb,1173503,96e2f7d3acc34bc19a6a988741a43118d63651768bc2fbeeb37ff702c6357bbc
large,output/notebook3_gnn_encoder/link_prediction/twitch_ptbr/k10/degree/gatv2_edge_s44.emb,1166810,a7be214afcde9fa5e7d34db8120be3412ca2e7937ede897766d0e046fcf992a2
large,output/notebook3_gnn_encoder/link_prediction/twitch_ptbr/k10/degree/graphsage_edge_s42.emb,1170013,4c39eb3bdaab21c3ecbefa58f15f53bfeacac23d250b5fd7ca5b17ef8f470167
large,output/notebook3_gnn_encoder/link_prediction/twitch_ptbr/k10/degree/graphsage_edge_s43.emb,1170271,0f50188eacbc3b317941c99e2254cc30e9998dc02df0ef1015d1ef1a394c66a8
large,output/notebook3_gnn_encoder/link_prediction/twitch_ptbr/k10/degree/graphsage_edge_s44.emb,1171246,8c75274cc8e19e933eec3af36b1f254ff65140fda0020efa629e3a3b9d66c054
large,output/notebook3_gnn_encoder/link_prediction/twitch_ptbr/k10/degree/graphsage_edge_s45.emb,1168446,a4487411c58bbef7de10e6838e6c2d607cef09433d22e3e03678205a35fcf9b6
large,output/notebook3_gnn_encoder/link_prediction/twitch_ptbr/k10/degree/graphsage_edge_s46.emb,1173056,572cd20d0724d61e6f87c0a54ad98acfe61ac133837136aaf8f5f87ebe2c8fb6
large,output/notebook3_gnn_encoder/link_prediction/twitch_ptbr/k10/degree/graphsage_edge_s47.emb,1170965,0c8d6c94e124b6ebfc0b7685e52e7416c7419d8460b0b7dad5eacfe8ce5c6fc6
large,output/notebook3_gnn_encoder/link_prediction/twitch_ptbr/k10/hybrid/gatv2_edge_s42.emb,1171621,369648d326f7998de721172b1c4e887ce8dfc2fa9b311a886a15fbb6e0c2179d
large,output/notebook3_gnn_encoder/link_prediction/twitch_ptbr/k10/hybrid/gatv2_edge_s43.emb,1170581,f4a8e28c3bcf74979e08415b813b6699c2ff502dcc850713f85b04f1d3400b12
large,output/notebook3_gnn_encoder/link_prediction/twitch_ptbr/k10/hybrid/gatv2_edge_s44.emb,1171682,3348251cb5ebfe8d0b76403319e1b1d3b5507f371b9d338e89faa76ca36b0d74
large,output/notebook3_gnn_encoder/link_prediction/twitch_ptbr/k10/hybrid/graphsage_edge_s42.emb,1172456,fc128a7cb1c47bfcd24a33c2dcc72448385278909fb552e2abb1a4ac77298d47
large,output/notebook3_gnn_encoder/link_prediction/twitch_ptbr/k10/hybrid/graphsage_edge_s43.emb,1170375,deb3e1223226eb4e63bf0984566a04a3221765d5dd3cd726135c00a7ac75a658
large,output/notebook3_gnn_encoder/link_prediction/twitch_ptbr/k10/hybrid/graphsage_edge_s44.emb,1171210,4c7186aaca0f2420eed62fac1c69fad9279eb44912e14909535d9f10911d4b58
large,output/notebook3_gnn_encoder/link_prediction/twitch_ptbr/k10/hybrid/graphsage_edge_s45.emb,1169445,3f3c431bb90747b5dc0ff0fe253218db782943fa7d6f7317278069d7ee723969
large,output/notebook3_gnn_encoder/link_prediction/twitch_ptbr/k10/hybrid/graphsage_edge_s46.emb,1172274,18343bb9284e98830005f3042e397026cf51f6a205b8997d95fd849fb0017a6c
large,output/notebook3_gnn_encoder/link_prediction/twitch_ptbr/k10/hybrid/graphsage_edge_s47.emb,1171891,cfc2a83a974d6337b551da4b256bc48becb02a45c40d06460cd22a47f9d68980
large,output/notebook3_gnn_encoder/link_prediction/twitch_ptbr/k10/hybrid_centrality/gatv2_edge_s42.emb,1172409,fb79b8b6cbc893e1cf8712a8bea00d7c7ecaac2ef1b3ac9eaa2ebeb1e201d13b
large,output/notebook3_gnn_encoder/link_prediction/twitch_ptbr/k10/hybrid_centrality/gatv2_edge_s43.emb,1171506,8b0c0ea301fced570bb20c95c68840585c616fd4b6dc95ea869c6f7df86d94c8
large,output/notebook3_gnn_encoder/link_prediction/twitch_ptbr/k10/hybrid_centrality/gatv2_edge_s44.emb,1170712,f2fc0ed8f1ad89f3c8d9fc84c72e1d330b28be77cc5e27547006f43648467368
large,output/notebook3_gnn_encoder/link_prediction/twitch_ptbr/k10/hybrid_centrality/graphsage_edge_s42.emb,1172385,a51ab86f7e9cde202944a1ddd4f10bac05dd8028f0d7a99524675bd5c181291d
large,output/notebook3_gnn_encoder/link_prediction/twitch_ptbr/k10/hybrid_centrality/graphsage_edge_s43.emb,1171925,a7232af54747228649d8a92ad53368fb09a736670eb974ecdac083169c849df4
large,output/notebook3_gnn_encoder/link_prediction/twitch_ptbr/k10/hybrid_centrality/graphsage_edge_s44.emb,1171347,7eb62b2f28cd24c5b6dbafa79f1cb2ec2862a61e2506c0aa6ac77c891dbc5bd7
large,output/notebook3_gnn_encoder/link_prediction/twitch_ptbr/k10/hybrid_centrality/graphsage_edge_s45.emb,1170600,1aa5f00fe848f2646c8038e6e19a71d0e82b8521e633e91f8c272d308c931028
large,output/notebook3_gnn_encoder/link_prediction/twitch_ptbr/k10/hybrid_centrality/graphsage_edge_s46.emb,1173120,bb21e7cc84f73ab8ad960281e2f1d9d141927a77c3ea4b120d0858f90400cac4
large,output/notebook3_gnn_encoder/link_prediction/twitch_ptbr/k10/hybrid_centrality/graphsage_edge_s47.emb,1171428,c580a0fcf4b518f727a20ba083f2a4168e81cbb1392645934d4d9cb68a26048b
large,output/notebook3_gnn_encoder/link_prediction/twitch_ptbr/k10/hybrid_degree/gatv2_edge_s42.emb,1172454,2f60d3276a19348706f71fe03a0156a520ef177f92f5c635c38ea5ce4c296720
large,output/notebook3_gnn_encoder/link_prediction/twitch_ptbr/k10/hybrid_degree/gatv2_edge_s43.emb,1170179,8b6a032d95c04486ee7ea62512ec420b9c664ca2caff982ee761cef532260e54
large,output/notebook3_gnn_encoder/link_prediction/twitch_ptbr/k10/hybrid_degree/gatv2_edge_s44.emb,1171372,01a6980d25986ba2ddf68dd9942a63a1c94564c30bc72a18f3125d6681506861
large,output/notebook3_gnn_encoder/link_prediction/twitch_ptbr/k10/hybrid_degree/graphsage_edge_s42.emb,1172116,5a62035040ea013b71ccb521faccc324624e70363452a09821ac5e4dfd262ec6
large,output/notebook3_gnn_encoder/link_prediction/twitch_ptbr/k10/hybrid_degree/graphsage_edge_s43.emb,1170237,a9ade70a28befedbe6a862e5875ef11e773c09de6694c6a028db1c3bab707009
large,output/notebook3_gnn_encoder/link_prediction/twitch_ptbr/k10/hybrid_degree/graphsage_edge_s44.emb,1171450,24a97f42036d95484b4b741cb476ba0b8997dfd7679652f0e4b5eb3d1dcbfaed
large,output/notebook3_gnn_encoder/link_prediction/twitch_ptbr/k10/hybrid_degree/graphsage_edge_s45.emb,1169519,6341378d8b0b8613637575267a15305d5a5f069d4448a9d42c2942770c9069f0
large,output/notebook3_gnn_encoder/link_prediction/twitch_ptbr/k10/hybrid_degree/graphsage_edge_s46.emb,1172332,ff92ea4e2941b4b5f158957193411ba9285c09acc70314c135a646c9644889a6
large,output/notebook3_gnn_encoder/link_prediction/twitch_ptbr/k10/hybrid_degree/graphsage_edge_s47.emb,1170436,74f11eda0d070def315d4eb64d76e81a8dcefd46803cff30be509d445227bbd9
large,output/notebook3_gnn_encoder/link_prediction/twitch_ptbr/k10/original/gatv2_edge_s42.emb,1179558,1eee40662ee8d569542cf8f8fba306834d9f58bd7c47fe3cc8a86e12c6002a04
large,output/notebook3_gnn_encoder/link_prediction/twitch_ptbr/k10/original/gatv2_edge_s43.emb,1178151,f55ecece72bab4a5c288c542f725ca0fbfa131b7057ff9deb3ad9c16bf6bd76b
large,output/notebook3_gnn_encoder/link_prediction/twitch_ptbr/k10/original/gatv2_edge_s44.emb,1168262,0a5ccfe40935768251a2ffaae7139bc839dfef9c0d28bac5d84497f12cab6408
large,output/notebook3_gnn_encoder/link_prediction/twitch_ptbr/k10/original/graphsage_edge_s42.emb,1171090,f0e711421f3493b9f758f808e1c54ad1606a0e92df6fff2fbaf786e04b701b1c
large,output/notebook3_gnn_encoder/link_prediction/twitch_ptbr/k10/original/graphsage_edge_s43.emb,1172585,c68eb8639a714d28a841b3d70c9e5b7ca7fd04959c6d2eb89fabe3ec4a0e50dc
large,output/notebook3_gnn_encoder/link_prediction/twitch_ptbr/k10/original/graphsage_edge_s44.emb,1169357,87c0279c9d248b8bc239c51de1c4a2b9217771000837a13ae3c47fd0baf19122
large,output/notebook3_gnn_encoder/link_prediction/twitch_ptbr/k10/original/graphsage_edge_s45.emb,1172289,2406d7f496c913d70867af2741404534b6d7a1fc3f74f082f2df508acfe83f75
large,output/notebook3_gnn_encoder/link_prediction/twitch_ptbr/k10/original/graphsage_edge_s46.emb,1172726,4c1c965c03cf21e9996ce0a4d883caadb1204e0734d55407243a51c38cee059a
large,output/notebook3_gnn_encoder/link_prediction/twitch_ptbr/k10/original/graphsage_edge_s47.emb,1168648,ff8770ff5dcfb24e25ebc626b74e1d60a0c75c0473727231b1fe384162b5866e
large,output/notebook3_gnn_encoder/link_prediction/twitch_ptbr/k10/psi/gatv2_edge_s42.emb,1171064,a6085196aeb9f43a5f94c866d5a9190535f02a50b87f902da457f31c3b4665c2
large,output/notebook3_gnn_encoder/link_prediction/twitch_ptbr/k10/psi/gatv2_edge_s43.emb,1172960,2a37b07b586108b205e7851fc9318464149dfa930ef3615b873d633c63a14ef9
large,output/notebook3_gnn_encoder/link_prediction/twitch_ptbr/k10/psi/gatv2_edge_s44.emb,1168525,df49b3e90b0689a03246b83092ef763c8af27e434f91d341d2f5be4a1db8617d
large,output/notebook3_gnn_encoder/link_prediction/twitch_ptbr/k10/psi/graphsage_edge_s42.emb,1170763,c4d51d4b7d7c404c2d65f66b27809c23d6f95472fe12a3386ce16ccc31ce3d23
large,output/notebook3_gnn_encoder/link_prediction/twitch_ptbr/k10/psi/graphsage_edge_s43.emb,1170580,a85ed8788e7f220009bdb54bb39348c79f86eff19b014e1366998f44a57f45e5
large,output/notebook3_gnn_encoder/link_prediction/twitch_ptbr/k10/psi/graphsage_edge_s44.emb,1171188,651aabad95b492bdf2522863c0ce6144cdc776114b13b75b32422ddd45d3d7da
large,output/notebook3_gnn_encoder/link_prediction/twitch_ptbr/k10/psi/graphsage_edge_s45.emb,1169460,a1e37b146e80179a83f83d66ded2052ab1a42b7132b9c0d5b3ee6b9118316bce
large,output/notebook3_gnn_encoder/link_prediction/twitch_ptbr/k10/psi/graphsage_edge_s46.emb,1172234,12906cd961e94e277a872df5f0fe654cf987f53cca57da19826304fdcdf3c748
large,output/notebook3_gnn_encoder/link_prediction/twitch_ptbr/k10/psi/graphsage_edge_s47.emb,1171042,f0f0f847982b869bf4eca822588ea8de1811a209980d2cdca35b5d0ee66c922a
large,output/notebook3_gnn_encoder/link_prediction/twitch_ptbr/k10/psi_lambda/graphsage_edge_s42.emb,1172472,f00e8d5e659aa0aa75f2c43bcf4e9bf5a871a258291bab18d877821e5cae3946
large,output/notebook3_gnn_encoder/link_prediction/twitch_ptbr/k10/psi_lambda/graphsage_edge_s43.emb,1170668,089db10c83d1912bc5987f7dcff7c91b27cc91c29df2bc00e9bfd32c26fa3ada
large,output/notebook3_gnn_encoder/link_prediction/twitch_ptbr/k10/psi_lambda/graphsage_edge_s44.emb,1172019,a4a6de7c9c00630970835f54c2a65f94c1a941611ddb2ad597a8ea8e43aae265
large,output/notebook3_gnn_encoder/link_prediction/twitch_ptbr/k10/psi_pqnorm/graphsage_edge_s42.emb,1171755,d249bf6c6c35db93e537b9acfd3e0705c8ff932a3ea972bf29e6381ab3b7a93e
large,output/notebook3_gnn_encoder/link_prediction/twitch_ptbr/k10/psi_pqnorm/graphsage_edge_s43.emb,1171166,365eceab1230e429cd5e98cd9a652c8413fd45f0a8c9997cfae2034fdb9db95c
large,output/notebook3_gnn_encoder/link_prediction/twitch_ptbr/k10/psi_pqnorm/graphsage_edge_s44.emb,1171469,c6cf7d3c8c5d278953ac9d0a8dbf6ee51beb6ba08d4553ae6ff53cccbabbb7ce
large,output/notebook3_gnn_encoder/link_prediction/twitch_ptbr/k10/psi_shift/graphsage_edge_s42.emb,1171242,51d24864c870cc489ef922db2505f72e0d6786b8b0801a40a87e95c2185669b8
large,output/notebook3_gnn_encoder/link_prediction/twitch_ptbr/k10/psi_shift/graphsage_edge_s43.emb,1170091,08aa193952b11e7d5abec554d877c2877e3c94e059783f104fe6b01384b9ff0f
large,output/notebook3_gnn_encoder/link_prediction/twitch_ptbr/k10/psi_shift/graphsage_edge_s44.emb,1171255,5e4faea109992872a0afd9710b828e5279ce0e67aa2f3a9f5d9da29d98bb829d
large,output/notebook3_gnn_encoder/link_prediction/twitch_ptbr/k10/psi_w_deg/graphsage_edge_s42.emb,1170472,6b3ac2b23d9a46c7570b4c73e8557fd095047242d316c850491fe5cddd7eba8b
large,output/notebook3_gnn_encoder/link_prediction/twitch_ptbr/k10/psi_w_deg/graphsage_edge_s43.emb,1170688,2d8f2b14635058b8e64c4553d86c16060729d6b7ec0017d96a390c628b8f2f5b
large,output/notebook3_gnn_encoder/link_prediction/twitch_ptbr/k10/psi_w_deg/graphsage_edge_s44.emb,1171051,17a671ed9705dfcc6001c483f3e23ec9430197d9bbd8d2b9144bca738ff205ec
large,output/notebook3_gnn_encoder/link_prediction/twitch_ptbr/k10/psi_w_delta/graphsage_edge_s42.emb,1170853,ef7e06277c298b1e64938a4146b0a2fb04c5681897cd2012e231d9312cba9197
large,output/notebook3_gnn_encoder/link_prediction/twitch_ptbr/k10/psi_w_delta/graphsage_edge_s43.emb,1170806,68b31e9c2b630c5f38eeb75d8b1b6b686833764d21d3b908d6a71f66eca99bcd
large,output/notebook3_gnn_encoder/link_prediction/twitch_ptbr/k10/psi_w_delta/graphsage_edge_s44.emb,1171259,cdbdd468b32c009e0b6a300221b1f531bd482f5cf013ca889c2f21fe2a8208cc
large,output/notebook3_gnn_encoder/link_prediction/twitch_ptbr/k10/psi_w_ev/graphsage_edge_s42.emb,1170081,0128f9906160b3859b7ea992e5851d8d11947e39a12f8e7fd0e108dcc7c80f2c
large,output/notebook3_gnn_encoder/link_prediction/twitch_ptbr/k10/psi_w_ev/graphsage_edge_s43.emb,1170325,b211e3fd08d59aff2ba98c8ae62b219b133dbe0da1b45388bcf73c65b7e7b220
large,output/notebook3_gnn_encoder/link_prediction/twitch_ptbr/k10/psi_w_ev/graphsage_edge_s44.emb,1171078,5dd5349f9906f281bad5bfdb830743aaff3726381885991df94aa809dbbc41ba
large,output/notebook3_gnn_encoder/link_prediction/twitch_ru/k10/centrality/graphsage_edge_s42.emb,2689078,aeef29c6ebb76e17ca8ddd3ba5004b0bbf5521bf8ad05f9ee8d213594dbcbc61
large,output/notebook3_gnn_encoder/link_prediction/twitch_ru/k10/centrality/graphsage_edge_s43.emb,2686000,170a2d3aab82db5da04fd1122b32de076bc860fe5f3d640728dbfbeb419121d2
large,output/notebook3_gnn_encoder/link_prediction/twitch_ru/k10/centrality/graphsage_edge_s44.emb,2688167,e3581482dc1285987449ae2fe6dd8d9f1e8026b14955a9e7fe5c0e356848c65f
large,output/notebook3_gnn_encoder/link_prediction/twitch_ru/k10/centrality/graphsage_edge_s45.emb,2685742,d9877416ff3ce5bbcfa5010cb41b013668003ff6c6c15d65913ae62f4d9cdef7
large,output/notebook3_gnn_encoder/link_prediction/twitch_ru/k10/centrality/graphsage_edge_s46.emb,2687587,ecce8699994cad45dd00a802ecd51ea0926587f611ba4b400b7c1e787d47b67e
large,output/notebook3_gnn_encoder/link_prediction/twitch_ru/k10/centrality/graphsage_edge_s47.emb,2692254,74407ca60f33d2bac15ea996590d740537c27bbf29be097b195f9b2c108a5325
large,output/notebook3_gnn_encoder/link_prediction/twitch_ru/k10/degree/graphsage_edge_s42.emb,2688201,b11fd8e407b60e2378cd7da8e801bd0d61f1f3cc489d0aa903da2f2d8a65b0c9
large,output/notebook3_gnn_encoder/link_prediction/twitch_ru/k10/degree/graphsage_edge_s43.emb,2685529,91bf7c62b16336529dc3db7d7ef90a581b169a5d048c09ad5d1c57644c38c7b0
large,output/notebook3_gnn_encoder/link_prediction/twitch_ru/k10/degree/graphsage_edge_s44.emb,2690757,010ead3203d8aa874006b5b5ce663782b6683029be0dce15543566dc380c94f9
large,output/notebook3_gnn_encoder/link_prediction/twitch_ru/k10/degree/graphsage_edge_s45.emb,2681665,9d24834254d5d0c121484dd707bb91aba636f270fcbcdb2661b8ddf08bc43b97
large,output/notebook3_gnn_encoder/link_prediction/twitch_ru/k10/degree/graphsage_edge_s46.emb,2689710,7e82c1d5a815d1762f31f48d942bd9567c8aa62e7c19cc9f0e69cfa2685a9717
large,output/notebook3_gnn_encoder/link_prediction/twitch_ru/k10/degree/graphsage_edge_s47.emb,2687931,ee213be241252b954f9f5ef8d1d13784b2e5db95897df8b8446267989e806cd6
large,output/notebook3_gnn_encoder/link_prediction/twitch_ru/k10/hybrid/graphsage_edge_s42.emb,2695185,b1cb1ffad899345de2c66e17d601167d9adabcd5bba5075d8c58bea69e89b346
large,output/notebook3_gnn_encoder/link_prediction/twitch_ru/k10/hybrid/graphsage_edge_s43.emb,2690821,a88cac9e007b82a90635ea4c0597b2b3bf746c8154a1253807ff801bf76f1ec0
large,output/notebook3_gnn_encoder/link_prediction/twitch_ru/k10/hybrid/graphsage_edge_s44.emb,2689634,e406174625530a1ea604be3cf6a5d6147a29a6da83376619276e56dea12c2c77
large,output/notebook3_gnn_encoder/link_prediction/twitch_ru/k10/hybrid/graphsage_edge_s45.emb,2686447,a4a2d1eba74994bc65d1eab37a6e61d70189e082732d42c0c76b10ff8aeeeffa
large,output/notebook3_gnn_encoder/link_prediction/twitch_ru/k10/hybrid/graphsage_edge_s46.emb,2685937,56dcd3a0c4283953c4a42b18ece7e7b84c3ac45b2b27ee5cc876b645e7812998
large,output/notebook3_gnn_encoder/link_prediction/twitch_ru/k10/hybrid/graphsage_edge_s47.emb,2686917,08338bdefc32b2ee41c7d150f4620daa75e0b37a3c60594c07db115753887682
large,output/notebook3_gnn_encoder/link_prediction/twitch_ru/k10/hybrid_centrality/graphsage_edge_s42.emb,2698549,ac931f2e498ba7d52c193f37298969e40350ddec96d463eae83936f7b2498d56
large,output/notebook3_gnn_encoder/link_prediction/twitch_ru/k10/hybrid_centrality/graphsage_edge_s43.emb,2690287,6caf913b512505f368fdf5f2ecb185fa5e66d78bed048049a90e13b60956fa39
large,output/notebook3_gnn_encoder/link_prediction/twitch_ru/k10/hybrid_centrality/graphsage_edge_s44.emb,2689708,be92dbc24bb382ab4ae2d9cdcc21934332583fed58627bf34ed0c447408d526f
large,output/notebook3_gnn_encoder/link_prediction/twitch_ru/k10/hybrid_centrality/graphsage_edge_s45.emb,2686746,39e3e8dec01f8342bd95a485dfe8852d75aa81c35fe514b24cd8d45e81fb972c
large,output/notebook3_gnn_encoder/link_prediction/twitch_ru/k10/hybrid_centrality/graphsage_edge_s46.emb,2687627,855dd1403b807e94b6cca5a25af2ac228509b332e8ea186a532d3b44e112971e
large,output/notebook3_gnn_encoder/link_prediction/twitch_ru/k10/hybrid_centrality/graphsage_edge_s47.emb,2687011,5f6abb1f1110f035c07b544a61b91111a9edd838193f75c703664a2fbd8ff553
large,output/notebook3_gnn_encoder/link_prediction/twitch_ru/k10/hybrid_degree/graphsage_edge_s42.emb,2694630,31a255540de8d4aab9ccdd6fab78455ca3de899acbdcc7d7506fad4501338307
large,output/notebook3_gnn_encoder/link_prediction/twitch_ru/k10/hybrid_degree/graphsage_edge_s43.emb,2689014,8f4c14fb9330a2f7550bc97ee6489638a221b1fae8ced83c188a5594efb82025
large,output/notebook3_gnn_encoder/link_prediction/twitch_ru/k10/hybrid_degree/graphsage_edge_s44.emb,2691411,5b2e862c90868b9cab9c97bae368a5a07fb492d7627f0695c95e713f41d10406
large,output/notebook3_gnn_encoder/link_prediction/twitch_ru/k10/hybrid_degree/graphsage_edge_s45.emb,2684607,875119496c7af7fc60efa2810193bf9952179bcfeb7a083adb86150b3be9aa95
large,output/notebook3_gnn_encoder/link_prediction/twitch_ru/k10/hybrid_degree/graphsage_edge_s46.emb,2686078,5b3b265a69f65a03d830b4203783728640ad6bde55074725d8d72d4a321a3f05
large,output/notebook3_gnn_encoder/link_prediction/twitch_ru/k10/hybrid_degree/graphsage_edge_s47.emb,2689090,5665aa1f9682a369a8b0b7174d6d2c62e7b2ff3a080a05d8d44647ee4afa7612
large,output/notebook3_gnn_encoder/link_prediction/twitch_ru/k10/original/graphsage_edge_s42.emb,2691445,574faba463523228e21ab1541910a76d099c182926b7de2dd6a9d494b55dea1f
large,output/notebook3_gnn_encoder/link_prediction/twitch_ru/k10/original/graphsage_edge_s43.emb,2692464,070f28f0f1670c27dab4ac15cd875cb89f457d77537567799153b12f623cae0b
large,output/notebook3_gnn_encoder/link_prediction/twitch_ru/k10/original/graphsage_edge_s44.emb,2684373,40fd18da148c185c896a5c77fb5eeff7889bf158d98ac478789f0c5a074f5faf
large,output/notebook3_gnn_encoder/link_prediction/twitch_ru/k10/original/graphsage_edge_s45.emb,2687233,1ba498bdf0b61d540aef2b737382789ad83b11c1ac7fddb739802db35c7427f8
large,output/notebook3_gnn_encoder/link_prediction/twitch_ru/k10/original/graphsage_edge_s46.emb,2688064,a422fb43a0ad98e1b5ffff522818d39ef8719f04c798ef83530af23b745f5e2c
large,output/notebook3_gnn_encoder/link_prediction/twitch_ru/k10/original/graphsage_edge_s47.emb,2692564,5d22c5d457b64ef5c7b69cd25c577a0e03bac29cb03530a525ab70d98b50c017
large,output/notebook3_gnn_encoder/link_prediction/twitch_ru/k10/psi/graphsage_edge_s42.emb,2688088,31fe8a69c81619aacd401cbabafb964845745268c0c0f6d5aac36aa51d9d652b
large,output/notebook3_gnn_encoder/link_prediction/twitch_ru/k10/psi/graphsage_edge_s43.emb,2692765,5b315b0d221d97350525b23b119f00c1f1cfc2a61d3c71ab31f6166b1a1ca0fc
large,output/notebook3_gnn_encoder/link_prediction/twitch_ru/k10/psi/graphsage_edge_s44.emb,2684777,4ebea3457652693aaa0e0a47fc346048276940555f5270d6d45b08250e80425f
large,output/notebook3_gnn_encoder/link_prediction/twitch_ru/k10/psi/graphsage_edge_s45.emb,2684314,879cbef4229c595a5b4791be41fad860a0250e9970655fac4ef6c957ad038e5c
large,output/notebook3_gnn_encoder/link_prediction/twitch_ru/k10/psi/graphsage_edge_s46.emb,2689765,99fce4a2a16b9ea854d33ad745732fdb31bf5d7620b8a82e0428e41ad8fdd53d
large,output/notebook3_gnn_encoder/link_prediction/twitch_ru/k10/psi/graphsage_edge_s47.emb,2691127,bf047d33f052f96ebe08d5548172ae95825ce0c96df5028b8710c04721e87c71
large,output/notebook3_gnn_encoder/link_prediction/wiki_attr/k10/centrality/gatv2_edge_s42.emb,1448564,9522e794b048741822f21304c9c0200ad01a98b593c67a1fd7e59376a10d61f0
large,output/notebook3_gnn_encoder/link_prediction/wiki_attr/k10/centrality/gatv2_edge_s43.emb,1447952,2be5e78c875e1bd84d56f3fd8cffa40f16f50e90194aeefa5bb7adb1a1890392
large,output/notebook3_gnn_encoder/link_prediction/wiki_attr/k10/centrality/gatv2_edge_s44.emb,1445551,3b2b215bb29c0cb51618ac675355388bbe1cbca2172c1ede36306fc7b0a98228
large,output/notebook3_gnn_encoder/link_prediction/wiki_attr/k10/centrality/graphsage_edge_s42.emb,1446305,b8dffdfa6643149bff73ed153812440048fdaa80b28caf5037a719ccffe5d1f1
large,output/notebook3_gnn_encoder/link_prediction/wiki_attr/k10/centrality/graphsage_edge_s43.emb,1445437,81a1188c2e9ec538b3b66a29cbb3790931bf63934cc2175b90330a2d9a4ca033
large,output/notebook3_gnn_encoder/link_prediction/wiki_attr/k10/centrality/graphsage_edge_s44.emb,1447732,4e2f4dcae38c4fce59cbdbd8b2f938e502ef4282558a1a5b51d5bcbeddfe8b8d
large,output/notebook3_gnn_encoder/link_prediction/wiki_attr/k10/degree/gatv2_edge_s42.emb,1450135,a02e9aab50fe389d20c060ff856686a6b2e57191a3e07ee7837887f41dee509e
large,output/notebook3_gnn_encoder/link_prediction/wiki_attr/k10/degree/gatv2_edge_s43.emb,1450352,3bd86d4f880ce7f573367d6c4ded6dfe5d2860315c329fc2034f850708f0f9ef
large,output/notebook3_gnn_encoder/link_prediction/wiki_attr/k10/degree/gatv2_edge_s44.emb,1447567,992925918cb3cd8785f7a4bffc354153695c1358bb6307b94bc08dd8353b550d
large,output/notebook3_gnn_encoder/link_prediction/wiki_attr/k10/degree/graphsage_edge_s42.emb,1448064,957ae8718e4efd27097ae1dc2a9f788696b48b22656aeee5fddff9fa63595d6f
large,output/notebook3_gnn_encoder/link_prediction/wiki_attr/k10/degree/graphsage_edge_s43.emb,1446053,20e70f76abe957c2e433b87ab0bb36877800f5e64b9a652492acdf52fb9c1b14
large,output/notebook3_gnn_encoder/link_prediction/wiki_attr/k10/degree/graphsage_edge_s44.emb,1449698,6c6c355ce41e621d40cd9f9ea985747244846df2b9a110b2fcdd74b21a645898
large,output/notebook3_gnn_encoder/link_prediction/wiki_attr/k10/hybrid/gatv2_edge_s42.emb,1454062,6fd63db2d510f41f4c10fdc2efc696481c306f054b264f7f612ab1f6eb84d9c0
large,output/notebook3_gnn_encoder/link_prediction/wiki_attr/k10/hybrid/gatv2_edge_s43.emb,1447966,9225b545f3d17b46c7a5e6f5d9e422665b2610accc424259853b40739bb0c7f4
large,output/notebook3_gnn_encoder/link_prediction/wiki_attr/k10/hybrid/gatv2_edge_s44.emb,1451632,8f675ad69bd5d0b9126d7033ba81ada98b7270783c91976633b24303cc5a1fce
large,output/notebook3_gnn_encoder/link_prediction/wiki_attr/k10/hybrid/graphsage_edge_s42.emb,1448354,da0d33415b6464801d0554d9b5b05d1b95f4eba6e1883495656dba173d726c4c
large,output/notebook3_gnn_encoder/link_prediction/wiki_attr/k10/hybrid/graphsage_edge_s43.emb,1447483,f4aa28a6680bb27d23e123b1313849cceadac0a15492babc9ddc4410d05b6519
large,output/notebook3_gnn_encoder/link_prediction/wiki_attr/k10/hybrid/graphsage_edge_s44.emb,1450634,fcc8008e4c34fe782aee7d34c753d93c08a2c9d0aba73b9614e4f1851718f9f6
large,output/notebook3_gnn_encoder/link_prediction/wiki_attr/k10/hybrid_centrality/gatv2_edge_s42.emb,1450120,e9f7a86cf79f54e1b777145b139f9637ab3d3fb78c731a1fad5a029f59c284ab
large,output/notebook3_gnn_encoder/link_prediction/wiki_attr/k10/hybrid_centrality/gatv2_edge_s43.emb,1452774,55606d29c31aee83365b703b55e5fecd20b36cb4b34607317c7fc2c282b4ea53
large,output/notebook3_gnn_encoder/link_prediction/wiki_attr/k10/hybrid_centrality/gatv2_edge_s44.emb,1452400,e46a3582d829e52886caf8c3cd7822af1a8d7e206bda15181336e891794fda78
large,output/notebook3_gnn_encoder/link_prediction/wiki_attr/k10/hybrid_centrality/graphsage_edge_s42.emb,1448518,a11bf0d93ec0d66435481543b85e65f7a362a31dbaccda5dcfd9afc6cdd1012e
large,output/notebook3_gnn_encoder/link_prediction/wiki_attr/k10/hybrid_centrality/graphsage_edge_s43.emb,1448087,875ccab4c95c600a90299b650fcadda29a3f380dcc43730057e910a66edf559f
large,output/notebook3_gnn_encoder/link_prediction/wiki_attr/k10/hybrid_centrality/graphsage_edge_s44.emb,1448858,8508854842024f226940e734aa2ae165c89c7f279ed50916e2e291dc2e9b83b2
large,output/notebook3_gnn_encoder/link_prediction/wiki_attr/k10/hybrid_degree/gatv2_edge_s42.emb,1453029,fc11cf8d00f34851ffb6bdedf207aebdc96234a370022e92d718f6fc4f6e1880
large,output/notebook3_gnn_encoder/link_prediction/wiki_attr/k10/hybrid_degree/gatv2_edge_s43.emb,1448612,421faf2ee8d0976acc5437db3f3a94eac7b5161f07eee9a2d0db9f6fe4c63f24
large,output/notebook3_gnn_encoder/link_prediction/wiki_attr/k10/hybrid_degree/gatv2_edge_s44.emb,1451481,800b1abc45a325572d94fd3c594398cb65f1d872286f3a431cf9513ac710d280
large,output/notebook3_gnn_encoder/link_prediction/wiki_attr/k10/hybrid_degree/graphsage_edge_s42.emb,1446804,fbcce6e28eb4026f10be0458268baa6798662da96d4caf86f88cf2d48313515f
large,output/notebook3_gnn_encoder/link_prediction/wiki_attr/k10/hybrid_degree/graphsage_edge_s43.emb,1447018,7fb6a047e875680e7a53dbe9c3841406bfb04d17a6233caa9641cdd8e752944a
large,output/notebook3_gnn_encoder/link_prediction/wiki_attr/k10/hybrid_degree/graphsage_edge_s44.emb,1452676,a56f1b34ff01b4374fb5a2593c4957cf8fd3e0172ba7d9358dbd16c076bb1626
large,output/notebook3_gnn_encoder/link_prediction/wiki_attr/k10/original/gatv2_edge_s42.emb,1459189,117aab691ff3c7ac8a30be9e10e71bc1ebb17acba1624209871f7ac2168183b9
large,output/notebook3_gnn_encoder/link_prediction/wiki_attr/k10/original/gatv2_edge_s43.emb,1459150,6343605512277f482c609eace0ffb9b3ae652810bc9428a6e8f5a31d1e8a8b19
large,output/notebook3_gnn_encoder/link_prediction/wiki_attr/k10/original/gatv2_edge_s44.emb,1453272,2874145f9c3c1397f0d878d1935e8a7d4c07e16efa268e27294c23bcc846c682
large,output/notebook3_gnn_encoder/link_prediction/wiki_attr/k10/original/graphsage_edge_s42.emb,1450588,b0f95db2298f371c35a4c85203e08ad36041190d77a1006738aec6a2583b3a14
large,output/notebook3_gnn_encoder/link_prediction/wiki_attr/k10/original/graphsage_edge_s43.emb,1444849,4ad12804225999546c9c13d35c3777fda5539e09fed6e92df9aa075a2f56873a
large,output/notebook3_gnn_encoder/link_prediction/wiki_attr/k10/original/graphsage_edge_s44.emb,1450527,2d85c842b61da562007b1100ad81f7b4391d813c44115fe591d59db53539d537
large,output/notebook3_gnn_encoder/link_prediction/wiki_attr/k10/psi/gatv2_edge_s42.emb,1451828,572977889df5a4d1ce25c8aef77f49a585d6ebd3d6a68368116112b61fd5ddae
large,output/notebook3_gnn_encoder/link_prediction/wiki_attr/k10/psi/gatv2_edge_s43.emb,1450053,088996fe25ba581c4b109ebd789e9ff83cceaad234f2ff42721918472c920807
large,output/notebook3_gnn_encoder/link_prediction/wiki_attr/k10/psi/gatv2_edge_s44.emb,1448507,43caf94a221076e7921be2f14a872653209bae0e312bac67bedbda859d8d39c9
large,output/notebook3_gnn_encoder/link_prediction/wiki_attr/k10/psi/graphsage_edge_s42.emb,1445647,d593614ccc44a8cf10b12c17e094e6208bf547ad82d19f805adefb066aed0186
large,output/notebook3_gnn_encoder/link_prediction/wiki_attr/k10/psi/graphsage_edge_s43.emb,1447489,3cad0db0967caf9252ee7c3b1061ec7ddd81ce98ee91d1b0c6cde5bcefc6385d
large,output/notebook3_gnn_encoder/link_prediction/wiki_attr/k10/psi/graphsage_edge_s44.emb,1447711,0ae88e75ff5f96a4a255ad812815053d05b5f62546c0ed9a703f650de0b0cdbf
large,output/notebook3_gnn_encoder/link_prediction/wikics/k10/centrality/graphsage_edge_s42.emb,6953633,ac14b72648418e1e04aad2c473c78b3dc632b0ea2eb80c8751319682e4cee931
large,output/notebook3_gnn_encoder/link_prediction/wikics/k10/centrality/graphsage_edge_s43.emb,6976268,b260aee0d43f32fdb5292aa6291b0bdc50f31c099f809ee1b9c977ad5c0e17a7
large,output/notebook3_gnn_encoder/link_prediction/wikics/k10/centrality/graphsage_edge_s44.emb,6974767,28890ea65341fa0fbc658b12bcd00b9836beedbbcc6b4248b81dcb6c9e7f51a6
large,output/notebook3_gnn_encoder/link_prediction/wikics/k10/centrality/graphsage_edge_s45.emb,6953325,bf0111996d97b28461e83e68df0e13a9a8dc88675640e792e7a55bf7a777fe38
large,output/notebook3_gnn_encoder/link_prediction/wikics/k10/centrality/graphsage_edge_s46.emb,6970542,3893056e76f94c608bfe488a8c038934aba89cb63525fdb7d0b3e9eaea5c86c7
large,output/notebook3_gnn_encoder/link_prediction/wikics/k10/centrality/graphsage_edge_s47.emb,6976483,5691f9018aa25af49219f08f5ec4fe9962ee905b7106606aa051b353a247d7e4
large,output/notebook3_gnn_encoder/link_prediction/wikics/k10/degree/graphsage_edge_s42.emb,6956036,57cb56476ba9c653b613e828a0d341faf5dd55bdd299bc623887faa96d88317e
large,output/notebook3_gnn_encoder/link_prediction/wikics/k10/degree/graphsage_edge_s43.emb,6968249,cdb0e174b31617741421aa3edc7db253264cd52870cd76236adb9fb3feea452c
large,output/notebook3_gnn_encoder/link_prediction/wikics/k10/degree/graphsage_edge_s44.emb,6979654,d0067e37415e92c00a55aa79b5173e138844e4334c0660faba1f60b3cc78e021
large,output/notebook3_gnn_encoder/link_prediction/wikics/k10/degree/graphsage_edge_s45.emb,6942522,5c58fedb0002af230ea90855801f2024fe77cbfefa5584411037fdbea0d63ce7
large,output/notebook3_gnn_encoder/link_prediction/wikics/k10/degree/graphsage_edge_s46.emb,6970462,a168b2b817b16869f4bc764d3fefda0ba5631103e7820e6f191095016b61c399
large,output/notebook3_gnn_encoder/link_prediction/wikics/k10/degree/graphsage_edge_s47.emb,6967711,4f21c148c5d58a75beeab1759dfe3707acff27311290b12596906a1208a57908
large,output/notebook3_gnn_encoder/link_prediction/wikics/k10/hybrid/graphsage_edge_s42.emb,6974941,d9facf4d4bb6a76a7af91a0abfc123a39e008289050e80502806df0b2ae179a9
large,output/notebook3_gnn_encoder/link_prediction/wikics/k10/hybrid/graphsage_edge_s43.emb,6950743,17b072b66f29e827cb0ca5799d27b08c1a28e7b5489646bc6753eca637aaaff3
large,output/notebook3_gnn_encoder/link_prediction/wikics/k10/hybrid/graphsage_edge_s44.emb,6960627,e516dd3070abc31289f925a8ee66974153762a3e051e21ece1f964e9599a7e17
large,output/notebook3_gnn_encoder/link_prediction/wikics/k10/hybrid/graphsage_edge_s45.emb,6977968,38dd73223a1667575d178e80a43df43af86fb7eb722800dacdc09e73c0764e6d
large,output/notebook3_gnn_encoder/link_prediction/wikics/k10/hybrid/graphsage_edge_s46.emb,6967274,68388e740bf824816c4f1e53e48dcb586d2e7e26545033c01e16ca78c967d6c9
large,output/notebook3_gnn_encoder/link_prediction/wikics/k10/hybrid/graphsage_edge_s47.emb,6972831,1b4c84d698330fb8c4b0a77c41ee5082aa9883f1e8000a61c9ffc93e4a61a7c5
large,output/notebook3_gnn_encoder/link_prediction/wikics/k10/hybrid_centrality/graphsage_edge_s42.emb,6977983,cbb98e96d439c837bb3413a4ac5e03e945f6282956d60ef3aceec8476efc6dfa
large,output/notebook3_gnn_encoder/link_prediction/wikics/k10/hybrid_centrality/graphsage_edge_s43.emb,6955320,def876de5e6fbe913f97530b859c5c83192f67fa5cdbd430b9da4909821f949a
large,output/notebook3_gnn_encoder/link_prediction/wikics/k10/hybrid_centrality/graphsage_edge_s44.emb,6964075,9b65c19b03695c0fec404fdbed3f285328f5ae832ce9ea6ecd6b433459aebb24
large,output/notebook3_gnn_encoder/link_prediction/wikics/k10/hybrid_centrality/graphsage_edge_s45.emb,6979644,113c7e9c548d895e8a7836e2885f56210e67016c1c92d88fe7cd70d62719ec73
large,output/notebook3_gnn_encoder/link_prediction/wikics/k10/hybrid_centrality/graphsage_edge_s46.emb,6966538,718f8aafd462a80772c9237e59219bfe296d02adcad70664ba964d8147fa9d49
large,output/notebook3_gnn_encoder/link_prediction/wikics/k10/hybrid_centrality/graphsage_edge_s47.emb,6976737,63b3299e188e7a734b51e1c946837d8242636962d268beb8e11a419ed3771ad4
large,output/notebook3_gnn_encoder/link_prediction/wikics/k10/hybrid_degree/graphsage_edge_s42.emb,6972648,b8f2a4b6836b8ad9c1e403a3c1781531bcbcbf68e1d37eb96dcdd859509fc953
large,output/notebook3_gnn_encoder/link_prediction/wikics/k10/hybrid_degree/graphsage_edge_s43.emb,6951391,237cbb5256d28887c2f50d6eccb855c590fd141604e24b067a7284431c70dd9a
large,output/notebook3_gnn_encoder/link_prediction/wikics/k10/hybrid_degree/graphsage_edge_s44.emb,6961441,aab104da398a10790b6f95ec8155268f31101b9e7f330de745b2119a7c53d58c
large,output/notebook3_gnn_encoder/link_prediction/wikics/k10/hybrid_degree/graphsage_edge_s45.emb,6976322,6db773682f9476824edb4df600423de991bb2a8e20627f884f7ba67a4ea0e3e3
large,output/notebook3_gnn_encoder/link_prediction/wikics/k10/hybrid_degree/graphsage_edge_s46.emb,6969084,9c8005d0f25cb3ffae80def1c39bc3bdf769f8d5ce233918b59ea3bfe532b991
large,output/notebook3_gnn_encoder/link_prediction/wikics/k10/hybrid_degree/graphsage_edge_s47.emb,6978922,bfa893a5403f2d6c1643bdfd2fd3df674ef26647d7ec5fef6c470cd3b6ea8c21
large,output/notebook3_gnn_encoder/link_prediction/wikics/k10/original/graphsage_edge_s42.emb,6971520,80ac454ce42cb50628c326b6e868a767c3b779f51cd8adec5257311a04051c73
large,output/notebook3_gnn_encoder/link_prediction/wikics/k10/original/graphsage_edge_s43.emb,6966944,2b7033d1b299dc27937d3ddb34516268889905bf6cb927de10f01d3b8bc481d7
large,output/notebook3_gnn_encoder/link_prediction/wikics/k10/original/graphsage_edge_s44.emb,6970906,50470a547ffc0ae8a7169c3bac7827d50b8a8c259e5a8bb8cba74a83cbd58531
large,output/notebook3_gnn_encoder/link_prediction/wikics/k10/original/graphsage_edge_s45.emb,6980975,a94529762ac38dd0aeb8c42a1ef453732a7197d46e86f59872c8c3bdb52666c7
large,output/notebook3_gnn_encoder/link_prediction/wikics/k10/original/graphsage_edge_s46.emb,6958932,6e0f3ed0387481ad92e57f2e382d0ffcf1ca2b680c2b32e7ed6ac676595850df
large,output/notebook3_gnn_encoder/link_prediction/wikics/k10/original/graphsage_edge_s47.emb,6976315,79ef6719431c66fd5292b623892f7d55e31a8201f8b50cb707cf4a6dbd0c4d72
large,output/notebook3_gnn_encoder/link_prediction/wikics/k10/psi/graphsage_edge_s42.emb,6955360,332318785e722d8b4e198d6490d2e471fe3f7d0e6b192b080b9e6aed2ab32d7a
large,output/notebook3_gnn_encoder/link_prediction/wikics/k10/psi/graphsage_edge_s43.emb,6956724,f6eff4c5d7af82336ecb42e3ece246fd9ba2bf8d1afceee67b35f0f498d36d68
large,output/notebook3_gnn_encoder/link_prediction/wikics/k10/psi/graphsage_edge_s44.emb,6977081,5319c7d50dafe820a5a22651b3ab765c7edb24f5dc9c97dd7d7d045943facc0d
large,output/notebook3_gnn_encoder/link_prediction/wikics/k10/psi/graphsage_edge_s45.emb,6951941,2bd7355c6ea0bece65466d805e057883a87990dabdc9cb7883ddec0e4aa1271f
large,output/notebook3_gnn_encoder/link_prediction/wikics/k10/psi/graphsage_edge_s46.emb,6963158,517a9ddb753954b557eb2f074c9eef417df99281486743b844c833190fe9183f
large,output/notebook3_gnn_encoder/link_prediction/wikics/k10/psi/graphsage_edge_s47.emb,6966968,a83b25e679794b1737fe3621d2ee576403ef4cfadaa53f73e62e7b3103a0200e
large,output/notebook3_gnn_encoder/link_prediction/wisconsin/k10/centrality/graphsage_edge_s42.emb,153720,3aff01749099e1143b4d4146b2466c0c94bf3b69ac460defe8dc372a65288fd9
large,output/notebook3_gnn_encoder/link_prediction/wisconsin/k10/centrality/graphsage_edge_s43.emb,154019,8aacdb24606dbf584bdd6b11321420055be2d4316dc16a91971a0d847b8ceae9
large,output/notebook3_gnn_encoder/link_prediction/wisconsin/k10/centrality/graphsage_edge_s44.emb,153617,679693463747d26d935068388a51b9723f73679e3a2952155d71f04922160c1d
large,output/notebook3_gnn_encoder/link_prediction/wisconsin/k10/degree/graphsage_edge_s42.emb,153611,56255a4eb24035be04a3d39a9b7988f3582dc9a5f91b993bdae57100f32c29fa
large,output/notebook3_gnn_encoder/link_prediction/wisconsin/k10/degree/graphsage_edge_s43.emb,153372,1744d4f4159e67b5807a1d4cfae15037a1a8350c79dbde07d3195278b21d2a0f
large,output/notebook3_gnn_encoder/link_prediction/wisconsin/k10/degree/graphsage_edge_s44.emb,153835,8b34da5eab4fdc986f18ccc4e3224b9e14d7cd93d00f1249526d779506b151dc
large,output/notebook3_gnn_encoder/link_prediction/wisconsin/k10/hybrid/graphsage_edge_s42.emb,153758,f70b37d429ce43362059b4fae66c65920f6eab17b47358923bdc30e7e0a3e324
large,output/notebook3_gnn_encoder/link_prediction/wisconsin/k10/hybrid/graphsage_edge_s43.emb,153889,853970a4ed4d5fb53320f6a2109ae491f8e95f4ed473f802c083eecde323e902
large,output/notebook3_gnn_encoder/link_prediction/wisconsin/k10/hybrid/graphsage_edge_s44.emb,153469,2b488784c10e2f56dd6cd2c63437528366e78163eb62651d945d996992c9b21d
large,output/notebook3_gnn_encoder/link_prediction/wisconsin/k10/hybrid_centrality/graphsage_edge_s42.emb,153861,d25db41f5dfa927560b01911343fb889bc9d6c4b2dfb57a6391b5875d1bad214
large,output/notebook3_gnn_encoder/link_prediction/wisconsin/k10/hybrid_centrality/graphsage_edge_s43.emb,153715,ed6e4adb2dd119b11d6228deaf7fc503327ca933585d1aedddcbaf493c13777a
large,output/notebook3_gnn_encoder/link_prediction/wisconsin/k10/hybrid_centrality/graphsage_edge_s44.emb,153568,c4d6c2d7258dc4d82735851c39bb068a621f51f48e99eb7a292933daaac4db44
large,output/notebook3_gnn_encoder/link_prediction/wisconsin/k10/hybrid_degree/graphsage_edge_s42.emb,153791,6c31beafd5fa30dae1c2e3bacc28756a4af197b2b32341fa154badb10afea908
large,output/notebook3_gnn_encoder/link_prediction/wisconsin/k10/hybrid_degree/graphsage_edge_s43.emb,153739,5a494cf82134ef9326f94f3e962f4e5ad8d7cf7e7728f62a50bfcd9868a29981
large,output/notebook3_gnn_encoder/link_prediction/wisconsin/k10/hybrid_degree/graphsage_edge_s44.emb,153663,8ffecf14491efef82f57ad20249fd8ce2bfafa9ec33964f2a27adf2f947614ff
large,output/notebook3_gnn_encoder/link_prediction/wisconsin/k10/original/graphsage_edge_s42.emb,153350,d86b44da0eef8eb463b7ef26a47d2f36be63448c7252c9e4b24e828d41bfe1ae
large,output/notebook3_gnn_encoder/link_prediction/wisconsin/k10/original/graphsage_edge_s43.emb,153741,0e848fafbc3587117af17be7d673227ded6003020edb0be66b3950c81362391f
large,output/notebook3_gnn_encoder/link_prediction/wisconsin/k10/original/graphsage_edge_s44.emb,153734,1bd8c1a40a50e457b08519506f9fb7b4813ccb0565c17f605d60154d85f3e61f
large,output/notebook3_gnn_encoder/link_prediction/wisconsin/k10/psi/graphsage_edge_s42.emb,153779,57adb9e9b363418fa474cf019d70922933fb69ef8003c06e30f05aafbbe7f3ed
large,output/notebook3_gnn_encoder/link_prediction/wisconsin/k10/psi/graphsage_edge_s43.emb,153402,454c7d11af6d90d322780085164e493433d87af9b28208cd194073af87ef0fdc
large,output/notebook3_gnn_encoder/link_prediction/wisconsin/k10/psi/graphsage_edge_s44.emb,153853,bef1fdfaf2813c2bc7de287d2e9f470949451506ebdb22ec1b0b714eeb2ec825
large,output/notebook3_gnn_encoder/node_classification/actor/k10/centrality/graphsage_edge_s42.emb,4665959,ec5fe9054e1268b6f0fa628d84efc20f9ba16f3cc4c2fe2eead527016b4760a6
large,output/notebook3_gnn_encoder/node_classification/actor/k10/centrality/graphsage_edge_s43.emb,4648820,67d0d99a9afdcc56b8d357a71b272d9f3ae1696a647ceeab5c42885c29eaf802
large,output/notebook3_gnn_encoder/node_classification/actor/k10/centrality/graphsage_edge_s44.emb,4665995,a3ad0bcc96af4072eba18a37f3e0e63b6b0f2d089d545e72b586b166027f30bd
large,output/notebook3_gnn_encoder/node_classification/actor/k10/degree/graphsage_edge_s42.emb,4661584,b1270ba2a11d320ee5f64df3212d14692373ed0b0d57ec921ec7a2db38e8fbdb
large,output/notebook3_gnn_encoder/node_classification/actor/k10/degree/graphsage_edge_s43.emb,4652723,c25c9cd0ba8705fd579344474d21cf80e6640a99a409716d92f5c0528b87909f
large,output/notebook3_gnn_encoder/node_classification/actor/k10/degree/graphsage_edge_s44.emb,4660870,8e1386e7aea46f566bd06bc4398e82ebb5f6c77bc9e9385c642f5e4e6b234ea1
large,output/notebook3_gnn_encoder/node_classification/actor/k10/hybrid/graphsage_edge_s42.emb,4665662,58dc75ca9722c1650f925fec8ef9fd94b4540a86156ff9ef89d44e5bf7b13a1e
large,output/notebook3_gnn_encoder/node_classification/actor/k10/hybrid/graphsage_edge_s43.emb,4661063,e4c0d3544c4ecebe14098a91af8a938ff3d34e1fc42aaea7bb7e8776464ab33a
large,output/notebook3_gnn_encoder/node_classification/actor/k10/hybrid/graphsage_edge_s44.emb,4650702,f86733ed4e5977b47b7d3d764c6428c80bb021edb4a670efd0a86b6c3cc6c2a2
large,output/notebook3_gnn_encoder/node_classification/actor/k10/hybrid_centrality/graphsage_edge_s42.emb,4671893,3f10ecfebd0133a0ecab56c27b9411ceb1f4877fee427096792ebae85318db85
large,output/notebook3_gnn_encoder/node_classification/actor/k10/hybrid_centrality/graphsage_edge_s43.emb,4663567,9c7282dab278e6ad74df1d237204dae2956021027e2c5c8a075e5c5eefa233c4
large,output/notebook3_gnn_encoder/node_classification/actor/k10/hybrid_centrality/graphsage_edge_s44.emb,4652834,126ca7afc0f1ecc382c8c5d22397b66af9fbdf2615c6a32b566f3fcb7434e689
large,output/notebook3_gnn_encoder/node_classification/actor/k10/hybrid_degree/graphsage_edge_s42.emb,4667592,28058cec0fc319e7b0c9b59b397df7fe88a39de4bcf160a26a503449e439a9d1
large,output/notebook3_gnn_encoder/node_classification/actor/k10/hybrid_degree/graphsage_edge_s43.emb,4656934,e4f95557d5be9caf26b1dddd1806cc9f2773881fe39f55daa8f9ae0fb4cbd32e
large,output/notebook3_gnn_encoder/node_classification/actor/k10/hybrid_degree/graphsage_edge_s44.emb,4659144,fd9fd4ef1a4538f3f59c3b70d09ab22b9fa91fac513d013f4d3ff55abaf0476a
large,output/notebook3_gnn_encoder/node_classification/actor/k10/original/graphsage_edge_s42.emb,4669926,9b09d6a75efccacd5683e3502d3554e14c9da423e8862628ee561dcc5de45904
large,output/notebook3_gnn_encoder/node_classification/actor/k10/original/graphsage_edge_s43.emb,4661256,bc82988a3f5153749d15be26a86bf6386a889e4ff536e0a797a1513586a42e33
large,output/notebook3_gnn_encoder/node_classification/actor/k10/original/graphsage_edge_s44.emb,4668548,cd130585cf64595a35744b2e47e47c9c1729a4a8c3788b04456b4ffa9b7c7540
large,output/notebook3_gnn_encoder/node_classification/actor/k10/psi/features_only_s42.emb,4708674,d2e210b7ebb261588490190eb69ab00853aee9b75bac5905be9dad5fc93804ae
large,output/notebook3_gnn_encoder/node_classification/actor/k10/psi/features_only_s43.emb,4646658,3135155fb50b59b7ad7920a842acda4138e7b123bca51005ab6249f1eee06960
large,output/notebook3_gnn_encoder/node_classification/actor/k10/psi/features_only_s44.emb,4679762,78c3ae2eed13c0909e17c3bf5bcab40135e46bd81bada728931c6feb4a6b1b53
large,output/notebook3_gnn_encoder/node_classification/actor/k10/psi/graphsage_edge_feat_centrality_s42.emb,4682982,2242112b9eeb593b7d8cfeea04022a0091caf1fcd39ce28566e3a549a60deef2
large,output/notebook3_gnn_encoder/node_classification/actor/k10/psi/graphsage_edge_feat_centrality_s43.emb,4655397,054b214ce16fc5e836012f2b2e654512af7396d918e28717f746be872258326d
large,output/notebook3_gnn_encoder/node_classification/actor/k10/psi/graphsage_edge_feat_centrality_s44.emb,4671708,e00619f8e1095f5c40037ee14bec7a145365231ddd6bd32c52ac4c7ddbaff07a
large,output/notebook3_gnn_encoder/node_classification/actor/k10/psi/graphsage_edge_feat_clustering_s42.emb,4673639,dbbd75535d1f0f70b44f0f85d9c492b4a56f94318243d18e8a85bdb85d80ba3b
large,output/notebook3_gnn_encoder/node_classification/actor/k10/psi/graphsage_edge_feat_clustering_s43.emb,4656203,a33853516a2bf4efa305cd122f6adf35f79970fd56cb98887b6ca0ad8f845bc5
large,output/notebook3_gnn_encoder/node_classification/actor/k10/psi/graphsage_edge_feat_clustering_s44.emb,4668959,f96db43363054264829d22cfded5c679f351266d40a3efdebb1edf93df0be1b8
large,output/notebook3_gnn_encoder/node_classification/actor/k10/psi/graphsage_edge_feat_const_s42.emb,4627298,4bcd2d625b2aef2530d5d0b9503ad6de118470be1852423f54baf5df572c8894
large,output/notebook3_gnn_encoder/node_classification/actor/k10/psi/graphsage_edge_feat_const_s43.emb,4627298,93d91114cca2057646aafbaec4b1efb99ab79ef9cd7d7273dc178eee0899c905
large,output/notebook3_gnn_encoder/node_classification/actor/k10/psi/graphsage_edge_feat_const_s44.emb,4695698,66fb02d0c856153a280dac8128c83337a87363f6a539e439dbc3deccfcdaeff0
large,output/notebook3_gnn_encoder/node_classification/actor/k10/psi/graphsage_edge_feat_deg_cent_s42.emb,4675784,aeb9d02a1da94bee5c7358eb2cd4ceee6edfe14e1def49c37818ba14db5214b1
large,output/notebook3_gnn_encoder/node_classification/actor/k10/psi/graphsage_edge_feat_deg_cent_s43.emb,4669826,942820500905166b7ddb3eea291f8c305014e8064221437614a07c5f05a685fe
large,output/notebook3_gnn_encoder/node_classification/actor/k10/psi/graphsage_edge_feat_deg_cent_s44.emb,4639699,0f0401f76120ef399431ddff80a2fefe4bf9bbe53f42a8f3eafbc9367841c4cb
large,output/notebook3_gnn_encoder/node_classification/actor/k10/psi/graphsage_edge_feat_degree_s42.emb,4662261,06d7d02d832503e89252c96a25fcac81bf8b183c17a43af755457e9cdbc72ea0
large,output/notebook3_gnn_encoder/node_classification/actor/k10/psi/graphsage_edge_feat_degree_s43.emb,4642623,9585cf2184af72728a8d10fc9f00bef1966ef06d0de46976f3d7804cbb937461
large,output/notebook3_gnn_encoder/node_classification/actor/k10/psi/graphsage_edge_feat_degree_s44.emb,4659649,de9d4f374b5d2d0812082e7634c68f82d18dd3164ad89436e3224cc0e9ae972a
large,output/notebook3_gnn_encoder/node_classification/actor/k10/psi/graphsage_edge_feat_psi_s42.emb,4661912,04b5cb90754a4063619646dd03717394d6272023ab4954f7b013faf9244a0391
large,output/notebook3_gnn_encoder/node_classification/actor/k10/psi/graphsage_edge_feat_psi_s43.emb,4648225,d400bf1f73869c228780bb11889c1de860801c5986d3e5a63a9c3f38253235ea
large,output/notebook3_gnn_encoder/node_classification/actor/k10/psi/graphsage_edge_feat_psi_s44.emb,4687183,6333174df7b67017d4ff10242ba1faaec60ccbbd8cbfe42ba3817f1c6dde4006
large,output/notebook3_gnn_encoder/node_classification/actor/k10/psi/graphsage_edge_feat_random_s42.emb,4655548,e630d8c76fc09f033372634d12011a9943e711fed92f94c58e2223344e6a5396
large,output/notebook3_gnn_encoder/node_classification/actor/k10/psi/graphsage_edge_feat_random_s43.emb,4655631,bf1ceb65fdeff5f286535d45ad67bb0df7b49b1b8c86f6e6fb68bdfe523d6d8b
large,output/notebook3_gnn_encoder/node_classification/actor/k10/psi/graphsage_edge_feat_random_s44.emb,4657666,1a86028533b60b823ef772d889c6c0b99781086eca9c0591ea2560843ffa6fdf
large,output/notebook3_gnn_encoder/node_classification/actor/k10/psi/graphsage_edge_s42.emb,4660051,432fff081af0757781cdd90bd54d45777257ab5853d1c5c7308af1bd0bd8ac6b
large,output/notebook3_gnn_encoder/node_classification/actor/k10/psi/graphsage_edge_s43.emb,4656956,5a059e4187339ad7c49499013a4101d084435d5022da07bbfde889b7a11c4187
large,output/notebook3_gnn_encoder/node_classification/actor/k10/psi/graphsage_edge_s44.emb,4658266,19e990b666c2f5b21a8662758d6c86270a7aeb85cbef4df41259309eb1509415
large,output/notebook3_gnn_encoder/node_classification/amazon_photo/k10/centrality/graphsage_edge_s42.emb,4690458,c12650c774e74bde76e4cfefe847edc12ed3ea70414cab379e1329adbf8990c2
large,output/notebook3_gnn_encoder/node_classification/amazon_photo/k10/centrality/graphsage_edge_s43.emb,4691107,34265a91ba7a39b19d03363270bebce8cc50d25750f20bdeafc8186fe3dfb6fe
large,output/notebook3_gnn_encoder/node_classification/amazon_photo/k10/centrality/graphsage_edge_s44.emb,4690877,d4f3f2ca76a7f3628ae1938c4b3252234a88e7df7a1bb44ceea646d7fdfb87ca
large,output/notebook3_gnn_encoder/node_classification/amazon_photo/k10/degree/graphsage_edge_s42.emb,4690017,44754abcff754ba2ecaeb1dbdc5f919fbce7c977f0c20abe14d2418c2fb2d457
large,output/notebook3_gnn_encoder/node_classification/amazon_photo/k10/degree/graphsage_edge_s43.emb,4681735,a9f69f90644d93a61482e1be6172b9d614a437927eec6841c3557c874e58622e
large,output/notebook3_gnn_encoder/node_classification/amazon_photo/k10/degree/graphsage_edge_s44.emb,4686850,61db28ec0d4ad52a535d0a1a8d109d5605216d5973e1dec74162118df49851af
large,output/notebook3_gnn_encoder/node_classification/amazon_photo/k10/hybrid/graphsage_edge_s42.emb,4699140,29909577275b1d01e8dd47de0bbc3450994cfda4b52d31b7fc6c0325cc400bae
large,output/notebook3_gnn_encoder/node_classification/amazon_photo/k10/hybrid/graphsage_edge_s43.emb,4689082,2d2510ccb1f141f1099d2a73a19f95f0996278bfd888b5b64b508dc2087aa981
large,output/notebook3_gnn_encoder/node_classification/amazon_photo/k10/hybrid/graphsage_edge_s44.emb,4690017,12e0b5dbac07cc9139517beafc4b04811bd597691c65f794e21878249e36bb3a
large,output/notebook3_gnn_encoder/node_classification/amazon_photo/k10/hybrid_centrality/graphsage_edge_s42.emb,4702033,24c8bdaa39c1c2d55c6605806f333f43dcde4905e02d128ae23cca59de46f5d5
large,output/notebook3_gnn_encoder/node_classification/amazon_photo/k10/hybrid_centrality/graphsage_edge_s43.emb,4688969,1994fce0ad0c8cb1717e3ccff07bf0702312d812697434a9e64a573be4fa64a1
large,output/notebook3_gnn_encoder/node_classification/amazon_photo/k10/hybrid_centrality/graphsage_edge_s44.emb,4688703,c9935001ce4585a88f30f744c2f863ea51bda70c195732fab461d1b86557325a
large,output/notebook3_gnn_encoder/node_classification/amazon_photo/k10/hybrid_degree/graphsage_edge_s42.emb,4699292,e6e0f247f2d51758ea0d9361a3707409656da32478b9560f90ebcd8a5f4cf842
large,output/notebook3_gnn_encoder/node_classification/amazon_photo/k10/hybrid_degree/graphsage_edge_s43.emb,4689550,7af9b78ce3bbcf6b52e547809654234199fb7f23ba2c1303d861413546869d4d
large,output/notebook3_gnn_encoder/node_classification/amazon_photo/k10/hybrid_degree/graphsage_edge_s44.emb,4692156,2a915c538945933341d592e990671931256ef4194ec37566022e9d681e8fa142
large,output/notebook3_gnn_encoder/node_classification/amazon_photo/k10/original/graphsage_edge_s42.emb,4693350,1a4174974685c708e4430b99362d0ef7af8c1d8f1a21f64d01b902f9f461e260
large,output/notebook3_gnn_encoder/node_classification/amazon_photo/k10/original/graphsage_edge_s43.emb,4688198,a3b399137a01e147a73a9107812b78528670cc386314917a8ef927040719f7ec
large,output/notebook3_gnn_encoder/node_classification/amazon_photo/k10/original/graphsage_edge_s44.emb,4694874,25a5047c431ce3436e0c87cefb6f38a8e37f819ebe4a50c3754d36c618b34916
large,output/notebook3_gnn_encoder/node_classification/amazon_photo/k10/psi/graphsage_edge_s42.emb,4690864,35c234ce4e2bb30c91d598f45ae1af2461f36c7606975a225aa9207df0a5f3ed
large,output/notebook3_gnn_encoder/node_classification/amazon_photo/k10/psi/graphsage_edge_s43.emb,4684841,72b8835e8008a7881fcce2ee4ff15822d137b057cd7895ae97697d92267ae59d
large,output/notebook3_gnn_encoder/node_classification/amazon_photo/k10/psi/graphsage_edge_s44.emb,4686978,18da6693bfdffb94edcc496cbd39fadf84e9431a02f600456b86f8150ead0d8d
large,output/notebook3_gnn_encoder/node_classification/amazon_ratings/k10/centrality/graphsage_edge_s42.emb,15017895,947a3e7420a6dd6058ae857a548f42abfc1229bff04132c721b8bee04eaace84
large,output/notebook3_gnn_encoder/node_classification/amazon_ratings/k10/centrality/graphsage_edge_s43.emb,15011988,66c7aa28bc21bed4173cd60aead2229ab98ca3e919c62932e8eaea8ae7a387ec
large,output/notebook3_gnn_encoder/node_classification/amazon_ratings/k10/centrality/graphsage_edge_s44.emb,15020146,bf26d8abc5f7445ab57a34aacd22c75c92c5d7bea528e75bb4c13edab6785e43
large,output/notebook3_gnn_encoder/node_classification/amazon_ratings/k10/degree/graphsage_edge_s42.emb,15004342,51477b86dafc0c7e02aea6a12522eaec76bf663ea84b0cf2286791e5a427857b
large,output/notebook3_gnn_encoder/node_classification/amazon_ratings/k10/degree/graphsage_edge_s43.emb,15007534,f9fd9c4caf8ffa7d0b826b5eabb342a1689b568742137b9200a9b9013d434e58
large,output/notebook3_gnn_encoder/node_classification/amazon_ratings/k10/degree/graphsage_edge_s44.emb,15018586,cdd65accfab56a712feed57486562f56c12149b925ce601c99a979b46dfe420a
large,output/notebook3_gnn_encoder/node_classification/amazon_ratings/k10/hybrid/graphsage_edge_s42.emb,15003735,2435c62a4e232d747800eb64eed4b7929f4d27845ec7ab7cb7cac1dcdb57f200
large,output/notebook3_gnn_encoder/node_classification/amazon_ratings/k10/hybrid/graphsage_edge_s43.emb,15043299,ac358df8c7c71fa53ec346337a87f40fc577ac9df02291934cb9b3be454e85a9
large,output/notebook3_gnn_encoder/node_classification/amazon_ratings/k10/hybrid/graphsage_edge_s44.emb,15038655,f9328e571bef4a552983d02e8ff682eed13b8e3000b7d0e7ec1208c2a7c7187a
large,output/notebook3_gnn_encoder/node_classification/amazon_ratings/k10/hybrid_centrality/graphsage_edge_s42.emb,15000341,3cbba73e557db249927efcd7a4c09da24d0c35c8f02b163ea5a8e895169a41ba
large,output/notebook3_gnn_encoder/node_classification/amazon_ratings/k10/hybrid_centrality/graphsage_edge_s43.emb,15066352,9ffd37dd96acc67c7c03641597ffc7bfd96e137f1d418f478e1c46b0d97cb009
large,output/notebook3_gnn_encoder/node_classification/amazon_ratings/k10/hybrid_centrality/graphsage_edge_s44.emb,15041710,1f3b60c9cd549275c2c7ec7f12f62bbcaa545c6dbcdb0caadf943f72a0551f82
large,output/notebook3_gnn_encoder/node_classification/amazon_ratings/k10/hybrid_degree/graphsage_edge_s42.emb,14996894,74297558d39b76d743fa10c3032fb06bbe8eadaca7ef4a28caa5fad8d233f8f6
large,output/notebook3_gnn_encoder/node_classification/amazon_ratings/k10/hybrid_degree/graphsage_edge_s43.emb,15044156,35b5b4ec50db040ffb739f8b71da0035e1404e1e2e8d91a9185e1d0ee5e5be8c
large,output/notebook3_gnn_encoder/node_classification/amazon_ratings/k10/hybrid_degree/graphsage_edge_s44.emb,15047303,02c912736f731dfca2e76ed1784cd93d5f70ad1b96a32b6b5ae5e568bffb04f7
large,output/notebook3_gnn_encoder/node_classification/amazon_ratings/k10/original/graphsage_edge_s42.emb,15039849,b874fd499b164675f64684560dd7ea6dde79b3bce21c2733659594e93e28952b
large,output/notebook3_gnn_encoder/node_classification/amazon_ratings/k10/original/graphsage_edge_s43.emb,15037222,740b20fdd20516b565b90244f90103042647f52f763b07558c96087fd226dceb
large,output/notebook3_gnn_encoder/node_classification/amazon_ratings/k10/original/graphsage_edge_s44.emb,15040557,26b7390adc53bb825ab93856d60afe2af40252bb7ae40e117b5e2f23224bbd94
large,output/notebook3_gnn_encoder/node_classification/amazon_ratings/k10/psi/graphsage_edge_s42.emb,15007179,e1018f02056280047dee327d9d25e335660e393b36562f53b7fde77c316fdc76
large,output/notebook3_gnn_encoder/node_classification/amazon_ratings/k10/psi/graphsage_edge_s43.emb,15066272,882ed47dd02d28714e41ec31c1ea93177fe145c3ef7f4329d7739b793a405851
large,output/notebook3_gnn_encoder/node_classification/amazon_ratings/k10/psi/graphsage_edge_s44.emb,15006208,d27e405184e2f3591dc8a03a44f99b796e5f78ebe684e777e71dfef6e8491273
large,output/notebook3_gnn_encoder/node_classification/citeseer_linqs/k10/centrality/graphsage_edge_s42.emb,1997690,e4c7952feb4b5698fdfef794c55bf3b7bcc0155762e58e2f5dd89d59d1815252
large,output/notebook3_gnn_encoder/node_classification/citeseer_linqs/k10/centrality/graphsage_edge_s43.emb,2000265,18e86ade1aa4052a98c892cdfc0ed95a2712463e7ed912080c38782e0c335c4b
large,output/notebook3_gnn_encoder/node_classification/citeseer_linqs/k10/centrality/graphsage_edge_s44.emb,2002019,cddfeeb00858a8869c3bbe85d932df6b005da96b27f0a95d4691dfca372eb13d
large,output/notebook3_gnn_encoder/node_classification/citeseer_linqs/k10/degree/graphsage_edge_s42.emb,2001414,f1b798b7f1336b1eb2e97cb00681b967322e3fced9c05b981e3e1331ce607633
large,output/notebook3_gnn_encoder/node_classification/citeseer_linqs/k10/degree/graphsage_edge_s43.emb,1997225,b4c549a2dd338e826f4910d00e37a6b15099dadb74b119c57519ceb801dfaf39
large,output/notebook3_gnn_encoder/node_classification/citeseer_linqs/k10/degree/graphsage_edge_s44.emb,2001138,100e44ac809bd6488033eb04b9e575c9c3d35ea497673beab121853a7f2203ca
large,output/notebook3_gnn_encoder/node_classification/citeseer_linqs/k10/hybrid/graphsage_edge_s42.emb,1997411,9a500791c48c17a025ae8432670b8baa62892374ad364da625be20ac81712a14
large,output/notebook3_gnn_encoder/node_classification/citeseer_linqs/k10/hybrid/graphsage_edge_s43.emb,1996659,f124f2505a8b8a4fbf435f108e6da323ca8b20095661eb4785151eef7291ada4
large,output/notebook3_gnn_encoder/node_classification/citeseer_linqs/k10/hybrid/graphsage_edge_s44.emb,2002709,8482f4aaf2efdf13643128ec049bfaf949bdd6a2e71c22b2f774541f11c7bffe
large,output/notebook3_gnn_encoder/node_classification/citeseer_linqs/k10/hybrid_centrality/graphsage_edge_s42.emb,1999905,342d140bd4daa9dfa9a1c6e50d1acecfd16c97474be9ae791bc042dd8c13a7df
large,output/notebook3_gnn_encoder/node_classification/citeseer_linqs/k10/hybrid_centrality/graphsage_edge_s43.emb,2002751,793b36765e6f124eafa774d447dc5fafdc899c7d5791df295532e43bc10f18bf
large,output/notebook3_gnn_encoder/node_classification/citeseer_linqs/k10/hybrid_centrality/graphsage_edge_s44.emb,2000845,29f8177b7f7343cc6b95810064854166bdcb22be71d62baaa3ad1286f5b2893f
large,output/notebook3_gnn_encoder/node_classification/citeseer_linqs/k10/hybrid_degree/graphsage_edge_s42.emb,1999721,b25a6fe5d88095eb7f3dcbb07a4810f560b81e72cada9cf586207e08b96c3c8b
large,output/notebook3_gnn_encoder/node_classification/citeseer_linqs/k10/hybrid_degree/graphsage_edge_s43.emb,1998645,d7c9075bb85e9076940a9370efd4307539dae869728e925fdfa292f22382451b
large,output/notebook3_gnn_encoder/node_classification/citeseer_linqs/k10/hybrid_degree/graphsage_edge_s44.emb,2003679,31ea3ac603f7caf12bb5291fd8c37761adb8dbbb25f714a6aa329d903f718f76
large,output/notebook3_gnn_encoder/node_classification/citeseer_linqs/k10/original/graphsage_edge_s42.emb,2003027,664b2d4ac4149e5efb6050ed873eb74e1e82539ee1d19490162329db1ef24231
large,output/notebook3_gnn_encoder/node_classification/citeseer_linqs/k10/original/graphsage_edge_s43.emb,1998367,26e092383ea9bea6756419fa35d190bb0bb9d00e86d2c46046425d25bbc9ea3d
large,output/notebook3_gnn_encoder/node_classification/citeseer_linqs/k10/original/graphsage_edge_s44.emb,2000910,762dfd49940a1f9c0d6b39244d597fa365e682c6776aef5ace3578a9ef530d2d
large,output/notebook3_gnn_encoder/node_classification/citeseer_linqs/k10/psi/features_only_s42.emb,140805,b32419cd9bd631a60306d391d070cc8d345307b514e544ead5428774319f9fcb
large,output/notebook3_gnn_encoder/node_classification/citeseer_linqs/k10/psi/features_only_s43.emb,140805,b32419cd9bd631a60306d391d070cc8d345307b514e544ead5428774319f9fcb
large,output/notebook3_gnn_encoder/node_classification/citeseer_linqs/k10/psi/features_only_s44.emb,140805,b32419cd9bd631a60306d391d070cc8d345307b514e544ead5428774319f9fcb
large,output/notebook3_gnn_encoder/node_classification/citeseer_linqs/k10/psi/graphsage_edge_feat_centrality_s42.emb,2002411,3e76245c37715cc36673cda98116fa2939e3b9e6abd5871fe1cdfad8924d5010
large,output/notebook3_gnn_encoder/node_classification/citeseer_linqs/k10/psi/graphsage_edge_feat_centrality_s43.emb,1989372,4dee7196fa2fea62bd8d872324ee19bfb55383250bc438bd75bbdb41b0f7667c
large,output/notebook3_gnn_encoder/node_classification/citeseer_linqs/k10/psi/graphsage_edge_feat_centrality_s44.emb,2000256,e83a7be35c7b9f06eb0334b27bdfb3ab99e2769e9a852e82542b0b782aafc030
large,output/notebook3_gnn_encoder/node_classification/citeseer_linqs/k10/psi/graphsage_edge_feat_clustering_s42.emb,2007564,c7977a20d8d38c296eea2e98da9aecd238c58fa525318e2ed02532ca9aa823fe
large,output/notebook3_gnn_encoder/node_classification/citeseer_linqs/k10/psi/graphsage_edge_feat_clustering_s43.emb,2000185,6ab9d218a4190fb07d7ca97547259a177e38883ba224385968fe73207dbaee88
large,output/notebook3_gnn_encoder/node_classification/citeseer_linqs/k10/psi/graphsage_edge_feat_clustering_s44.emb,1995037,c985d02b9e14ad68650d724cce5bf2b6953dee955fcb42b3cfd17120c57a5c94
large,output/notebook3_gnn_encoder/node_classification/citeseer_linqs/k10/psi/graphsage_edge_feat_const_s42.emb,1986679,603df3eef5f7d4b3e444b9197f8fd200cf7b944e090ad1d290c659338acc336c
large,output/notebook3_gnn_encoder/node_classification/citeseer_linqs/k10/psi/graphsage_edge_feat_const_s43.emb,1986679,dd30dd5f98068a765fb8b3a7d10ab53b9438c2e24b72e983c91983efc32c5c50
large,output/notebook3_gnn_encoder/node_classification/citeseer_linqs/k10/psi/graphsage_edge_feat_const_s44.emb,2016055,31169b58a33071da611f6b2b1b780497ac3f2760e0d4401c24ce2d3bb26c3206
large,output/notebook3_gnn_encoder/node_classification/citeseer_linqs/k10/psi/graphsage_edge_feat_deg_cent_s42.emb,2001696,bc335e1a1f9f9ea1afe0a532ba28bf3f9b7ce617437e2dd197d201cbf9b04d93
large,output/notebook3_gnn_encoder/node_classification/citeseer_linqs/k10/psi/graphsage_edge_feat_deg_cent_s43.emb,1998697,13234fdd1e2e2e2aee3926e9a6537ee2465a69b346ae9bcb50277780e3ade093
large,output/notebook3_gnn_encoder/node_classification/citeseer_linqs/k10/psi/graphsage_edge_feat_deg_cent_s44.emb,1997827,12f0bb0be1abb03f6ee4cac9dc66134839d9b9f33cb4650a1bb4d3715ef69772
large,output/notebook3_gnn_encoder/node_classification/citeseer_linqs/k10/psi/graphsage_edge_feat_degree_s42.emb,2003695,fd96fbffcf9ad14e15c74db7422e9e039a0deb7e1fcd192f2519d9053653c314
large,output/notebook3_gnn_encoder/node_classification/citeseer_linqs/k10/psi/graphsage_edge_feat_degree_s43.emb,1994636,83610057fce85d9c7bad564adf9673b7924517a15dbbde68bdab70b446b78d76
large,output/notebook3_gnn_encoder/node_classification/citeseer_linqs/k10/psi/graphsage_edge_feat_degree_s44.emb,1999716,402be8aa6cd2bea7d026218d13184183d0ae52070be5aa845c1f859e5550b162
large,output/notebook3_gnn_encoder/node_classification/citeseer_linqs/k10/psi/graphsage_edge_feat_psi_s42.emb,2003055,baa16a0466f4b8ce6b02c933413e33719c20091363b53c9c73226c69becc3272
large,output/notebook3_gnn_encoder/node_classification/citeseer_linqs/k10/psi/graphsage_edge_feat_psi_s43.emb,1998514,6e85080151a892cc4c8f8becce7ff8def6db80293fc8d08e76fbde8b1947f048
large,output/notebook3_gnn_encoder/node_classification/citeseer_linqs/k10/psi/graphsage_edge_feat_psi_s44.emb,2000078,c255c8aaa3f90718fd00cd0586fe497559944752773ed4513e0dc3767efcaa8b
large,output/notebook3_gnn_encoder/node_classification/citeseer_linqs/k10/psi/graphsage_edge_feat_random_s42.emb,1998859,545456beec65ce432211ef397db3cc425a0c6e2d96aa55c1462c651453b41117
large,output/notebook3_gnn_encoder/node_classification/citeseer_linqs/k10/psi/graphsage_edge_feat_random_s43.emb,1998157,b5b207ddaec96d5d1c99176c3e42b7c466272a79b5c6ef2b0d35d24a5bb5574a
large,output/notebook3_gnn_encoder/node_classification/citeseer_linqs/k10/psi/graphsage_edge_feat_random_s44.emb,1999935,df7538defc2622f22cdbd48c789f9f87dee92f45735b5fd4777ad3e375c0e2ba
large,output/notebook3_gnn_encoder/node_classification/citeseer_linqs/k10/psi/graphsage_edge_s42.emb,1999192,7f64332552b8bc72423ed0384df75c272e181da79794207b48a62904b2668d85
large,output/notebook3_gnn_encoder/node_classification/citeseer_linqs/k10/psi/graphsage_edge_s43.emb,2000615,388e2af4e67dce3a9b2da935eebe255ebdbc37e1d713b6f2ba731462df9fbfb1
large,output/notebook3_gnn_encoder/node_classification/citeseer_linqs/k10/psi/graphsage_edge_s44.emb,2001576,d000c936aab652211654409bcb785f8fe94d10235097ade774838304ccecdc12
large,output/notebook3_gnn_encoder/node_classification/cora/k10/centrality/graphsage_edge_s42.emb,1660224,ab060069e53d21eaed06dbe3b9e533d801233321f950c726f458107598cf59c9
large,output/notebook3_gnn_encoder/node_classification/cora/k10/centrality/graphsage_edge_s43.emb,1663759,c9bf8c00bd3c39241d2a0b538722dda7167a484d0d354cb77bd8560375fddb4e
large,output/notebook3_gnn_encoder/node_classification/cora/k10/centrality/graphsage_edge_s44.emb,1659393,85bba25a90ea9d821fac5d5d437433f65efc21ada91858287cfcfdd451e58a16
large,output/notebook3_gnn_encoder/node_classification/cora/k10/degree/graphsage_edge_s42.emb,1657895,dc18e97746e13422bd4e75a8a79c80ba8c3dfceb6ca5af2930cf6f090799f82f
large,output/notebook3_gnn_encoder/node_classification/cora/k10/degree/graphsage_edge_s43.emb,1655234,dbc02a1a7e384085047ced4d5b37e1aa2b0a2e12b039d3cbde03ae2f2565ab9f
large,output/notebook3_gnn_encoder/node_classification/cora/k10/degree/graphsage_edge_s44.emb,1663236,95ab6f3813a78bc78a2c7bc11b70cb3eff2dd4f11c0d022123071371a8779381
large,output/notebook3_gnn_encoder/node_classification/cora/k10/hybrid/graphsage_edge_s42.emb,1659033,a67b626c4693fd5117c6fb47cea18716043309332770f4f1ba530fd854844a8b
large,output/notebook3_gnn_encoder/node_classification/cora/k10/hybrid/graphsage_edge_s43.emb,1658824,d58080b04274c2ed87fea3b815092baf3a684fffdba5885ecba8b68924557bb4
large,output/notebook3_gnn_encoder/node_classification/cora/k10/hybrid/graphsage_edge_s44.emb,1660743,4cb11d45fcf7c2b0ecb0b7a98ffc6e8436ee28b0e1cecbfc28292e11e44b78e0
large,output/notebook3_gnn_encoder/node_classification/cora/k10/hybrid_centrality/graphsage_edge_s42.emb,1660217,fa510430f145dbc61a43dd42446bc3383c05eac30022ed7bbc1a3d0be8710bc6
large,output/notebook3_gnn_encoder/node_classification/cora/k10/hybrid_centrality/graphsage_edge_s43.emb,1662793,8f355a3f082119230d58215b4f0bcaacaa5a566455db88b3766e8db1a7346f57
large,output/notebook3_gnn_encoder/node_classification/cora/k10/hybrid_centrality/graphsage_edge_s44.emb,1661902,a6efbfd8188157f00901d71e45f28e5ce0e07f87bd15c41cbc67699300f7616d
large,output/notebook3_gnn_encoder/node_classification/cora/k10/hybrid_degree/graphsage_edge_s42.emb,1658338,76366355181661c46a3b4c9f1131c4c73407a037ee72eb3db35633f9a5a6ac86
large,output/notebook3_gnn_encoder/node_classification/cora/k10/hybrid_degree/graphsage_edge_s43.emb,1655843,568af5a06abc2f51a602c467031b4282271109ec3b55bc889a45246575437f86
large,output/notebook3_gnn_encoder/node_classification/cora/k10/hybrid_degree/graphsage_edge_s44.emb,1663075,8f9a49e163724d623178021943a6e370f81fedde99104658b63cadd7e4d24cd5
large,output/notebook3_gnn_encoder/node_classification/cora/k10/original/graphsage_edge_s42.emb,1661177,89d65376f19af45c6099e210d12ec2ca4660ca95e4068e1ea3b8ee82339e65f9
large,output/notebook3_gnn_encoder/node_classification/cora/k10/original/graphsage_edge_s43.emb,1658699,efa2df47c07e38b9e172518f9e8cc147bcf4ba55b034a02b72a988d5a64f20d5
large,output/notebook3_gnn_encoder/node_classification/cora/k10/original/graphsage_edge_s44.emb,1661636,ae64de866c592671790dbc4f2c5dc67949ae58f65c261cc4d7b923c0fbdddab8
large,output/notebook3_gnn_encoder/node_classification/cora/k10/psi/features_only_s42.emb,116300,7a55922499f1fcd9f9e5d78800fcec1163581eee2fe14b97d310c45f41d79b8b
large,output/notebook3_gnn_encoder/node_classification/cora/k10/psi/features_only_s43.emb,116300,7a55922499f1fcd9f9e5d78800fcec1163581eee2fe14b97d310c45f41d79b8b
large,output/notebook3_gnn_encoder/node_classification/cora/k10/psi/features_only_s44.emb,116300,7a55922499f1fcd9f9e5d78800fcec1163581eee2fe14b97d310c45f41d79b8b
large,output/notebook3_gnn_encoder/node_classification/cora/k10/psi/graphsage_edge_feat_centrality_s42.emb,1667384,4702131dc8aa476bdf76f082f87bcb0857b44ccb4a188a79e90b5cad80595dbe
large,output/notebook3_gnn_encoder/node_classification/cora/k10/psi/graphsage_edge_feat_centrality_s43.emb,1658638,3344cac3205be8262191bbffa44c07740715a2e77c8c6f7f08d50e967c44afb0
large,output/notebook3_gnn_encoder/node_classification/cora/k10/psi/graphsage_edge_feat_centrality_s44.emb,1653227,51db22dc3446e97f4c7c12805d807729fcec51cd0beb777125a2ed9858fac478
large,output/notebook3_gnn_encoder/node_classification/cora/k10/psi/graphsage_edge_feat_clustering_s42.emb,1661465,d2371b39a9a57a516e62e608d71818c203ff7e8fcf60c51ce48cc5f662ff9457
large,output/notebook3_gnn_encoder/node_classification/cora/k10/psi/graphsage_edge_feat_clustering_s43.emb,1657862,6b1159c5dca8f8168cc88d617c9b10d37e39890bfdc5f13c7b65496a1d193df5
large,output/notebook3_gnn_encoder/node_classification/cora/k10/psi/graphsage_edge_feat_clustering_s44.emb,1661663,e348b091cf8a31b7dce2b60ddca0a89bdf24bc877569ad5cdf680ddc3d2b18c8
large,output/notebook3_gnn_encoder/node_classification/cora/k10/psi/graphsage_edge_feat_const_s42.emb,1648073,589cb60745d85cf568bfee206b6965f625e3a94b5141dcba934c7a5a5107dc3b
large,output/notebook3_gnn_encoder/node_classification/cora/k10/psi/graphsage_edge_feat_const_s43.emb,1648073,2d67727e589f8aba260790c78d6668fc45aa6e4f4daa733a4117e2d6478116b6
large,output/notebook3_gnn_encoder/node_classification/cora/k10/psi/graphsage_edge_feat_const_s44.emb,1672445,113fd01fa0a2ff65bba81b3fbf559834ade1cd8f56ea949f8fdde3042d9fc2df
large,output/notebook3_gnn_encoder/node_classification/cora/k10/psi/graphsage_edge_feat_deg_cent_s42.emb,1665185,34b3f89905b60d2fea3db81539abf31990f136c3eaffbd1cc826a366eba06146
large,output/notebook3_gnn_encoder/node_classification/cora/k10/psi/graphsage_edge_feat_deg_cent_s43.emb,1661507,7266f7350173c8c4e5929dc5cd39ea25fc7ca624d316fbc941882686885bd9fa
large,output/notebook3_gnn_encoder/node_classification/cora/k10/psi/graphsage_edge_feat_deg_cent_s44.emb,1662779,bcfc522c712415b0dbfcf227311f596a2b491699a2f8ff2002c09eccf5abafe7
large,output/notebook3_gnn_encoder/node_classification/cora/k10/psi/graphsage_edge_feat_degree_s42.emb,1664070,4bea6ca5a1211dd42f0dd917433a693bdccaa3835eedfea241be17b6db2e8cc2
large,output/notebook3_gnn_encoder/node_classification/cora/k10/psi/graphsage_edge_feat_degree_s43.emb,1653865,119aab5d3ac9a58ce84ae4739213ac0458cfea881a74bce57fd61f09e0368bdf
large,output/notebook3_gnn_encoder/node_classification/cora/k10/psi/graphsage_edge_feat_degree_s44.emb,1664379,0229c9817f0f7957ea5ea247a0fbb1e07e7c738aae62743b5818a624c9c961d2
large,output/notebook3_gnn_encoder/node_classification/cora/k10/psi/graphsage_edge_feat_psi_s42.emb,1661513,1c66016df4688f391600e040defdc3c189e11c8adafbe441dc96ad5a1723caf6
large,output/notebook3_gnn_encoder/node_classification/cora/k10/psi/graphsage_edge_feat_psi_s43.emb,1649751,1d48c4298870ce5447a696b0c0d11460dff52ea441929f51468fc6c90ef6a605
large,output/notebook3_gnn_encoder/node_classification/cora/k10/psi/graphsage_edge_feat_psi_s44.emb,1666889,7398a307609280cbf0ca70d46f042deffc2c3ba27ea16ff5c3389017f82e2110
large,output/notebook3_gnn_encoder/node_classification/cora/k10/psi/graphsage_edge_feat_random_s42.emb,1658331,f0494b7f3e90176ec9e439d9fe8bc1644413edab8b08cbee267d380f6acc474b
large,output/notebook3_gnn_encoder/node_classification/cora/k10/psi/graphsage_edge_feat_random_s43.emb,1657756,689d562b0de9e5efe4c8e16898f5ad76ce124df60254102eb8f6030a40984573
large,output/notebook3_gnn_encoder/node_classification/cora/k10/psi/graphsage_edge_feat_random_s44.emb,1658908,4a463e923e7d110f63ea449acb0b871c2fc7d210cf6a79cd1cf0ca87bf8e65c0
large,output/notebook3_gnn_encoder/node_classification/cora/k10/psi/graphsage_edge_s42.emb,1658751,40e77a8c0ffb1e6f995dc7ca768366e2b27543baf3fdd34f9c969526baed159a
large,output/notebook3_gnn_encoder/node_classification/cora/k10/psi/graphsage_edge_s43.emb,1656581,74553257002e89330cacb8f1223422512a42fc73e626345ebbcdc726869d66ad
large,output/notebook3_gnn_encoder/node_classification/cora/k10/psi/graphsage_edge_s44.emb,1657678,89edd69836221e595b38e8158659732bde34e191a92edb0e4bc7df3f314c61e2
large,output/notebook3_gnn_encoder/node_classification/cora/k10/psi_lambda/graphsage_edge_s42.emb,1659943,a6d400400bd045048212e6c29ebd0d0a95ad0582a392929a21b32f9e4d2a35c2
large,output/notebook3_gnn_encoder/node_classification/enzymes/k10/centrality/graphsage_edge_s42.emb,11945604,1af04eab97f296b12ed30a8dea44263dfe0561db2e3248c73cb5d50907dc352b
large,output/notebook3_gnn_encoder/node_classification/enzymes/k10/centrality/graphsage_edge_s43.emb,11942181,c28b87f4050ca8e14ac9200e9811532d544f72514380d9807bba847c6b712c0c
large,output/notebook3_gnn_encoder/node_classification/enzymes/k10/centrality/graphsage_edge_s44.emb,11946814,59ec871ca58935780d04af8975610d50534bcb26ff55c5e29bb7a167ea2dcdc2
large,output/notebook3_gnn_encoder/node_classification/enzymes/k10/degree/graphsage_edge_s42.emb,11945301,33c0b4b7742c6e0453b9330535304aba0cadc01dd7c01e28418d8ce48bc3620c
large,output/notebook3_gnn_encoder/node_classification/enzymes/k10/degree/graphsage_edge_s43.emb,11943619,7bbfd519cc8e7d1d6a7ff36482a1637b90125943e790e6da9109f0f6f99bc657
large,output/notebook3_gnn_encoder/node_classification/enzymes/k10/degree/graphsage_edge_s44.emb,11946616,9257a1c409db0038593c7d2838e3d48e915f8d3e00fe0fb30aee1204334df52b
large,output/notebook3_gnn_encoder/node_classification/enzymes/k10/hybrid/graphsage_edge_s42.emb,11950282,4c61dc185fd0fc9cec470738a5afd123f024a217a1cf9e1c32f0a228096b6f06
large,output/notebook3_gnn_encoder/node_classification/enzymes/k10/hybrid/graphsage_edge_s43.emb,11949699,cb2dc18034b9661416a54b3aef4cac351efd69e1d05ac0ac21d8fad8d04e1dca
large,output/notebook3_gnn_encoder/node_classification/enzymes/k10/hybrid/graphsage_edge_s44.emb,11956126,42db58005f39c4595a5b89c8e2426a73b7524c9e5f613def5dc86a5a3c2d987b
large,output/notebook3_gnn_encoder/node_classification/enzymes/k10/hybrid_centrality/graphsage_edge_s42.emb,11947645,eee31f066f363c9ee2d491b984f97496422396d895c40d8da4eb2c32831c3063
large,output/notebook3_gnn_encoder/node_classification/enzymes/k10/hybrid_centrality/graphsage_edge_s43.emb,11946250,15d52b07f5ed8c0df8efde2fb458472788e814087c231342e96b1c0378664bfe
large,output/notebook3_gnn_encoder/node_classification/enzymes/k10/hybrid_centrality/graphsage_edge_s44.emb,11957773,b4ca7c78792aff0ab905cd50d74481c2342dad99d53d5ca519cc4fbed783b5d6
large,output/notebook3_gnn_encoder/node_classification/enzymes/k10/hybrid_degree/graphsage_edge_s42.emb,11942669,250b3fa5c62e7c7c60a30556a058bc59059e45242c1c190e1b1d506eeb0a299f
large,output/notebook3_gnn_encoder/node_classification/enzymes/k10/hybrid_degree/graphsage_edge_s43.emb,11946358,542d349abcdb627bbc01afc50d813541a360b6008c1cb6953be3000c8914f568
large,output/notebook3_gnn_encoder/node_classification/enzymes/k10/hybrid_degree/graphsage_edge_s44.emb,11956448,c1b7c72b116ffda60a813c0ab62bca4480ab8429a6736e25326e2686f50141f8
large,output/notebook3_gnn_encoder/node_classification/enzymes/k10/original/graphsage_edge_s42.emb,11937260,0a24de4fdf1d2cbe8205c5c1866a6406d1e7299ffaea824492ece11b302f4263
large,output/notebook3_gnn_encoder/node_classification/enzymes/k10/original/graphsage_edge_s43.emb,11936784,9b4badef3de0c27787e5755105d05accff47eced617e4b6e2eef3c8291d10fae
large,output/notebook3_gnn_encoder/node_classification/enzymes/k10/original/graphsage_edge_s44.emb,11959189,e98f263fa4132d09a82c22c74d84e311befc3d56bbe5150e63df5944971327ac
large,output/notebook3_gnn_encoder/node_classification/enzymes/k10/psi/features_only_s42.emb,845855,05d29d94ab3b0f54187e72e514fd242c484403378098bd8f8813746dcabae3ae
large,output/notebook3_gnn_encoder/node_classification/enzymes/k10/psi/features_only_s43.emb,845855,05d29d94ab3b0f54187e72e514fd242c484403378098bd8f8813746dcabae3ae
large,output/notebook3_gnn_encoder/node_classification/enzymes/k10/psi/features_only_s44.emb,845855,05d29d94ab3b0f54187e72e514fd242c484403378098bd8f8813746dcabae3ae
large,output/notebook3_gnn_encoder/node_classification/enzymes/k10/psi/graphsage_edge_feat_centrality_s42.emb,11964901,7783d2a687c968ee0b21a97aa8828ef9195ebd916125ca463b9709b5d2397c63
large,output/notebook3_gnn_encoder/node_classification/enzymes/k10/psi/graphsage_edge_feat_centrality_s43.emb,11913543,3d1fa20785fac7631f23a7783058bcdf9f7d46534fcf52fa8125cef8d87d2f40
large,output/notebook3_gnn_encoder/node_classification/enzymes/k10/psi/graphsage_edge_feat_centrality_s44.emb,11930855,53d36815950447c34ca545cc0ecc21aa83721a4a0d7d83d5a882165cd2bd6842
large,output/notebook3_gnn_encoder/node_classification/enzymes/k10/psi/graphsage_edge_feat_clustering_s42.emb,11948553,cf2614c798b313b373dfba0bf20f04af650638a3029b65b27113e6978416bd23
large,output/notebook3_gnn_encoder/node_classification/enzymes/k10/psi/graphsage_edge_feat_clustering_s43.emb,11949880,4c618f6d296c484e54b5357078925129bbfd13e7082012e5c70351af81da42eb
large,output/notebook3_gnn_encoder/node_classification/enzymes/k10/psi/graphsage_edge_feat_clustering_s44.emb,11955314,cbfb0480329eef1c01c70dcc667144efa159e608481ebdbbb8425114d3e94535
large,output/notebook3_gnn_encoder/node_classification/enzymes/k10/psi/graphsage_edge_feat_const_s42.emb,11868119,c6ba4f6df295c5a33b74fa72cbd5a716e75a4fad145e9263d438be6442226be6
large,output/notebook3_gnn_encoder/node_classification/enzymes/k10/psi/graphsage_edge_feat_const_s43.emb,11868119,31927138e23f5d0c08c1cd79a3a46b8ab94d286193d48e3eadf0e8d770864c95
large,output/notebook3_gnn_encoder/node_classification/enzymes/k10/psi/graphsage_edge_feat_const_s44.emb,12043385,3357f7929c912ea2b9a813417ea868725a2c0dfefb950435a2647e92a4a5371d
large,output/notebook3_gnn_encoder/node_classification/enzymes/k10/psi/graphsage_edge_feat_deg_cent_s42.emb,11934356,52b2fa1c3bc2cb1597b6cdd459bc500878280ef46eb60f57747dd84bc3e5e597
large,output/notebook3_gnn_encoder/node_classification/enzymes/k10/psi/graphsage_edge_feat_deg_cent_s43.emb,11951408,25ff3f929439689dab8ee8fcdbe06231a20981a702e2d5276d2c5134088a230a
large,output/notebook3_gnn_encoder/node_classification/enzymes/k10/psi/graphsage_edge_feat_deg_cent_s44.emb,11959679,7764a67f6bf20701f8f96920b80af75d80e90a39caa575db6ca5ff4e0abe5bac
large,output/notebook3_gnn_encoder/node_classification/enzymes/k10/psi/graphsage_edge_feat_degree_s42.emb,11949092,6227f3b626e6685f9305edbe39c18a50a4a55c181f168403b26ca79517a679b6
large,output/notebook3_gnn_encoder/node_classification/enzymes/k10/psi/graphsage_edge_feat_degree_s43.emb,11934775,eaadaa4eb62824eb22c9570a1cd0c33d117964fefa92b7b7a0b9092cb430066b
large,output/notebook3_gnn_encoder/node_classification/enzymes/k10/psi/graphsage_edge_feat_degree_s44.emb,11943043,3e6ad5d0c5affd5788ad45fb7b0572f654f03fba93b39de34f93ccee11cf9ebb
large,output/notebook3_gnn_encoder/node_classification/enzymes/k10/psi/graphsage_edge_feat_psi_s42.emb,11963672,526bcdeb5b40190aa93c2047a306cd17b7891008bfe9d0edf840357c6778744e
large,output/notebook3_gnn_encoder/node_classification/enzymes/k10/psi/graphsage_edge_feat_psi_s43.emb,11888919,39197b82e1fe0f75534c76c349b610eaac1d488b0df42eefa2dbf4ce8f97a0ec
large,output/notebook3_gnn_encoder/node_classification/enzymes/k10/psi/graphsage_edge_feat_psi_s44.emb,11949154,2a833afb5c4d5c4ff09c7dcbe7db01c97c88d65d90d4c9a7be0538d0dd8262ab
large,output/notebook3_gnn_encoder/node_classification/enzymes/k10/psi/graphsage_edge_feat_random_s42.emb,11941904,144750344db2be9d17a45215788dfdc1e88baa2219e7ec357dd2b350255d24a8
large,output/notebook3_gnn_encoder/node_classification/enzymes/k10/psi/graphsage_edge_feat_random_s43.emb,11939491,fb1d6382052f608c8b9fcc37b52e385669193a8fa44ac5032b2387b31c9c6ce9
large,output/notebook3_gnn_encoder/node_classification/enzymes/k10/psi/graphsage_edge_feat_random_s44.emb,11947413,2b156ebc7959de996772c35f88be971d03fe6758314d2f7d4b3dddeeceb0f065
large,output/notebook3_gnn_encoder/node_classification/enzymes/k10/psi/graphsage_edge_s42.emb,11965641,4e1b40b2ba6f7497c1c4f4af0e560da8f75cc6716560df1e951a810c60baf47a
large,output/notebook3_gnn_encoder/node_classification/enzymes/k10/psi/graphsage_edge_s43.emb,11946731,deaad799cceeef23f2e09a846b540d7ab58a6c200b7ec2e0c84b385d8536508b
large,output/notebook3_gnn_encoder/node_classification/enzymes/k10/psi/graphsage_edge_s44.emb,11965735,6148b7dde7305c583b58d7f8bbcafd3503098a2ea8c6b394b3cba13ffbe9b32f
large,output/notebook3_gnn_encoder/node_classification/genetic_fission_yeast/k10/centrality/graphsage_edge_s42.emb,2183014,05bb5865a7698edd2074020ccb7bc454abdd04ac0c9a8fbeb7174b91e4e90edc
large,output/notebook3_gnn_encoder/node_classification/genetic_fission_yeast/k10/centrality/graphsage_edge_s43.emb,2179284,383ba6eb5f1e97133caccab2c98c9a6265e670054377afe3631888aff358e79c
large,output/notebook3_gnn_encoder/node_classification/genetic_fission_yeast/k10/centrality/graphsage_edge_s44.emb,2187241,fc0689c48aeafe5e6d37df6df1c5cfeeed2a804be436c487eb98ebdef4b8bbf3
large,output/notebook3_gnn_encoder/node_classification/genetic_fission_yeast/k10/degree/graphsage_edge_s42.emb,2185361,4002cedc1f8f06aab61b6b0a860e67f249332864ea4978a2c60b42dde41da6b3
large,output/notebook3_gnn_encoder/node_classification/genetic_fission_yeast/k10/degree/graphsage_edge_s43.emb,2180257,670ff3ddf6eeb97f10a7db4882f0156baa2af094fe41cb4bd9bdb59771601cec
large,output/notebook3_gnn_encoder/node_classification/genetic_fission_yeast/k10/degree/graphsage_edge_s44.emb,2188082,6e0e606f36dbc1a663c6e8819e4a62d4a69273022fe07d172f792038edcd6535
large,output/notebook3_gnn_encoder/node_classification/genetic_fission_yeast/k10/hybrid/graphsage_edge_s42.emb,2189468,328eed158df48ba38a0b277a87b563d1c33fca4d344f7b5df55776882f8be5fc
large,output/notebook3_gnn_encoder/node_classification/genetic_fission_yeast/k10/hybrid/graphsage_edge_s43.emb,2181030,7f9a2a2fb55b62b6aed71689445629452e45f7c38e74c751c15cce658ad71d7a
large,output/notebook3_gnn_encoder/node_classification/genetic_fission_yeast/k10/hybrid/graphsage_edge_s44.emb,2186996,5dc60b951c663220ffa7bf3087bf2a0c2ce4a9919178c41196cb9ce3770ecc5b
large,output/notebook3_gnn_encoder/node_classification/genetic_fission_yeast/k10/hybrid_centrality/graphsage_edge_s42.emb,2185936,8688bbf99ae586d51616e5a7ce1e0d307955b5fab3a5aeb11569dc14385b868e
large,output/notebook3_gnn_encoder/node_classification/genetic_fission_yeast/k10/hybrid_centrality/graphsage_edge_s43.emb,2183163,d4e9b1a9b4172fffa4deb23fcf55647b2066fa6bb142e920edeb034032eb900b
large,output/notebook3_gnn_encoder/node_classification/genetic_fission_yeast/k10/hybrid_centrality/graphsage_edge_s44.emb,2186858,e7b17aed4c935013b5e5046da388ac99a093a085c19b08a06aa38ec86d699e4d
large,output/notebook3_gnn_encoder/node_classification/genetic_fission_yeast/k10/hybrid_degree/graphsage_edge_s42.emb,2189335,152400f1af4d28d6173d3e3be7f87dfbce8f605a60533c4de0d6fb5748b5a47d
large,output/notebook3_gnn_encoder/node_classification/genetic_fission_yeast/k10/hybrid_degree/graphsage_edge_s43.emb,2180716,febd99b945e315c8c02a360190d19ff23dfbdaf57bfc3ed8419e9778eb2fb4a7
large,output/notebook3_gnn_encoder/node_classification/genetic_fission_yeast/k10/hybrid_degree/graphsage_edge_s44.emb,2186326,be798126e92eb62f372af1e7cbca546f426af4f399b8ae9eb78b0cf14f31489f
large,output/notebook3_gnn_encoder/node_classification/genetic_fission_yeast/k10/original/graphsage_edge_s42.emb,2180530,8c186d23fef17080606bf4c5a8087dcb82adca5aaa66702b9b0ad3278d2b0df2
large,output/notebook3_gnn_encoder/node_classification/genetic_fission_yeast/k10/original/graphsage_edge_s43.emb,2191684,a9789b48ffcfe9c7577e483886f74a2cfaa4e0214a954414bb0ad371501f4f54
large,output/notebook3_gnn_encoder/node_classification/genetic_fission_yeast/k10/original/graphsage_edge_s44.emb,2181132,27f466bbc098bb5477645e8ac491e445f83e61c1b8064a3a1e4e048ec0010dd6
large,output/notebook3_gnn_encoder/node_classification/genetic_fission_yeast/k10/psi/graphsage_edge_s42.emb,2183923,b870650c50d039a095ae600f75c3666791a47cbd7fa6122bfd7392627fa374f6
large,output/notebook3_gnn_encoder/node_classification/genetic_fission_yeast/k10/psi/graphsage_edge_s43.emb,2180716,8a9ff916c3c0adfc0d047b9db5e77f40b4087eb8e81df3143c3c9d38b32f4372
large,output/notebook3_gnn_encoder/node_classification/genetic_fission_yeast/k10/psi/graphsage_edge_s44.emb,2188752,e462e261b04af08a6510b8c1db381ed0c6a7b143587b055a819457bb574961c3
large,output/notebook3_gnn_encoder/node_classification/lastfm_asia/k10/centrality/graphsage_edge_s42.emb,4669546,160968243a48b0e166bc3cf595f1bffba457edec9bac313e0835f690e1a02c11
large,output/notebook3_gnn_encoder/node_classification/lastfm_asia/k10/centrality/graphsage_edge_s43.emb,4666132,9024ef567d12a8412059adbe038df21fd5a5a4c9408905661c76517be7f5f0eb
large,output/notebook3_gnn_encoder/node_classification/lastfm_asia/k10/centrality/graphsage_edge_s44.emb,4675948,bef412983d221839d076522c9eda28627d47eb0d673bb7b46ac45eeaa193a787
large,output/notebook3_gnn_encoder/node_classification/lastfm_asia/k10/degree/graphsage_edge_s42.emb,4664700,76e68f302b4feaeaac0a8b1df7aed8679bfe17e82ddd5280179c393897505b77
large,output/notebook3_gnn_encoder/node_classification/lastfm_asia/k10/degree/graphsage_edge_s43.emb,4671076,236921c317b7c1cb9692fb2a68641db4edf72dc7c5ca3becc30a346475c95135
large,output/notebook3_gnn_encoder/node_classification/lastfm_asia/k10/degree/graphsage_edge_s44.emb,4678338,f72f99aaef0a83914a12588cbb9d0409b2aaeca908c9bc82e320f34fdbae8d0c
large,output/notebook3_gnn_encoder/node_classification/lastfm_asia/k10/hybrid/graphsage_edge_s42.emb,4671635,5f8862e0ab7b42315536909b12762412326b98602c30d92591acbae133a761cb
large,output/notebook3_gnn_encoder/node_classification/lastfm_asia/k10/hybrid/graphsage_edge_s43.emb,4679549,7691630f10275e7ce7f9912dae3ebc1592526ebfbcc3c7a2b6da03e679cd283c
large,output/notebook3_gnn_encoder/node_classification/lastfm_asia/k10/hybrid/graphsage_edge_s44.emb,4678487,bd19cca3e5a651317b1f736bb7f15eaf552021ffc6f4587b166bc200b773c9b6
large,output/notebook3_gnn_encoder/node_classification/lastfm_asia/k10/original/graphsage_edge_s42.emb,4679818,ad5e3a046b404b7dcdee94c2407f5ee1a7a264a560f5ff5db680b0954b58ec32
large,output/notebook3_gnn_encoder/node_classification/lastfm_asia/k10/original/graphsage_edge_s43.emb,4671762,ad331b4c3b2098c50e99339abddbe455f4a2d7866742c7403906dc84ce103ed4
large,output/notebook3_gnn_encoder/node_classification/lastfm_asia/k10/original/graphsage_edge_s44.emb,4684249,c9200379b38b5e50b9071aff45037014a00268786c357f9d6fa780197b1de001
large,output/notebook3_gnn_encoder/node_classification/lastfm_asia/k10/psi/graphsage_edge_s42.emb,4663281,350c5be0b901fca175a9f27e2516afd7818eabd1ca9b77d509d12b08457ed1f4
large,output/notebook3_gnn_encoder/node_classification/lastfm_asia/k10/psi/graphsage_edge_s43.emb,4669602,e3b2be24d9b9003c1779b8ebca241cfc88e15895ae923d079011c4449316d105
large,output/notebook3_gnn_encoder/node_classification/lastfm_asia/k10/psi/graphsage_edge_s44.emb,4669379,c3f3df9be57f703da5b3933314396c18063444461f73d525f3709e8a37488fcc
large,output/notebook3_gnn_encoder/node_classification/minesweeper/k10/centrality/graphsage_edge_s42.emb,6129073,7089d26d80d6ddaf9e8429afe2773caaca2648c8dfe3dcaeb423dc553d93ad8f
large,output/notebook3_gnn_encoder/node_classification/minesweeper/k10/centrality/graphsage_edge_s43.emb,6123661,35651430bcc2ec1ff8f732e84aa08e6d084e14eb20a2b7c0400348b9e055a896
large,output/notebook3_gnn_encoder/node_classification/minesweeper/k10/centrality/graphsage_edge_s44.emb,6117153,9ebeef2601fe5975f250c2bf1cadaf74428513b184320873d29c1254c80c99ea
large,output/notebook3_gnn_encoder/node_classification/minesweeper/k10/degree/graphsage_edge_s42.emb,6124852,6c71a64393361943b9fce31f9f510b4d1307850390cdef80fa8edc8223dc7989
large,output/notebook3_gnn_encoder/node_classification/minesweeper/k10/degree/graphsage_edge_s43.emb,6118984,4c4cfab5b12a2fcb439a150f76cabdffbce3cfcae2eb95ef58e6bdbadca4b955
large,output/notebook3_gnn_encoder/node_classification/minesweeper/k10/degree/graphsage_edge_s44.emb,6135221,50001b7e6825c43650e8d3617540fce907071c801be4aef60a05744616f45957
large,output/notebook3_gnn_encoder/node_classification/minesweeper/k10/hybrid/graphsage_edge_s42.emb,6124349,06f779709f6460c36f26ffaad3f63c17d566aa03b951168b7fb9e6ae02914516
large,output/notebook3_gnn_encoder/node_classification/minesweeper/k10/hybrid/graphsage_edge_s43.emb,6123084,2b1a84c3ace8ea4eb61286f1f8350ece4139108d2843915d00587ff4909666c8
large,output/notebook3_gnn_encoder/node_classification/minesweeper/k10/hybrid/graphsage_edge_s44.emb,6122804,effc118dcbd5772d2881aa7f34088646879e43bca74e89cd8c682211bfb8fd32
large,output/notebook3_gnn_encoder/node_classification/minesweeper/k10/original/graphsage_edge_s42.emb,6123411,11949a5745999536ebe7560a79ecf90131dda82b2aef934948c3124a157ab895
large,output/notebook3_gnn_encoder/node_classification/minesweeper/k10/original/graphsage_edge_s43.emb,6123723,121496c8798da442c2c537f95a3f6d4f48ec2299976253cb5bbff8c9ca72217c
large,output/notebook3_gnn_encoder/node_classification/minesweeper/k10/original/graphsage_edge_s44.emb,6118855,eb29c0be09fee9250b32d5b82ad39191bf1e03b6466e46f692cefa26f427e0de
large,output/notebook3_gnn_encoder/node_classification/minesweeper/k10/psi/graphsage_edge_s42.emb,6133400,5181496cad23a3202b37ffe95fa9522934df8240e8b6e2c22659751cbbd7cf51
large,output/notebook3_gnn_encoder/node_classification/minesweeper/k10/psi/graphsage_edge_s43.emb,6107422,17b7450254e98a6d5fd37755cabb490546d0920764ee539536f1a64f03889bcb
large,output/notebook3_gnn_encoder/node_classification/minesweeper/k10/psi/graphsage_edge_s44.emb,6121039,89f430455d4eee52cfb2657c1d310171e89b5870f152464b35c85599cf030fb4
large,output/notebook3_gnn_encoder/node_classification/ogbn_arxiv/k10/centrality/graphsage_edge_s42.emb,104008593,1167dc21914f88abcf840b51972974f71eca7acb5433cf3061f38f4f8a602eb0
large,output/notebook3_gnn_encoder/node_classification/ogbn_arxiv/k10/centrality/graphsage_edge_s43.emb,103926401,8f0a1417bd9f0225a4176c4389146eae2a55ab8ab2fb0992dffb231edd2ce46f
large,output/notebook3_gnn_encoder/node_classification/ogbn_arxiv/k10/centrality/graphsage_edge_s44.emb,104103858,22dcf07afa41ed478bee30ff376bf1c22568f79ed03e79c00149412c4422bcdd
large,output/notebook3_gnn_encoder/node_classification/ogbn_arxiv/k10/degree/graphsage_edge_s42.emb,104083353,5a8c79b6fded09f10a69f3478175213b550c54902d9466197ff84fad58d2ea41
large,output/notebook3_gnn_encoder/node_classification/ogbn_arxiv/k10/degree/graphsage_edge_s43.emb,103794817,7d2d7ddb21c0cddc3628d339e73f8a86bd46ea77edaeef0f9505a0711cd3b4b8
large,output/notebook3_gnn_encoder/node_classification/ogbn_arxiv/k10/degree/graphsage_edge_s44.emb,104323260,3b939a86a7f03868972677ad3965a849865b9ddcf5284ce006fc7ce876001756
large,output/notebook3_gnn_encoder/node_classification/ogbn_arxiv/k10/hybrid/graphsage_edge_s42.emb,104473322,0d6af1d3f5ebe4945f88c23c438f0c4e42f5f449978bb71995cb711bbbc40a22
large,output/notebook3_gnn_encoder/node_classification/ogbn_arxiv/k10/hybrid/graphsage_edge_s43.emb,104032724,bf9836c0d3f350b836bd66d0e3fdf93bf3af3ad26575fd82da8dcf384bcc591d
large,output/notebook3_gnn_encoder/node_classification/ogbn_arxiv/k10/hybrid/graphsage_edge_s44.emb,104414849,dd1f9554c1d46d1b84decd5daddfc6c10f06c45e233999fa9458e991bb823e1d
large,output/notebook3_gnn_encoder/node_classification/ogbn_arxiv/k10/hybrid_centrality/graphsage_edge_s42.emb,104721800,50d48bc013ce6b79f3e52611c1219241dc25bdc9b5f40c26cd2e2351183af735
large,output/notebook3_gnn_encoder/node_classification/ogbn_arxiv/k10/hybrid_centrality/graphsage_edge_s43.emb,104003435,3fae182dc17c0883c38a1a6715fc7141341b314371ff3060dd1314254c3692d3
large,output/notebook3_gnn_encoder/node_classification/ogbn_arxiv/k10/hybrid_centrality/graphsage_edge_s44.emb,104397093,658ef2de3461519a0f3bbde47fe14f419657a09031fc942a87abd2b07bb7940d
large,output/notebook3_gnn_encoder/node_classification/ogbn_arxiv/k10/hybrid_degree/graphsage_edge_s42.emb,104445553,ae28a9003785646b7c99f0f2027ca9ae47c3e126c7b99ebd4eaa2ea8c78c64d2
large,output/notebook3_gnn_encoder/node_classification/ogbn_arxiv/k10/hybrid_degree/graphsage_edge_s43.emb,104139973,c7fdc7eacf8dceae7358bfdb62c63eb5ba87260e41326824c055db54095b08cd
large,output/notebook3_gnn_encoder/node_classification/ogbn_arxiv/k10/hybrid_degree/graphsage_edge_s44.emb,104369498,556615f8f8fb7b0b06eae9c8c82afdbe48ea7a85786d6f27cd0693f68ccc0b8f
large,output/notebook3_gnn_encoder/node_classification/ogbn_arxiv/k10/original/graphsage_edge_s42.emb,104383505,c174705edd2de13900b9db599af251779090a08258d7c86c63ce47454f6da122
large,output/notebook3_gnn_encoder/node_classification/ogbn_arxiv/k10/original/graphsage_edge_s43.emb,103993911,489e88374fcf70c07585d28b2dd848346cb2c42e700d0ade6d0e9352fca9d957
large,output/notebook3_gnn_encoder/node_classification/ogbn_arxiv/k10/original/graphsage_edge_s44.emb,104424094,63395281d87f2e3afa6f16a3c24a2a1287eaf91f09c25893a3470e00e94f628a
large,output/notebook3_gnn_encoder/node_classification/ogbn_arxiv/k10/psi/graphsage_edge_feat_centrality_s42.emb,104549957,db8e33ae387a548a2051341351c89225d7b1ceb3c318711efe81afba071b50a4
large,output/notebook3_gnn_encoder/node_classification/ogbn_arxiv/k10/psi/graphsage_edge_feat_centrality_s43.emb,104083546,68167851946e938099181087bab627a5c5b8b86c5f1c3c0c47d7880a5e26cd84
large,output/notebook3_gnn_encoder/node_classification/ogbn_arxiv/k10/psi/graphsage_edge_feat_centrality_s44.emb,104036519,086281459e3b4f65e9aedca507a0b9dd4ae6963b87df791a16425b0fbe3f65f6
large,output/notebook3_gnn_encoder/node_classification/ogbn_arxiv/k10/psi/graphsage_edge_feat_clustering_s42.emb,104211611,fa9b27fb7306e2c5ab077cdbaea5281b016939290f08b0579da2d1c4f2abb64b
large,output/notebook3_gnn_encoder/node_classification/ogbn_arxiv/k10/psi/graphsage_edge_feat_clustering_s43.emb,103843707,d5c5e352a8f144c90856a2b3c3e34fa9e66a2c269114425896785e75220e9747
large,output/notebook3_gnn_encoder/node_classification/ogbn_arxiv/k10/psi/graphsage_edge_feat_clustering_s44.emb,104230264,9950d050b210ab083719207de0046000673dec95db7ff1c0f9f1211c7ba847dd
large,output/notebook3_gnn_encoder/node_classification/ogbn_arxiv/k10/psi/graphsage_edge_feat_const_s42.emb,103357473,696dc3e8a543ab9e5314ac927db0204c62a3e072187002011bbb5250db294a04
large,output/notebook3_gnn_encoder/node_classification/ogbn_arxiv/k10/psi/graphsage_edge_feat_const_s43.emb,103357473,b5c6ba764e32821cc5c3c1fec8dd6ee832c5c493cc0dc54ba0babb4599084784
large,output/notebook3_gnn_encoder/node_classification/ogbn_arxiv/k10/psi/graphsage_edge_feat_const_s44.emb,104881560,3ad4e17fddcf88b56a6328242e7a410933e587c58f40846799c9a8b0f4263995
large,output/notebook3_gnn_encoder/node_classification/ogbn_arxiv/k10/psi/graphsage_edge_feat_deg_cent_s42.emb,104165440,0c283cd5847cc96676b24e3034e1153cad003917668b2af4051bfdf15ab81bac
large,output/notebook3_gnn_encoder/node_classification/ogbn_arxiv/k10/psi/graphsage_edge_feat_deg_cent_s43.emb,104478952,dae6f561784bc0e41c13ca1abb32b2ace8b8ae519a750f4a9835869ce4bfbed3
large,output/notebook3_gnn_encoder/node_classification/ogbn_arxiv/k10/psi/graphsage_edge_feat_deg_cent_s44.emb,104403098,292c3a875cf5d8d99461aba00879f24e85c18d3b664e3533d438c27348e68bd0
large,output/notebook3_gnn_encoder/node_classification/ogbn_arxiv/k10/psi/graphsage_edge_feat_degree_s42.emb,104381067,68723e1108c733e3f4cfcdfaed2a5876bf35a57f7657c0c35b8b791ceba8204a
large,output/notebook3_gnn_encoder/node_classification/ogbn_arxiv/k10/psi/graphsage_edge_feat_degree_s43.emb,104021390,66255878b4e5fcf0b1eec1fc717131cdf1b4236559be701336df9a6007627adb
large,output/notebook3_gnn_encoder/node_classification/ogbn_arxiv/k10/psi/graphsage_edge_feat_degree_s44.emb,104474122,45681594b987db18d5cbb4befe7fca2a9e5d4dffe34a26fc6c4efbf35b4214f2
large,output/notebook3_gnn_encoder/node_classification/ogbn_arxiv/k10/psi/graphsage_edge_feat_psi_s42.emb,103986415,8ca291417b58e7f41c706622a57050ebd983ab6b4793e7e1d8ed42260b2a3a3a
large,output/notebook3_gnn_encoder/node_classification/ogbn_arxiv/k10/psi/graphsage_edge_feat_psi_s43.emb,103711226,2293f2263baff7d41bb03b5eafa60a852e9293a2dad1123b2f3d8e9f45f20d29
large,output/notebook3_gnn_encoder/node_classification/ogbn_arxiv/k10/psi/graphsage_edge_feat_psi_s44.emb,104007135,53145b43c9246e102eb69be2852c87ead1a4996a24dcdd55b9cd5bc39292d088
large,output/notebook3_gnn_encoder/node_classification/ogbn_arxiv/k10/psi/graphsage_edge_feat_random_s42.emb,104010798,e8a304ed15031eb1caeba99334c3b9d6d1a493e4949ac4af2dcd92210236eb4a
large,output/notebook3_gnn_encoder/node_classification/ogbn_arxiv/k10/psi/graphsage_edge_feat_random_s43.emb,103980536,bbddcbc7fd369581a71f82bf01077a874c64ed8e668c3e3964ac2f90ef559d4f
large,output/notebook3_gnn_encoder/node_classification/ogbn_arxiv/k10/psi/graphsage_edge_feat_random_s44.emb,104031244,61cf6e69f132fbd7e38fa1bdd8b91c9165c709b05ec920492cbbd3099166679b
large,output/notebook3_gnn_encoder/node_classification/ogbn_arxiv/k10/psi/graphsage_edge_s42.emb,104249717,6a56b53916d6eb3b9586c65e33b570f50ea80d701ed6113c2615e3b6cbdfaf86
large,output/notebook3_gnn_encoder/node_classification/ogbn_arxiv/k10/psi/graphsage_edge_s43.emb,103831855,93a16008bdb1329dfaeb9ed35eff6a1308c6454ba50b08a57d2327a21e91d0f0
large,output/notebook3_gnn_encoder/node_classification/ogbn_arxiv/k10/psi/graphsage_edge_s44.emb,104319144,179b7bd333a4b7535bdc8110538a0e862d6ff828297143d22dc8d9bb409d1cdf
large,output/notebook3_gnn_encoder/node_classification/ogbn_arxiv/k10/psi_pqnorm/graphsage_edge_s42.emb,104030596,f3dc032e2d0bccfbe335b3a1aa47df73a1cb49628b484ceec0bbb5703e98dab2
large,output/notebook3_gnn_encoder/node_classification/ogbn_arxiv/k10/psi_pqnorm/graphsage_edge_s43.emb,103896974,44a2eca646b31740256d2351df283e888de104d4f9cb246aa703847798501ce5
large,output/notebook3_gnn_encoder/node_classification/ogbn_arxiv/k10/psi_pqnorm/graphsage_edge_s44.emb,104348806,47e8919a936af0b75f9b714353e0a8024ffb243f441e240a2e4d1e12cb949489
large,output/notebook3_gnn_encoder/node_classification/ogbn_arxiv/k10/psi_shift/graphsage_edge_s42.emb,104128344,fa5d20b5b3ac59bbd3bf3f9f39c7fdb48f5ec455b61c9fe886c32c5ee19a6842
large,output/notebook3_gnn_encoder/node_classification/ogbn_arxiv/k10/psi_shift/graphsage_edge_s43.emb,103811307,315770ea5bb1adc903bcca70c11f2ec2166b2760f59380ae522cbc261999b57c
large,output/notebook3_gnn_encoder/node_classification/ogbn_arxiv/k10/psi_shift/graphsage_edge_s44.emb,104258275,eb3c6af932ce0afcb5ebcc0b84af23472cf81486a72629cad67ce7f88783f45a
large,output/notebook3_gnn_encoder/node_classification/ppi_fly/k10/centrality/graphsage_edge_s42.emb,6960054,fee596acb1b571902cebeca42801ac8ca51d1f523a0b1376713099cfa61b49ad
large,output/notebook3_gnn_encoder/node_classification/ppi_fly/k10/centrality/graphsage_edge_s43.emb,6934735,a7348bc754ebef128988cf62d0c5450add92d0b52491e6a0bb538e2a5ce926ee
large,output/notebook3_gnn_encoder/node_classification/ppi_fly/k10/centrality/graphsage_edge_s44.emb,6964102,82c4c654b0b786458a85a38014e88d050aa2a951c25570b6ccb5d8e6fb36fddf
large,output/notebook3_gnn_encoder/node_classification/ppi_fly/k10/degree/graphsage_edge_s42.emb,6951281,5798e2b9c53e5082d20ccf9e32af3fb69f335582a29ec1926f0a48b3ff85152a
large,output/notebook3_gnn_encoder/node_classification/ppi_fly/k10/degree/graphsage_edge_s43.emb,6941661,52dab471c6687c66d680a3ee013006f46e40008eeedcf589c862756968c41821
large,output/notebook3_gnn_encoder/node_classification/ppi_fly/k10/degree/graphsage_edge_s44.emb,6976746,e5b6dcafb4ff710dec8c5120eb0e52e71bd2aca357bc7ed1eeacbbcca1e061f1
large,output/notebook3_gnn_encoder/node_classification/ppi_fly/k10/hybrid/graphsage_edge_s42.emb,6982851,4e6e69a099ad0f53a7f9f4978b3b35d7838bd0ed85b645df3f9fceb1c66bf2d0
large,output/notebook3_gnn_encoder/node_classification/ppi_fly/k10/hybrid/graphsage_edge_s43.emb,6952231,58d483df2b338eb32eb4d9c7b97f7f1655c76e9cfe8ada5937e43423bb5ecc16
large,output/notebook3_gnn_encoder/node_classification/ppi_fly/k10/hybrid/graphsage_edge_s44.emb,6971364,6b08a6c85ceb9f1d2571f7843a1abfbeffee4bffc80900301d266f7c28cbc91c
large,output/notebook3_gnn_encoder/node_classification/ppi_fly/k10/hybrid_centrality/graphsage_edge_s42.emb,6982548,60db30f41b6c75b3f8388c3a71f2af43bfc725e47d910c521555af55776c27ce
large,output/notebook3_gnn_encoder/node_classification/ppi_fly/k10/hybrid_centrality/graphsage_edge_s43.emb,6956251,d39820b39a1e13f4f6e9368c27727ffb0591683fb6bec6b6f330b582778d842c
large,output/notebook3_gnn_encoder/node_classification/ppi_fly/k10/hybrid_centrality/graphsage_edge_s44.emb,6978043,c5f89c050aef2f0fd97a5086522f0447b0ab4354dc768caa65d91ff436da5ddb
large,output/notebook3_gnn_encoder/node_classification/ppi_fly/k10/hybrid_degree/graphsage_edge_s42.emb,6978339,e6c6ab4d9ef348ad3557906ce848cb4f3c5bd377dbbc2bf67c23c128a202ebec
large,output/notebook3_gnn_encoder/node_classification/ppi_fly/k10/hybrid_degree/graphsage_edge_s43.emb,6950567,45dcfb8c3b9456a25e4f3d963275b7f3bdb98d2bd6a71390201e1c4137d6e8a3
large,output/notebook3_gnn_encoder/node_classification/ppi_fly/k10/hybrid_degree/graphsage_edge_s44.emb,6974050,0f0dce2942f9146d5f30d0eca5dc9d5a0dd5106bde1cfea82008bb6b9beee894
large,output/notebook3_gnn_encoder/node_classification/ppi_fly/k10/original/graphsage_edge_s42.emb,6961095,0c5f87bd3cbb39051a0afbb05d6b06844e0ebaaedd668a7d141326abc879e2ef
large,output/notebook3_gnn_encoder/node_classification/ppi_fly/k10/original/graphsage_edge_s43.emb,6973311,97ed43398f894286e7a7124fc2c03284d841fc745a4ab18e3983b9b7cdeef1d9
large,output/notebook3_gnn_encoder/node_classification/ppi_fly/k10/original/graphsage_edge_s44.emb,6974094,fd392bed6217c63575c5714782a8e50e410cbdf5d770c0dfe349ff47aa9f0f76
large,output/notebook3_gnn_encoder/node_classification/ppi_fly/k10/psi/graphsage_edge_s42.emb,6955375,92d48b1f8924adbc4efe83dd6aab2d1764244646b596e822b81cd4b4a17926a9
large,output/notebook3_gnn_encoder/node_classification/ppi_fly/k10/psi/graphsage_edge_s43.emb,6953617,590ba752c50efe35f43fd453e5165f963610bb73ebd5050f046810ce8251757c
large,output/notebook3_gnn_encoder/node_classification/ppi_fly/k10/psi/graphsage_edge_s44.emb,6961379,27caa0c6cb197767e297175a95b6c582b9dedb05a7231a0429367b783bc6494b
large,output/notebook3_gnn_encoder/node_classification/ppi_human/k10/centrality/graphsage_edge_s42.emb,16935079,0845edaa1ae0cde2fe98ed65ace130aefc85c2bbc666bcb82086565bc79c5bb2
large,output/notebook3_gnn_encoder/node_classification/ppi_human/k10/centrality/graphsage_edge_s43.emb,16893991,1f13e8a06e21ae12e04b8a771f59d5caeee82b963bf9f538c46fc09579f5593f
large,output/notebook3_gnn_encoder/node_classification/ppi_human/k10/centrality/graphsage_edge_s44.emb,16959813,8b494d9e0cc505a961448dabf27c2624f60e6c9c4372e338eaf2bf0a68a3e69f
large,output/notebook3_gnn_encoder/node_classification/ppi_human/k10/degree/graphsage_edge_s42.emb,16938805,96f268651f2a3ce43112811524070f0340ba628b11dc849f2bdc0ce42898a6f0
large,output/notebook3_gnn_encoder/node_classification/ppi_human/k10/degree/graphsage_edge_s43.emb,16925388,367ecf8378690ac80745aeb811a2dd8126fcf84e6e6971791548812106b2102c
large,output/notebook3_gnn_encoder/node_classification/ppi_human/k10/degree/graphsage_edge_s44.emb,16974731,7d0665d2f30a3ebde7f68259003e3045525123b208d15aa0d7aa354872737156
large,output/notebook3_gnn_encoder/node_classification/ppi_human/k10/hybrid/graphsage_edge_s42.emb,17008390,064ceec55bea8929ebc811fcf920d1469dcef12fde74d49b0fd39c129845b6ca
large,output/notebook3_gnn_encoder/node_classification/ppi_human/k10/hybrid/graphsage_edge_s43.emb,16940485,9d1439dbaa6ba086244ca263fa0361face93264ee8cfa6fb09a19c0fc6ce2cd3
large,output/notebook3_gnn_encoder/node_classification/ppi_human/k10/hybrid/graphsage_edge_s44.emb,16972966,c7c991b1efe893bc13cf1a0306cb27dee4c0baa8c6c884226e86e76d09b281a9
large,output/notebook3_gnn_encoder/node_classification/ppi_human/k10/hybrid_centrality/graphsage_edge_s42.emb,16988302,050c62fececb0aff506654977c80a392e35338246be5064ae1d95dcbdbff7101
large,output/notebook3_gnn_encoder/node_classification/ppi_human/k10/hybrid_centrality/graphsage_edge_s43.emb,16969743,26aed0c18ab2d535cfab45b1071a61e3bc601715cc078e2ac2760fb5d90452c9
large,output/notebook3_gnn_encoder/node_classification/ppi_human/k10/hybrid_centrality/graphsage_edge_s44.emb,16983725,a114162db5c0cdc2a37d6106191ab8b6624dd233418d1b2b04cc131c2d8db3e6
large,output/notebook3_gnn_encoder/node_classification/ppi_human/k10/hybrid_degree/graphsage_edge_s42.emb,17009682,ac10bb318d134a252443d71d22720928acdb55beaee84b7590b2640a183310b1
large,output/notebook3_gnn_encoder/node_classification/ppi_human/k10/hybrid_degree/graphsage_edge_s43.emb,16937891,a0a6d3a1392b3e4113e9affa83e161710b81f88e914e34b20dc84f90b3fb0503
large,output/notebook3_gnn_encoder/node_classification/ppi_human/k10/hybrid_degree/graphsage_edge_s44.emb,16983024,bbb297fae38044ddb02f24ca972634711e16e85920a2cfe4df7c7a3889604ef9
large,output/notebook3_gnn_encoder/node_classification/ppi_human/k10/original/graphsage_edge_s42.emb,16949488,2b35da79eb39e98a176fd2784c55288a47c18796286ff67ee087eabd698c699d
large,output/notebook3_gnn_encoder/node_classification/ppi_human/k10/original/graphsage_edge_s43.emb,17036116,e70bd618d3aaabf0364e985361230f795d4d65d9f32e580d9d8c746ab0573662
large,output/notebook3_gnn_encoder/node_classification/ppi_human/k10/original/graphsage_edge_s44.emb,16912499,ffcdcfea63dabd8b51b4792f68930081c1d95797c978791fdecb29af67064517
large,output/notebook3_gnn_encoder/node_classification/ppi_human/k10/psi/graphsage_edge_s42.emb,16944852,d269ac2e4899530fed71b0b4cac63362dd8cd27c3904e593a343a54c39649e6b
large,output/notebook3_gnn_encoder/node_classification/ppi_human/k10/psi/graphsage_edge_s43.emb,16931011,89965ce932dff42dd01e17ffde6b8e339f1988010715de66979e2e5371121a0d
large,output/notebook3_gnn_encoder/node_classification/ppi_human/k10/psi/graphsage_edge_s44.emb,16974786,d76d9da051e82257404c63a8f5351005cb3a049968643c11cc0dbe4db74de5fb
large,output/notebook3_gnn_encoder/node_classification/ppi_yeast/k10/centrality/graphsage_edge_s42.emb,4465384,23471dfe4248783fb3a183d739223e840d420b03cc13e5ee3ad33afc33e7a35a
large,output/notebook3_gnn_encoder/node_classification/ppi_yeast/k10/centrality/graphsage_edge_s43.emb,4456311,6d0e33c820b76423963700916cee31cee9b5782562e3ddded4d6739d306e9bc1
large,output/notebook3_gnn_encoder/node_classification/ppi_yeast/k10/centrality/graphsage_edge_s44.emb,4461566,8d6b654a9551bd65f79c32948c536def3f97cac11971168d9186f8ef9f23804f
large,output/notebook3_gnn_encoder/node_classification/ppi_yeast/k10/degree/graphsage_edge_s42.emb,4460057,01ae565ac08203599c1e552f4decd6d6109df6232b61d338ef6ea9f0a7af1aab
large,output/notebook3_gnn_encoder/node_classification/ppi_yeast/k10/degree/graphsage_edge_s43.emb,4461641,d73fd3df64193f0f89dce28184691fab48c9bc47e7b8db317bdca22c33a6c9a1
large,output/notebook3_gnn_encoder/node_classification/ppi_yeast/k10/degree/graphsage_edge_s44.emb,4463505,c06a35148a7819b37d2de8d6aba70b482d3ac8a827b53be6d70a7b603041aef0
large,output/notebook3_gnn_encoder/node_classification/ppi_yeast/k10/hybrid/graphsage_edge_s42.emb,4462104,7c6dca368eb674f339de85006828719f9cf16d67cc84b1e8861aaff7917dfdb2
large,output/notebook3_gnn_encoder/node_classification/ppi_yeast/k10/hybrid/graphsage_edge_s43.emb,4464885,f9942837ef6faf4d26c1942895a55a104d678d9d80f5b2bce2f01e93647e7acc
large,output/notebook3_gnn_encoder/node_classification/ppi_yeast/k10/hybrid/graphsage_edge_s44.emb,4456555,91cbfaa8df76cfee4714a53f0d4b208be6e36b3a1c7d4b59ee60a29e71e0c6a1
large,output/notebook3_gnn_encoder/node_classification/ppi_yeast/k10/hybrid_centrality/graphsage_edge_s42.emb,4463748,88669f1a0d6febef36a544c0f5e712648612f3f124da6b439e2830dba3331a1d
large,output/notebook3_gnn_encoder/node_classification/ppi_yeast/k10/hybrid_centrality/graphsage_edge_s43.emb,4464492,978d6fd3de1bb933df0772f0d2f789f9cfd019f723a25f2070bead4afd671d6a
large,output/notebook3_gnn_encoder/node_classification/ppi_yeast/k10/hybrid_centrality/graphsage_edge_s44.emb,4451785,7be2a6e5691ba7252f5190677ba8a847d0467b8ba0fbe371ae2ba06e36a576f9
large,output/notebook3_gnn_encoder/node_classification/ppi_yeast/k10/hybrid_degree/graphsage_edge_s42.emb,4461445,d7fdb5435ac5d57e602cab617006cd73e67bfd31b42f1bf1aa8a50e62b85136a
large,output/notebook3_gnn_encoder/node_classification/ppi_yeast/k10/hybrid_degree/graphsage_edge_s43.emb,4462012,1e13f468556abad3348c7410f06aab68d4330115a8543034e5148d0787115ffd
large,output/notebook3_gnn_encoder/node_classification/ppi_yeast/k10/hybrid_degree/graphsage_edge_s44.emb,4455981,d5575e0ea6f2ef2eb15f904edee57c867f3e0dbc3f77aeb09a7c61e16d303d6e
large,output/notebook3_gnn_encoder/node_classification/ppi_yeast/k10/original/graphsage_edge_s42.emb,4468884,479c4f7283948a286b6b2c76af2eacab690b69bf13066df66745cdc4f5fbc458
large,output/notebook3_gnn_encoder/node_classification/ppi_yeast/k10/original/graphsage_edge_s43.emb,4476986,15933710e29129f668294f623ac08d23a49b5127ef865d13adcf50d761c2756e
large,output/notebook3_gnn_encoder/node_classification/ppi_yeast/k10/original/graphsage_edge_s44.emb,4458664,3ad727227f7fc3b059af0d90466a6229c77122147a18edc2de028637c15e7458
large,output/notebook3_gnn_encoder/node_classification/ppi_yeast/k10/psi/graphsage_edge_s42.emb,4456980,a23aad76cb2c1c94f224e62afb388b8dd5f87a4b6cae4cfd5e1dd9fd6770ed24
large,output/notebook3_gnn_encoder/node_classification/ppi_yeast/k10/psi/graphsage_edge_s43.emb,4463912,c0a508c0617b9ba75d0ca78404943e58ce6b3f3b8058df60a8efcdc1c8e2dfc1
large,output/notebook3_gnn_encoder/node_classification/ppi_yeast/k10/psi/graphsage_edge_s44.emb,4461619,d203dfb130dafaa5220cc84e799c37da790e41524d301a259bc548205b353204
large,output/notebook3_gnn_encoder/node_classification/proteins/k10/centrality/graphsage_edge_s42.emb,26682164,1465e02c3d6e60bff81ddd8301ba63233d39cefd3cb65339d9f6e847483a5243
large,output/notebook3_gnn_encoder/node_classification/proteins/k10/centrality/graphsage_edge_s43.emb,26674737,0cb466670281933a83b73ef9d6286e564f74aa7fc8f1265006521a7eda3037f2
large,output/notebook3_gnn_encoder/node_classification/proteins/k10/centrality/graphsage_edge_s44.emb,26654517,c2da24f08b4b83b0325b15359f9ee63c836d94767a76f42debe9813b38df3c87
large,output/notebook3_gnn_encoder/node_classification/proteins/k10/degree/graphsage_edge_s42.emb,26686933,25de1f9e881b4e67d03aac7552421799b63899a24d9db1759eeee40572292f00
large,output/notebook3_gnn_encoder/node_classification/proteins/k10/degree/graphsage_edge_s43.emb,26673708,1232a2c0f666852cdf8253549a8b2f84bf662ec32133a24c02a12af0cd3fd5ef
large,output/notebook3_gnn_encoder/node_classification/proteins/k10/degree/graphsage_edge_s44.emb,26699658,4fb9bbb49cbe22d8734dfd354cacd1cddbd8df7d4177ad0da51d0dc2e5c132cf
large,output/notebook3_gnn_encoder/node_classification/proteins/k10/hybrid/graphsage_edge_s42.emb,26669140,a1f6d16c88e9cd7217e16299e0aef245980b0cb215b2704b460b3a5126a5e0ea
large,output/notebook3_gnn_encoder/node_classification/proteins/k10/hybrid/graphsage_edge_s43.emb,26679772,c9281c6815190a516ab37d257642e4999a421eaaa782860843eaae12f63d9638
large,output/notebook3_gnn_encoder/node_classification/proteins/k10/hybrid/graphsage_edge_s44.emb,26709197,5171df188220ff51111ee404db00b37f1d7153a32051bc491a3b268ff23a008c
large,output/notebook3_gnn_encoder/node_classification/proteins/k10/original/graphsage_edge_s42.emb,26665528,2cd77c6dd353daf674e62ab70a3b636737bf2903f59db5db356122d4b2d26199
large,output/notebook3_gnn_encoder/node_classification/proteins/k10/original/graphsage_edge_s43.emb,26670938,5dcd9199dec4fdaf0688c1b21d04fb3b991b303978bdb9fbb7854531773c9008
large,output/notebook3_gnn_encoder/node_classification/proteins/k10/original/graphsage_edge_s44.emb,26706120,7798f803c0e8a9fee1b29634f551aa81e4f19e76c811e724c3e1aef4a4967764
large,output/notebook3_gnn_encoder/node_classification/proteins/k10/psi/features_only_s42.emb,1901543,00820e2b1bab9358e1b9379e49ad5d5c190c24496df15e89afe77c688d1bc169
large,output/notebook3_gnn_encoder/node_classification/proteins/k10/psi/features_only_s43.emb,1901543,953a7afcc701ea6c8340a2e3ef5972bd3207035ae4c501c8e9721ff51ac3e6ac
large,output/notebook3_gnn_encoder/node_classification/proteins/k10/psi/features_only_s44.emb,1901545,a7595c8a0f8ce871e923968b0b23f05274ee564f5fa45d903c15c83ddd8354cb
large,output/notebook3_gnn_encoder/node_classification/proteins/k10/psi/graphsage_edge_feat_centrality_s42.emb,26713729,31350f9326103a353e43bfcf4336a2f7d8f3f3976969e3102651a7ab5463451b
large,output/notebook3_gnn_encoder/node_classification/proteins/k10/psi/graphsage_edge_feat_centrality_s43.emb,26650312,4f055b17abc1c5ee5fada0d87a3ce0b68dab0cd785365effb321723a4e7766be
large,output/notebook3_gnn_encoder/node_classification/proteins/k10/psi/graphsage_edge_feat_centrality_s44.emb,26683497,9aa24936e38971836a05db49f3a42cd623d8a26b55da11c0e24085d8e8959dca
large,output/notebook3_gnn_encoder/node_classification/proteins/k10/psi/graphsage_edge_feat_clustering_s42.emb,26671743,ca70b1ea049689c95eadb1672cd6f29e3be2792fdf0dcde5e396af59f1983c77
large,output/notebook3_gnn_encoder/node_classification/proteins/k10/psi/graphsage_edge_feat_clustering_s43.emb,26697055,ffcb14d538775c23bfbc949dcaccfca73d5cc9f9509dcf543aaf51fa95f17800
large,output/notebook3_gnn_encoder/node_classification/proteins/k10/psi/graphsage_edge_feat_clustering_s44.emb,26693082,04a3e4162c9d5afa73fa4ed456068923ed02ad9ac93ae594ac03dd1f782bb808
large,output/notebook3_gnn_encoder/node_classification/proteins/k10/psi/graphsage_edge_feat_const_s42.emb,26503163,579db1b169e86ad07198b53130e24aad03827ada4612b90128d1f6900ebffa75
large,output/notebook3_gnn_encoder/node_classification/proteins/k10/psi/graphsage_edge_feat_const_s43.emb,26503163,c8da3183ab12b259c5061430735ca40d8622a3850ac226b200c27076f273e65c
large,output/notebook3_gnn_encoder/node_classification/proteins/k10/psi/graphsage_edge_feat_const_s44.emb,26894357,7e3c69a820da9fa55ac076159dcc041a3b510a37205fc1a5682d0b7bc521b7ba
large,output/notebook3_gnn_encoder/node_classification/proteins/k10/psi/graphsage_edge_feat_deg_cent_s42.emb,26652665,7a927a9063ebc602e6681375682c9f23a208761301bab78afc9686988dc291cd
large,output/notebook3_gnn_encoder/node_classification/proteins/k10/psi/graphsage_edge_feat_deg_cent_s43.emb,26717929,8bc9159b2970cb9163cf566fd89b140a0fe162d886337a2d04b28d804c0f4380
large,output/notebook3_gnn_encoder/node_classification/proteins/k10/psi/graphsage_edge_feat_deg_cent_s44.emb,26716111,c660bf0df313dd530fe411a2449ad88e2ddb32e92391aaa8cadaa748c1173412
large,output/notebook3_gnn_encoder/node_classification/proteins/k10/psi/graphsage_edge_feat_degree_s42.emb,26701367,140249d3a58a509d322d6b81391fbc38e445ec9ee73731e8a40a7be407f6c54c
large,output/notebook3_gnn_encoder/node_classification/proteins/k10/psi/graphsage_edge_feat_degree_s43.emb,26654019,02582748ffe144c026112016b6e5329673baabaa3cd5a9c10217c42b418f7024
large,output/notebook3_gnn_encoder/node_classification/proteins/k10/psi/graphsage_edge_feat_degree_s44.emb,26755880,4a8c56fbed8556b30c1ad4a5b17cdda7b43859ba13236f84a59251f505594b80
large,output/notebook3_gnn_encoder/node_classification/proteins/k10/psi/graphsage_edge_feat_psi_s42.emb,26743399,5b2c1f826e470e89f41cd4f15b218e951ad263de41aa2ad0144b4f33831c022b
large,output/notebook3_gnn_encoder/node_classification/proteins/k10/psi/graphsage_edge_feat_psi_s43.emb,26560755,a88e454babf8fc68903ac312d60bc8c786312b5a21e15b685dc11c0911cfc0c3
large,output/notebook3_gnn_encoder/node_classification/proteins/k10/psi/graphsage_edge_feat_psi_s44.emb,26671071,edaeebd3fa0656508a039ebb78bb3cd73b82ce915880a5f98fd169aeb6c47b96
large,output/notebook3_gnn_encoder/node_classification/proteins/k10/psi/graphsage_edge_feat_random_s42.emb,26669907,511f2923489a907d9097a49602c7aa56d5e447d2a487aad90a5b8ee800766749
large,output/notebook3_gnn_encoder/node_classification/proteins/k10/psi/graphsage_edge_feat_random_s43.emb,26662352,c7430c675814bc31cfb5214be982a14cf357f8549964a59793d64e6821868e7f
large,output/notebook3_gnn_encoder/node_classification/proteins/k10/psi/graphsage_edge_feat_random_s44.emb,26676442,b753b810edb8821e8a1c6af0272130dcfa967d45c138c59c72ad14ce325ad9bc
large,output/notebook3_gnn_encoder/node_classification/proteins/k10/psi/graphsage_edge_s42.emb,26706601,91a7ab1d1315d5c3b0c1cd77b78cb5e7862c6cc1bc138692ba0e3d076991d6a1
large,output/notebook3_gnn_encoder/node_classification/proteins/k10/psi/graphsage_edge_s43.emb,26684538,2cce181981ddf678cd4075298eb227dc812569b9f7a440cf631857691b35571a
large,output/notebook3_gnn_encoder/node_classification/proteins/k10/psi/graphsage_edge_s44.emb,26717376,dcddc27399be6a9717bcda81abdd1decaafeb3f4bb258411bbadf9b304651927
large,output/notebook3_gnn_encoder/node_classification/pubmed/k10/centrality/graphsage_edge_s42.emb,12114150,f71984ee2ff111f6ef7b0b646e91f9eed92ddd46edb2e412bbe129f860978905
large,output/notebook3_gnn_encoder/node_classification/pubmed/k10/centrality/graphsage_edge_s43.emb,12081240,ca8606ae1ee133e954d4ffdf3bc195c83f119143d14a3a50b73511f3ebafc53d
large,output/notebook3_gnn_encoder/node_classification/pubmed/k10/centrality/graphsage_edge_s44.emb,12068755,8ad78c9f6d03d927c23a20bedf52c7d0c56552b21a84461cb09f7ab491370285
large,output/notebook3_gnn_encoder/node_classification/pubmed/k10/degree/graphsage_edge_s42.emb,12112054,861480a46fce99a20478832554e5f8cc8d20a8d1401f0f27044997046cbe13a6
large,output/notebook3_gnn_encoder/node_classification/pubmed/k10/degree/graphsage_edge_s43.emb,12130602,1913a08a8666348d04513892ea63df66a20b8230c5855ee7f1345643a7e2ab8a
large,output/notebook3_gnn_encoder/node_classification/pubmed/k10/degree/graphsage_edge_s44.emb,12100225,7924c5ba651a3be59bbc86e3eb7a0ac7c05049e85d7d88aaf62731e394a090d0
large,output/notebook3_gnn_encoder/node_classification/pubmed/k10/hybrid/graphsage_edge_s42.emb,12090854,094f77bc0b8c2d035009cc08b0ee4953be503f3f06c652237c8da44191b439fc
large,output/notebook3_gnn_encoder/node_classification/pubmed/k10/hybrid/graphsage_edge_s43.emb,12113518,01afb86ab0ac8a99380b752fdc3960a9d8772633ca79c19a18e53d6ab725188b
large,output/notebook3_gnn_encoder/node_classification/pubmed/k10/hybrid/graphsage_edge_s44.emb,12085877,0a66545f1c1ecff6ba1cd67e8f19a8498255c333a0291135b2d7ef3995d6d0e3
large,output/notebook3_gnn_encoder/node_classification/pubmed/k10/hybrid_centrality/graphsage_edge_s42.emb,12102628,0ff2383225ae6a8188564d04943e002564074fe0aaa881a8f2dc3f5cad8047c7
large,output/notebook3_gnn_encoder/node_classification/pubmed/k10/hybrid_centrality/graphsage_edge_s43.emb,12118913,0cc9fe2452a19d544355ad5863a05c66eb2b9d6d78f54317d5c39773176dce75
large,output/notebook3_gnn_encoder/node_classification/pubmed/k10/hybrid_centrality/graphsage_edge_s44.emb,12108292,bf5dcd796683a13fec55465d09bba65ca89ccaa974f4e493678f8281a378c5e1
large,output/notebook3_gnn_encoder/node_classification/pubmed/k10/hybrid_degree/graphsage_edge_s42.emb,12108367,6a4452e3d3922eae7899169cec9441f82d8b15fa7845876485b34c81282df4d8
large,output/notebook3_gnn_encoder/node_classification/pubmed/k10/hybrid_degree/graphsage_edge_s43.emb,12111360,54545ace8ad827441ee21700cd1ac617b44368a302c3a850db88eaad551aa8a6
large,output/notebook3_gnn_encoder/node_classification/pubmed/k10/hybrid_degree/graphsage_edge_s44.emb,12117833,cf4cef8a1703836b795b42a92bc4e09f23ca51deb4d1aaae5705644ad0557e54
large,output/notebook3_gnn_encoder/node_classification/pubmed/k10/original/graphsage_edge_s42.emb,12111868,17dec1bf459129c518635ac22778c29031ab7ec0313cd15900cfb5e0959eb22a
large,output/notebook3_gnn_encoder/node_classification/pubmed/k10/original/graphsage_edge_s43.emb,12095103,54acf4b477794c6a03a0cb5aa4899f54ca554cd18bb97abf967926748249d2cb
large,output/notebook3_gnn_encoder/node_classification/pubmed/k10/original/graphsage_edge_s44.emb,12137001,b5450b9cb3fabc2623dd4d22190a3b339a3ff7efed75209e07fd1081308dc2c9
large,output/notebook3_gnn_encoder/node_classification/pubmed/k10/psi/graphsage_edge_s42.emb,12084035,8af18c9f5870e0f433b9ee32112d61b3c43fb3417968308eee109867b748c96c
large,output/notebook3_gnn_encoder/node_classification/pubmed/k10/psi/graphsage_edge_s43.emb,12102163,bd9bbc2d6ee4b75620ee3eeecadbf39bdfd476e16ad9ad4136ee5514d974f127
large,output/notebook3_gnn_encoder/node_classification/pubmed/k10/psi/graphsage_edge_s44.emb,12065279,5e9516c568ac274c21d17c25464af3db5e779de033ebf066b92e379adcb49aa4
large,output/notebook3_gnn_encoder/node_classification/questions/k10/centrality/graphsage_edge_s42.emb,30045706,3888b3f43318af05653bfde73cec3014fdc1ddf43a94bcb598252fc93b000b56
large,output/notebook3_gnn_encoder/node_classification/questions/k10/centrality/graphsage_edge_s43.emb,30088932,d20b422881d529493243226d8eb5219f5f41b09a36e2af504d00ad4a2e3ade68
large,output/notebook3_gnn_encoder/node_classification/questions/k10/centrality/graphsage_edge_s44.emb,30047311,8d82bfa0719f736234a5275c5b070d1b883e7d2d1d8ded1ca5f71d4983c8b9c5
large,output/notebook3_gnn_encoder/node_classification/questions/k10/degree/graphsage_edge_s42.emb,29969461,1fea09c368a1406b5bf9272e8594dda45c0767767a73297d308b38d9f08f1460
large,output/notebook3_gnn_encoder/node_classification/questions/k10/degree/graphsage_edge_s43.emb,30126164,27d0d99f3bf0d609d0b19df4dd7e0cfafc006fd9b7b47761579127ff85eb628d
large,output/notebook3_gnn_encoder/node_classification/questions/k10/degree/graphsage_edge_s44.emb,30017928,2cdefb7a589a63c974b758b0dca2237e66c99974e1de79e590cbcc03b0e3aed7
large,output/notebook3_gnn_encoder/node_classification/questions/k10/hybrid/graphsage_edge_s42.emb,30213250,a7d9477fb9b70652fd1419d118bbd8caf8207e8d3bddbb26f4d20f01e1bda53f
large,output/notebook3_gnn_encoder/node_classification/questions/k10/hybrid/graphsage_edge_s43.emb,30154199,f1c9bd7ec96117918c8be954d36e9de74c4f733d81d024bc05f52e0835100d83
large,output/notebook3_gnn_encoder/node_classification/questions/k10/hybrid/graphsage_edge_s44.emb,30175702,2c3cbb2ea209f0fbca2bfc92980422e65d4f8539083934c21c0e51f328abd7e4
large,output/notebook3_gnn_encoder/node_classification/questions/k10/hybrid_centrality/graphsage_edge_s42.emb,30210419,16cf5e3b67061c304ac9d2b4bf079316fd16da5f5078b6c724fd97ceec0b0061
large,output/notebook3_gnn_encoder/node_classification/questions/k10/hybrid_centrality/graphsage_edge_s43.emb,30152518,64eb0e272faea2127b82def1e146a16aa0b90b9e26afc63bb2bd07beee8a04c7
large,output/notebook3_gnn_encoder/node_classification/questions/k10/hybrid_centrality/graphsage_edge_s44.emb,30156268,bb26c08da550b27cf9107b57f2dd48c72407fbed0ddf2b236e0f9f010bf4a869
large,output/notebook3_gnn_encoder/node_classification/questions/k10/hybrid_degree/graphsage_edge_s42.emb,30209856,7a8240199cd0a1737483070575f348cf38019d684b64abffbe548b3115e2288a
large,output/notebook3_gnn_encoder/node_classification/questions/k10/hybrid_degree/graphsage_edge_s43.emb,30131703,7e6eb08133fe6978a431233c53def1e9bdc2cec4659ce5c8733bdb4b4d829deb
large,output/notebook3_gnn_encoder/node_classification/questions/k10/hybrid_degree/graphsage_edge_s44.emb,30123506,3fe887932a35641511fe7c80ec00e659dc0f2e8a99ec934a208d770b81bf5957
large,output/notebook3_gnn_encoder/node_classification/questions/k10/original/graphsage_edge_s42.emb,30109582,04594e4ce235fda1c683fb19798451cfe703c0db9cc51e0864ac2038a2797a2e
large,output/notebook3_gnn_encoder/node_classification/questions/k10/original/graphsage_edge_s43.emb,30050874,09a9ad10c21b982281df66de3273b9435c31c139258d8429418dc455fb4ae54f
large,output/notebook3_gnn_encoder/node_classification/questions/k10/original/graphsage_edge_s44.emb,30075731,ba082bd2bf2eea0d4c1beea143b3865d36abde8b00c63232573485b9ff1711c5
large,output/notebook3_gnn_encoder/node_classification/questions/k10/psi/graphsage_edge_feat_centrality_s42.emb,30129929,26e1173cedd489f246e2fbf7cdd89ead26043e4984c62e12c103ebb0b2fac64f
large,output/notebook3_gnn_encoder/node_classification/questions/k10/psi/graphsage_edge_feat_centrality_s43.emb,29865293,60c6aed2a949238dd5daf45e856b934acebd5de2a5114f754d6a08945d83c16c
large,output/notebook3_gnn_encoder/node_classification/questions/k10/psi/graphsage_edge_feat_centrality_s44.emb,30047642,8758c1d2baf9d33c4774ba1244cabfff60672855269fbfbcbe10c0e555c742c1
large,output/notebook3_gnn_encoder/node_classification/questions/k10/psi/graphsage_edge_feat_clustering_s42.emb,30126674,191d1e51678ebfd37aec79e9fbf2cf75f02a7f4cb336fc5f2eb70e71f887ac3f
large,output/notebook3_gnn_encoder/node_classification/questions/k10/psi/graphsage_edge_feat_clustering_s43.emb,30082529,12e3faf719e32ccbd6d77aa31013453d6cd1006de601f77d0b0e6e3a5608515b
large,output/notebook3_gnn_encoder/node_classification/questions/k10/psi/graphsage_edge_feat_clustering_s44.emb,30006571,22fe3893646c477102aad9a9a75b8980c45759ddc9350f70b0183fc7322466f7
large,output/notebook3_gnn_encoder/node_classification/questions/k10/psi/graphsage_edge_feat_const_s42.emb,29830709,b64b09b74888fe285c92b38430ddadacc329c3a970859e153e6c840b1b0f698d
large,output/notebook3_gnn_encoder/node_classification/questions/k10/psi/graphsage_edge_feat_const_s43.emb,29830709,06cb17d8c6d0079c2090c05ab943ada882f2ff00d7146399f3ee69db25eada1c
large,output/notebook3_gnn_encoder/node_classification/questions/k10/psi/graphsage_edge_feat_const_s44.emb,30270998,76245f87d3422b03fffc56d31350612a5f90a3b79d98a14d3c3bea87be5c40ce
large,output/notebook3_gnn_encoder/node_classification/questions/k10/psi/graphsage_edge_feat_deg_cent_s42.emb,29977970,21a8992e7a2c8ece22239adaf5fd6cbea0baf160f5338d3a75bf9dc0868e9726
large,output/notebook3_gnn_encoder/node_classification/questions/k10/psi/graphsage_edge_feat_deg_cent_s43.emb,30273622,affe538eb7173642456a70b315884afd10ba8b65daaf324264f49bf444a4b79e
large,output/notebook3_gnn_encoder/node_classification/questions/k10/psi/graphsage_edge_feat_deg_cent_s44.emb,29826033,a683e949389edff5ca30b67498e63b898bbeaae4a94eca76a36781c603a9bcdd
large,output/notebook3_gnn_encoder/node_classification/questions/k10/psi/graphsage_edge_feat_degree_s42.emb,30160971,97167ad6f48686abe185d31e0a98fb6103fa7e9285085d0401c8c59b03e3af06
large,output/notebook3_gnn_encoder/node_classification/questions/k10/psi/graphsage_edge_feat_degree_s43.emb,29932209,05cf12a2a2e83fb7cffc76e3d5bf018db6721b5ab737232c82922938932daccc
large,output/notebook3_gnn_encoder/node_classification/questions/k10/psi/graphsage_edge_feat_degree_s44.emb,30221324,501c1f106d8730337bc4e72b8710e26430344082fbda3e9dbad167483e1a3231
large,output/notebook3_gnn_encoder/node_classification/questions/k10/psi/graphsage_edge_feat_psi_s42.emb,29988462,90615994cc6a3592ab4253bf896bad961dd418cc91084bcb1e9a6ea67a523e04
large,output/notebook3_gnn_encoder/node_classification/questions/k10/psi/graphsage_edge_feat_psi_s43.emb,29946110,cc5acf7875be3c49b4b5833c1cc69dabcfcea2fa7a24c9e44f1d4b1ffd103b67
large,output/notebook3_gnn_encoder/node_classification/questions/k10/psi/graphsage_edge_feat_psi_s44.emb,30227513,d25739d3e1f5add902a4cbb0d2f0ab22ac89df0bfb834591936557ddee404c52
large,output/notebook3_gnn_encoder/node_classification/questions/k10/psi/graphsage_edge_feat_random_s42.emb,30019649,db40af73f0a29d11ed579d1a9dcb403811022c42eddd2efad85f6019cddd98fe
large,output/notebook3_gnn_encoder/node_classification/questions/k10/psi/graphsage_edge_feat_random_s43.emb,30004424,998925161c872e8790a6f3d8735f9eea5dc8c2629f0cb3ee5b222d69c32e5069
large,output/notebook3_gnn_encoder/node_classification/questions/k10/psi/graphsage_edge_feat_random_s44.emb,30027506,c340075d9d13edb651161f824ef3245cb6f215a244bd191a8b4cf7688ec83c1a
large,output/notebook3_gnn_encoder/node_classification/questions/k10/psi/graphsage_edge_s42.emb,29999525,d8425f2cea7db4066c4724ab81625bfb47f3e43146800c82fdf12306b3a32294
large,output/notebook3_gnn_encoder/node_classification/questions/k10/psi/graphsage_edge_s43.emb,30221384,18e2201a630ca2e89131954474eeadb12f5ca9bf292865e6efad294c2b4235a3
large,output/notebook3_gnn_encoder/node_classification/questions/k10/psi/graphsage_edge_s44.emb,29980582,d3604ac610ad13dc48ddba4876d64767e5a066abd95b2907c64cc852efa3a483
large,output/notebook3_gnn_encoder/node_classification/roman_empire/k10/centrality/graphsage_edge_s42.emb,13884702,b4080510ae0e291c573979aa43386cee4f0d40d746bf708bf75f727d8b2d1861
large,output/notebook3_gnn_encoder/node_classification/roman_empire/k10/centrality/graphsage_edge_s43.emb,13906176,b6e25c798a7f5cb3882e6bdb0232dd1a0a84c69c099387265f9681760dbe1781
large,output/notebook3_gnn_encoder/node_classification/roman_empire/k10/centrality/graphsage_edge_s44.emb,13898300,f9a7cbd764d5b9f0344089db8383fed36d22000e0b8a8da90f57f20e3e94f521
large,output/notebook3_gnn_encoder/node_classification/roman_empire/k10/degree/graphsage_edge_s42.emb,13915505,3bc064827464b583b15770f73023250f8fe8be695449dc9230eaf5ccbc62a1b6
large,output/notebook3_gnn_encoder/node_classification/roman_empire/k10/degree/graphsage_edge_s43.emb,13919720,2940b25472e1ebc3232a92cc9f8faa926d63f5648dbbd565c3b6b74ac5bc4762
large,output/notebook3_gnn_encoder/node_classification/roman_empire/k10/degree/graphsage_edge_s44.emb,13902089,5cfe96548e55b7631a366b1d430e0d79f3f264df28dc06c54beae9d296e39aa6
large,output/notebook3_gnn_encoder/node_classification/roman_empire/k10/hybrid/graphsage_edge_s42.emb,13921228,beebf087bcc28f4669703d99f9fb168a72915799e58ecd9cfb755c88350ffa0c
large,output/notebook3_gnn_encoder/node_classification/roman_empire/k10/hybrid/graphsage_edge_s43.emb,13896227,11f9bdd4a529d52d8d21039666cfbd50fbba7a1e6495b8f197c347767a1ae0a1
large,output/notebook3_gnn_encoder/node_classification/roman_empire/k10/hybrid/graphsage_edge_s44.emb,13906521,f949945623db3d946bcba937e1ccf15085555b84cabb0f7b9ca6c0dced84e31b
large,output/notebook3_gnn_encoder/node_classification/roman_empire/k10/hybrid_centrality/graphsage_edge_s42.emb,13889999,039a6a57d95ed847f3c10b3b0822008224071a919854322327734f935ea4a7d4
large,output/notebook3_gnn_encoder/node_classification/roman_empire/k10/hybrid_centrality/graphsage_edge_s43.emb,13914210,a0f1cf81ad4d8a21acbafac324927ddb78ea556737f09981a21d3107b7889891
large,output/notebook3_gnn_encoder/node_classification/roman_empire/k10/hybrid_centrality/graphsage_edge_s44.emb,13895078,7b76e66a5d381dbdcac3856cdf61e07a89eea8f864ccc26ef3c244d8f6ed4b06
large,output/notebook3_gnn_encoder/node_classification/roman_empire/k10/hybrid_degree/graphsage_edge_s42.emb,13892254,2df7fde0c75bf69a672310c96da7e89f950d00203a8837154223539c55ee9c06
large,output/notebook3_gnn_encoder/node_classification/roman_empire/k10/hybrid_degree/graphsage_edge_s43.emb,13918797,4b490706cca91d80730c92e47a225ec09c1e89195f0fc8e0ec2646a2e00a75ce
large,output/notebook3_gnn_encoder/node_classification/roman_empire/k10/hybrid_degree/graphsage_edge_s44.emb,13913571,d60625cd22b08f0dd9d164ad9894aa3c744fb53b60e3c4a7ff11e3dce671241a
large,output/notebook3_gnn_encoder/node_classification/roman_empire/k10/original/graphsage_edge_s42.emb,13894979,f17c7394240c794a1cfc0e05c8ec8636e51a4c816a87c5670a50a476361d8636
large,output/notebook3_gnn_encoder/node_classification/roman_empire/k10/original/graphsage_edge_s43.emb,13898725,05c40d4437eeeef970a12f99bdaf7e9ba9fe12df167aeeaa4943f808c6e199b4
large,output/notebook3_gnn_encoder/node_classification/roman_empire/k10/original/graphsage_edge_s44.emb,13904362,44f5834f21bcefd2d9638ae838ed4c6551e0ea94730f161166cbbd0bbf2b3416
large,output/notebook3_gnn_encoder/node_classification/roman_empire/k10/psi/graphsage_edge_feat_centrality_s42.emb,13947605,cba52a3297ad639ec9330b9a6207e4e5094ef539413fc073d1faa040a3be86aa
large,output/notebook3_gnn_encoder/node_classification/roman_empire/k10/psi/graphsage_edge_feat_centrality_s43.emb,13860605,935b67d6713702f88d882ea4f5cf9e40a4b2f236cf518e1da0ca7240cf6710d3
large,output/notebook3_gnn_encoder/node_classification/roman_empire/k10/psi/graphsage_edge_feat_centrality_s44.emb,14053165,fca1dc6125102ac0c20e827835486d0e295ee32c896b1db440c18ebb4a6c5475
large,output/notebook3_gnn_encoder/node_classification/roman_empire/k10/psi/graphsage_edge_feat_clustering_s42.emb,13902636,048a416012fa135a52c6ef088878f44624a21ad89320ca0e2ccddcfb0b5c7090
large,output/notebook3_gnn_encoder/node_classification/roman_empire/k10/psi/graphsage_edge_feat_clustering_s43.emb,13880159,e76275c40f6e51e9cb6c26011ef4a79b9360243364edd12c1d7d28b9c18bcef5
large,output/notebook3_gnn_encoder/node_classification/roman_empire/k10/psi/graphsage_edge_feat_clustering_s44.emb,13908396,6a06e572454c0098e90f0b38b3086b8771076cc3bcbcc817af2af699b70ee9f4
large,output/notebook3_gnn_encoder/node_classification/roman_empire/k10/psi/graphsage_edge_feat_const_s42.emb,13812719,4d1a5919b642a399b82797ed8f34a9cadc7389e22f46c5295743e632fda62532
large,output/notebook3_gnn_encoder/node_classification/roman_empire/k10/psi/graphsage_edge_feat_const_s43.emb,13812719,b783ff169c2f13a955fd20e5df93f256efcdb29be4ae22c856f771ab995786a4
large,output/notebook3_gnn_encoder/node_classification/roman_empire/k10/psi/graphsage_edge_feat_const_s44.emb,14016677,298e2bdbd1949b69daf679ac49041d1ba859dd086878723b9efa52602b1ef19b
large,output/notebook3_gnn_encoder/node_classification/roman_empire/k10/psi/graphsage_edge_feat_deg_cent_s42.emb,13892781,d407598bd73e22ae66c91edf49017881a9f85ebfd0a5d9b227e7471016c3ea0b
large,output/notebook3_gnn_encoder/node_classification/roman_empire/k10/psi/graphsage_edge_feat_deg_cent_s43.emb,13906297,e661c11e7a6ebd811d1a6e4917cc79fdaa6e4731d5c799c8cc4b9320567b833f
large,output/notebook3_gnn_encoder/node_classification/roman_empire/k10/psi/graphsage_edge_feat_deg_cent_s44.emb,13834717,563bf6f41aa24593eb72779c217abf8461899834b402eecf2bb47d5899bf4fa2
large,output/notebook3_gnn_encoder/node_classification/roman_empire/k10/psi/graphsage_edge_feat_degree_s42.emb,13920911,cb50acc48c0b6a0d84f05ae75cf63d7de1a16133dab0948151b857449c340ec1
large,output/notebook3_gnn_encoder/node_classification/roman_empire/k10/psi/graphsage_edge_feat_degree_s43.emb,13886428,83ad597b02249f4a2d782f07b29770c3cfbd0e49c22be5504a789854838ada8e
large,output/notebook3_gnn_encoder/node_classification/roman_empire/k10/psi/graphsage_edge_feat_degree_s44.emb,13932176,6665e4a3068744ca1fe48df5a5eebf25fcc0eb9514347ad28b1c7625c6ee4d4a
large,output/notebook3_gnn_encoder/node_classification/roman_empire/k10/psi/graphsage_edge_feat_psi_s42.emb,13963759,5d2cad536863de14388e10f024add3a5ffd1d4402a394f712eb276ed4e20e499
large,output/notebook3_gnn_encoder/node_classification/roman_empire/k10/psi/graphsage_edge_feat_psi_s43.emb,13863081,b9acce11187f392a005959d053ffad1d829a9be5bfa4ebac0e3b2ed66be410f3
large,output/notebook3_gnn_encoder/node_classification/roman_empire/k10/psi/graphsage_edge_feat_psi_s44.emb,13897334,40afa28ce558021312adf4db6538a91b0fe0124b90e0ba00401b28bb4ed16be1
large,output/notebook3_gnn_encoder/node_classification/roman_empire/k10/psi/graphsage_edge_feat_random_s42.emb,13898669,8437fad402b9934f15c8b78b40af973bad2b5e6fdffb1fe0d08d53902adeef0f
large,output/notebook3_gnn_encoder/node_classification/roman_empire/k10/psi/graphsage_edge_feat_random_s43.emb,13896280,eb9ef72a57efa13457065e8197dd144e32dbe78053f78ab5b86b1e81b94375fd
large,output/notebook3_gnn_encoder/node_classification/roman_empire/k10/psi/graphsage_edge_feat_random_s44.emb,13904623,0a48e85c0761669e0e59bd5177830c70921041d6313f97b9cb52051db4c4c735
large,output/notebook3_gnn_encoder/node_classification/roman_empire/k10/psi/graphsage_edge_s42.emb,13918681,3fb6919eee4517b1f4af04af84ebc94c21469d6d9593e348317b3d0ef1bd2776
large,output/notebook3_gnn_encoder/node_classification/roman_empire/k10/psi/graphsage_edge_s43.emb,13897427,96ae2c0afea4d440c129f4413f8896c9e3a44c8e4fec4f92b6ab1ebf97dea3bf
large,output/notebook3_gnn_encoder/node_classification/roman_empire/k10/psi/graphsage_edge_s44.emb,13894500,023febbbe09482df531fcb95162bbcab3ae00bfa7e9e649de9e2ed4bf453e43a
large,output/notebook3_gnn_encoder/node_classification/spanish_highschool_6/k10/centrality/graphsage_edge_s42.emb,327093,1f5c6cc62ebc324ae6176eba0c3204a9bffbc014e6a2ba0dc965e85ad88c56f3
large,output/notebook3_gnn_encoder/node_classification/spanish_highschool_6/k10/centrality/graphsage_edge_s43.emb,326392,e1c821670c294406b455ebebe1931703fdf2c1c98ff0fbf47629df6dcf0238d9
large,output/notebook3_gnn_encoder/node_classification/spanish_highschool_6/k10/centrality/graphsage_edge_s44.emb,326492,b4261108313e8d1383c8dc2aac94782a82a9986624b8e17b7cfa8913154f92f7
large,output/notebook3_gnn_encoder/node_classification/spanish_highschool_6/k10/degree/graphsage_edge_s42.emb,326789,8c890d61618739863c66ea9300140449a7879e3f710c3e001180f23ff5b8c693
large,output/notebook3_gnn_encoder/node_classification/spanish_highschool_6/k10/degree/graphsage_edge_s43.emb,326754,56c6d6b072e7b3fea759ab7258a1edbdc9d9edfaca1e10d7aad12b3572ea6738
large,output/notebook3_gnn_encoder/node_classification/spanish_highschool_6/k10/degree/graphsage_edge_s44.emb,326974,4e9e23091a689114a9d7ef646af59963d88c8f427bcf103029077095e5fd4fd4
large,output/notebook3_gnn_encoder/node_classification/spanish_highschool_6/k10/hybrid/graphsage_edge_s42.emb,327754,6790d7154bc2ccb274406590353a1bd8bed7932f98000e0e610b10f0145f741e
large,output/notebook3_gnn_encoder/node_classification/spanish_highschool_6/k10/hybrid/graphsage_edge_s43.emb,326627,6eeaa73b5949cff39ac1dfb8170b11ac30d0dcb14fc0c2ccd427921d5359761b
large,output/notebook3_gnn_encoder/node_classification/spanish_highschool_6/k10/hybrid/graphsage_edge_s44.emb,326834,2da38e35eddacf778205a3855ed2bb609b476dff37cd6817f313d79183ebf60b
large,output/notebook3_gnn_encoder/node_classification/spanish_highschool_6/k10/hybrid_centrality/graphsage_edge_s42.emb,327734,f02f2700b5fd884dca2447b884cf378246c953294e67ff7e6348c15ece086453
large,output/notebook3_gnn_encoder/node_classification/spanish_highschool_6/k10/hybrid_centrality/graphsage_edge_s43.emb,327024,d87ad21f518621b23ad02e1c73f558b308ab489c4ea3795bafe63d8e76fd190a
large,output/notebook3_gnn_encoder/node_classification/spanish_highschool_6/k10/hybrid_centrality/graphsage_edge_s44.emb,326589,96e568cf15d14bb7b233a7dcda959d8dae897e88294e92bf1590f6c112d2c3b6
large,output/notebook3_gnn_encoder/node_classification/spanish_highschool_6/k10/hybrid_degree/graphsage_edge_s42.emb,327848,7038948176db187cc00e463a5f55b597f10f0a4b388e1acf1ec8131c3bbe219b
large,output/notebook3_gnn_encoder/node_classification/spanish_highschool_6/k10/hybrid_degree/graphsage_edge_s43.emb,327142,fa88d90f7be3049bb255a449ff8aa9b4ae3bb0fef8ce75fd9286a46c449f23ec
large,output/notebook3_gnn_encoder/node_classification/spanish_highschool_6/k10/hybrid_degree/graphsage_edge_s44.emb,327100,aa9e85b69ad54bcc035fd481561f279b9611fb4ce21cb23e9e5939c9b540eae6
large,output/notebook3_gnn_encoder/node_classification/spanish_highschool_6/k10/original/graphsage_edge_s42.emb,327695,e7faa781195ea2339ffb3e509b09d567cf3372b3b119ac0c52d5e2e2b94de71e
large,output/notebook3_gnn_encoder/node_classification/spanish_highschool_6/k10/original/graphsage_edge_s43.emb,327213,553dc5d4231795e7dfb898f78d317cb398ba461e8b4c0443ba6a6583988c56d9
large,output/notebook3_gnn_encoder/node_classification/spanish_highschool_6/k10/original/graphsage_edge_s44.emb,326305,6919dd76a56f37973566d4ad2c81f011236a3d149f6d652b3843cbc66a4680cc
large,output/notebook3_gnn_encoder/node_classification/spanish_highschool_6/k10/psi/graphsage_edge_s42.emb,326693,4797587552cd46cbd697473b120d48be4f4d83a60c0c5804a16568778249d8ad
large,output/notebook3_gnn_encoder/node_classification/spanish_highschool_6/k10/psi/graphsage_edge_s43.emb,326311,cb5cba7e34e51c4160cd25b5819cd0bd76ffb0158ac3937ad2170385f75a71ff
large,output/notebook3_gnn_encoder/node_classification/spanish_highschool_6/k10/psi/graphsage_edge_s44.emb,326655,68e69bea18da1a07a10faf12ba3922b7e1330e06b9978c2c54fe4928d36a04f8
large,output/notebook3_gnn_encoder/node_classification/squirrel_filtered/k10/centrality/graphsage_edge_s42.emb,1359705,4584d4d9f3478a7e2a330f2c66f36662d7bffbb8364c458a9df9edc5297eb5ea
large,output/notebook3_gnn_encoder/node_classification/squirrel_filtered/k10/centrality/graphsage_edge_s43.emb,1359382,9a8ad2e1d34ad71d4f23340a8c886537ec6b292f4dde08e2c7dbb07aff750c3c
large,output/notebook3_gnn_encoder/node_classification/squirrel_filtered/k10/centrality/graphsage_edge_s44.emb,1358410,a88655f115363c00dbd606ab9793db32fbc881774fae6a4bf64c07ba3328bfca
large,output/notebook3_gnn_encoder/node_classification/squirrel_filtered/k10/degree/graphsage_edge_s42.emb,1358267,c38970434e681426c1fa76155a87d38705c85fb009952078da27ce22752f7ac6
large,output/notebook3_gnn_encoder/node_classification/squirrel_filtered/k10/degree/graphsage_edge_s43.emb,1358683,6954808dd8d69a8842b7871f9b6b180af3cac47ebd94d89f4380ec941dc68034
large,output/notebook3_gnn_encoder/node_classification/squirrel_filtered/k10/degree/graphsage_edge_s44.emb,1360457,c04456f91f72dec09db137cf9adbb1f984cec39ab04ff8350e56932ece35f2ff
large,output/notebook3_gnn_encoder/node_classification/squirrel_filtered/k10/hybrid/graphsage_edge_s42.emb,1366034,fd5fd403c9abb5bfc79dd1f1539cad00bb74ac02c037138ef6b5fd733be36d91
large,output/notebook3_gnn_encoder/node_classification/squirrel_filtered/k10/hybrid/graphsage_edge_s43.emb,1357014,a3643db87b04b947fa88560c167226784ed9500622c8a6e8440470698b6941ae
large,output/notebook3_gnn_encoder/node_classification/squirrel_filtered/k10/hybrid/graphsage_edge_s44.emb,1367186,77c54ae446c16267bf1b9db6c8a5e7f52aeab71be9cb894e859e4c869331a2a9
large,output/notebook3_gnn_encoder/node_classification/squirrel_filtered/k10/hybrid_centrality/graphsage_edge_s42.emb,1365710,b963d9dcbf4d7a7c274ef67af3b4ecabb6e969b05af3a9641e0669e8d39025f3
large,output/notebook3_gnn_encoder/node_classification/squirrel_filtered/k10/hybrid_centrality/graphsage_edge_s43.emb,1356167,8b628bc1bd644153bf5388219b5725197f6d5a77b851f23070b768f0444e7af6
large,output/notebook3_gnn_encoder/node_classification/squirrel_filtered/k10/hybrid_centrality/graphsage_edge_s44.emb,1367392,b8fc39e25e5551b4df2857130d874f867b3ce99ca1e0755cf0fe6c27cf8f09a4
large,output/notebook3_gnn_encoder/node_classification/squirrel_filtered/k10/hybrid_degree/graphsage_edge_s42.emb,1365509,a7b3a38ad06d4d82285232ce12d517ea1531aa9d1971c6b0e847b272bcf2048b
large,output/notebook3_gnn_encoder/node_classification/squirrel_filtered/k10/hybrid_degree/graphsage_edge_s43.emb,1355659,354b224f3582900c1c7dcb28a2aba32d3f8606e1c21a4b614f6da6c44f1db4b3
large,output/notebook3_gnn_encoder/node_classification/squirrel_filtered/k10/hybrid_degree/graphsage_edge_s44.emb,1366732,062527407e7bd42aba7587180d02dbc8b52aa72af9ed1cf93376377c5d00dcea
large,output/notebook3_gnn_encoder/node_classification/squirrel_filtered/k10/original/graphsage_edge_s42.emb,1365893,b75fa28d8a316391d2ba400ff5e9d0e1e1fc95d5a9421934358eaaed7677764a
large,output/notebook3_gnn_encoder/node_classification/squirrel_filtered/k10/original/graphsage_edge_s43.emb,1365920,21a00033a028e50dfe684936239d906eedf7bfcc51a0a0ec815f81e664be8fda
large,output/notebook3_gnn_encoder/node_classification/squirrel_filtered/k10/original/graphsage_edge_s44.emb,1366172,2c4c8d53c2836b252459aae0c56e2237e4726d472ae68b4a2cb41d0cfd440cbd
large,output/notebook3_gnn_encoder/node_classification/squirrel_filtered/k10/psi/graphsage_edge_s42.emb,1359965,c119a30aee906cef5ee31bd15fd6cc2467e77dc2b244dca9a31df930bc0a9c5b
large,output/notebook3_gnn_encoder/node_classification/squirrel_filtered/k10/psi/graphsage_edge_s43.emb,1359610,a1427bb83582d7c432fac8018e734d5560390cf0f105c3cc83eb767c44441c8c
large,output/notebook3_gnn_encoder/node_classification/squirrel_filtered/k10/psi/graphsage_edge_s44.emb,1358380,7bdca3ed9705d5b901ca2abf2a566b315abe9d422376170590d6b2f9f4a599e9
large,output/notebook3_gnn_encoder/node_classification/squirrel_filtered/k10/psi_pqnorm/graphsage_edge_s42.emb,1358005,a4af9e29fac0c895b72a0c8ee2421ea6da3073b6bd2d0042eb7af26ddf683f78
large,output/notebook3_gnn_encoder/node_classification/squirrel_filtered/k10/psi_pqnorm/graphsage_edge_s43.emb,1358478,a9e25a596d8e9040b9e96ab5461ba9a5960752c7a3a1e7e5a7d6261d1b323100
large,output/notebook3_gnn_encoder/node_classification/squirrel_filtered/k10/psi_pqnorm/graphsage_edge_s44.emb,1359964,d9f6b599d0c31b244190dfa8c60f2a59f37b56c786dc8263a5621694d0d97ab3
large,output/notebook3_gnn_encoder/node_classification/squirrel_filtered/k10/psi_shift/graphsage_edge_s42.emb,1358919,dd4531c43579aebd51fd85b1cab19785a5a8e0253c2713fbac731f4160cba633
large,output/notebook3_gnn_encoder/node_classification/squirrel_filtered/k10/psi_shift/graphsage_edge_s43.emb,1357102,45b5d00ed12cfc0d20933866487f0d108e18525d7fe3efe34078bef91222a6c2
large,output/notebook3_gnn_encoder/node_classification/squirrel_filtered/k10/psi_shift/graphsage_edge_s44.emb,1359373,7476b8c686853ea8cb8be6724a32e33a7d1a4b2f3e72c49936ce4b585fc9c0e3
large,output/notebook3_gnn_encoder/node_classification/tolokers/k10/centrality/graphsage_edge_s42.emb,7206069,4b48a63b6dd1d4ed4dd724aa5cd89efcd3a4fefc3e4c00ef4aa8ee98532f8dba
large,output/notebook3_gnn_encoder/node_classification/tolokers/k10/centrality/graphsage_edge_s43.emb,7217168,89267d5afd968f02c5f548d7fb0f475cd82750f77c905a80d5b63e6d8e2e56ca
large,output/notebook3_gnn_encoder/node_classification/tolokers/k10/centrality/graphsage_edge_s44.emb,7205353,a13cee2b916962c80165a5ddb48a6a388fc1bfa08fa0f802c9c386af62fc1a9a
large,output/notebook3_gnn_encoder/node_classification/tolokers/k10/degree/graphsage_edge_s42.emb,7195126,d156fb06d0f2480371d72fb508c1e72d3c5512c4b2b6526250bfe2480b0dd898
large,output/notebook3_gnn_encoder/node_classification/tolokers/k10/degree/graphsage_edge_s43.emb,7209029,24dfb4d1c4dfb1801a7d662180f8e460687999f2431f63d313fa2b34a641f07b
large,output/notebook3_gnn_encoder/node_classification/tolokers/k10/degree/graphsage_edge_s44.emb,7211543,a16f13742f0f7615805c34ee05e8d1d8610b0ab9773fe26c1780e3f3b65cda25
large,output/notebook3_gnn_encoder/node_classification/tolokers/k10/hybrid/graphsage_edge_s42.emb,7242720,caa21fbf5276a7c9e26783b599b71ccbf6f8d147cbf8e985a26987a3a1ee95da
large,output/notebook3_gnn_encoder/node_classification/tolokers/k10/hybrid/graphsage_edge_s43.emb,7210509,5120933862b2c5801951da4e68b7bd94c4853bc5513bb0cb51cb8f38173f3ba1
large,output/notebook3_gnn_encoder/node_classification/tolokers/k10/hybrid/graphsage_edge_s44.emb,7221843,b798987c7ba785cc477fffbd524347348391c1e86e2798d4379b6b09b404947c
large,output/notebook3_gnn_encoder/node_classification/tolokers/k10/hybrid_centrality/graphsage_edge_s42.emb,7231717,f169d29b691bfd4dd50293d4bab039dacd80053b84d981854f938817b23826a4
large,output/notebook3_gnn_encoder/node_classification/tolokers/k10/hybrid_centrality/graphsage_edge_s43.emb,7222323,c3da57f7225f61b8410b7149e6fd2e693ec1db0afff522f791bbb4fc5caa7c77
large,output/notebook3_gnn_encoder/node_classification/tolokers/k10/hybrid_centrality/graphsage_edge_s44.emb,7217453,42846955f7415f9a6848317d96052b07fe1ddf4f7ec0c5e3cf330358af7a3aec
large,output/notebook3_gnn_encoder/node_classification/tolokers/k10/hybrid_degree/graphsage_edge_s42.emb,7247473,6040c7cf2382334372500a80944d376c1b1307287ad44914f5aafe9c71c1dbf6
large,output/notebook3_gnn_encoder/node_classification/tolokers/k10/hybrid_degree/graphsage_edge_s43.emb,7207982,7935b1ebc813655a611e60a8f782166fecad6fe783859421523c0ee42df4a185
large,output/notebook3_gnn_encoder/node_classification/tolokers/k10/hybrid_degree/graphsage_edge_s44.emb,7220095,32c80d58197a79588e9741478f0423af210441c06e7d4066a5f9adf08af0d06a
large,output/notebook3_gnn_encoder/node_classification/tolokers/k10/original/graphsage_edge_s42.emb,7233360,0d4eefa443f51e157a3911c670a3eb88052cb8f36e8bef1f86a50174bf0be050
large,output/notebook3_gnn_encoder/node_classification/tolokers/k10/original/graphsage_edge_s43.emb,7243818,fed3b0cef8477794d94d242267e80c5895b552c82685e23d2a2c2df16c2945f9
large,output/notebook3_gnn_encoder/node_classification/tolokers/k10/original/graphsage_edge_s44.emb,7211676,7783df8ba3b2a1158d9224f50b10f1f9525c57d3ef5123483bf10e407110d85d
large,output/notebook3_gnn_encoder/node_classification/tolokers/k10/psi/graphsage_edge_feat_centrality_s42.emb,7230162,7155c4811bc550dbae8946482823491839463f36609c06ec5e463b47a5bc4dce
large,output/notebook3_gnn_encoder/node_classification/tolokers/k10/psi/graphsage_edge_feat_centrality_s43.emb,7183391,1dc45470eeb5d48d12ccd625142dd75c9d80e283d70333eb194bba7e6809a6cf
large,output/notebook3_gnn_encoder/node_classification/tolokers/k10/psi/graphsage_edge_feat_centrality_s44.emb,7204263,35ba4ebc4fee9c0d3ab9b97d1019dc35196bd2d85eec2a8f568e689f9a07fd1d
large,output/notebook3_gnn_encoder/node_classification/tolokers/k10/psi/graphsage_edge_feat_clustering_s42.emb,7217768,fa914adf584da6a6d7f8a89c5ab783a9ff4ebe5a92a8fce7fe37bc2f4a4d8029
large,output/notebook3_gnn_encoder/node_classification/tolokers/k10/psi/graphsage_edge_feat_clustering_s43.emb,7200595,6725dfc53b98d44cda4f4d25ff349548699a43301ea85df3db0233325f722a67
large,output/notebook3_gnn_encoder/node_classification/tolokers/k10/psi/graphsage_edge_feat_clustering_s44.emb,7218820,05f71474019dd987a957808eae20a4e1e118cf98eb050977eeb38f0a92faf415
large,output/notebook3_gnn_encoder/node_classification/tolokers/k10/psi/graphsage_edge_feat_const_s42.emb,7161279,2b301154ed108d52bc77c3675b0a3d90d00f6e3560c8bf5a1c1233858db91f4f
large,output/notebook3_gnn_encoder/node_classification/tolokers/k10/psi/graphsage_edge_feat_const_s43.emb,7161279,cc58842c1e68dc68bda91b96584da026dcdb5586504f3094c0a97d28217c43d0
large,output/notebook3_gnn_encoder/node_classification/tolokers/k10/psi/graphsage_edge_feat_const_s44.emb,7267101,067d44df4abdeb3f1ae296ea21ae8edd907b1a3df6af4dd2aea19fee8e9ebc2f
large,output/notebook3_gnn_encoder/node_classification/tolokers/k10/psi/graphsage_edge_feat_deg_cent_s42.emb,7208318,91f0bde5e3af1302572b2156234f458c2c79bf18c7127eee1d0fdd54f5371fc8
large,output/notebook3_gnn_encoder/node_classification/tolokers/k10/psi/graphsage_edge_feat_deg_cent_s43.emb,7223423,601b0afe9ded5c1059c32dc09d54b2da9d5a2f712dd23dc2d20b851ca6129b31
large,output/notebook3_gnn_encoder/node_classification/tolokers/k10/psi/graphsage_edge_feat_deg_cent_s44.emb,7184400,79cf68142eb738e985d9ee142ab190e8d2d38dd19400fbd9888a5f30e1cbc938
large,output/notebook3_gnn_encoder/node_classification/tolokers/k10/psi/graphsage_edge_feat_degree_s42.emb,7206906,48b4ecb93f4ec9833b43c51144c1f8739f152807f386d1719ae89f8e6a2346c9
large,output/notebook3_gnn_encoder/node_classification/tolokers/k10/psi/graphsage_edge_feat_degree_s43.emb,7171005,c11f63cd994f64c3794a40fcfaa4441b3d0f04d6ba87e685ae52baa9849110d6
large,output/notebook3_gnn_encoder/node_classification/tolokers/k10/psi/graphsage_edge_feat_degree_s44.emb,7206836,77c54a721f731a0df8597075348119df08443371d4ac602cdecde23bab359450
large,output/notebook3_gnn_encoder/node_classification/tolokers/k10/psi/graphsage_edge_feat_psi_s42.emb,7235623,fabb6db07c7c29ae05a27e1b049fc8892b898230be80d40de6bf2c405955e35e
large,output/notebook3_gnn_encoder/node_classification/tolokers/k10/psi/graphsage_edge_feat_psi_s43.emb,7200735,907a55abe5b1721e3d4c6de3aab298a62d930afb65dfb9a5fdd30c3fa9757c9b
large,output/notebook3_gnn_encoder/node_classification/tolokers/k10/psi/graphsage_edge_feat_psi_s44.emb,7214427,8f3e30ae2f7407e5260babe2813e78202bce628bd4e42e370c4a41bfdaf852e2
large,output/notebook3_gnn_encoder/node_classification/tolokers/k10/psi/graphsage_edge_feat_random_s42.emb,7205852,62319baa196322fad319153220b43708cf91bf4579dffde6be63a876d84f5c57
large,output/notebook3_gnn_encoder/node_classification/tolokers/k10/psi/graphsage_edge_feat_random_s43.emb,7205931,4ff327ca0144718214d604e94b9a83e5f9710de7f79d1d7a1db491acdaffb37c
large,output/notebook3_gnn_encoder/node_classification/tolokers/k10/psi/graphsage_edge_feat_random_s44.emb,7207586,98c709639233df0cfea348269af6513b346c4e415bd625211183e476f5710ac0
large,output/notebook3_gnn_encoder/node_classification/tolokers/k10/psi/graphsage_edge_s42.emb,7199775,87f484593e1134325bd04a3abf79d14b9759206e8dc5f7c7e011bf291cdfe74d
large,output/notebook3_gnn_encoder/node_classification/tolokers/k10/psi/graphsage_edge_s43.emb,7208211,44746fe5dae0e9c079078c5413728382a55ac752a0585ff08a099d9ab169365b
large,output/notebook3_gnn_encoder/node_classification/tolokers/k10/psi/graphsage_edge_s44.emb,7211101,c77bc4cb616d3900fce1b62577cb72baffaa46b51f5d42110d17321b3f21a97a
large,output/notebook3_gnn_encoder/node_classification/twitch_ptbr/k10/psi_lambda/graphsage_edge_s42.emb,1172534,321d71b1fbe3344d338ec54510519e8089e77df6f5ec1dd3ebff3772e62d03d3
large,output/notebook3_gnn_encoder/node_classification/twitch_ptbr/k10/psi_lambda/graphsage_edge_s43.emb,1171111,521482e20363a51fdc19271b72d5c3138b07932e138c5b7e609d12f360874d3b
large,output/notebook3_gnn_encoder/node_classification/twitch_ptbr/k10/psi_lambda/graphsage_edge_s44.emb,1171861,e3dea18cf454792232ebdc19b1403aaa724f0452020005d176719f5ecf9515e7
large,output/probe7.log,1221,9397b8c75ad2dbb530163951afe9db5e65d89c707b3a0b52db409f52e6c7a3a1
large,output/probe_gl.log,1201,c3cabc957082ab6f441e4b010b262b357ad127715bd08a97a1f168de6bcb281e
large,output/probe_new.log,2349,8a36fcb96d2a4857c1c57c76c270139bf1bf703e174427d39a302ddf709bce0a
large,output/role_overlap.log,8188,d7e5ccdfd580d1d9fbdf827acbbb0a794e59bd2251f2b54a0547207ff452c6f6
large,output/run_batch2.log,41378,27beb0dfbd8afddee4133dd83c1b7227f76b3dbcdc7a6960ffb1a1fb48989812
large,output/run_degree_test.log,41345,6c891641b60eb2204b27196dbd0dc4854f309f73e2ce16a6767de64f58d57562
large,output/run_seeds.log,99937,361f3f9c872fa9d442b749a335874036c31a9ae72128df05bde88e56cc27b064
large,output/run_validation_lp.log,34968,f334926ffef6f6578abd95622ad57bc5801b4ada4c1ffb9536bf28573098daab
large,output/tie_break_batch2.log,4625,83b451a73010baf51678cbb5d2ba3479b149bd041ac281b579541aab5291e4ce
large,output/tie_break_degree_test.log,4899,d4ae3f70765dc95b5f558e4f5468227e5604a0bac4c0211cb3b6a4d22a39779d
large,output/tie_break_validation.log,3998,333b3fde5b6ac8360449ad0e2ee72204ad6e055852200fcd7cd1cfae44aacdfc
