dataset,encoder,task,k,seeds,n_seeds,variants,rows,command
actor,deepwalk,link prediction (AUC),10,42|43|44,3,centrality degree hybrid hybrid_centrality hybrid_degree original psi,7,for s in centrality degree hybrid hybrid_centrality hybrid_degree original psi; do python experiments/run_core.py --datasets actor --task link_prediction --encoder deepwalk --features all --sim $s --k 10 --seeds 42 43 44; done
actor,deepwalk,node classification (weighted F1),10,42|43|44,3,centrality degree hybrid hybrid_centrality hybrid_degree original psi,7,for s in centrality degree hybrid hybrid_centrality hybrid_degree original psi; do python experiments/run_core.py --datasets actor --task node_classification --encoder deepwalk --features all --sim $s --k 10 --seeds 42 43 44; done
actor,features_only,link prediction (AUC),10,42|43|44,3,psi,1,ablation D6 (no message passing): python experiments/train_encoder.py --layers 0 ... (see notebook 3 + docs/notes.md)
actor,features_only,node classification (weighted F1),10,42|43|44,3,psi,1,ablation D6 (no message passing): python experiments/train_encoder.py --layers 0 ... (see notebook 3 + docs/notes.md)
actor,gatv2_edge,link prediction (AUC),10,42|43|44,3,centrality degree hybrid hybrid_centrality hybrid_degree original psi,7,for s in centrality degree hybrid hybrid_centrality hybrid_degree original psi; do python experiments/run_core.py --datasets actor --task link_prediction --encoder gatv2_edge --features all --sim $s --k 10 --seeds 42 43 44; done
actor,graphsage_edge,link prediction (AUC),10,42|43|44,3,psi_pqnorm psi_shift,2,for s in psi_pqnorm psi_shift; do python experiments/run_core.py --datasets actor --task link_prediction --encoder graphsage_edge --features all --sim $s --k 10 --seeds 42 43 44; done
actor,graphsage_edge,link prediction (AUC),10,42|43|44|45|46|47|48|49|50|51,10,centrality degree hybrid hybrid_centrality hybrid_degree original psi,7,for s in centrality degree hybrid hybrid_centrality hybrid_degree original psi; do python experiments/run_core.py --datasets actor --task link_prediction --encoder graphsage_edge --features all --sim $s --k 10 --seeds 42 43 44 45 46 47 48 49 50 51; done
actor,graphsage_edge,node classification (weighted F1),10,42|43|44,3,centrality degree hybrid hybrid_centrality hybrid_degree original psi,7,for s in centrality degree hybrid hybrid_centrality hybrid_degree original psi; do python experiments/run_core.py --datasets actor --task node_classification --encoder graphsage_edge --features all --sim $s --k 10 --seeds 42 43 44; done
actor,graphsage_edge_feat_centrality,link prediction (AUC),10,42|43|44,3,psi,1,for s in psi; do python experiments/run_core.py --datasets actor --task link_prediction --encoder graphsage_edge --features centrality --sim $s --k 10 --seeds 42 43 44; done
actor,graphsage_edge_feat_centrality,node classification (weighted F1),10,42|43|44,3,psi,1,for s in psi; do python experiments/run_core.py --datasets actor --task node_classification --encoder graphsage_edge --features centrality --sim $s --k 10 --seeds 42 43 44; done
actor,graphsage_edge_feat_clustering,link prediction (AUC),10,42|43|44,3,psi,1,for s in psi; do python experiments/run_core.py --datasets actor --task link_prediction --encoder graphsage_edge --features clustering --sim $s --k 10 --seeds 42 43 44; done
actor,graphsage_edge_feat_clustering,node classification (weighted F1),10,42|43|44,3,psi,1,for s in psi; do python experiments/run_core.py --datasets actor --task node_classification --encoder graphsage_edge --features clustering --sim $s --k 10 --seeds 42 43 44; done
actor,graphsage_edge_feat_const,link prediction (AUC),10,42|43|44,3,psi,1,for s in psi; do python experiments/run_core.py --datasets actor --task link_prediction --encoder graphsage_edge --features const --sim $s --k 10 --seeds 42 43 44; done
actor,graphsage_edge_feat_const,node classification (weighted F1),10,42|43|44,3,psi,1,for s in psi; do python experiments/run_core.py --datasets actor --task node_classification --encoder graphsage_edge --features const --sim $s --k 10 --seeds 42 43 44; done
actor,graphsage_edge_feat_deg_cent,link prediction (AUC),10,42|43|44,3,psi,1,for s in psi; do python experiments/run_core.py --datasets actor --task link_prediction --encoder graphsage_edge --features deg_cent --sim $s --k 10 --seeds 42 43 44; done
actor,graphsage_edge_feat_deg_cent,node classification (weighted F1),10,42|43|44,3,psi,1,for s in psi; do python experiments/run_core.py --datasets actor --task node_classification --encoder graphsage_edge --features deg_cent --sim $s --k 10 --seeds 42 43 44; done
actor,graphsage_edge_feat_degree,link prediction (AUC),10,42|43|44,3,psi,1,for s in psi; do python experiments/run_core.py --datasets actor --task link_prediction --encoder graphsage_edge --features degree --sim $s --k 10 --seeds 42 43 44; done
actor,graphsage_edge_feat_degree,node classification (weighted F1),10,42|43|44,3,psi,1,for s in psi; do python experiments/run_core.py --datasets actor --task node_classification --encoder graphsage_edge --features degree --sim $s --k 10 --seeds 42 43 44; done
actor,graphsage_edge_feat_psi,link prediction (AUC),10,42|43|44,3,psi,1,for s in psi; do python experiments/run_core.py --datasets actor --task link_prediction --encoder graphsage_edge --features psi --sim $s --k 10 --seeds 42 43 44; done
actor,graphsage_edge_feat_psi,node classification (weighted F1),10,42|43|44,3,psi,1,for s in psi; do python experiments/run_core.py --datasets actor --task node_classification --encoder graphsage_edge --features psi --sim $s --k 10 --seeds 42 43 44; done
actor,graphsage_edge_feat_random,link prediction (AUC),10,42|43|44,3,psi,1,for s in psi; do python experiments/run_core.py --datasets actor --task link_prediction --encoder graphsage_edge --features random --sim $s --k 10 --seeds 42 43 44; done
actor,graphsage_edge_feat_random,node classification (weighted F1),10,42|43|44,3,psi,1,for s in psi; do python experiments/run_core.py --datasets actor --task node_classification --encoder graphsage_edge --features random --sim $s --k 10 --seeds 42 43 44; done
airports_brazil,gatv2_edge,link prediction (AUC),10,42|43|44,3,centrality degree hybrid hybrid_centrality hybrid_degree original psi,7,for s in centrality degree hybrid hybrid_centrality hybrid_degree original psi; do python experiments/run_core.py --datasets airports_brazil --task link_prediction --encoder gatv2_edge --features all --sim $s --k 10 --seeds 42 43 44; done
airports_brazil,graphsage_edge,link prediction (AUC),10,42|43|44|45|46|47,6,centrality degree hybrid hybrid_centrality hybrid_degree original psi,7,for s in centrality degree hybrid hybrid_centrality hybrid_degree original psi; do python experiments/run_core.py --datasets airports_brazil --task link_prediction --encoder graphsage_edge --features all --sim $s --k 10 --seeds 42 43 44 45 46 47; done
airports_europe,gatv2_edge,link prediction (AUC),10,42|43|44,3,centrality degree hybrid hybrid_centrality hybrid_degree original psi,7,for s in centrality degree hybrid hybrid_centrality hybrid_degree original psi; do python experiments/run_core.py --datasets airports_europe --task link_prediction --encoder gatv2_edge --features all --sim $s --k 10 --seeds 42 43 44; done
airports_europe,graphsage_edge,link prediction (AUC),10,42|43|44|45|46|47,6,centrality degree hybrid hybrid_centrality hybrid_degree original psi,7,for s in centrality degree hybrid hybrid_centrality hybrid_degree original psi; do python experiments/run_core.py --datasets airports_europe --task link_prediction --encoder graphsage_edge --features all --sim $s --k 10 --seeds 42 43 44 45 46 47; done
airports_usa,gatv2_edge,link prediction (AUC),10,42|43|44,3,centrality degree hybrid hybrid_centrality hybrid_degree original psi,7,for s in centrality degree hybrid hybrid_centrality hybrid_degree original psi; do python experiments/run_core.py --datasets airports_usa --task link_prediction --encoder gatv2_edge --features all --sim $s --k 10 --seeds 42 43 44; done
airports_usa,graphsage_edge,link prediction (AUC),10,42|43|44|45|46|47,6,centrality degree hybrid hybrid_centrality hybrid_degree original psi,7,for s in centrality degree hybrid hybrid_centrality hybrid_degree original psi; do python experiments/run_core.py --datasets airports_usa --task link_prediction --encoder graphsage_edge --features all --sim $s --k 10 --seeds 42 43 44 45 46 47; done
amazon_computers,gatv2_edge,link prediction (AUC),10,42|43|44,3,centrality degree hybrid hybrid_centrality hybrid_degree original psi,7,for s in centrality degree hybrid hybrid_centrality hybrid_degree original psi; do python experiments/run_core.py --datasets amazon_computers --task link_prediction --encoder gatv2_edge --features all --sim $s --k 10 --seeds 42 43 44; done
amazon_computers,graphsage_edge,link prediction (AUC),10,42|43|44|45|46|47,6,centrality degree hybrid hybrid_centrality hybrid_degree original psi,7,for s in centrality degree hybrid hybrid_centrality hybrid_degree original psi; do python experiments/run_core.py --datasets amazon_computers --task link_prediction --encoder graphsage_edge --features all --sim $s --k 10 --seeds 42 43 44 45 46 47; done
amazon_photo,deepwalk,link prediction (AUC),10,42|43|44,3,centrality degree hybrid hybrid_centrality hybrid_degree original psi,7,for s in centrality degree hybrid hybrid_centrality hybrid_degree original psi; do python experiments/run_core.py --datasets amazon_photo --task link_prediction --encoder deepwalk --features all --sim $s --k 10 --seeds 42 43 44; done
amazon_photo,deepwalk,node classification (weighted F1),10,42|43|44,3,centrality degree hybrid hybrid_centrality hybrid_degree original psi,7,for s in centrality degree hybrid hybrid_centrality hybrid_degree original psi; do python experiments/run_core.py --datasets amazon_photo --task node_classification --encoder deepwalk --features all --sim $s --k 10 --seeds 42 43 44; done
amazon_photo,graphsage_edge,link prediction (AUC),10,42|43|44,3,psi_pqnorm psi_shift,2,for s in psi_pqnorm psi_shift; do python experiments/run_core.py --datasets amazon_photo --task link_prediction --encoder graphsage_edge --features all --sim $s --k 10 --seeds 42 43 44; done
amazon_photo,graphsage_edge,link prediction (AUC),10,42|43|44|45|46|47|48|49|50|51,10,centrality degree hybrid hybrid_centrality hybrid_degree original psi,7,for s in centrality degree hybrid hybrid_centrality hybrid_degree original psi; do python experiments/run_core.py --datasets amazon_photo --task link_prediction --encoder graphsage_edge --features all --sim $s --k 10 --seeds 42 43 44 45 46 47 48 49 50 51; done
amazon_photo,graphsage_edge,node classification (weighted F1),10,42|43|44,3,centrality degree hybrid hybrid_centrality hybrid_degree original psi,7,for s in centrality degree hybrid hybrid_centrality hybrid_degree original psi; do python experiments/run_core.py --datasets amazon_photo --task node_classification --encoder graphsage_edge --features all --sim $s --k 10 --seeds 42 43 44; done
amazon_ratings,deepwalk,link prediction (AUC),10,42|43|44,3,centrality degree hybrid hybrid_centrality hybrid_degree original psi,7,for s in centrality degree hybrid hybrid_centrality hybrid_degree original psi; do python experiments/run_core.py --datasets amazon_ratings --task link_prediction --encoder deepwalk --features all --sim $s --k 10 --seeds 42 43 44; done
amazon_ratings,deepwalk,node classification (weighted F1),10,42|43|44,3,centrality degree hybrid hybrid_centrality hybrid_degree original psi,7,for s in centrality degree hybrid hybrid_centrality hybrid_degree original psi; do python experiments/run_core.py --datasets amazon_ratings --task node_classification --encoder deepwalk --features all --sim $s --k 10 --seeds 42 43 44; done
amazon_ratings,graphsage_edge,link prediction (AUC),10,42|43|44,3,psi_pqnorm psi_shift,2,for s in psi_pqnorm psi_shift; do python experiments/run_core.py --datasets amazon_ratings --task link_prediction --encoder graphsage_edge --features all --sim $s --k 10 --seeds 42 43 44; done
amazon_ratings,graphsage_edge,link prediction (AUC),10,42|43|44|45|46|47|48|49|50|51,10,centrality degree hybrid hybrid_centrality hybrid_degree original psi,7,for s in centrality degree hybrid hybrid_centrality hybrid_degree original psi; do python experiments/run_core.py --datasets amazon_ratings --task link_prediction --encoder graphsage_edge --features all --sim $s --k 10 --seeds 42 43 44 45 46 47 48 49 50 51; done
amazon_ratings,graphsage_edge,node classification (weighted F1),10,42|43|44,3,centrality degree hybrid hybrid_centrality hybrid_degree original psi,7,for s in centrality degree hybrid hybrid_centrality hybrid_degree original psi; do python experiments/run_core.py --datasets amazon_ratings --task node_classification --encoder graphsage_edge --features all --sim $s --k 10 --seeds 42 43 44; done
amherst41,gatv2_edge,link prediction (AUC),10,42|43|44,3,centrality degree hybrid hybrid_centrality hybrid_degree original psi,7,for s in centrality degree hybrid hybrid_centrality hybrid_degree original psi; do python experiments/run_core.py --datasets amherst41 --task link_prediction --encoder gatv2_edge --features all --sim $s --k 10 --seeds 42 43 44; done
amherst41,graphsage_edge,link prediction (AUC),10,42|43|44,3,psi_pqnorm psi_qnorm psi_shift,3,for s in psi_pqnorm psi_qnorm psi_shift; do python experiments/run_core.py --datasets amherst41 --task link_prediction --encoder graphsage_edge --features all --sim $s --k 10 --seeds 42 43 44; done
amherst41,graphsage_edge,link prediction (AUC),10,42|43|44|45|46|47|48|49|50|51,10,centrality degree hybrid hybrid_centrality hybrid_degree original psi,7,for s in centrality degree hybrid hybrid_centrality hybrid_degree original psi; do python experiments/run_core.py --datasets amherst41 --task link_prediction --encoder graphsage_edge --features all --sim $s --k 10 --seeds 42 43 44 45 46 47 48 49 50 51; done
artnet_exp,graphsage_edge,link prediction (AUC),10,42|43|44,3,centrality degree hybrid hybrid_centrality hybrid_degree original psi,7,for s in centrality degree hybrid hybrid_centrality hybrid_degree original psi; do python experiments/run_core.py --datasets artnet_exp --task link_prediction --encoder graphsage_edge --features all --sim $s --k 10 --seeds 42 43 44; done
bag_of_words_kos,graphsage_edge,link prediction (AUC),10,42|43|44,3,centrality degree hybrid hybrid_centrality hybrid_degree original psi,7,for s in centrality degree hybrid hybrid_centrality hybrid_degree original psi; do python experiments/run_core.py --datasets bag_of_words_kos --task link_prediction --encoder graphsage_edge --features all --sim $s --k 10 --seeds 42 43 44; done
bag_of_words_nips,graphsage_edge,link prediction (AUC),10,42|43|44,3,centrality degree hybrid hybrid_centrality hybrid_degree original psi,7,for s in centrality degree hybrid hybrid_centrality hybrid_degree original psi; do python experiments/run_core.py --datasets bag_of_words_nips --task link_prediction --encoder graphsage_edge --features all --sim $s --k 10 --seeds 42 43 44; done
blogcatalog,gatv2_edge,link prediction (AUC),10,42|43|44,3,centrality degree hybrid hybrid_centrality hybrid_degree original psi,7,for s in centrality degree hybrid hybrid_centrality hybrid_degree original psi; do python experiments/run_core.py --datasets blogcatalog --task link_prediction --encoder gatv2_edge --features all --sim $s --k 10 --seeds 42 43 44; done
blogcatalog,graphsage_edge,link prediction (AUC),10,42|43|44|45|46|47,6,centrality degree hybrid hybrid_centrality hybrid_degree original psi,7,for s in centrality degree hybrid hybrid_centrality hybrid_degree original psi; do python experiments/run_core.py --datasets blogcatalog --task link_prediction --encoder graphsage_edge --features all --sim $s --k 10 --seeds 42 43 44 45 46 47; done
board_directors,graphsage_edge,link prediction (AUC),10,42|43|44,3,centrality degree hybrid hybrid_centrality hybrid_degree original psi,7,for s in centrality degree hybrid hybrid_centrality hybrid_degree original psi; do python experiments/run_core.py --datasets board_directors --task link_prediction --encoder graphsage_edge --features all --sim $s --k 10 --seeds 42 43 44; done
celegans_neural,graphsage_edge,link prediction (AUC),10,42|43|44,3,centrality degree hybrid hybrid_centrality hybrid_degree original psi,7,for s in centrality degree hybrid hybrid_centrality hybrid_degree original psi; do python experiments/run_core.py --datasets celegans_neural --task link_prediction --encoder graphsage_edge --features all --sim $s --k 10 --seeds 42 43 44; done
chameleon,deepwalk,link prediction (AUC),10,42|43|44,3,centrality degree hybrid hybrid_centrality hybrid_degree original psi,7,for s in centrality degree hybrid hybrid_centrality hybrid_degree original psi; do python experiments/run_core.py --datasets chameleon --task link_prediction --encoder deepwalk --features all --sim $s --k 10 --seeds 42 43 44; done
chameleon,graphsage_edge,link prediction (AUC),10,42|43|44,3,centrality degree hybrid hybrid_centrality hybrid_degree original psi,7,for s in centrality degree hybrid hybrid_centrality hybrid_degree original psi; do python experiments/run_core.py --datasets chameleon --task link_prediction --encoder graphsage_edge --features all --sim $s --k 10 --seeds 42 43 44; done
chameleon_filtered,gatv2_edge,link prediction (AUC),10,42|43|44,3,centrality degree hybrid hybrid_centrality hybrid_degree original psi,7,for s in centrality degree hybrid hybrid_centrality hybrid_degree original psi; do python experiments/run_core.py --datasets chameleon_filtered --task link_prediction --encoder gatv2_edge --features all --sim $s --k 10 --seeds 42 43 44; done
chameleon_filtered,graphsage_edge,link prediction (AUC),10,42|43|44,3,centrality degree hybrid_centrality hybrid_degree original psi psi_pqnorm psi_shift,8,for s in centrality degree hybrid_centrality hybrid_degree original psi psi_pqnorm psi_shift; do python experiments/run_core.py --datasets chameleon_filtered --task link_prediction --encoder graphsage_edge --features all --sim $s --k 10 --seeds 42 43 44; done
citeseer_linqs,deepwalk,link prediction (AUC),10,42|43|44,3,centrality degree hybrid hybrid_centrality hybrid_degree original psi,7,for s in centrality degree hybrid hybrid_centrality hybrid_degree original psi; do python experiments/run_core.py --datasets citeseer_linqs --task link_prediction --encoder deepwalk --features all --sim $s --k 10 --seeds 42 43 44; done
citeseer_linqs,deepwalk,node classification (weighted F1),10,42|43|44,3,centrality degree hybrid hybrid_centrality hybrid_degree original psi,7,for s in centrality degree hybrid hybrid_centrality hybrid_degree original psi; do python experiments/run_core.py --datasets citeseer_linqs --task node_classification --encoder deepwalk --features all --sim $s --k 10 --seeds 42 43 44; done
citeseer_linqs,features_only,link prediction (AUC),10,42|43|44,3,psi,1,ablation D6 (no message passing): python experiments/train_encoder.py --layers 0 ... (see notebook 3 + docs/notes.md)
citeseer_linqs,features_only,node classification (weighted F1),10,42|43|44,3,psi,1,ablation D6 (no message passing): python experiments/train_encoder.py --layers 0 ... (see notebook 3 + docs/notes.md)
citeseer_linqs,gatv2_edge,link prediction (AUC),10,42|43|44,3,centrality degree hybrid hybrid_centrality hybrid_degree original psi,7,for s in centrality degree hybrid hybrid_centrality hybrid_degree original psi; do python experiments/run_core.py --datasets citeseer_linqs --task link_prediction --encoder gatv2_edge --features all --sim $s --k 10 --seeds 42 43 44; done
citeseer_linqs,graphsage_edge,link prediction (AUC),10,42|43|44,3,psi_pqnorm psi_shift,2,for s in psi_pqnorm psi_shift; do python experiments/run_core.py --datasets citeseer_linqs --task link_prediction --encoder graphsage_edge --features all --sim $s --k 10 --seeds 42 43 44; done
citeseer_linqs,graphsage_edge,link prediction (AUC),10,42|43|44|45|46|47|48|49|50|51,10,centrality degree hybrid hybrid_centrality hybrid_degree original psi,7,for s in centrality degree hybrid hybrid_centrality hybrid_degree original psi; do python experiments/run_core.py --datasets citeseer_linqs --task link_prediction --encoder graphsage_edge --features all --sim $s --k 10 --seeds 42 43 44 45 46 47 48 49 50 51; done
citeseer_linqs,graphsage_edge,node classification (weighted F1),10,42|43|44,3,centrality degree hybrid hybrid_centrality hybrid_degree original psi,7,for s in centrality degree hybrid hybrid_centrality hybrid_degree original psi; do python experiments/run_core.py --datasets citeseer_linqs --task node_classification --encoder graphsage_edge --features all --sim $s --k 10 --seeds 42 43 44; done
citeseer_linqs,graphsage_edge_feat_centrality,link prediction (AUC),10,42|43|44,3,psi,1,for s in psi; do python experiments/run_core.py --datasets citeseer_linqs --task link_prediction --encoder graphsage_edge --features centrality --sim $s --k 10 --seeds 42 43 44; done
citeseer_linqs,graphsage_edge_feat_centrality,node classification (weighted F1),10,42|43|44,3,psi,1,for s in psi; do python experiments/run_core.py --datasets citeseer_linqs --task node_classification --encoder graphsage_edge --features centrality --sim $s --k 10 --seeds 42 43 44; done
citeseer_linqs,graphsage_edge_feat_clustering,link prediction (AUC),10,42|43|44,3,psi,1,for s in psi; do python experiments/run_core.py --datasets citeseer_linqs --task link_prediction --encoder graphsage_edge --features clustering --sim $s --k 10 --seeds 42 43 44; done
citeseer_linqs,graphsage_edge_feat_clustering,node classification (weighted F1),10,42|43|44,3,psi,1,for s in psi; do python experiments/run_core.py --datasets citeseer_linqs --task node_classification --encoder graphsage_edge --features clustering --sim $s --k 10 --seeds 42 43 44; done
citeseer_linqs,graphsage_edge_feat_const,link prediction (AUC),10,42|43|44,3,psi,1,for s in psi; do python experiments/run_core.py --datasets citeseer_linqs --task link_prediction --encoder graphsage_edge --features const --sim $s --k 10 --seeds 42 43 44; done
citeseer_linqs,graphsage_edge_feat_const,node classification (weighted F1),10,42|43|44,3,psi,1,for s in psi; do python experiments/run_core.py --datasets citeseer_linqs --task node_classification --encoder graphsage_edge --features const --sim $s --k 10 --seeds 42 43 44; done
citeseer_linqs,graphsage_edge_feat_deg_cent,link prediction (AUC),10,42|43|44,3,psi,1,for s in psi; do python experiments/run_core.py --datasets citeseer_linqs --task link_prediction --encoder graphsage_edge --features deg_cent --sim $s --k 10 --seeds 42 43 44; done
citeseer_linqs,graphsage_edge_feat_deg_cent,node classification (weighted F1),10,42|43|44,3,psi,1,for s in psi; do python experiments/run_core.py --datasets citeseer_linqs --task node_classification --encoder graphsage_edge --features deg_cent --sim $s --k 10 --seeds 42 43 44; done
citeseer_linqs,graphsage_edge_feat_degree,link prediction (AUC),10,42|43|44,3,psi,1,for s in psi; do python experiments/run_core.py --datasets citeseer_linqs --task link_prediction --encoder graphsage_edge --features degree --sim $s --k 10 --seeds 42 43 44; done
citeseer_linqs,graphsage_edge_feat_degree,node classification (weighted F1),10,42|43|44,3,psi,1,for s in psi; do python experiments/run_core.py --datasets citeseer_linqs --task node_classification --encoder graphsage_edge --features degree --sim $s --k 10 --seeds 42 43 44; done
citeseer_linqs,graphsage_edge_feat_psi,link prediction (AUC),10,42|43|44,3,psi,1,for s in psi; do python experiments/run_core.py --datasets citeseer_linqs --task link_prediction --encoder graphsage_edge --features psi --sim $s --k 10 --seeds 42 43 44; done
citeseer_linqs,graphsage_edge_feat_psi,node classification (weighted F1),10,42|43|44,3,psi,1,for s in psi; do python experiments/run_core.py --datasets citeseer_linqs --task node_classification --encoder graphsage_edge --features psi --sim $s --k 10 --seeds 42 43 44; done
citeseer_linqs,graphsage_edge_feat_random,link prediction (AUC),10,42|43|44,3,psi,1,for s in psi; do python experiments/run_core.py --datasets citeseer_linqs --task link_prediction --encoder graphsage_edge --features random --sim $s --k 10 --seeds 42 43 44; done
citeseer_linqs,graphsage_edge_feat_random,node classification (weighted F1),10,42|43|44,3,psi,1,for s in psi; do python experiments/run_core.py --datasets citeseer_linqs --task node_classification --encoder graphsage_edge --features random --sim $s --k 10 --seeds 42 43 44; done
coauthor_cs,graphsage_edge,link prediction (AUC),10,42|43|44|45|46|47,6,centrality degree hybrid hybrid_centrality hybrid_degree original psi,7,for s in centrality degree hybrid hybrid_centrality hybrid_degree original psi; do python experiments/run_core.py --datasets coauthor_cs --task link_prediction --encoder graphsage_edge --features all --sim $s --k 10 --seeds 42 43 44 45 46 47; done
coauthor_physics,graphsage_edge,link prediction (AUC),10,42|43|44|45|46|47,6,centrality degree hybrid hybrid_centrality hybrid_degree original psi,7,for s in centrality degree hybrid hybrid_centrality hybrid_degree original psi; do python experiments/run_core.py --datasets coauthor_physics --task link_prediction --encoder graphsage_edge --features all --sim $s --k 10 --seeds 42 43 44 45 46 47; done
cora,deepwalk,link prediction (AUC),10,42|43|44,3,centrality degree hybrid hybrid_centrality hybrid_degree original psi,7,for s in centrality degree hybrid hybrid_centrality hybrid_degree original psi; do python experiments/run_core.py --datasets cora --task link_prediction --encoder deepwalk --features all --sim $s --k 10 --seeds 42 43 44; done
cora,deepwalk,node classification (weighted F1),10,42|43|44,3,centrality degree hybrid hybrid_centrality hybrid_degree original psi,7,for s in centrality degree hybrid hybrid_centrality hybrid_degree original psi; do python experiments/run_core.py --datasets cora --task node_classification --encoder deepwalk --features all --sim $s --k 10 --seeds 42 43 44; done
cora,features_only,link prediction (AUC),10,42|43|44,3,psi,1,ablation D6 (no message passing): python experiments/train_encoder.py --layers 0 ... (see notebook 3 + docs/notes.md)
cora,features_only,node classification (weighted F1),10,42|43|44,3,psi,1,ablation D6 (no message passing): python experiments/train_encoder.py --layers 0 ... (see notebook 3 + docs/notes.md)
cora,gin_edge,link prediction (AUC),10,42,1,centrality degree hybrid hybrid_centrality hybrid_degree original psi,7,for s in centrality degree hybrid hybrid_centrality hybrid_degree original psi; do python experiments/run_core.py --datasets cora --task link_prediction --encoder gin_edge --features all --sim $s --k 10 --seeds 42; done
cora,graphsage_edge,link prediction (AUC),10,42|43|44,3,psi_lambda psi_pqnorm psi_qnorm psi_shift psi_w_deg psi_w_delta psi_w_ev,7,for s in psi_lambda psi_pqnorm psi_qnorm psi_shift psi_w_deg psi_w_delta psi_w_ev; do python experiments/run_core.py --datasets cora --task link_prediction --encoder graphsage_edge --features all --sim $s --k 10 --seeds 42 43 44; done
cora,graphsage_edge,link prediction (AUC),10,42|43|44|45|46|47|48|49|50|51,10,centrality degree hybrid hybrid_centrality hybrid_degree original psi,7,for s in centrality degree hybrid hybrid_centrality hybrid_degree original psi; do python experiments/run_core.py --datasets cora --task link_prediction --encoder graphsage_edge --features all --sim $s --k 10 --seeds 42 43 44 45 46 47 48 49 50 51; done
cora,graphsage_edge,node classification (weighted F1),10,42|43|44,3,centrality degree hybrid hybrid_centrality hybrid_degree original psi,7,for s in centrality degree hybrid hybrid_centrality hybrid_degree original psi; do python experiments/run_core.py --datasets cora --task node_classification --encoder graphsage_edge --features all --sim $s --k 10 --seeds 42 43 44; done
cora,graphsage_edge_feat_centrality,link prediction (AUC),10,42|43|44,3,psi,1,for s in psi; do python experiments/run_core.py --datasets cora --task link_prediction --encoder graphsage_edge --features centrality --sim $s --k 10 --seeds 42 43 44; done
cora,graphsage_edge_feat_centrality,node classification (weighted F1),10,42|43|44,3,psi,1,for s in psi; do python experiments/run_core.py --datasets cora --task node_classification --encoder graphsage_edge --features centrality --sim $s --k 10 --seeds 42 43 44; done
cora,graphsage_edge_feat_clustering,link prediction (AUC),10,42|43|44,3,psi,1,for s in psi; do python experiments/run_core.py --datasets cora --task link_prediction --encoder graphsage_edge --features clustering --sim $s --k 10 --seeds 42 43 44; done
cora,graphsage_edge_feat_clustering,node classification (weighted F1),10,42|43|44,3,psi,1,for s in psi; do python experiments/run_core.py --datasets cora --task node_classification --encoder graphsage_edge --features clustering --sim $s --k 10 --seeds 42 43 44; done
cora,graphsage_edge_feat_const,link prediction (AUC),10,42|43|44,3,psi,1,for s in psi; do python experiments/run_core.py --datasets cora --task link_prediction --encoder graphsage_edge --features const --sim $s --k 10 --seeds 42 43 44; done
cora,graphsage_edge_feat_const,node classification (weighted F1),10,42|43|44,3,psi,1,for s in psi; do python experiments/run_core.py --datasets cora --task node_classification --encoder graphsage_edge --features const --sim $s --k 10 --seeds 42 43 44; done
cora,graphsage_edge_feat_deg_cent,link prediction (AUC),10,42|43|44,3,psi,1,for s in psi; do python experiments/run_core.py --datasets cora --task link_prediction --encoder graphsage_edge --features deg_cent --sim $s --k 10 --seeds 42 43 44; done
cora,graphsage_edge_feat_deg_cent,node classification (weighted F1),10,42|43|44,3,psi,1,for s in psi; do python experiments/run_core.py --datasets cora --task node_classification --encoder graphsage_edge --features deg_cent --sim $s --k 10 --seeds 42 43 44; done
cora,graphsage_edge_feat_degree,link prediction (AUC),10,42|43|44,3,psi,1,for s in psi; do python experiments/run_core.py --datasets cora --task link_prediction --encoder graphsage_edge --features degree --sim $s --k 10 --seeds 42 43 44; done
cora,graphsage_edge_feat_degree,node classification (weighted F1),10,42|43|44,3,psi,1,for s in psi; do python experiments/run_core.py --datasets cora --task node_classification --encoder graphsage_edge --features degree --sim $s --k 10 --seeds 42 43 44; done
cora,graphsage_edge_feat_psi,link prediction (AUC),10,42|43|44,3,psi,1,for s in psi; do python experiments/run_core.py --datasets cora --task link_prediction --encoder graphsage_edge --features psi --sim $s --k 10 --seeds 42 43 44; done
cora,graphsage_edge_feat_psi,node classification (weighted F1),10,42|43|44,3,psi,1,for s in psi; do python experiments/run_core.py --datasets cora --task node_classification --encoder graphsage_edge --features psi --sim $s --k 10 --seeds 42 43 44; done
cora,graphsage_edge_feat_random,link prediction (AUC),10,42|43|44,3,psi,1,for s in psi; do python experiments/run_core.py --datasets cora --task link_prediction --encoder graphsage_edge --features random --sim $s --k 10 --seeds 42 43 44; done
cora,graphsage_edge_feat_random,node classification (weighted F1),10,42|43|44,3,psi,1,for s in psi; do python experiments/run_core.py --datasets cora --task node_classification --encoder graphsage_edge --features random --sim $s --k 10 --seeds 42 43 44; done
cora_full,gatv2_edge,link prediction (AUC),10,42|43|44,3,centrality degree hybrid hybrid_centrality hybrid_degree original psi,7,for s in centrality degree hybrid hybrid_centrality hybrid_degree original psi; do python experiments/run_core.py --datasets cora_full --task link_prediction --encoder gatv2_edge --features all --sim $s --k 10 --seeds 42 43 44; done
cora_full,graphsage_edge,link prediction (AUC),10,42|43|44,3,centrality degree hybrid hybrid_centrality hybrid_degree original psi,7,for s in centrality degree hybrid hybrid_centrality hybrid_degree original psi; do python experiments/run_core.py --datasets cora_full --task link_prediction --encoder graphsage_edge --features all --sim $s --k 10 --seeds 42 43 44; done
cora_ml,graphsage_edge,link prediction (AUC),10,42|43|44|45|46|47,6,centrality degree hybrid hybrid_centrality hybrid_degree original psi,7,for s in centrality degree hybrid hybrid_centrality hybrid_degree original psi; do python experiments/run_core.py --datasets cora_ml --task link_prediction --encoder graphsage_edge --features all --sim $s --k 10 --seeds 42 43 44 45 46 47; done
cornell5,gatv2_edge,link prediction (AUC),10,42|43|44,3,centrality degree hybrid hybrid_centrality hybrid_degree original psi,7,for s in centrality degree hybrid hybrid_centrality hybrid_degree original psi; do python experiments/run_core.py --datasets cornell5 --task link_prediction --encoder gatv2_edge --features all --sim $s --k 10 --seeds 42 43 44; done
cornell5,graphsage_edge,link prediction (AUC),10,42|43|44,3,psi_pqnorm psi_shift,2,for s in psi_pqnorm psi_shift; do python experiments/run_core.py --datasets cornell5 --task link_prediction --encoder graphsage_edge --features all --sim $s --k 10 --seeds 42 43 44; done
cornell5,graphsage_edge,link prediction (AUC),10,42|43|44|45|46|47|48|49|50|51,10,centrality degree hybrid hybrid_centrality hybrid_degree original psi,7,for s in centrality degree hybrid hybrid_centrality hybrid_degree original psi; do python experiments/run_core.py --datasets cornell5 --task link_prediction --encoder graphsage_edge --features all --sim $s --k 10 --seeds 42 43 44 45 46 47 48 49 50 51; done
cornell_webkb,deepwalk,link prediction (AUC),10,42|43|44,3,centrality degree hybrid hybrid_centrality hybrid_degree original psi,7,for s in centrality degree hybrid hybrid_centrality hybrid_degree original psi; do python experiments/run_core.py --datasets cornell_webkb --task link_prediction --encoder deepwalk --features all --sim $s --k 10 --seeds 42 43 44; done
cornell_webkb,graphsage_edge,link prediction (AUC),10,42|43|44,3,centrality degree hybrid hybrid_centrality hybrid_degree original psi,7,for s in centrality degree hybrid hybrid_centrality hybrid_degree original psi; do python experiments/run_core.py --datasets cornell_webkb --task link_prediction --encoder graphsage_edge --features all --sim $s --k 10 --seeds 42 43 44; done
crocodile,gatv2_edge,link prediction (AUC),10,42|43|44,3,centrality degree hybrid hybrid_centrality hybrid_degree original psi,7,for s in centrality degree hybrid hybrid_centrality hybrid_degree original psi; do python experiments/run_core.py --datasets crocodile --task link_prediction --encoder gatv2_edge --features all --sim $s --k 10 --seeds 42 43 44; done
crocodile,graphsage_edge,link prediction (AUC),10,42|43|44,3,centrality degree hybrid hybrid_centrality hybrid_degree original psi,7,for s in centrality degree hybrid hybrid_centrality hybrid_degree original psi; do python experiments/run_core.py --datasets crocodile --task link_prediction --encoder graphsage_edge --features all --sim $s --k 10 --seeds 42 43 44; done
dblp,graphsage_edge,link prediction (AUC),10,42|43|44|45|46|47,6,centrality degree hybrid hybrid_centrality hybrid_degree original psi,7,for s in centrality degree hybrid hybrid_centrality hybrid_degree original psi; do python experiments/run_core.py --datasets dblp --task link_prediction --encoder graphsage_edge --features all --sim $s --k 10 --seeds 42 43 44 45 46 47; done
deezer_europe,deepwalk,link prediction (AUC),10,42|43|44,3,centrality degree hybrid hybrid_centrality hybrid_degree original psi,7,for s in centrality degree hybrid hybrid_centrality hybrid_degree original psi; do python experiments/run_core.py --datasets deezer_europe --task link_prediction --encoder deepwalk --features all --sim $s --k 10 --seeds 42 43 44; done
deezer_europe,gatv2_edge,link prediction (AUC),10,42|43|44,3,centrality degree hybrid hybrid_centrality hybrid_degree original psi,7,for s in centrality degree hybrid hybrid_centrality hybrid_degree original psi; do python experiments/run_core.py --datasets deezer_europe --task link_prediction --encoder gatv2_edge --features all --sim $s --k 10 --seeds 42 43 44; done
deezer_europe,graphsage_edge,link prediction (AUC),10,42|43|44,3,centrality degree hybrid hybrid_centrality hybrid_degree original psi,7,for s in centrality degree hybrid hybrid_centrality hybrid_degree original psi; do python experiments/run_core.py --datasets deezer_europe --task link_prediction --encoder graphsage_edge --features all --sim $s --k 10 --seeds 42 43 44; done
email_eu_core,graphsage_edge,link prediction (AUC),10,42|43|44|45|46|47,6,centrality degree hybrid hybrid_centrality hybrid_degree original psi,7,for s in centrality degree hybrid hybrid_centrality hybrid_degree original psi; do python experiments/run_core.py --datasets email_eu_core --task link_prediction --encoder graphsage_edge --features all --sim $s --k 10 --seeds 42 43 44 45 46 47; done
enzymes,deepwalk,link prediction (AUC),10,42|43|44,3,centrality degree hybrid hybrid_centrality hybrid_degree original psi,7,for s in centrality degree hybrid hybrid_centrality hybrid_degree original psi; do python experiments/run_core.py --datasets enzymes --task link_prediction --encoder deepwalk --features all --sim $s --k 10 --seeds 42 43 44; done
enzymes,deepwalk,node classification (weighted F1),10,42|43|44,3,centrality degree hybrid hybrid_centrality hybrid_degree original psi,7,for s in centrality degree hybrid hybrid_centrality hybrid_degree original psi; do python experiments/run_core.py --datasets enzymes --task node_classification --encoder deepwalk --features all --sim $s --k 10 --seeds 42 43 44; done
enzymes,features_only,link prediction (AUC),10,42|43|44,3,psi,1,ablation D6 (no message passing): python experiments/train_encoder.py --layers 0 ... (see notebook 3 + docs/notes.md)
enzymes,features_only,node classification (weighted F1),10,42|43|44,3,psi,1,ablation D6 (no message passing): python experiments/train_encoder.py --layers 0 ... (see notebook 3 + docs/notes.md)
enzymes,gatv2_edge,link prediction (AUC),10,42|43|44,3,centrality degree hybrid hybrid_centrality hybrid_degree original psi,7,for s in centrality degree hybrid hybrid_centrality hybrid_degree original psi; do python experiments/run_core.py --datasets enzymes --task link_prediction --encoder gatv2_edge --features all --sim $s --k 10 --seeds 42 43 44; done
enzymes,graphsage_edge,link prediction (AUC),10,42|43|44,3,psi_pqnorm psi_qnorm psi_shift,3,for s in psi_pqnorm psi_qnorm psi_shift; do python experiments/run_core.py --datasets enzymes --task link_prediction --encoder graphsage_edge --features all --sim $s --k 10 --seeds 42 43 44; done
enzymes,graphsage_edge,link prediction (AUC),10,42|43|44|45|46|47|48|49|50|51,10,centrality degree hybrid hybrid_centrality hybrid_degree original psi,7,for s in centrality degree hybrid hybrid_centrality hybrid_degree original psi; do python experiments/run_core.py --datasets enzymes --task link_prediction --encoder graphsage_edge --features all --sim $s --k 10 --seeds 42 43 44 45 46 47 48 49 50 51; done
enzymes,graphsage_edge,node classification (weighted F1),10,42|43|44,3,centrality degree hybrid hybrid_centrality hybrid_degree original psi,7,for s in centrality degree hybrid hybrid_centrality hybrid_degree original psi; do python experiments/run_core.py --datasets enzymes --task node_classification --encoder graphsage_edge --features all --sim $s --k 10 --seeds 42 43 44; done
enzymes,graphsage_edge_feat_centrality,link prediction (AUC),10,42|43|44,3,psi,1,for s in psi; do python experiments/run_core.py --datasets enzymes --task link_prediction --encoder graphsage_edge --features centrality --sim $s --k 10 --seeds 42 43 44; done
enzymes,graphsage_edge_feat_centrality,node classification (weighted F1),10,42|43|44,3,psi,1,for s in psi; do python experiments/run_core.py --datasets enzymes --task node_classification --encoder graphsage_edge --features centrality --sim $s --k 10 --seeds 42 43 44; done
enzymes,graphsage_edge_feat_clustering,link prediction (AUC),10,42|43|44,3,psi,1,for s in psi; do python experiments/run_core.py --datasets enzymes --task link_prediction --encoder graphsage_edge --features clustering --sim $s --k 10 --seeds 42 43 44; done
enzymes,graphsage_edge_feat_clustering,node classification (weighted F1),10,42|43|44,3,psi,1,for s in psi; do python experiments/run_core.py --datasets enzymes --task node_classification --encoder graphsage_edge --features clustering --sim $s --k 10 --seeds 42 43 44; done
enzymes,graphsage_edge_feat_const,link prediction (AUC),10,42|43|44,3,psi,1,for s in psi; do python experiments/run_core.py --datasets enzymes --task link_prediction --encoder graphsage_edge --features const --sim $s --k 10 --seeds 42 43 44; done
enzymes,graphsage_edge_feat_const,node classification (weighted F1),10,42|43|44,3,psi,1,for s in psi; do python experiments/run_core.py --datasets enzymes --task node_classification --encoder graphsage_edge --features const --sim $s --k 10 --seeds 42 43 44; done
enzymes,graphsage_edge_feat_deg_cent,link prediction (AUC),10,42|43|44,3,psi,1,for s in psi; do python experiments/run_core.py --datasets enzymes --task link_prediction --encoder graphsage_edge --features deg_cent --sim $s --k 10 --seeds 42 43 44; done
enzymes,graphsage_edge_feat_deg_cent,node classification (weighted F1),10,42|43|44,3,psi,1,for s in psi; do python experiments/run_core.py --datasets enzymes --task node_classification --encoder graphsage_edge --features deg_cent --sim $s --k 10 --seeds 42 43 44; done
enzymes,graphsage_edge_feat_degree,link prediction (AUC),10,42|43|44,3,psi,1,for s in psi; do python experiments/run_core.py --datasets enzymes --task link_prediction --encoder graphsage_edge --features degree --sim $s --k 10 --seeds 42 43 44; done
enzymes,graphsage_edge_feat_degree,node classification (weighted F1),10,42|43|44,3,psi,1,for s in psi; do python experiments/run_core.py --datasets enzymes --task node_classification --encoder graphsage_edge --features degree --sim $s --k 10 --seeds 42 43 44; done
enzymes,graphsage_edge_feat_psi,link prediction (AUC),10,42|43|44,3,psi,1,for s in psi; do python experiments/run_core.py --datasets enzymes --task link_prediction --encoder graphsage_edge --features psi --sim $s --k 10 --seeds 42 43 44; done
enzymes,graphsage_edge_feat_psi,node classification (weighted F1),10,42|43|44,3,psi,1,for s in psi; do python experiments/run_core.py --datasets enzymes --task node_classification --encoder graphsage_edge --features psi --sim $s --k 10 --seeds 42 43 44; done
enzymes,graphsage_edge_feat_random,link prediction (AUC),10,42|43|44,3,psi,1,for s in psi; do python experiments/run_core.py --datasets enzymes --task link_prediction --encoder graphsage_edge --features random --sim $s --k 10 --seeds 42 43 44; done
enzymes,graphsage_edge_feat_random,node classification (weighted F1),10,42|43|44,3,psi,1,for s in psi; do python experiments/run_core.py --datasets enzymes --task node_classification --encoder graphsage_edge --features random --sim $s --k 10 --seeds 42 43 44; done
escorts,graphsage_edge,link prediction (AUC),10,42|43|44,3,centrality degree hybrid hybrid_centrality hybrid_degree original psi,7,for s in centrality degree hybrid hybrid_centrality hybrid_degree original psi; do python experiments/run_core.py --datasets escorts --task link_prediction --encoder graphsage_edge --features all --sim $s --k 10 --seeds 42 43 44; done
flickr_attr,graphsage_edge,link prediction (AUC),10,42|43|44|45|46|47,6,centrality degree hybrid hybrid_centrality hybrid_degree original psi,7,for s in centrality degree hybrid hybrid_centrality hybrid_degree original psi; do python experiments/run_core.py --datasets flickr_attr --task link_prediction --encoder graphsage_edge --features all --sim $s --k 10 --seeds 42 43 44 45 46 47; done
foursquare_checkin,graphsage_edge,link prediction (AUC),10,42|43|44,3,centrality degree hybrid hybrid_centrality hybrid_degree original psi,7,for s in centrality degree hybrid hybrid_centrality hybrid_degree original psi; do python experiments/run_core.py --datasets foursquare_checkin --task link_prediction --encoder graphsage_edge --features all --sim $s --k 10 --seeds 42 43 44; done
foursquare_tips,graphsage_edge,link prediction (AUC),10,42|43|44,3,centrality degree hybrid hybrid_centrality hybrid_degree original psi,7,for s in centrality degree hybrid hybrid_centrality hybrid_degree original psi; do python experiments/run_core.py --datasets foursquare_tips --task link_prediction --encoder graphsage_edge --features all --sim $s --k 10 --seeds 42 43 44; done
genetic_fission_yeast,deepwalk,link prediction (AUC),10,42|43|44,3,centrality degree hybrid hybrid_centrality hybrid_degree original psi,7,for s in centrality degree hybrid hybrid_centrality hybrid_degree original psi; do python experiments/run_core.py --datasets genetic_fission_yeast --task link_prediction --encoder deepwalk --features all --sim $s --k 10 --seeds 42 43 44; done
genetic_fission_yeast,deepwalk,node classification (weighted F1),10,42|43|44,3,centrality degree hybrid hybrid_centrality hybrid_degree original psi,7,for s in centrality degree hybrid hybrid_centrality hybrid_degree original psi; do python experiments/run_core.py --datasets genetic_fission_yeast --task node_classification --encoder deepwalk --features all --sim $s --k 10 --seeds 42 43 44; done
genetic_fission_yeast,graphsage_edge,link prediction (AUC),10,42|43|44,3,centrality degree hybrid hybrid_centrality hybrid_degree original psi,7,for s in centrality degree hybrid hybrid_centrality hybrid_degree original psi; do python experiments/run_core.py --datasets genetic_fission_yeast --task link_prediction --encoder graphsage_edge --features all --sim $s --k 10 --seeds 42 43 44; done
genetic_fission_yeast,graphsage_edge,node classification (weighted F1),10,42|43|44,3,centrality degree hybrid hybrid_centrality hybrid_degree original psi,7,for s in centrality degree hybrid hybrid_centrality hybrid_degree original psi; do python experiments/run_core.py --datasets genetic_fission_yeast --task node_classification --encoder graphsage_edge --features all --sim $s --k 10 --seeds 42 43 44; done
genius,gatv2_edge,link prediction (AUC),10,42|43|44,3,centrality degree hybrid hybrid_centrality hybrid_degree original psi,7,for s in centrality degree hybrid hybrid_centrality hybrid_degree original psi; do python experiments/run_core.py --datasets genius --task link_prediction --encoder gatv2_edge --features all --sim $s --k 10 --seeds 42 43 44; done
genius,graphsage_edge,link prediction (AUC),10,42|43|44,3,centrality degree hybrid hybrid_centrality hybrid_degree original psi,7,for s in centrality degree hybrid hybrid_centrality hybrid_degree original psi; do python experiments/run_core.py --datasets genius --task link_prediction --encoder graphsage_edge --features all --sim $s --k 10 --seeds 42 43 44; done
github,graphsage_edge,link prediction (AUC),10,42|43|44|45|46|47,6,centrality degree hybrid hybrid_centrality hybrid_degree original psi,7,for s in centrality degree hybrid hybrid_centrality hybrid_degree original psi; do python experiments/run_core.py --datasets github --task link_prediction --encoder graphsage_edge --features all --sim $s --k 10 --seeds 42 43 44 45 46 47; done
johnshopkins55,gatv2_edge,link prediction (AUC),10,42|43|44,3,centrality degree hybrid hybrid_centrality hybrid_degree original psi,7,for s in centrality degree hybrid hybrid_centrality hybrid_degree original psi; do python experiments/run_core.py --datasets johnshopkins55 --task link_prediction --encoder gatv2_edge --features all --sim $s --k 10 --seeds 42 43 44; done
johnshopkins55,graphsage_edge,link prediction (AUC),10,42|43|44,3,psi_pqnorm psi_shift,2,for s in psi_pqnorm psi_shift; do python experiments/run_core.py --datasets johnshopkins55 --task link_prediction --encoder graphsage_edge --features all --sim $s --k 10 --seeds 42 43 44; done
johnshopkins55,graphsage_edge,link prediction (AUC),10,42|43|44|45|46|47|48|49|50|51,10,centrality degree hybrid hybrid_centrality hybrid_degree original psi,7,for s in centrality degree hybrid hybrid_centrality hybrid_degree original psi; do python experiments/run_core.py --datasets johnshopkins55 --task link_prediction --encoder graphsage_edge --features all --sim $s --k 10 --seeds 42 43 44 45 46 47 48 49 50 51; done
lastfm_asia,deepwalk,link prediction (AUC),10,42|43|44,3,centrality degree hybrid hybrid_centrality hybrid_degree original psi,7,for s in centrality degree hybrid hybrid_centrality hybrid_degree original psi; do python experiments/run_core.py --datasets lastfm_asia --task link_prediction --encoder deepwalk --features all --sim $s --k 10 --seeds 42 43 44; done
lastfm_asia,deepwalk,node classification (weighted F1),10,42|43|44,3,centrality degree hybrid original psi,5,for s in centrality degree hybrid original psi; do python experiments/run_core.py --datasets lastfm_asia --task node_classification --encoder deepwalk --features all --sim $s --k 10 --seeds 42 43 44; done
lastfm_asia,graphsage_edge,link prediction (AUC),10,42|43|44,3,psi_pqnorm psi_shift,2,for s in psi_pqnorm psi_shift; do python experiments/run_core.py --datasets lastfm_asia --task link_prediction --encoder graphsage_edge --features all --sim $s --k 10 --seeds 42 43 44; done
lastfm_asia,graphsage_edge,link prediction (AUC),10,42|43|44|45|46|47|48|49|50|51,10,centrality degree hybrid hybrid_centrality hybrid_degree original psi,7,for s in centrality degree hybrid hybrid_centrality hybrid_degree original psi; do python experiments/run_core.py --datasets lastfm_asia --task link_prediction --encoder graphsage_edge --features all --sim $s --k 10 --seeds 42 43 44 45 46 47 48 49 50 51; done
lastfm_asia,graphsage_edge,node classification (weighted F1),10,42|43|44,3,centrality degree hybrid original psi,5,for s in centrality degree hybrid original psi; do python experiments/run_core.py --datasets lastfm_asia --task node_classification --encoder graphsage_edge --features all --sim $s --k 10 --seeds 42 43 44; done
messal_shale,graphsage_edge,link prediction (AUC),10,42|43|44,3,centrality degree hybrid hybrid_centrality hybrid_degree original psi,7,for s in centrality degree hybrid hybrid_centrality hybrid_degree original psi; do python experiments/run_core.py --datasets messal_shale --task link_prediction --encoder graphsage_edge --features all --sim $s --k 10 --seeds 42 43 44; done
minesweeper,deepwalk,link prediction (AUC),10,42|43|44,3,centrality degree hybrid hybrid_centrality hybrid_degree original psi,7,for s in centrality degree hybrid hybrid_centrality hybrid_degree original psi; do python experiments/run_core.py --datasets minesweeper --task link_prediction --encoder deepwalk --features all --sim $s --k 10 --seeds 42 43 44; done
minesweeper,gatv2_edge,link prediction (AUC),10,42|43|44,3,centrality degree hybrid hybrid_centrality hybrid_degree original psi,7,for s in centrality degree hybrid hybrid_centrality hybrid_degree original psi; do python experiments/run_core.py --datasets minesweeper --task link_prediction --encoder gatv2_edge --features all --sim $s --k 10 --seeds 42 43 44; done
minesweeper,graphsage_edge,link prediction (AUC),10,42|43|44,3,psi_lambda psi_pqnorm psi_shift,3,for s in psi_lambda psi_pqnorm psi_shift; do python experiments/run_core.py --datasets minesweeper --task link_prediction --encoder graphsage_edge --features all --sim $s --k 10 --seeds 42 43 44; done
minesweeper,graphsage_edge,link prediction (AUC),10,42|43|44|45|46|47|48|49|50|51,10,centrality degree hybrid hybrid_centrality hybrid_degree original psi,7,for s in centrality degree hybrid hybrid_centrality hybrid_degree original psi; do python experiments/run_core.py --datasets minesweeper --task link_prediction --encoder graphsage_edge --features all --sim $s --k 10 --seeds 42 43 44 45 46 47 48 49 50 51; done
minesweeper,graphsage_edge,node classification (weighted F1),10,42|43|44,3,centrality degree hybrid original psi,5,for s in centrality degree hybrid original psi; do python experiments/run_core.py --datasets minesweeper --task node_classification --encoder graphsage_edge --features all --sim $s --k 10 --seeds 42 43 44; done
nematode_mammal,graphsage_edge,link prediction (AUC),10,42|43|44,3,centrality degree hybrid hybrid_centrality hybrid_degree original psi,7,for s in centrality degree hybrid hybrid_centrality hybrid_degree original psi; do python experiments/run_core.py --datasets nematode_mammal --task link_prediction --encoder graphsage_edge --features all --sim $s --k 10 --seeds 42 43 44; done
ogbl_ddi,deepwalk,link prediction (OGB official),10,42|43|44,3,centrality degree hybrid hybrid_centrality hybrid_degree original original_k psi random_k,24,for s in centrality degree hybrid hybrid_centrality hybrid_degree original original_k psi random_k; do python experiments/run_ogb.py --dataset ogbl_ddi --encoder deepwalk --features all --sim $s --k 10 --seeds 42 43 44; done; python experiments/run_ogb.py --dataset ogbl_ddi --final ...
ogbl_ddi,graphsage_edge,link prediction (OGB official),10,42|43|44,3,centrality degree hybrid hybrid_centrality hybrid_degree original original_k psi psi_pqnorm psi_shift random_k,26,for s in centrality degree hybrid hybrid_centrality hybrid_degree original original_k psi psi_pqnorm psi_shift random_k; do python experiments/run_ogb.py --dataset ogbl_ddi --encoder graphsage_edge --features all --sim $s --k 10 --seeds 42 43 44; done; python experiments/run_ogb.py --dataset ogbl_ddi --final ...
ogbl_ddi,graphsage_edge_feat_centrality,link prediction (OGB official),10,42|43|44,3,psi,1,for s in psi; do python experiments/run_ogb.py --dataset ogbl_ddi --encoder graphsage_edge --features centrality --sim $s --k 10 --seeds 42 43 44; done; python experiments/run_ogb.py --dataset ogbl_ddi --final ...
ogbl_ddi,graphsage_edge_feat_clustering,link prediction (OGB official),10,42|43|44,3,psi,1,for s in psi; do python experiments/run_ogb.py --dataset ogbl_ddi --encoder graphsage_edge --features clustering --sim $s --k 10 --seeds 42 43 44; done; python experiments/run_ogb.py --dataset ogbl_ddi --final ...
ogbl_ddi,graphsage_edge_feat_const,link prediction (OGB official),10,42|43|44,3,psi,1,for s in psi; do python experiments/run_ogb.py --dataset ogbl_ddi --encoder graphsage_edge --features const --sim $s --k 10 --seeds 42 43 44; done; python experiments/run_ogb.py --dataset ogbl_ddi --final ...
ogbl_ddi,graphsage_edge_feat_deg_cent,link prediction (OGB official),10,42|43|44,3,psi,1,for s in psi; do python experiments/run_ogb.py --dataset ogbl_ddi --encoder graphsage_edge --features deg_cent --sim $s --k 10 --seeds 42 43 44; done; python experiments/run_ogb.py --dataset ogbl_ddi --final ...
ogbl_ddi,graphsage_edge_feat_degree,link prediction (OGB official),10,42|43|44,3,psi,1,for s in psi; do python experiments/run_ogb.py --dataset ogbl_ddi --encoder graphsage_edge --features degree --sim $s --k 10 --seeds 42 43 44; done; python experiments/run_ogb.py --dataset ogbl_ddi --final ...
ogbl_ddi,graphsage_edge_feat_psi,link prediction (OGB official),10,42|43|44,3,psi,1,for s in psi; do python experiments/run_ogb.py --dataset ogbl_ddi --encoder graphsage_edge --features psi --sim $s --k 10 --seeds 42 43 44; done; python experiments/run_ogb.py --dataset ogbl_ddi --final ...
ogbl_ddi,graphsage_edge_feat_random,link prediction (OGB official),10,42|43|44,3,psi,1,for s in psi; do python experiments/run_ogb.py --dataset ogbl_ddi --encoder graphsage_edge --features random --sim $s --k 10 --seeds 42 43 44; done; python experiments/run_ogb.py --dataset ogbl_ddi --final ...
ogbn_arxiv,deepwalk,node classification (OGB official),10,42|43|44,3,centrality degree hybrid hybrid_centrality hybrid_degree original psi,22,for s in centrality degree hybrid hybrid_centrality hybrid_degree original psi; do python experiments/run_ogb.py --dataset ogbn_arxiv --encoder deepwalk --features all --sim $s --k 10 --seeds 42 43 44; done; python experiments/run_ogb.py --dataset ogbn_arxiv --final ...
ogbn_arxiv,graphsage_edge,node classification (OGB official),10,42|43|44,3,centrality degree hybrid hybrid_centrality hybrid_degree original psi psi_pqnorm psi_shift,24,for s in centrality degree hybrid hybrid_centrality hybrid_degree original psi psi_pqnorm psi_shift; do python experiments/run_ogb.py --dataset ogbn_arxiv --encoder graphsage_edge --features all --sim $s --k 10 --seeds 42 43 44; done; python experiments/run_ogb.py --dataset ogbn_arxiv --final ...
ogbn_arxiv,graphsage_edge_feat_centrality,node classification (OGB official),10,42|43|44,3,psi,3,for s in psi; do python experiments/run_ogb.py --dataset ogbn_arxiv --encoder graphsage_edge --features centrality --sim $s --k 10 --seeds 42 43 44; done; python experiments/run_ogb.py --dataset ogbn_arxiv --final ...
ogbn_arxiv,graphsage_edge_feat_clustering,node classification (OGB official),10,42|43|44,3,psi,3,for s in psi; do python experiments/run_ogb.py --dataset ogbn_arxiv --encoder graphsage_edge --features clustering --sim $s --k 10 --seeds 42 43 44; done; python experiments/run_ogb.py --dataset ogbn_arxiv --final ...
ogbn_arxiv,graphsage_edge_feat_const,node classification (OGB official),10,42|43|44,3,psi,3,for s in psi; do python experiments/run_ogb.py --dataset ogbn_arxiv --encoder graphsage_edge --features const --sim $s --k 10 --seeds 42 43 44; done; python experiments/run_ogb.py --dataset ogbn_arxiv --final ...
ogbn_arxiv,graphsage_edge_feat_deg_cent,node classification (OGB official),10,42|43|44,3,psi,3,for s in psi; do python experiments/run_ogb.py --dataset ogbn_arxiv --encoder graphsage_edge --features deg_cent --sim $s --k 10 --seeds 42 43 44; done; python experiments/run_ogb.py --dataset ogbn_arxiv --final ...
ogbn_arxiv,graphsage_edge_feat_degree,node classification (OGB official),10,42|43|44,3,psi,3,for s in psi; do python experiments/run_ogb.py --dataset ogbn_arxiv --encoder graphsage_edge --features degree --sim $s --k 10 --seeds 42 43 44; done; python experiments/run_ogb.py --dataset ogbn_arxiv --final ...
ogbn_arxiv,graphsage_edge_feat_psi,node classification (OGB official),10,42|43|44,3,psi,3,for s in psi; do python experiments/run_ogb.py --dataset ogbn_arxiv --encoder graphsage_edge --features psi --sim $s --k 10 --seeds 42 43 44; done; python experiments/run_ogb.py --dataset ogbn_arxiv --final ...
ogbn_arxiv,graphsage_edge_feat_random,node classification (OGB official),10,42|43|44,3,psi,3,for s in psi; do python experiments/run_ogb.py --dataset ogbn_arxiv --encoder graphsage_edge --features random --sim $s --k 10 --seeds 42 43 44; done; python experiments/run_ogb.py --dataset ogbn_arxiv --final ...
penn94,graphsage_edge,link prediction (AUC),10,42|43|44,3,centrality degree hybrid hybrid_centrality hybrid_degree original psi,7,for s in centrality degree hybrid hybrid_centrality hybrid_degree original psi; do python experiments/run_core.py --datasets penn94 --task link_prediction --encoder graphsage_edge --features all --sim $s --k 10 --seeds 42 43 44; done
plant_pol_kato,graphsage_edge,link prediction (AUC),10,42|43|44,3,centrality degree hybrid hybrid_centrality hybrid_degree original psi,7,for s in centrality degree hybrid hybrid_centrality hybrid_degree original psi; do python experiments/run_core.py --datasets plant_pol_kato --task link_prediction --encoder graphsage_edge --features all --sim $s --k 10 --seeds 42 43 44; done
plant_pol_robertson,graphsage_edge,link prediction (AUC),10,42|43|44,3,centrality degree hybrid hybrid_centrality hybrid_degree original psi,7,for s in centrality degree hybrid hybrid_centrality hybrid_degree original psi; do python experiments/run_core.py --datasets plant_pol_robertson --task link_prediction --encoder graphsage_edge --features all --sim $s --k 10 --seeds 42 43 44; done
polblogs,graphsage_edge,link prediction (AUC),10,42|43|44|45|46|47,6,centrality degree hybrid hybrid_centrality hybrid_degree original psi,7,for s in centrality degree hybrid hybrid_centrality hybrid_degree original psi; do python experiments/run_core.py --datasets polblogs --task link_prediction --encoder graphsage_edge --features all --sim $s --k 10 --seeds 42 43 44 45 46 47; done
ppi_fly,deepwalk,link prediction (AUC),10,42|43|44,3,centrality degree hybrid hybrid_centrality hybrid_degree original psi,7,for s in centrality degree hybrid hybrid_centrality hybrid_degree original psi; do python experiments/run_core.py --datasets ppi_fly --task link_prediction --encoder deepwalk --features all --sim $s --k 10 --seeds 42 43 44; done
ppi_fly,deepwalk,node classification (weighted F1),10,42|43|44,3,centrality degree hybrid hybrid_centrality hybrid_degree original psi,7,for s in centrality degree hybrid hybrid_centrality hybrid_degree original psi; do python experiments/run_core.py --datasets ppi_fly --task node_classification --encoder deepwalk --features all --sim $s --k 10 --seeds 42 43 44; done
ppi_fly,graphsage_edge,link prediction (AUC),10,42|43|44,3,centrality degree hybrid hybrid_centrality hybrid_degree original psi,7,for s in centrality degree hybrid hybrid_centrality hybrid_degree original psi; do python experiments/run_core.py --datasets ppi_fly --task link_prediction --encoder graphsage_edge --features all --sim $s --k 10 --seeds 42 43 44; done
ppi_fly,graphsage_edge,node classification (weighted F1),10,42|43|44,3,centrality degree hybrid hybrid_centrality hybrid_degree original psi,7,for s in centrality degree hybrid hybrid_centrality hybrid_degree original psi; do python experiments/run_core.py --datasets ppi_fly --task node_classification --encoder graphsage_edge --features all --sim $s --k 10 --seeds 42 43 44; done
ppi_human,deepwalk,link prediction (AUC),10,42|43|44,3,centrality degree hybrid hybrid_centrality hybrid_degree original psi,7,for s in centrality degree hybrid hybrid_centrality hybrid_degree original psi; do python experiments/run_core.py --datasets ppi_human --task link_prediction --encoder deepwalk --features all --sim $s --k 10 --seeds 42 43 44; done
ppi_human,deepwalk,node classification (weighted F1),10,42|43|44,3,centrality degree hybrid hybrid_centrality hybrid_degree original psi,7,for s in centrality degree hybrid hybrid_centrality hybrid_degree original psi; do python experiments/run_core.py --datasets ppi_human --task node_classification --encoder deepwalk --features all --sim $s --k 10 --seeds 42 43 44; done
ppi_human,graphsage_edge,link prediction (AUC),10,42|43|44,3,centrality degree hybrid hybrid_centrality hybrid_degree original psi,7,for s in centrality degree hybrid hybrid_centrality hybrid_degree original psi; do python experiments/run_core.py --datasets ppi_human --task link_prediction --encoder graphsage_edge --features all --sim $s --k 10 --seeds 42 43 44; done
ppi_human,graphsage_edge,node classification (weighted F1),10,42|43|44,3,centrality degree hybrid hybrid_centrality hybrid_degree original psi,7,for s in centrality degree hybrid hybrid_centrality hybrid_degree original psi; do python experiments/run_core.py --datasets ppi_human --task node_classification --encoder graphsage_edge --features all --sim $s --k 10 --seeds 42 43 44; done
ppi_mouse,graphsage_edge,link prediction (AUC),10,42|43|44,3,centrality degree hybrid hybrid_centrality hybrid_degree original psi,7,for s in centrality degree hybrid hybrid_centrality hybrid_degree original psi; do python experiments/run_core.py --datasets ppi_mouse --task link_prediction --encoder graphsage_edge --features all --sim $s --k 10 --seeds 42 43 44; done
ppi_rat,graphsage_edge,link prediction (AUC),10,42|43|44,3,centrality degree hybrid hybrid_centrality hybrid_degree original psi psi_lambda psi_pqnorm psi_shift,10,for s in centrality degree hybrid hybrid_centrality hybrid_degree original psi psi_lambda psi_pqnorm psi_shift; do python experiments/run_core.py --datasets ppi_rat --task link_prediction --encoder graphsage_edge --features all --sim $s --k 10 --seeds 42 43 44; done
ppi_yeast,deepwalk,link prediction (AUC),10,42|43|44,3,centrality degree hybrid hybrid_centrality hybrid_degree original psi,7,for s in centrality degree hybrid hybrid_centrality hybrid_degree original psi; do python experiments/run_core.py --datasets ppi_yeast --task link_prediction --encoder deepwalk --features all --sim $s --k 10 --seeds 42 43 44; done
ppi_yeast,deepwalk,node classification (weighted F1),10,42|43|44,3,centrality degree hybrid hybrid_centrality hybrid_degree original psi,7,for s in centrality degree hybrid hybrid_centrality hybrid_degree original psi; do python experiments/run_core.py --datasets ppi_yeast --task node_classification --encoder deepwalk --features all --sim $s --k 10 --seeds 42 43 44; done
ppi_yeast,graphsage_edge,link prediction (AUC),10,42|43|44,3,centrality degree hybrid hybrid_centrality hybrid_degree original psi,7,for s in centrality degree hybrid hybrid_centrality hybrid_degree original psi; do python experiments/run_core.py --datasets ppi_yeast --task link_prediction --encoder graphsage_edge --features all --sim $s --k 10 --seeds 42 43 44; done
ppi_yeast,graphsage_edge,node classification (weighted F1),10,42|43|44,3,centrality degree hybrid hybrid_centrality hybrid_degree original psi,7,for s in centrality degree hybrid hybrid_centrality hybrid_degree original psi; do python experiments/run_core.py --datasets ppi_yeast --task node_classification --encoder graphsage_edge --features all --sim $s --k 10 --seeds 42 43 44; done
proteins,deepwalk,link prediction (AUC),10,42|43|44,3,centrality degree hybrid hybrid_centrality hybrid_degree original psi,7,for s in centrality degree hybrid hybrid_centrality hybrid_degree original psi; do python experiments/run_core.py --datasets proteins --task link_prediction --encoder deepwalk --features all --sim $s --k 10 --seeds 42 43 44; done
proteins,deepwalk,node classification (weighted F1),10,42|43|44,3,centrality degree hybrid original psi,5,for s in centrality degree hybrid original psi; do python experiments/run_core.py --datasets proteins --task node_classification --encoder deepwalk --features all --sim $s --k 10 --seeds 42 43 44; done
proteins,features_only,link prediction (AUC),10,42|43|44,3,psi,1,ablation D6 (no message passing): python experiments/train_encoder.py --layers 0 ... (see notebook 3 + docs/notes.md)
proteins,features_only,node classification (weighted F1),10,42|43|44,3,psi,1,ablation D6 (no message passing): python experiments/train_encoder.py --layers 0 ... (see notebook 3 + docs/notes.md)
proteins,gatv2_edge,link prediction (AUC),10,42|43|44,3,centrality degree hybrid hybrid_centrality hybrid_degree original psi,7,for s in centrality degree hybrid hybrid_centrality hybrid_degree original psi; do python experiments/run_core.py --datasets proteins --task link_prediction --encoder gatv2_edge --features all --sim $s --k 10 --seeds 42 43 44; done
proteins,graphsage_edge,link prediction (AUC),10,42|43|44,3,psi_pqnorm psi_shift,2,for s in psi_pqnorm psi_shift; do python experiments/run_core.py --datasets proteins --task link_prediction --encoder graphsage_edge --features all --sim $s --k 10 --seeds 42 43 44; done
proteins,graphsage_edge,link prediction (AUC),10,42|43|44|45|46|47|48|49|50|51,10,centrality degree hybrid hybrid_centrality hybrid_degree original psi,7,for s in centrality degree hybrid hybrid_centrality hybrid_degree original psi; do python experiments/run_core.py --datasets proteins --task link_prediction --encoder graphsage_edge --features all --sim $s --k 10 --seeds 42 43 44 45 46 47 48 49 50 51; done
proteins,graphsage_edge,node classification (weighted F1),10,42|43|44,3,centrality degree hybrid original psi,5,for s in centrality degree hybrid original psi; do python experiments/run_core.py --datasets proteins --task node_classification --encoder graphsage_edge --features all --sim $s --k 10 --seeds 42 43 44; done
proteins,graphsage_edge_feat_centrality,link prediction (AUC),10,42|43|44,3,psi,1,for s in psi; do python experiments/run_core.py --datasets proteins --task link_prediction --encoder graphsage_edge --features centrality --sim $s --k 10 --seeds 42 43 44; done
proteins,graphsage_edge_feat_centrality,node classification (weighted F1),10,42|43|44,3,psi,1,for s in psi; do python experiments/run_core.py --datasets proteins --task node_classification --encoder graphsage_edge --features centrality --sim $s --k 10 --seeds 42 43 44; done
proteins,graphsage_edge_feat_clustering,link prediction (AUC),10,42|43|44,3,psi,1,for s in psi; do python experiments/run_core.py --datasets proteins --task link_prediction --encoder graphsage_edge --features clustering --sim $s --k 10 --seeds 42 43 44; done
proteins,graphsage_edge_feat_clustering,node classification (weighted F1),10,42|43|44,3,psi,1,for s in psi; do python experiments/run_core.py --datasets proteins --task node_classification --encoder graphsage_edge --features clustering --sim $s --k 10 --seeds 42 43 44; done
proteins,graphsage_edge_feat_const,link prediction (AUC),10,42|43|44,3,psi,1,for s in psi; do python experiments/run_core.py --datasets proteins --task link_prediction --encoder graphsage_edge --features const --sim $s --k 10 --seeds 42 43 44; done
proteins,graphsage_edge_feat_const,node classification (weighted F1),10,42|43|44,3,psi,1,for s in psi; do python experiments/run_core.py --datasets proteins --task node_classification --encoder graphsage_edge --features const --sim $s --k 10 --seeds 42 43 44; done
proteins,graphsage_edge_feat_deg_cent,link prediction (AUC),10,42|43|44,3,psi,1,for s in psi; do python experiments/run_core.py --datasets proteins --task link_prediction --encoder graphsage_edge --features deg_cent --sim $s --k 10 --seeds 42 43 44; done
proteins,graphsage_edge_feat_deg_cent,node classification (weighted F1),10,42|43|44,3,psi,1,for s in psi; do python experiments/run_core.py --datasets proteins --task node_classification --encoder graphsage_edge --features deg_cent --sim $s --k 10 --seeds 42 43 44; done
proteins,graphsage_edge_feat_degree,link prediction (AUC),10,42|43|44,3,psi,1,for s in psi; do python experiments/run_core.py --datasets proteins --task link_prediction --encoder graphsage_edge --features degree --sim $s --k 10 --seeds 42 43 44; done
proteins,graphsage_edge_feat_degree,node classification (weighted F1),10,42|43|44,3,psi,1,for s in psi; do python experiments/run_core.py --datasets proteins --task node_classification --encoder graphsage_edge --features degree --sim $s --k 10 --seeds 42 43 44; done
proteins,graphsage_edge_feat_psi,link prediction (AUC),10,42|43|44,3,psi,1,for s in psi; do python experiments/run_core.py --datasets proteins --task link_prediction --encoder graphsage_edge --features psi --sim $s --k 10 --seeds 42 43 44; done
proteins,graphsage_edge_feat_psi,node classification (weighted F1),10,42|43|44,3,psi,1,for s in psi; do python experiments/run_core.py --datasets proteins --task node_classification --encoder graphsage_edge --features psi --sim $s --k 10 --seeds 42 43 44; done
proteins,graphsage_edge_feat_random,link prediction (AUC),10,42|43|44,3,psi,1,for s in psi; do python experiments/run_core.py --datasets proteins --task link_prediction --encoder graphsage_edge --features random --sim $s --k 10 --seeds 42 43 44; done
proteins,graphsage_edge_feat_random,node classification (weighted F1),10,42|43|44,3,psi,1,for s in psi; do python experiments/run_core.py --datasets proteins --task node_classification --encoder graphsage_edge --features random --sim $s --k 10 --seeds 42 43 44; done
pubmed,deepwalk,link prediction (AUC),10,42|43|44,3,centrality degree hybrid hybrid_centrality hybrid_degree original psi,7,for s in centrality degree hybrid hybrid_centrality hybrid_degree original psi; do python experiments/run_core.py --datasets pubmed --task link_prediction --encoder deepwalk --features all --sim $s --k 10 --seeds 42 43 44; done
pubmed,deepwalk,node classification (weighted F1),10,42|43|44,3,centrality degree hybrid hybrid_centrality hybrid_degree original psi,7,for s in centrality degree hybrid hybrid_centrality hybrid_degree original psi; do python experiments/run_core.py --datasets pubmed --task node_classification --encoder deepwalk --features all --sim $s --k 10 --seeds 42 43 44; done
pubmed,gatv2_edge,link prediction (AUC),10,42|43|44,3,centrality degree hybrid hybrid_centrality hybrid_degree original psi,7,for s in centrality degree hybrid hybrid_centrality hybrid_degree original psi; do python experiments/run_core.py --datasets pubmed --task link_prediction --encoder gatv2_edge --features all --sim $s --k 10 --seeds 42 43 44; done
pubmed,graphsage_edge,link prediction (AUC),10,42|43|44,3,psi_pqnorm psi_shift,2,for s in psi_pqnorm psi_shift; do python experiments/run_core.py --datasets pubmed --task link_prediction --encoder graphsage_edge --features all --sim $s --k 10 --seeds 42 43 44; done
pubmed,graphsage_edge,link prediction (AUC),10,42|43|44|45|46|47|48|49|50|51,10,centrality degree hybrid hybrid_centrality hybrid_degree original psi,7,for s in centrality degree hybrid hybrid_centrality hybrid_degree original psi; do python experiments/run_core.py --datasets pubmed --task link_prediction --encoder graphsage_edge --features all --sim $s --k 10 --seeds 42 43 44 45 46 47 48 49 50 51; done
pubmed,graphsage_edge,node classification (weighted F1),10,42|43|44,3,centrality degree hybrid hybrid_centrality hybrid_degree original psi,7,for s in centrality degree hybrid hybrid_centrality hybrid_degree original psi; do python experiments/run_core.py --datasets pubmed --task node_classification --encoder graphsage_edge --features all --sim $s --k 10 --seeds 42 43 44; done
questions,deepwalk,link prediction (AUC),10,42|43|44,3,centrality degree hybrid hybrid_centrality hybrid_degree original psi,7,for s in centrality degree hybrid hybrid_centrality hybrid_degree original psi; do python experiments/run_core.py --datasets questions --task link_prediction --encoder deepwalk --features all --sim $s --k 10 --seeds 42 43 44; done
questions,deepwalk,node classification (weighted F1),10,42|43|44,3,centrality degree hybrid hybrid_centrality hybrid_degree original psi,7,for s in centrality degree hybrid hybrid_centrality hybrid_degree original psi; do python experiments/run_core.py --datasets questions --task node_classification --encoder deepwalk --features all --sim $s --k 10 --seeds 42 43 44; done
questions,gatv2_edge,link prediction (AUC),10,42|43|44,3,centrality degree hybrid hybrid_centrality hybrid_degree original psi,7,for s in centrality degree hybrid hybrid_centrality hybrid_degree original psi; do python experiments/run_core.py --datasets questions --task link_prediction --encoder gatv2_edge --features all --sim $s --k 10 --seeds 42 43 44; done
questions,graphsage_edge,link prediction (AUC),10,42|43|44,3,psi_pqnorm psi_shift,2,for s in psi_pqnorm psi_shift; do python experiments/run_core.py --datasets questions --task link_prediction --encoder graphsage_edge --features all --sim $s --k 10 --seeds 42 43 44; done
questions,graphsage_edge,link prediction (AUC),10,42|43|44|45|46|47|48|49|50|51,10,centrality degree hybrid hybrid_centrality hybrid_degree original psi,7,for s in centrality degree hybrid hybrid_centrality hybrid_degree original psi; do python experiments/run_core.py --datasets questions --task link_prediction --encoder graphsage_edge --features all --sim $s --k 10 --seeds 42 43 44 45 46 47 48 49 50 51; done
questions,graphsage_edge,node classification (weighted F1),10,42|43|44,3,centrality degree hybrid hybrid_centrality hybrid_degree original psi,7,for s in centrality degree hybrid hybrid_centrality hybrid_degree original psi; do python experiments/run_core.py --datasets questions --task node_classification --encoder graphsage_edge --features all --sim $s --k 10 --seeds 42 43 44; done
questions,graphsage_edge_feat_centrality,link prediction (AUC),10,42|43|44,3,psi,1,for s in psi; do python experiments/run_core.py --datasets questions --task link_prediction --encoder graphsage_edge --features centrality --sim $s --k 10 --seeds 42 43 44; done
questions,graphsage_edge_feat_centrality,node classification (weighted F1),10,42|43|44,3,psi,1,for s in psi; do python experiments/run_core.py --datasets questions --task node_classification --encoder graphsage_edge --features centrality --sim $s --k 10 --seeds 42 43 44; done
questions,graphsage_edge_feat_clustering,link prediction (AUC),10,42|43|44,3,psi,1,for s in psi; do python experiments/run_core.py --datasets questions --task link_prediction --encoder graphsage_edge --features clustering --sim $s --k 10 --seeds 42 43 44; done
questions,graphsage_edge_feat_clustering,node classification (weighted F1),10,42|43|44,3,psi,1,for s in psi; do python experiments/run_core.py --datasets questions --task node_classification --encoder graphsage_edge --features clustering --sim $s --k 10 --seeds 42 43 44; done
questions,graphsage_edge_feat_const,link prediction (AUC),10,42|43|44,3,psi,1,for s in psi; do python experiments/run_core.py --datasets questions --task link_prediction --encoder graphsage_edge --features const --sim $s --k 10 --seeds 42 43 44; done
questions,graphsage_edge_feat_const,node classification (weighted F1),10,42|43|44,3,psi,1,for s in psi; do python experiments/run_core.py --datasets questions --task node_classification --encoder graphsage_edge --features const --sim $s --k 10 --seeds 42 43 44; done
questions,graphsage_edge_feat_deg_cent,link prediction (AUC),10,42|43|44,3,psi,1,for s in psi; do python experiments/run_core.py --datasets questions --task link_prediction --encoder graphsage_edge --features deg_cent --sim $s --k 10 --seeds 42 43 44; done
questions,graphsage_edge_feat_deg_cent,node classification (weighted F1),10,42|43|44,3,psi,1,for s in psi; do python experiments/run_core.py --datasets questions --task node_classification --encoder graphsage_edge --features deg_cent --sim $s --k 10 --seeds 42 43 44; done
questions,graphsage_edge_feat_degree,link prediction (AUC),10,42|43|44,3,psi,1,for s in psi; do python experiments/run_core.py --datasets questions --task link_prediction --encoder graphsage_edge --features degree --sim $s --k 10 --seeds 42 43 44; done
questions,graphsage_edge_feat_degree,node classification (weighted F1),10,42|43|44,3,psi,1,for s in psi; do python experiments/run_core.py --datasets questions --task node_classification --encoder graphsage_edge --features degree --sim $s --k 10 --seeds 42 43 44; done
questions,graphsage_edge_feat_psi,link prediction (AUC),10,42|43|44,3,psi,1,for s in psi; do python experiments/run_core.py --datasets questions --task link_prediction --encoder graphsage_edge --features psi --sim $s --k 10 --seeds 42 43 44; done
questions,graphsage_edge_feat_psi,node classification (weighted F1),10,42|43|44,3,psi,1,for s in psi; do python experiments/run_core.py --datasets questions --task node_classification --encoder graphsage_edge --features psi --sim $s --k 10 --seeds 42 43 44; done
questions,graphsage_edge_feat_random,link prediction (AUC),10,42|43|44,3,psi,1,for s in psi; do python experiments/run_core.py --datasets questions --task link_prediction --encoder graphsage_edge --features random --sim $s --k 10 --seeds 42 43 44; done
questions,graphsage_edge_feat_random,node classification (weighted F1),10,42|43|44,3,psi,1,for s in psi; do python experiments/run_core.py --datasets questions --task node_classification --encoder graphsage_edge --features random --sim $s --k 10 --seeds 42 43 44; done
reed98,gatv2_edge,link prediction (AUC),10,42|43|44,3,centrality degree hybrid hybrid_centrality hybrid_degree original psi,7,for s in centrality degree hybrid hybrid_centrality hybrid_degree original psi; do python experiments/run_core.py --datasets reed98 --task link_prediction --encoder gatv2_edge --features all --sim $s --k 10 --seeds 42 43 44; done
reed98,graphsage_edge,link prediction (AUC),10,42|43|44,3,psi_pqnorm psi_shift,2,for s in psi_pqnorm psi_shift; do python experiments/run_core.py --datasets reed98 --task link_prediction --encoder graphsage_edge --features all --sim $s --k 10 --seeds 42 43 44; done
reed98,graphsage_edge,link prediction (AUC),10,42|43|44|45|46|47|48|49|50|51,10,centrality degree hybrid original psi,5,for s in centrality degree hybrid original psi; do python experiments/run_core.py --datasets reed98 --task link_prediction --encoder graphsage_edge --features all --sim $s --k 10 --seeds 42 43 44 45 46 47 48 49 50 51; done
roman_empire,deepwalk,link prediction (AUC),10,42|43|44,3,centrality degree hybrid hybrid_centrality hybrid_degree original psi,7,for s in centrality degree hybrid hybrid_centrality hybrid_degree original psi; do python experiments/run_core.py --datasets roman_empire --task link_prediction --encoder deepwalk --features all --sim $s --k 10 --seeds 42 43 44; done
roman_empire,deepwalk,node classification (weighted F1),10,42|43|44,3,centrality degree hybrid hybrid_centrality hybrid_degree original psi,7,for s in centrality degree hybrid hybrid_centrality hybrid_degree original psi; do python experiments/run_core.py --datasets roman_empire --task node_classification --encoder deepwalk --features all --sim $s --k 10 --seeds 42 43 44; done
roman_empire,gatv2_edge,link prediction (AUC),10,42|43|44,3,centrality degree hybrid hybrid_centrality hybrid_degree original psi,7,for s in centrality degree hybrid hybrid_centrality hybrid_degree original psi; do python experiments/run_core.py --datasets roman_empire --task link_prediction --encoder gatv2_edge --features all --sim $s --k 10 --seeds 42 43 44; done
roman_empire,graphsage_edge,link prediction (AUC),10,42|43|44,3,psi_lambda psi_pqnorm psi_qnorm psi_shift,4,for s in psi_lambda psi_pqnorm psi_qnorm psi_shift; do python experiments/run_core.py --datasets roman_empire --task link_prediction --encoder graphsage_edge --features all --sim $s --k 10 --seeds 42 43 44; done
roman_empire,graphsage_edge,link prediction (AUC),10,42|43|44|45|46|47|48|49|50|51,10,centrality degree hybrid hybrid_centrality hybrid_degree original psi,7,for s in centrality degree hybrid hybrid_centrality hybrid_degree original psi; do python experiments/run_core.py --datasets roman_empire --task link_prediction --encoder graphsage_edge --features all --sim $s --k 10 --seeds 42 43 44 45 46 47 48 49 50 51; done
roman_empire,graphsage_edge,node classification (weighted F1),10,42|43|44,3,centrality degree hybrid hybrid_centrality hybrid_degree original psi,7,for s in centrality degree hybrid hybrid_centrality hybrid_degree original psi; do python experiments/run_core.py --datasets roman_empire --task node_classification --encoder graphsage_edge --features all --sim $s --k 10 --seeds 42 43 44; done
roman_empire,graphsage_edge_feat_centrality,link prediction (AUC),10,42|43|44,3,psi,1,for s in psi; do python experiments/run_core.py --datasets roman_empire --task link_prediction --encoder graphsage_edge --features centrality --sim $s --k 10 --seeds 42 43 44; done
roman_empire,graphsage_edge_feat_centrality,node classification (weighted F1),10,42|43|44,3,psi,1,for s in psi; do python experiments/run_core.py --datasets roman_empire --task node_classification --encoder graphsage_edge --features centrality --sim $s --k 10 --seeds 42 43 44; done
roman_empire,graphsage_edge_feat_clustering,link prediction (AUC),10,42|43|44,3,psi,1,for s in psi; do python experiments/run_core.py --datasets roman_empire --task link_prediction --encoder graphsage_edge --features clustering --sim $s --k 10 --seeds 42 43 44; done
roman_empire,graphsage_edge_feat_clustering,node classification (weighted F1),10,42|43|44,3,psi,1,for s in psi; do python experiments/run_core.py --datasets roman_empire --task node_classification --encoder graphsage_edge --features clustering --sim $s --k 10 --seeds 42 43 44; done
roman_empire,graphsage_edge_feat_const,link prediction (AUC),10,42|43|44,3,psi,1,for s in psi; do python experiments/run_core.py --datasets roman_empire --task link_prediction --encoder graphsage_edge --features const --sim $s --k 10 --seeds 42 43 44; done
roman_empire,graphsage_edge_feat_const,node classification (weighted F1),10,42|43|44,3,psi,1,for s in psi; do python experiments/run_core.py --datasets roman_empire --task node_classification --encoder graphsage_edge --features const --sim $s --k 10 --seeds 42 43 44; done
roman_empire,graphsage_edge_feat_deg_cent,link prediction (AUC),10,42|43|44,3,psi,1,for s in psi; do python experiments/run_core.py --datasets roman_empire --task link_prediction --encoder graphsage_edge --features deg_cent --sim $s --k 10 --seeds 42 43 44; done
roman_empire,graphsage_edge_feat_deg_cent,node classification (weighted F1),10,42|43|44,3,psi,1,for s in psi; do python experiments/run_core.py --datasets roman_empire --task node_classification --encoder graphsage_edge --features deg_cent --sim $s --k 10 --seeds 42 43 44; done
roman_empire,graphsage_edge_feat_degree,link prediction (AUC),10,42|43|44,3,psi,1,for s in psi; do python experiments/run_core.py --datasets roman_empire --task link_prediction --encoder graphsage_edge --features degree --sim $s --k 10 --seeds 42 43 44; done
roman_empire,graphsage_edge_feat_degree,node classification (weighted F1),10,42|43|44,3,psi,1,for s in psi; do python experiments/run_core.py --datasets roman_empire --task node_classification --encoder graphsage_edge --features degree --sim $s --k 10 --seeds 42 43 44; done
roman_empire,graphsage_edge_feat_psi,link prediction (AUC),10,42|43|44,3,psi,1,for s in psi; do python experiments/run_core.py --datasets roman_empire --task link_prediction --encoder graphsage_edge --features psi --sim $s --k 10 --seeds 42 43 44; done
roman_empire,graphsage_edge_feat_psi,node classification (weighted F1),10,42|43|44,3,psi,1,for s in psi; do python experiments/run_core.py --datasets roman_empire --task node_classification --encoder graphsage_edge --features psi --sim $s --k 10 --seeds 42 43 44; done
roman_empire,graphsage_edge_feat_random,link prediction (AUC),10,42|43|44,3,psi,1,for s in psi; do python experiments/run_core.py --datasets roman_empire --task link_prediction --encoder graphsage_edge --features random --sim $s --k 10 --seeds 42 43 44; done
roman_empire,graphsage_edge_feat_random,node classification (weighted F1),10,42|43|44,3,psi,1,for s in psi; do python experiments/run_core.py --datasets roman_empire --task node_classification --encoder graphsage_edge --features random --sim $s --k 10 --seeds 42 43 44; done
spanish_highschool_6,deepwalk,link prediction (AUC),10,42|43|44,3,centrality degree original psi,4,for s in centrality degree original psi; do python experiments/run_core.py --datasets spanish_highschool_6 --task link_prediction --encoder deepwalk --features all --sim $s --k 10 --seeds 42 43 44; done
spanish_highschool_6,deepwalk,node classification (weighted F1),10,42|43|44,3,centrality degree hybrid hybrid_centrality hybrid_degree original psi,7,for s in centrality degree hybrid hybrid_centrality hybrid_degree original psi; do python experiments/run_core.py --datasets spanish_highschool_6 --task node_classification --encoder deepwalk --features all --sim $s --k 10 --seeds 42 43 44; done
spanish_highschool_6,graphsage_edge,link prediction (AUC),10,42|43|44,3,centrality degree hybrid original psi,5,for s in centrality degree hybrid original psi; do python experiments/run_core.py --datasets spanish_highschool_6 --task link_prediction --encoder graphsage_edge --features all --sim $s --k 10 --seeds 42 43 44; done
spanish_highschool_6,graphsage_edge,node classification (weighted F1),10,42|43|44,3,centrality degree hybrid hybrid_centrality hybrid_degree original psi,7,for s in centrality degree hybrid hybrid_centrality hybrid_degree original psi; do python experiments/run_core.py --datasets spanish_highschool_6 --task node_classification --encoder graphsage_edge --features all --sim $s --k 10 --seeds 42 43 44; done
squirrel,graphsage_edge,link prediction (AUC),10,42|43|44|45|46|47,6,centrality degree hybrid hybrid_centrality hybrid_degree original psi,7,for s in centrality degree hybrid hybrid_centrality hybrid_degree original psi; do python experiments/run_core.py --datasets squirrel --task link_prediction --encoder graphsage_edge --features all --sim $s --k 10 --seeds 42 43 44 45 46 47; done
squirrel_filtered,deepwalk,link prediction (AUC),10,42|43|44,3,centrality degree hybrid hybrid_centrality hybrid_degree original psi,7,for s in centrality degree hybrid hybrid_centrality hybrid_degree original psi; do python experiments/run_core.py --datasets squirrel_filtered --task link_prediction --encoder deepwalk --features all --sim $s --k 10 --seeds 42 43 44; done
squirrel_filtered,deepwalk,node classification (weighted F1),10,42|43|44,3,centrality degree hybrid hybrid_centrality hybrid_degree original psi,7,for s in centrality degree hybrid hybrid_centrality hybrid_degree original psi; do python experiments/run_core.py --datasets squirrel_filtered --task node_classification --encoder deepwalk --features all --sim $s --k 10 --seeds 42 43 44; done
squirrel_filtered,gatv2_edge,link prediction (AUC),10,42|43|44,3,centrality degree hybrid hybrid_centrality hybrid_degree original psi,7,for s in centrality degree hybrid hybrid_centrality hybrid_degree original psi; do python experiments/run_core.py --datasets squirrel_filtered --task link_prediction --encoder gatv2_edge --features all --sim $s --k 10 --seeds 42 43 44; done
squirrel_filtered,graphsage_edge,link prediction (AUC),10,42|43|44,3,psi_pqnorm psi_shift psi_w_deg psi_w_delta psi_w_ev,5,for s in psi_pqnorm psi_shift psi_w_deg psi_w_delta psi_w_ev; do python experiments/run_core.py --datasets squirrel_filtered --task link_prediction --encoder graphsage_edge --features all --sim $s --k 10 --seeds 42 43 44; done
squirrel_filtered,graphsage_edge,link prediction (AUC),10,42|43|44|45|46|47|48|49|50|51,10,centrality degree hybrid hybrid_centrality hybrid_degree original psi,7,for s in centrality degree hybrid hybrid_centrality hybrid_degree original psi; do python experiments/run_core.py --datasets squirrel_filtered --task link_prediction --encoder graphsage_edge --features all --sim $s --k 10 --seeds 42 43 44 45 46 47 48 49 50 51; done
squirrel_filtered,graphsage_edge,node classification (weighted F1),10,42|43|44,3,centrality degree hybrid hybrid_centrality hybrid_degree original psi psi_pqnorm psi_shift,9,for s in centrality degree hybrid hybrid_centrality hybrid_degree original psi psi_pqnorm psi_shift; do python experiments/run_core.py --datasets squirrel_filtered --task node_classification --encoder graphsage_edge --features all --sim $s --k 10 --seeds 42 43 44; done
texas,graphsage_edge,link prediction (AUC),10,42|43|44,3,centrality degree hybrid_centrality hybrid_degree original psi psi_pqnorm psi_shift,8,for s in centrality degree hybrid_centrality hybrid_degree original psi psi_pqnorm psi_shift; do python experiments/run_core.py --datasets texas --task link_prediction --encoder graphsage_edge --features all --sim $s --k 10 --seeds 42 43 44; done
tolokers,deepwalk,link prediction (AUC),10,42|43|44,3,centrality degree hybrid hybrid_centrality hybrid_degree original psi,7,for s in centrality degree hybrid hybrid_centrality hybrid_degree original psi; do python experiments/run_core.py --datasets tolokers --task link_prediction --encoder deepwalk --features all --sim $s --k 10 --seeds 42 43 44; done
tolokers,deepwalk,node classification (weighted F1),10,42|43|44,3,centrality degree hybrid hybrid_centrality hybrid_degree original psi,7,for s in centrality degree hybrid hybrid_centrality hybrid_degree original psi; do python experiments/run_core.py --datasets tolokers --task node_classification --encoder deepwalk --features all --sim $s --k 10 --seeds 42 43 44; done
tolokers,gatv2_edge,link prediction (AUC),10,42|43|44,3,centrality degree hybrid hybrid_centrality hybrid_degree original psi,7,for s in centrality degree hybrid hybrid_centrality hybrid_degree original psi; do python experiments/run_core.py --datasets tolokers --task link_prediction --encoder gatv2_edge --features all --sim $s --k 10 --seeds 42 43 44; done
tolokers,graphsage_edge,link prediction (AUC),10,42|43|44,3,psi_pqnorm psi_shift,2,for s in psi_pqnorm psi_shift; do python experiments/run_core.py --datasets tolokers --task link_prediction --encoder graphsage_edge --features all --sim $s --k 10 --seeds 42 43 44; done
tolokers,graphsage_edge,link prediction (AUC),10,42|43|44|45|46|47|48|49|50|51,10,centrality degree hybrid hybrid_centrality hybrid_degree original psi,7,for s in centrality degree hybrid hybrid_centrality hybrid_degree original psi; do python experiments/run_core.py --datasets tolokers --task link_prediction --encoder graphsage_edge --features all --sim $s --k 10 --seeds 42 43 44 45 46 47 48 49 50 51; done
tolokers,graphsage_edge,node classification (weighted F1),10,42|43|44,3,centrality degree hybrid hybrid_centrality hybrid_degree original psi,7,for s in centrality degree hybrid hybrid_centrality hybrid_degree original psi; do python experiments/run_core.py --datasets tolokers --task node_classification --encoder graphsage_edge --features all --sim $s --k 10 --seeds 42 43 44; done
tolokers,graphsage_edge_feat_centrality,link prediction (AUC),10,42|43|44,3,psi,1,for s in psi; do python experiments/run_core.py --datasets tolokers --task link_prediction --encoder graphsage_edge --features centrality --sim $s --k 10 --seeds 42 43 44; done
tolokers,graphsage_edge_feat_centrality,node classification (weighted F1),10,42|43|44,3,psi,1,for s in psi; do python experiments/run_core.py --datasets tolokers --task node_classification --encoder graphsage_edge --features centrality --sim $s --k 10 --seeds 42 43 44; done
tolokers,graphsage_edge_feat_clustering,link prediction (AUC),10,42|43|44,3,psi,1,for s in psi; do python experiments/run_core.py --datasets tolokers --task link_prediction --encoder graphsage_edge --features clustering --sim $s --k 10 --seeds 42 43 44; done
tolokers,graphsage_edge_feat_clustering,node classification (weighted F1),10,42|43|44,3,psi,1,for s in psi; do python experiments/run_core.py --datasets tolokers --task node_classification --encoder graphsage_edge --features clustering --sim $s --k 10 --seeds 42 43 44; done
tolokers,graphsage_edge_feat_const,link prediction (AUC),10,42|43|44,3,psi,1,for s in psi; do python experiments/run_core.py --datasets tolokers --task link_prediction --encoder graphsage_edge --features const --sim $s --k 10 --seeds 42 43 44; done
tolokers,graphsage_edge_feat_const,node classification (weighted F1),10,42|43|44,3,psi,1,for s in psi; do python experiments/run_core.py --datasets tolokers --task node_classification --encoder graphsage_edge --features const --sim $s --k 10 --seeds 42 43 44; done
tolokers,graphsage_edge_feat_deg_cent,link prediction (AUC),10,42|43|44,3,psi,1,for s in psi; do python experiments/run_core.py --datasets tolokers --task link_prediction --encoder graphsage_edge --features deg_cent --sim $s --k 10 --seeds 42 43 44; done
tolokers,graphsage_edge_feat_deg_cent,node classification (weighted F1),10,42|43|44,3,psi,1,for s in psi; do python experiments/run_core.py --datasets tolokers --task node_classification --encoder graphsage_edge --features deg_cent --sim $s --k 10 --seeds 42 43 44; done
tolokers,graphsage_edge_feat_degree,link prediction (AUC),10,42|43|44,3,psi,1,for s in psi; do python experiments/run_core.py --datasets tolokers --task link_prediction --encoder graphsage_edge --features degree --sim $s --k 10 --seeds 42 43 44; done
tolokers,graphsage_edge_feat_degree,node classification (weighted F1),10,42|43|44,3,psi,1,for s in psi; do python experiments/run_core.py --datasets tolokers --task node_classification --encoder graphsage_edge --features degree --sim $s --k 10 --seeds 42 43 44; done
tolokers,graphsage_edge_feat_psi,link prediction (AUC),10,42|43|44,3,psi,1,for s in psi; do python experiments/run_core.py --datasets tolokers --task link_prediction --encoder graphsage_edge --features psi --sim $s --k 10 --seeds 42 43 44; done
tolokers,graphsage_edge_feat_psi,node classification (weighted F1),10,42|43|44,3,psi,1,for s in psi; do python experiments/run_core.py --datasets tolokers --task node_classification --encoder graphsage_edge --features psi --sim $s --k 10 --seeds 42 43 44; done
tolokers,graphsage_edge_feat_random,link prediction (AUC),10,42|43|44,3,psi,1,for s in psi; do python experiments/run_core.py --datasets tolokers --task link_prediction --encoder graphsage_edge --features random --sim $s --k 10 --seeds 42 43 44; done
tolokers,graphsage_edge_feat_random,node classification (weighted F1),10,42|43|44,3,psi,1,for s in psi; do python experiments/run_core.py --datasets tolokers --task node_classification --encoder graphsage_edge --features random --sim $s --k 10 --seeds 42 43 44; done
twitch_de,deepwalk,link prediction (AUC),10,42|43|44,3,centrality degree hybrid hybrid_centrality hybrid_degree original psi,7,for s in centrality degree hybrid hybrid_centrality hybrid_degree original psi; do python experiments/run_core.py --datasets twitch_de --task link_prediction --encoder deepwalk --features all --sim $s --k 10 --seeds 42 43 44; done
twitch_de,gatv2_edge,link prediction (AUC),10,42|43|44,3,centrality degree hybrid hybrid_centrality hybrid_degree original psi,7,for s in centrality degree hybrid hybrid_centrality hybrid_degree original psi; do python experiments/run_core.py --datasets twitch_de --task link_prediction --encoder gatv2_edge --features all --sim $s --k 10 --seeds 42 43 44; done
twitch_de,graphsage_edge,link prediction (AUC),10,42|43|44,3,centrality degree hybrid hybrid_centrality hybrid_degree original psi psi_pqnorm psi_shift,9,for s in centrality degree hybrid hybrid_centrality hybrid_degree original psi psi_pqnorm psi_shift; do python experiments/run_core.py --datasets twitch_de --task link_prediction --encoder graphsage_edge --features all --sim $s --k 10 --seeds 42 43 44; done
twitch_engb,gatv2_edge,link prediction (AUC),10,42|43|44,3,centrality degree hybrid hybrid_centrality hybrid_degree original psi,7,for s in centrality degree hybrid hybrid_centrality hybrid_degree original psi; do python experiments/run_core.py --datasets twitch_engb --task link_prediction --encoder gatv2_edge --features all --sim $s --k 10 --seeds 42 43 44; done
twitch_engb,graphsage_edge,link prediction (AUC),10,42|43|44,3,centrality degree hybrid hybrid_centrality hybrid_degree original psi,7,for s in centrality degree hybrid hybrid_centrality hybrid_degree original psi; do python experiments/run_core.py --datasets twitch_engb --task link_prediction --encoder graphsage_edge --features all --sim $s --k 10 --seeds 42 43 44; done
twitch_es,gatv2_edge,link prediction (AUC),10,42|43|44,3,centrality degree hybrid hybrid_centrality hybrid_degree original psi,7,for s in centrality degree hybrid hybrid_centrality hybrid_degree original psi; do python experiments/run_core.py --datasets twitch_es --task link_prediction --encoder gatv2_edge --features all --sim $s --k 10 --seeds 42 43 44; done
twitch_es,graphsage_edge,link prediction (AUC),10,42|43|44,3,psi_lambda psi_pqnorm psi_shift,3,for s in psi_lambda psi_pqnorm psi_shift; do python experiments/run_core.py --datasets twitch_es --task link_prediction --encoder graphsage_edge --features all --sim $s --k 10 --seeds 42 43 44; done
twitch_es,graphsage_edge,link prediction (AUC),10,42|43|44|45|46|47,6,centrality degree hybrid hybrid_centrality hybrid_degree original psi,7,for s in centrality degree hybrid hybrid_centrality hybrid_degree original psi; do python experiments/run_core.py --datasets twitch_es --task link_prediction --encoder graphsage_edge --features all --sim $s --k 10 --seeds 42 43 44 45 46 47; done
twitch_fr,graphsage_edge,link prediction (AUC),10,42|43|44,3,psi_pqnorm psi_shift,2,for s in psi_pqnorm psi_shift; do python experiments/run_core.py --datasets twitch_fr --task link_prediction --encoder graphsage_edge --features all --sim $s --k 10 --seeds 42 43 44; done
twitch_fr,graphsage_edge,link prediction (AUC),10,42|43|44|45|46|47,6,centrality degree hybrid hybrid_centrality hybrid_degree original psi,7,for s in centrality degree hybrid hybrid_centrality hybrid_degree original psi; do python experiments/run_core.py --datasets twitch_fr --task link_prediction --encoder graphsage_edge --features all --sim $s --k 10 --seeds 42 43 44 45 46 47; done
twitch_gamers,gatv2_edge,link prediction (AUC),10,42|43|44,3,centrality degree hybrid hybrid_centrality hybrid_degree original psi,7,for s in centrality degree hybrid hybrid_centrality hybrid_degree original psi; do python experiments/run_core.py --datasets twitch_gamers --task link_prediction --encoder gatv2_edge --features all --sim $s --k 10 --seeds 42 43 44; done
twitch_gamers,graphsage_edge,link prediction (AUC),10,42|43|44,3,centrality degree hybrid hybrid_centrality hybrid_degree original psi psi_pqnorm psi_shift,9,for s in centrality degree hybrid hybrid_centrality hybrid_degree original psi psi_pqnorm psi_shift; do python experiments/run_core.py --datasets twitch_gamers --task link_prediction --encoder graphsage_edge --features all --sim $s --k 10 --seeds 42 43 44; done
twitch_ptbr,gatv2_edge,link prediction (AUC),10,42|43|44,3,centrality degree hybrid hybrid_centrality hybrid_degree original psi,7,for s in centrality degree hybrid hybrid_centrality hybrid_degree original psi; do python experiments/run_core.py --datasets twitch_ptbr --task link_prediction --encoder gatv2_edge --features all --sim $s --k 10 --seeds 42 43 44; done
twitch_ptbr,graphsage_edge,link prediction (AUC),10,42|43|44,3,psi_lambda psi_pqnorm psi_shift psi_w_deg psi_w_delta psi_w_ev,6,for s in psi_lambda psi_pqnorm psi_shift psi_w_deg psi_w_delta psi_w_ev; do python experiments/run_core.py --datasets twitch_ptbr --task link_prediction --encoder graphsage_edge --features all --sim $s --k 10 --seeds 42 43 44; done
twitch_ptbr,graphsage_edge,link prediction (AUC),10,42|43|44|45|46|47,6,centrality degree hybrid hybrid_centrality hybrid_degree original psi,7,for s in centrality degree hybrid hybrid_centrality hybrid_degree original psi; do python experiments/run_core.py --datasets twitch_ptbr --task link_prediction --encoder graphsage_edge --features all --sim $s --k 10 --seeds 42 43 44 45 46 47; done
twitch_ptbr,graphsage_edge,node classification (weighted F1),10,42|43|44,3,psi_lambda,1,for s in psi_lambda; do python experiments/run_core.py --datasets twitch_ptbr --task node_classification --encoder graphsage_edge --features all --sim $s --k 10 --seeds 42 43 44; done
twitch_ru,graphsage_edge,link prediction (AUC),10,42|43|44|45|46|47,6,centrality degree hybrid hybrid_centrality hybrid_degree original psi,7,for s in centrality degree hybrid hybrid_centrality hybrid_degree original psi; do python experiments/run_core.py --datasets twitch_ru --task link_prediction --encoder graphsage_edge --features all --sim $s --k 10 --seeds 42 43 44 45 46 47; done
wiki_attr,gatv2_edge,link prediction (AUC),10,42|43|44,3,centrality degree hybrid hybrid_centrality hybrid_degree original psi,7,for s in centrality degree hybrid hybrid_centrality hybrid_degree original psi; do python experiments/run_core.py --datasets wiki_attr --task link_prediction --encoder gatv2_edge --features all --sim $s --k 10 --seeds 42 43 44; done
wiki_attr,graphsage_edge,link prediction (AUC),10,42|43|44,3,centrality degree hybrid hybrid_centrality hybrid_degree original psi,7,for s in centrality degree hybrid hybrid_centrality hybrid_degree original psi; do python experiments/run_core.py --datasets wiki_attr --task link_prediction --encoder graphsage_edge --features all --sim $s --k 10 --seeds 42 43 44; done
wikics,graphsage_edge,link prediction (AUC),10,42|43|44|45|46|47,6,centrality degree hybrid hybrid_centrality hybrid_degree original psi,7,for s in centrality degree hybrid hybrid_centrality hybrid_degree original psi; do python experiments/run_core.py --datasets wikics --task link_prediction --encoder graphsage_edge --features all --sim $s --k 10 --seeds 42 43 44 45 46 47; done
wisconsin,deepwalk,link prediction (AUC),10,42|43|44,3,centrality degree hybrid hybrid_centrality hybrid_degree original psi,7,for s in centrality degree hybrid hybrid_centrality hybrid_degree original psi; do python experiments/run_core.py --datasets wisconsin --task link_prediction --encoder deepwalk --features all --sim $s --k 10 --seeds 42 43 44; done
wisconsin,graphsage_edge,link prediction (AUC),10,42|43|44,3,centrality degree hybrid hybrid_centrality hybrid_degree original psi,7,for s in centrality degree hybrid hybrid_centrality hybrid_degree original psi; do python experiments/run_core.py --datasets wisconsin --task link_prediction --encoder graphsage_edge --features all --sim $s --k 10 --seeds 42 43 44; done
